{"created_at":"Fri Sep 11 23:59:36 +0000 2015","id":642487688663175168,"id_str":"642487688663175168","text":"RT @RichterSteph: Lage in #Roeszke #Hungary weiter schlimm - Polizei \u00fcberfordert - Fl\u00fcchtlinge durchbrechen Polizeikette - Verletzte! http:\u2026","source":"\u003ca href=\"http:\/\/mobile.twitter.com\" rel=\"nofollow\"\u003eMobile Web\u003c\/a\u003e","truncated":false,"in_reply_to_status_id":null,"in_reply_to_status_id_str":null,"in_reply_to_user_id":null,"in_reply_to_user_id_str":null,"in_reply_to_screen_name":null,"user":{"id":18078721,"id_str":"18078721","name":"Don Chow \u738b\u5b50\u660e","screen_name":"teahousemusic","location":"eastwest coast","url":"http:\/\/www.donchow.net","description":"Music\/Media Artist @acidchow @YPOrchestra @technobitches @w4forum","protected":false,"verified":false,"followers_count":900,"friends_count":2000,"listed_count":34,"favourites_count":7,"statuses_count":9024,"created_at":"Fri Dec 12 15:59:53 +0000 2008","utc_offset":-36000,"time_zone":"Hawaii","geo_enabled":true,"lang":"en","contributors_enabled":false,"is_translator":false,"profile_background_color":"242020","profile_background_image_url":"http:\/\/pbs.twimg.com\/profile_background_images\/122560507\/TTLC090502.jpg","profile_background_image_url_https":"https:\/\/pbs.twimg.com\/profile_background_images\/122560507\/TTLC090502.jpg","profile_background_tile":true,"profile_link_color":"4A913C","profile_sidebar_border_color":"829D5E","profile_sidebar_fill_color":"99CC33","profile_text_color":"3E4415","profile_use_background_image":true,"profile_image_url":"http:\/\/pbs.twimg.com\/profile_images\/1394752727\/dc01s3_normal.jpg","profile_image_url_https":"https:\/\/pbs.twimg.com\/profile_images\/1394752727\/dc01s3_normal.jpg","profile_banner_url":"https:\/\/pbs.twimg.com\/profile_banners\/18078721\/1412736351","default_profile":false,"default_profile_image":false,"following":null,"follow_request_sent":null,"notifications":null},"geo":null,"coordinates":null,"place":null,"contributors":null,"retweeted_status":{"created_at":"Tue Sep 08 12:12:20 +0000 2015","id":641222535586168832,"id_str":"641222535586168832","text":"Lage in #Roeszke #Hungary weiter schlimm - Polizei \u00fcberfordert - Fl\u00fcchtlinge durchbrechen Polizeikette - Verletzte! http:\/\/t.co\/GlMGqGwABb","source":"\u003ca href=\"http:\/\/twitter.com\/download\/iphone\" rel=\"nofollow\"\u003eTwitter for iPhone\u003c\/a\u003e","truncated":false,"in_reply_to_status_id":null,"in_reply_to_status_id_str":null,"in_reply_to_user_id":null,"in_reply_to_user_id_str":null,"in_reply_to_screen_name":null,"user":{"id":1108479326,"id_str":"1108479326","name":"Stephan Richter","screen_name":"RichterSteph","location":"right now: Roeszke\/Ungarn","url":null,"description":"Reporter \/ Journalist \/ Autor f\u00fcr RTL und n-tv. Frequently on tour. Tweets are my own impressions.","protected":false,"verified":false,"followers_count":1987,"friends_count":239,"listed_count":45,"favourites_count":54,"statuses_count":52,"created_at":"Mon Jan 21 08:42:25 +0000 2013","utc_offset":-36000,"time_zone":"Hawaii","geo_enabled":false,"lang":"de","contributors_enabled":false,"is_translator":false,"profile_background_color":"C0DEED","profile_background_image_url":"http:\/\/abs.twimg.com\/images\/themes\/theme1\/bg.png","profile_background_image_url_https":"https:\/\/abs.twimg.com\/images\/themes\/theme1\/bg.png","profile_background_tile":false,"profile_link_color":"0084B4","profile_sidebar_border_color":"C0DEED","profile_sidebar_fill_color":"DDEEF6","profile_text_color":"333333","profile_use_background_image":true,"profile_image_url":"http:\/\/pbs.twimg.com\/profile_images\/556884679404818433\/ER2xk8Ai_normal.jpeg","profile_image_url_https":"https:\/\/pbs.twimg.com\/profile_images\/556884679404818433\/ER2xk8Ai_normal.jpeg","profile_banner_url":"https:\/\/pbs.twimg.com\/profile_banners\/1108479326\/1440527804","default_profile":true,"default_profile_image":false,"following":null,"follow_request_sent":null,"notifications":null},"geo":null,"coordinates":null,"place":null,"contributors":null,"retweet_count":2554,"favorite_count":850,"entities":{"hashtags":[{"text":"Roeszke","indices":[8,16]},{"text":"Hungary","indices":[17,25]}],"trends":[],"urls":[],"user_mentions":[],"symbols":[],"media":[{"id":641220220821053440,"id_str":"641220220821053440","indices":[116,138],"media_url":"http:\/\/pbs.twimg.com\/ext_tw_video_thumb\/641220220821053440\/pu\/img\/UNmBrjgVn-Mm_9ro.jpg","media_url_https":"https:\/\/pbs.twimg.com\/ext_tw_video_thumb\/641220220821053440\/pu\/img\/UNmBrjgVn-Mm_9ro.jpg","url":"http:\/\/t.co\/GlMGqGwABb","display_url":"pic.twitter.com\/GlMGqGwABb","expanded_url":"http:\/\/twitter.com\/RichterSteph\/status\/641222535586168832\/video\/1","type":"photo","sizes":{"thumb":{"w":150,"h":150,"resize":"crop"},"medium":{"w":600,"h":338,"resize":"fit"},"small":{"w":340,"h":191,"resize":"fit"},"large":{"w":1024,"h":576,"resize":"fit"}}}]},"extended_entities":{"media":[{"id":641220220821053440,"id_str":"641220220821053440","indices":[116,138],"media_url":"http:\/\/pbs.twimg.com\/ext_tw_video_thumb\/641220220821053440\/pu\/img\/UNmBrjgVn-Mm_9ro.jpg","media_url_https":"https:\/\/pbs.twimg.com\/ext_tw_video_thumb\/641220220821053440\/pu\/img\/UNmBrjgVn-Mm_9ro.jpg","url":"http:\/\/t.co\/GlMGqGwABb","display_url":"pic.twitter.com\/GlMGqGwABb","expanded_url":"http:\/\/twitter.com\/RichterSteph\/status\/641222535586168832\/video\/1","type":"video","sizes":{"thumb":{"w":150,"h":150,"resize":"crop"},"medium":{"w":600,"h":338,"resize":"fit"},"small":{"w":340,"h":191,"resize":"fit"},"large":{"w":1024,"h":576,"resize":"fit"}},"video_info":{"aspect_ratio":[16,9],"duration_millis":20000,"variants":[{"bitrate":320000,"content_type":"video\/mp4","url":"https:\/\/video.twimg.com\/ext_tw_video\/641220220821053440\/pu\/vid\/320x180\/XRCrgZhjLrQo03ca.mp4"},{"content_type":"application\/dash+xml","url":"https:\/\/video.twimg.com\/ext_tw_video\/641220220821053440\/pu\/pl\/-fxqgwD234Rv-fnX.mpd"},{"bitrate":832000,"content_type":"video\/mp4","url":"https:\/\/video.twimg.com\/ext_tw_video\/641220220821053440\/pu\/vid\/640x360\/FR4s_PIumCDFuamJ.mp4"},{"bitrate":832000,"content_type":"video\/webm","url":"https:\/\/video.twimg.com\/ext_tw_video\/641220220821053440\/pu\/vid\/640x360\/FR4s_PIumCDFuamJ.webm"},{"bitrate":2176000,"content_type":"video\/mp4","url":"https:\/\/video.twimg.com\/ext_tw_video\/641220220821053440\/pu\/vid\/1280x720\/oyHZk3aH3xcPOfvY.mp4"},{"content_type":"application\/x-mpegURL","url":"https:\/\/video.twimg.com\/ext_tw_video\/641220220821053440\/pu\/pl\/-fxqgwD234Rv-fnX.m3u8"}]}}]},"favorited":false,"retweeted":false,"possibly_sensitive":false,"filter_level":"low","lang":"de"},"retweet_count":0,"favorite_count":0,"entities":{"hashtags":[{"text":"Roeszke","indices":[26,34]},{"text":"Hungary","indices":[35,43]}],"trends":[],"urls":[],"user_mentions":[{"screen_name":"RichterSteph","name":"Stephan Richter","id":1108479326,"id_str":"1108479326","indices":[3,16]}],"symbols":[],"media":[{"id":641220220821053440,"id_str":"641220220821053440","indices":[139,140],"media_url":"http:\/\/pbs.twimg.com\/ext_tw_video_thumb\/641220220821053440\/pu\/img\/UNmBrjgVn-Mm_9ro.jpg","media_url_https":"https:\/\/pbs.twimg.com\/ext_tw_video_thumb\/641220220821053440\/pu\/img\/UNmBrjgVn-Mm_9ro.jpg","url":"http:\/\/t.co\/GlMGqGwABb","display_url":"pic.twitter.com\/GlMGqGwABb","expanded_url":"http:\/\/twitter.com\/RichterSteph\/status\/641222535586168832\/video\/1","type":"photo","sizes":{"thumb":{"w":150,"h":150,"resize":"crop"},"medium":{"w":600,"h":338,"resize":"fit"},"small":{"w":340,"h":191,"resize":"fit"},"large":{"w":1024,"h":576,"resize":"fit"}},"source_status_id":641222535586168832,"source_status_id_str":"641222535586168832"}]},"extended_entities":{"media":[{"id":641220220821053440,"id_str":"641220220821053440","indices":[139,140],"media_url":"http:\/\/pbs.twimg.com\/ext_tw_video_thumb\/641220220821053440\/pu\/img\/UNmBrjgVn-Mm_9ro.jpg","media_url_https":"https:\/\/pbs.twimg.com\/ext_tw_video_thumb\/641220220821053440\/pu\/img\/UNmBrjgVn-Mm_9ro.jpg","url":"http:\/\/t.co\/GlMGqGwABb","display_url":"pic.twitter.com\/GlMGqGwABb","expanded_url":"http:\/\/twitter.com\/RichterSteph\/status\/641222535586168832\/video\/1","type":"video","sizes":{"thumb":{"w":150,"h":150,"resize":"crop"},"medium":{"w":600,"h":338,"resize":"fit"},"small":{"w":340,"h":191,"resize":"fit"},"large":{"w":1024,"h":576,"resize":"fit"}},"source_status_id":641222535586168832,"source_status_id_str":"641222535586168832","video_info":{"aspect_ratio":[16,9],"duration_millis":20000,"variants":[{"bitrate":320000,"content_type":"video\/mp4","url":"https:\/\/video.twimg.com\/ext_tw_video\/641220220821053440\/pu\/vid\/320x180\/XRCrgZhjLrQo03ca.mp4"},{"content_type":"application\/dash+xml","url":"https:\/\/video.twimg.com\/ext_tw_video\/641220220821053440\/pu\/pl\/-fxqgwD234Rv-fnX.mpd"},{"bitrate":832000,"content_type":"video\/mp4","url":"https:\/\/video.twimg.com\/ext_tw_video\/641220220821053440\/pu\/vid\/640x360\/FR4s_PIumCDFuamJ.mp4"},{"bitrate":832000,"content_type":"video\/webm","url":"https:\/\/video.twimg.com\/ext_tw_video\/641220220821053440\/pu\/vid\/640x360\/FR4s_PIumCDFuamJ.webm"},{"bitrate":2176000,"content_type":"video\/mp4","url":"https:\/\/video.twimg.com\/ext_tw_video\/641220220821053440\/pu\/vid\/1280x720\/oyHZk3aH3xcPOfvY.mp4"},{"content_type":"application\/x-mpegURL","url":"https:\/\/video.twimg.com\/ext_tw_video\/641220220821053440\/pu\/pl\/-fxqgwD234Rv-fnX.m3u8"}]}}]},"favorited":false,"retweeted":false,"possibly_sensitive":false,"filter_level":"low","lang":"de","timestamp_ms":"1442015976478"}
