{"created_at":"Thu Sep 10 20:24:25 +0000 2015","id":642071149803905024,"id_str":"642071149803905024","text":"Parteibudgets: Linke transparenter als b\u00fcrgerliche: http:\/\/t.co\/8wZsa6mWvC cc @GrueneCH @spschweiz @grunliberale @evppev @BDPSchweiz","source":"\u003ca href=\"http:\/\/twitter.com\" rel=\"nofollow\"\u003eTwitter Web Client\u003c\/a\u003e","truncated":false,"in_reply_to_status_id":null,"in_reply_to_status_id_str":null,"in_reply_to_user_id":null,"in_reply_to_user_id_str":null,"in_reply_to_screen_name":null,"user":{"id":415428002,"id_str":"415428002","name":"Sandro L\u00fcscher","screen_name":"sandroluescher","location":"Baden, Schweiz","url":"http:\/\/sandroluescher.wordpress.com\/","description":"Politikwissenschaft @ipzuser & Geschichte | Blog-Autor @quorumblog | Admin @demokratie_ch | Themen: Direkte Demokratie, Medien, politische Transitionsgeschichte","protected":false,"verified":false,"followers_count":869,"friends_count":439,"listed_count":35,"favourites_count":4090,"statuses_count":5599,"created_at":"Fri Nov 18 09:53:35 +0000 2011","utc_offset":7200,"time_zone":"Bern","geo_enabled":false,"lang":"de","contributors_enabled":false,"is_translator":false,"profile_background_color":"000000","profile_background_image_url":"http:\/\/pbs.twimg.com\/profile_background_images\/458329565882892288\/JusC2Iys.jpeg","profile_background_image_url_https":"https:\/\/pbs.twimg.com\/profile_background_images\/458329565882892288\/JusC2Iys.jpeg","profile_background_tile":false,"profile_link_color":"FA743E","profile_sidebar_border_color":"000000","profile_sidebar_fill_color":"DDEEF6","profile_text_color":"333333","profile_use_background_image":false,"profile_image_url":"http:\/\/pbs.twimg.com\/profile_images\/633303899156430848\/901rsbMi_normal.png","profile_image_url_https":"https:\/\/pbs.twimg.com\/profile_images\/633303899156430848\/901rsbMi_normal.png","profile_banner_url":"https:\/\/pbs.twimg.com\/profile_banners\/415428002\/1438454130","default_profile":false,"default_profile_image":false,"following":null,"follow_request_sent":null,"notifications":null},"geo":null,"coordinates":null,"place":null,"contributors":null,"retweet_count":0,"favorite_count":0,"entities":{"hashtags":[],"trends":[],"urls":[{"url":"http:\/\/t.co\/8wZsa6mWvC","expanded_url":"http:\/\/www.srf.ch\/news\/wahlen\/wahlkampf\/parteibudgets-linke-sind-transparenter-als-die-buergerlichen","display_url":"srf.ch\/news\/wahlen\/wa\u2026","indices":[52,74]}],"user_mentions":[{"screen_name":"GrueneCH","name":"Gr\u00fcne Schweiz","id":240161502,"id_str":"240161502","indices":[78,87]},{"screen_name":"spschweiz","name":"SP Schweiz","id":40681558,"id_str":"40681558","indices":[88,98]},{"screen_name":"grunliberale","name":"Gr\u00fcnliberale Schweiz","id":22799864,"id_str":"22799864","indices":[99,112]},{"screen_name":"evppev","name":"EVP Schweiz","id":50961230,"id_str":"50961230","indices":[113,120]},{"screen_name":"BDPSchweiz","name":"BDP Schweiz","id":226841200,"id_str":"226841200","indices":[121,132]}],"symbols":[]},"favorited":false,"retweeted":false,"possibly_sensitive":false,"filter_level":"low","lang":"de","timestamp_ms":"1441916665875"}
