{"created_at":"Thu Sep 10 20:23:34 +0000 2015","id":642070935579820032,"id_str":"642070935579820032","text":"RT @politwi: Politische Top-Themen 10.09. 21 Uhr http:\/\/t.co\/tzkdKYyYPb\n1. #udldigital\n2. #facebook\n3. #petry\n4. #nahles\n5. #pegida\n6. #mer\u2026","source":"\u003ca href=\"http:\/\/twitter.com\" rel=\"nofollow\"\u003eTwitter Web Client\u003c\/a\u003e","truncated":false,"in_reply_to_status_id":null,"in_reply_to_status_id_str":null,"in_reply_to_user_id":null,"in_reply_to_user_id_str":null,"in_reply_to_screen_name":null,"user":{"id":19295302,"id_str":"19295302","name":"Cherno Jobatey","screen_name":"ChernoJobatey","location":"","url":"http:\/\/www.cherno-jobatey.de","description":"Cherno Jobatey, der Fernsehschmunzler (DIE ZEIT)","protected":false,"verified":true,"followers_count":22999,"friends_count":174,"listed_count":259,"favourites_count":2,"statuses_count":5235,"created_at":"Wed Jan 21 16:51:21 +0000 2009","utc_offset":-25200,"time_zone":"Pacific Time (US & Canada)","geo_enabled":false,"lang":"en","contributors_enabled":false,"is_translator":false,"profile_background_color":"1A1B1F","profile_background_image_url":"http:\/\/pbs.twimg.com\/profile_background_images\/28877493\/Cherno_Jobatey_Stadium.jpg","profile_background_image_url_https":"https:\/\/pbs.twimg.com\/profile_background_images\/28877493\/Cherno_Jobatey_Stadium.jpg","profile_background_tile":false,"profile_link_color":"DE1B34","profile_sidebar_border_color":"181A1E","profile_sidebar_fill_color":"F9F7F6","profile_text_color":"070808","profile_use_background_image":true,"profile_image_url":"http:\/\/pbs.twimg.com\/profile_images\/421738551659601920\/xSwjKcZ4_normal.jpeg","profile_image_url_https":"https:\/\/pbs.twimg.com\/profile_images\/421738551659601920\/xSwjKcZ4_normal.jpeg","profile_banner_url":"https:\/\/pbs.twimg.com\/profile_banners\/19295302\/1397062575","default_profile":false,"default_profile_image":false,"following":null,"follow_request_sent":null,"notifications":null},"geo":null,"coordinates":null,"place":null,"contributors":null,"retweeted_status":{"created_at":"Thu Sep 10 19:07:12 +0000 2015","id":642051714506428416,"id_str":"642051714506428416","text":"Politische Top-Themen 10.09. 21 Uhr http:\/\/t.co\/tzkdKYyYPb\n1. #udldigital\n2. #facebook\n3. #petry\n4. #nahles\n5. #pegida\n6. #merkel","source":"\u003ca href=\"http:\/\/www.politwi.de\" rel=\"nofollow\"\u003epolitwi topic app\u003c\/a\u003e","truncated":false,"in_reply_to_status_id":null,"in_reply_to_status_id_str":null,"in_reply_to_user_id":null,"in_reply_to_user_id_str":null,"in_reply_to_screen_name":null,"user":{"id":1675685708,"id_str":"1675685708","name":"politwi","screen_name":"politwi","location":"Frankfurt\/Hof","url":"http:\/\/www.politwi.de","description":"Forschungsprojekt (Hochschule Hof  und Goethe-Universit\u00e4t Frankfurt): Untersucht werden politische Top-Themen aus\nTweets in Echtzeit.","protected":false,"verified":false,"followers_count":2328,"friends_count":393,"listed_count":96,"favourites_count":36,"statuses_count":13542,"created_at":"Fri Aug 16 12:59:24 +0000 2013","utc_offset":10800,"time_zone":"Athens","geo_enabled":false,"lang":"de","contributors_enabled":false,"is_translator":false,"profile_background_color":"000000","profile_background_image_url":"http:\/\/pbs.twimg.com\/profile_background_images\/378800000053019771\/266b4552f0b4ae3ed06b3432aafb013e.png","profile_background_image_url_https":"https:\/\/pbs.twimg.com\/profile_background_images\/378800000053019771\/266b4552f0b4ae3ed06b3432aafb013e.png","profile_background_tile":true,"profile_link_color":"E36714","profile_sidebar_border_color":"FFFFFF","profile_sidebar_fill_color":"1D130D","profile_text_color":"AA642E","profile_use_background_image":true,"profile_image_url":"http:\/\/pbs.twimg.com\/profile_images\/378800000307537749\/cadf2122fdfe6d0e97f2a6991174d3d8_normal.png","profile_image_url_https":"https:\/\/pbs.twimg.com\/profile_images\/378800000307537749\/cadf2122fdfe6d0e97f2a6991174d3d8_normal.png","default_profile":false,"default_profile_image":false,"following":null,"follow_request_sent":null,"notifications":null},"geo":null,"coordinates":null,"place":null,"contributors":null,"retweet_count":2,"favorite_count":0,"entities":{"hashtags":[{"text":"udldigital","indices":[62,73]},{"text":"facebook","indices":[77,86]},{"text":"petry","indices":[90,96]},{"text":"nahles","indices":[100,107]},{"text":"pegida","indices":[111,118]},{"text":"merkel","indices":[122,129]}],"trends":[],"urls":[{"url":"http:\/\/t.co\/tzkdKYyYPb","expanded_url":"http:\/\/www.politwi.de","display_url":"politwi.de","indices":[36,58]}],"user_mentions":[],"symbols":[]},"favorited":false,"retweeted":false,"possibly_sensitive":false,"filter_level":"low","lang":"de"},"retweet_count":0,"favorite_count":0,"entities":{"hashtags":[{"text":"udldigital","indices":[75,86]},{"text":"facebook","indices":[90,99]},{"text":"petry","indices":[103,109]},{"text":"nahles","indices":[113,120]},{"text":"pegida","indices":[124,131]},{"text":"merkel","indices":[135,140]}],"trends":[],"urls":[{"url":"http:\/\/t.co\/tzkdKYyYPb","expanded_url":"http:\/\/www.politwi.de","display_url":"politwi.de","indices":[49,71]}],"user_mentions":[{"screen_name":"politwi","name":"politwi","id":1675685708,"id_str":"1675685708","indices":[3,11]}],"symbols":[]},"favorited":false,"retweeted":false,"possibly_sensitive":false,"filter_level":"low","lang":"de","timestamp_ms":"1441916614800"}
