{"created_at":"Sat Sep 12 00:08:37 +0000 2015","id":642489956036931586,"id_str":"642489956036931586","text":"Besuch der Fl\u00fcchtlingsunterk\u00fcnfte in Charlottenburg-Wilmersdorf https:\/\/t.co\/ZqgR4MFjoe #politics","source":"\u003ca href=\"https:\/\/www.oximity.com\" rel=\"nofollow\"\u003eOximity News\u003c\/a\u003e","truncated":false,"in_reply_to_status_id":null,"in_reply_to_status_id_str":null,"in_reply_to_user_id":null,"in_reply_to_user_id_str":null,"in_reply_to_screen_name":null,"user":{"id":3305508100,"id_str":"3305508100","name":"Oximity in Deutsch","screen_name":"OximityGerman","location":"","url":"https:\/\/www.oximity.com","description":"Oximity umgeht alle Filter der traditionellen Nachrichtenmedien und liefert substantielle Nachrichten von Organisationen und Einzelpersonen weltweit.","protected":false,"verified":false,"followers_count":1042,"friends_count":1342,"listed_count":29,"favourites_count":0,"statuses_count":2003,"created_at":"Mon Jun 01 09:50:54 +0000 2015","utc_offset":null,"time_zone":null,"geo_enabled":false,"lang":"en","contributors_enabled":false,"is_translator":false,"profile_background_color":"000000","profile_background_image_url":"http:\/\/abs.twimg.com\/images\/themes\/theme1\/bg.png","profile_background_image_url_https":"https:\/\/abs.twimg.com\/images\/themes\/theme1\/bg.png","profile_background_tile":false,"profile_link_color":"336699","profile_sidebar_border_color":"000000","profile_sidebar_fill_color":"000000","profile_text_color":"000000","profile_use_background_image":false,"profile_image_url":"http:\/\/pbs.twimg.com\/profile_images\/608579547555090432\/fEVv-dTk_normal.jpg","profile_image_url_https":"https:\/\/pbs.twimg.com\/profile_images\/608579547555090432\/fEVv-dTk_normal.jpg","profile_banner_url":"https:\/\/pbs.twimg.com\/profile_banners\/3305508100\/1433931671","default_profile":false,"default_profile_image":false,"following":null,"follow_request_sent":null,"notifications":null},"geo":null,"coordinates":null,"place":null,"contributors":null,"retweet_count":0,"favorite_count":0,"entities":{"hashtags":[{"text":"politics","indices":[88,97]}],"trends":[],"urls":[{"url":"https:\/\/t.co\/ZqgR4MFjoe","expanded_url":"https:\/\/www.oximity.com\/article\/Besuch-der-Fl%C3%BCchtlingsunterk-1?utm_campaign=it&utm_source=it-1-autoTw&utm_medium=twitter-%40OximityGerman&utm_term=articleId-766744","display_url":"oximity.com\/article\/Besuch\u2026","indices":[64,87]}],"user_mentions":[],"symbols":[]},"favorited":false,"retweeted":false,"possibly_sensitive":false,"filter_level":"low","lang":"de","timestamp_ms":"1442016517062"}
