{"created_at":"Thu Sep 10 20:26:09 +0000 2015","id":642071582555406336,"id_str":"642071582555406336","text":"RT @GeorgKehrer: Sehr sch\u00f6n, dass die #ZiB2 die Aufmerksam auch auf die Probleme in #Traiskirchen lenkt. #RefugeesWelcome","source":"\u003ca href=\"http:\/\/twitter.com\/download\/android\" rel=\"nofollow\"\u003eTwitter for Android\u003c\/a\u003e","truncated":false,"in_reply_to_status_id":null,"in_reply_to_status_id_str":null,"in_reply_to_user_id":null,"in_reply_to_user_id_str":null,"in_reply_to_screen_name":null,"user":{"id":236016080,"id_str":"236016080","name":"Naxed","screen_name":"Naxed_","location":"","url":"http:\/\/www.facebook.com\/#!\/profile.php?id=1753669168","description":"Krautgaming \/\/ http:\/\/de.krautgaming.com \/\/ Games \/\/ Game Studies \/\/ Whovian \/\/ Links-Links \/\/ Gr\u00fcnen \/\/ Pufl-Gras \/\/ Studiert Vieles","protected":false,"verified":false,"followers_count":451,"friends_count":761,"listed_count":18,"favourites_count":3243,"statuses_count":23315,"created_at":"Sun Jan 09 16:16:00 +0000 2011","utc_offset":7200,"time_zone":"Vienna","geo_enabled":false,"lang":"de","contributors_enabled":false,"is_translator":false,"profile_background_color":"C0DEED","profile_background_image_url":"http:\/\/abs.twimg.com\/images\/themes\/theme1\/bg.png","profile_background_image_url_https":"https:\/\/abs.twimg.com\/images\/themes\/theme1\/bg.png","profile_background_tile":false,"profile_link_color":"0084B4","profile_sidebar_border_color":"C0DEED","profile_sidebar_fill_color":"DDEEF6","profile_text_color":"333333","profile_use_background_image":true,"profile_image_url":"http:\/\/pbs.twimg.com\/profile_images\/607214227842039808\/q_PDdJbF_normal.jpg","profile_image_url_https":"https:\/\/pbs.twimg.com\/profile_images\/607214227842039808\/q_PDdJbF_normal.jpg","profile_banner_url":"https:\/\/pbs.twimg.com\/profile_banners\/236016080\/1439595089","default_profile":true,"default_profile_image":false,"following":null,"follow_request_sent":null,"notifications":null},"geo":null,"coordinates":null,"place":null,"contributors":null,"retweeted_status":{"created_at":"Thu Sep 10 20:24:53 +0000 2015","id":642071266887901186,"id_str":"642071266887901186","text":"Sehr sch\u00f6n, dass die #ZiB2 die Aufmerksam auch auf die Probleme in #Traiskirchen lenkt. #RefugeesWelcome","source":"\u003ca href=\"https:\/\/about.twitter.com\/products\/tweetdeck\" rel=\"nofollow\"\u003eTweetDeck\u003c\/a\u003e","truncated":false,"in_reply_to_status_id":null,"in_reply_to_status_id_str":null,"in_reply_to_user_id":null,"in_reply_to_user_id_str":null,"in_reply_to_screen_name":null,"user":{"id":400642052,"id_str":"400642052","name":"Georg Kehrer","screen_name":"GeorgKehrer","location":"Vienna","url":null,"description":"Irgendwas bei @gruenewien | Meine Meinung zu uni.politik.medien #LGBT #Bildung #Wohnen | #RefugeesWelcome - everytime and everywhere","protected":false,"verified":false,"followers_count":1129,"friends_count":974,"listed_count":59,"favourites_count":4314,"statuses_count":14621,"created_at":"Sat Oct 29 10:44:22 +0000 2011","utc_offset":7200,"time_zone":"Ljubljana","geo_enabled":true,"lang":"de","contributors_enabled":false,"is_translator":false,"profile_background_color":"000000","profile_background_image_url":"http:\/\/pbs.twimg.com\/profile_background_images\/368089150\/grashalm.jpg","profile_background_image_url_https":"https:\/\/pbs.twimg.com\/profile_background_images\/368089150\/grashalm.jpg","profile_background_tile":false,"profile_link_color":"000000","profile_sidebar_border_color":"000000","profile_sidebar_fill_color":"004207","profile_text_color":"050505","profile_use_background_image":true,"profile_image_url":"http:\/\/pbs.twimg.com\/profile_images\/581170475864170496\/umQ6Ktuz_normal.jpg","profile_image_url_https":"https:\/\/pbs.twimg.com\/profile_images\/581170475864170496\/umQ6Ktuz_normal.jpg","profile_banner_url":"https:\/\/pbs.twimg.com\/profile_banners\/400642052\/1441440153","default_profile":false,"default_profile_image":false,"following":null,"follow_request_sent":null,"notifications":null},"geo":null,"coordinates":null,"place":null,"contributors":null,"retweet_count":2,"favorite_count":2,"entities":{"hashtags":[{"text":"ZiB2","indices":[21,26]},{"text":"Traiskirchen","indices":[67,80]},{"text":"RefugeesWelcome","indices":[88,104]}],"trends":[],"urls":[],"user_mentions":[],"symbols":[]},"favorited":false,"retweeted":false,"possibly_sensitive":false,"filter_level":"low","lang":"de"},"retweet_count":0,"favorite_count":0,"entities":{"hashtags":[{"text":"ZiB2","indices":[38,43]},{"text":"Traiskirchen","indices":[84,97]},{"text":"RefugeesWelcome","indices":[105,121]}],"trends":[],"urls":[],"user_mentions":[{"screen_name":"GeorgKehrer","name":"Georg Kehrer","id":400642052,"id_str":"400642052","indices":[3,15]}],"symbols":[]},"favorited":false,"retweeted":false,"possibly_sensitive":false,"filter_level":"low","lang":"de","timestamp_ms":"1441916769051"}
