{"created_at":"Thu Sep 10 20:28:55 +0000 2015","id":642072280026206208,"id_str":"642072280026206208","text":"RT @tagesschau: #Fl\u00fcchtlinge sind keine Naturkatastrophen, die uns bedrohen. - @CarenMiosga Tagesthemen. #refugeeswelcome http:\/\/t.co\/ZmXIY\u2026","source":"\u003ca href=\"http:\/\/twitter.com\/download\/iphone\" rel=\"nofollow\"\u003eTwitter for iPhone\u003c\/a\u003e","truncated":false,"in_reply_to_status_id":null,"in_reply_to_status_id_str":null,"in_reply_to_user_id":null,"in_reply_to_user_id_str":null,"in_reply_to_screen_name":null,"user":{"id":3387292427,"id_str":"3387292427","name":"Timur und sein Trupp","screen_name":"agTusT1945","location":"","url":null,"description":null,"protected":false,"verified":false,"followers_count":64,"friends_count":124,"listed_count":18,"favourites_count":1483,"statuses_count":10309,"created_at":"Wed Jul 22 13:26:15 +0000 2015","utc_offset":-25200,"time_zone":"Pacific Time (US & Canada)","geo_enabled":true,"lang":"de","contributors_enabled":false,"is_translator":false,"profile_background_color":"C0DEED","profile_background_image_url":"http:\/\/abs.twimg.com\/images\/themes\/theme1\/bg.png","profile_background_image_url_https":"https:\/\/abs.twimg.com\/images\/themes\/theme1\/bg.png","profile_background_tile":false,"profile_link_color":"0084B4","profile_sidebar_border_color":"C0DEED","profile_sidebar_fill_color":"DDEEF6","profile_text_color":"333333","profile_use_background_image":true,"profile_image_url":"http:\/\/pbs.twimg.com\/profile_images\/623850111576207360\/mpWRZBar_normal.jpg","profile_image_url_https":"https:\/\/pbs.twimg.com\/profile_images\/623850111576207360\/mpWRZBar_normal.jpg","default_profile":true,"default_profile_image":false,"following":null,"follow_request_sent":null,"notifications":null},"geo":null,"coordinates":null,"place":null,"contributors":null,"retweeted_status":{"created_at":"Mon Sep 07 11:06:02 +0000 2015","id":640843463492247552,"id_str":"640843463492247552","text":"#Fl\u00fcchtlinge sind keine Naturkatastrophen, die uns bedrohen. - @CarenMiosga Tagesthemen. #refugeeswelcome http:\/\/t.co\/ZmXIYMPxca","source":"\u003ca href=\"https:\/\/about.twitter.com\/products\/tweetdeck\" rel=\"nofollow\"\u003eTweetDeck\u003c\/a\u003e","truncated":false,"in_reply_to_status_id":null,"in_reply_to_status_id_str":null,"in_reply_to_user_id":null,"in_reply_to_user_id_str":null,"in_reply_to_screen_name":null,"user":{"id":5734902,"id_str":"5734902","name":"tagesschau","screen_name":"tagesschau","location":"Hamburg","url":"http:\/\/www.tagesschau.de","description":"Die Nachrichten der ARD","protected":false,"verified":true,"followers_count":789236,"friends_count":269,"listed_count":6011,"favourites_count":2428,"statuses_count":106297,"created_at":"Thu May 03 08:42:42 +0000 2007","utc_offset":7200,"time_zone":"Berlin","geo_enabled":true,"lang":"de","contributors_enabled":false,"is_translator":false,"profile_background_color":"5985DF","profile_background_image_url":"http:\/\/pbs.twimg.com\/profile_background_images\/663561494\/77vatey16iwy2tclqmpx.png","profile_background_image_url_https":"https:\/\/pbs.twimg.com\/profile_background_images\/663561494\/77vatey16iwy2tclqmpx.png","profile_background_tile":true,"profile_link_color":"0000FF","profile_sidebar_border_color":"FFFFFF","profile_sidebar_fill_color":"E2EBF7","profile_text_color":"00044B","profile_use_background_image":true,"profile_image_url":"http:\/\/pbs.twimg.com\/profile_images\/531688614640365568\/U84uXoIT_normal.png","profile_image_url_https":"https:\/\/pbs.twimg.com\/profile_images\/531688614640365568\/U84uXoIT_normal.png","profile_banner_url":"https:\/\/pbs.twimg.com\/profile_banners\/5734902\/1420854767","default_profile":false,"default_profile_image":false,"following":null,"follow_request_sent":null,"notifications":null},"geo":null,"coordinates":null,"place":null,"contributors":null,"retweet_count":287,"favorite_count":444,"entities":{"hashtags":[{"text":"Fl\u00fcchtlinge","indices":[0,12]},{"text":"refugeeswelcome","indices":[89,105]}],"trends":[],"urls":[],"user_mentions":[{"screen_name":"CarenMiosga","name":"Caren Miosga","id":558451982,"id_str":"558451982","indices":[63,75]}],"symbols":[],"media":[{"id":640842228701773824,"id_str":"640842228701773824","indices":[106,128],"media_url":"http:\/\/pbs.twimg.com\/media\/COS6nJbWwAALQe3.jpg","media_url_https":"https:\/\/pbs.twimg.com\/media\/COS6nJbWwAALQe3.jpg","url":"http:\/\/t.co\/ZmXIYMPxca","display_url":"pic.twitter.com\/ZmXIYMPxca","expanded_url":"http:\/\/twitter.com\/tagesschau\/status\/640843463492247552\/photo\/1","type":"photo","sizes":{"large":{"w":783,"h":463,"resize":"fit"},"thumb":{"w":150,"h":150,"resize":"crop"},"medium":{"w":600,"h":354,"resize":"fit"},"small":{"w":340,"h":201,"resize":"fit"}}}]},"extended_entities":{"media":[{"id":640842228701773824,"id_str":"640842228701773824","indices":[106,128],"media_url":"http:\/\/pbs.twimg.com\/media\/COS6nJbWwAALQe3.jpg","media_url_https":"https:\/\/pbs.twimg.com\/media\/COS6nJbWwAALQe3.jpg","url":"http:\/\/t.co\/ZmXIYMPxca","display_url":"pic.twitter.com\/ZmXIYMPxca","expanded_url":"http:\/\/twitter.com\/tagesschau\/status\/640843463492247552\/photo\/1","type":"photo","sizes":{"large":{"w":783,"h":463,"resize":"fit"},"thumb":{"w":150,"h":150,"resize":"crop"},"medium":{"w":600,"h":354,"resize":"fit"},"small":{"w":340,"h":201,"resize":"fit"}}}]},"favorited":false,"retweeted":false,"possibly_sensitive":false,"filter_level":"low","lang":"de"},"retweet_count":0,"favorite_count":0,"entities":{"hashtags":[{"text":"Fl\u00fcchtlinge","indices":[16,28]},{"text":"refugeeswelcome","indices":[105,121]}],"trends":[],"urls":[],"user_mentions":[{"screen_name":"tagesschau","name":"tagesschau","id":5734902,"id_str":"5734902","indices":[3,14]},{"screen_name":"CarenMiosga","name":"Caren Miosga","id":558451982,"id_str":"558451982","indices":[79,91]}],"symbols":[],"media":[{"id":640842228701773824,"id_str":"640842228701773824","indices":[122,140],"media_url":"http:\/\/pbs.twimg.com\/media\/COS6nJbWwAALQe3.jpg","media_url_https":"https:\/\/pbs.twimg.com\/media\/COS6nJbWwAALQe3.jpg","url":"http:\/\/t.co\/ZmXIYMPxca","display_url":"pic.twitter.com\/ZmXIYMPxca","expanded_url":"http:\/\/twitter.com\/tagesschau\/status\/640843463492247552\/photo\/1","type":"photo","sizes":{"large":{"w":783,"h":463,"resize":"fit"},"thumb":{"w":150,"h":150,"resize":"crop"},"medium":{"w":600,"h":354,"resize":"fit"},"small":{"w":340,"h":201,"resize":"fit"}},"source_status_id":640843463492247552,"source_status_id_str":"640843463492247552"}]},"extended_entities":{"media":[{"id":640842228701773824,"id_str":"640842228701773824","indices":[122,140],"media_url":"http:\/\/pbs.twimg.com\/media\/COS6nJbWwAALQe3.jpg","media_url_https":"https:\/\/pbs.twimg.com\/media\/COS6nJbWwAALQe3.jpg","url":"http:\/\/t.co\/ZmXIYMPxca","display_url":"pic.twitter.com\/ZmXIYMPxca","expanded_url":"http:\/\/twitter.com\/tagesschau\/status\/640843463492247552\/photo\/1","type":"photo","sizes":{"large":{"w":783,"h":463,"resize":"fit"},"thumb":{"w":150,"h":150,"resize":"crop"},"medium":{"w":600,"h":354,"resize":"fit"},"small":{"w":340,"h":201,"resize":"fit"}},"source_status_id":640843463492247552,"source_status_id_str":"640843463492247552"}]},"favorited":false,"retweeted":false,"possibly_sensitive":false,"filter_level":"low","lang":"de","timestamp_ms":"1441916935341"}
