{"created_at":"Sat Sep 12 19:52:01 +0000 2015","id":642787769920671744,"id_str":"642787769920671744","text":"RT @journelle: Und dann gucken die Fl\u00fcchtlinge versehentlich die #Stadlshow und wollen doch alle lieber nach Schweden.","source":"\u003ca href=\"http:\/\/twitter.com\" rel=\"nofollow\"\u003eTwitter Web Client\u003c\/a\u003e","truncated":false,"in_reply_to_status_id":null,"in_reply_to_status_id_str":null,"in_reply_to_user_id":null,"in_reply_to_user_id_str":null,"in_reply_to_screen_name":null,"user":{"id":144183841,"id_str":"144183841","name":"Andy","screen_name":"andreas_sms","location":"","url":null,"description":null,"protected":false,"verified":false,"followers_count":54,"friends_count":218,"listed_count":2,"favourites_count":12,"statuses_count":2603,"created_at":"Sat May 15 14:55:43 +0000 2010","utc_offset":7200,"time_zone":"Berlin","geo_enabled":true,"lang":"de","contributors_enabled":false,"is_translator":false,"profile_background_color":"C0DEED","profile_background_image_url":"http:\/\/abs.twimg.com\/images\/themes\/theme1\/bg.png","profile_background_image_url_https":"https:\/\/abs.twimg.com\/images\/themes\/theme1\/bg.png","profile_background_tile":false,"profile_link_color":"0084B4","profile_sidebar_border_color":"C0DEED","profile_sidebar_fill_color":"DDEEF6","profile_text_color":"333333","profile_use_background_image":true,"profile_image_url":"http:\/\/pbs.twimg.com\/profile_images\/1272419539\/AP_normal.JPG","profile_image_url_https":"https:\/\/pbs.twimg.com\/profile_images\/1272419539\/AP_normal.JPG","default_profile":true,"default_profile_image":false,"following":null,"follow_request_sent":null,"notifications":null},"geo":null,"coordinates":null,"place":null,"contributors":null,"retweeted_status":{"created_at":"Sat Sep 12 18:21:17 +0000 2015","id":642764938415591424,"id_str":"642764938415591424","text":"Und dann gucken die Fl\u00fcchtlinge versehentlich die #Stadlshow und wollen doch alle lieber nach Schweden.","source":"\u003ca href=\"http:\/\/twitter.com\/download\/iphone\" rel=\"nofollow\"\u003eTwitter for iPhone\u003c\/a\u003e","truncated":false,"in_reply_to_status_id":null,"in_reply_to_status_id_str":null,"in_reply_to_user_id":null,"in_reply_to_user_id_str":null,"in_reply_to_screen_name":null,"user":{"id":10904642,"id_str":"10904642","name":"Journelle","screen_name":"journelle","location":"Hamburg","url":"http:\/\/www.journelle.de","description":"Humanistische Hedonistin","protected":false,"verified":false,"followers_count":2492,"friends_count":447,"listed_count":79,"favourites_count":7117,"statuses_count":7955,"created_at":"Thu Dec 06 14:53:42 +0000 2007","utc_offset":7200,"time_zone":"Berlin","geo_enabled":false,"lang":"en","contributors_enabled":false,"is_translator":false,"profile_background_color":"F05CC6","profile_background_image_url":"http:\/\/abs.twimg.com\/images\/themes\/theme1\/bg.png","profile_background_image_url_https":"https:\/\/abs.twimg.com\/images\/themes\/theme1\/bg.png","profile_background_tile":false,"profile_link_color":"0000FF","profile_sidebar_border_color":"87BC44","profile_sidebar_fill_color":"E0FF92","profile_text_color":"000000","profile_use_background_image":false,"profile_image_url":"http:\/\/pbs.twimg.com\/profile_images\/629688897140867072\/kXPCmwny_normal.jpg","profile_image_url_https":"https:\/\/pbs.twimg.com\/profile_images\/629688897140867072\/kXPCmwny_normal.jpg","profile_banner_url":"https:\/\/pbs.twimg.com\/profile_banners\/10904642\/1439150905","default_profile":false,"default_profile_image":false,"following":null,"follow_request_sent":null,"notifications":null},"geo":null,"coordinates":null,"place":null,"contributors":null,"retweet_count":3,"favorite_count":17,"entities":{"hashtags":[{"text":"Stadlshow","indices":[50,60]}],"trends":[],"urls":[],"user_mentions":[],"symbols":[]},"favorited":false,"retweeted":false,"possibly_sensitive":false,"filter_level":"low","lang":"de"},"retweet_count":0,"favorite_count":0,"entities":{"hashtags":[{"text":"Stadlshow","indices":[65,75]}],"trends":[],"urls":[],"user_mentions":[{"screen_name":"journelle","name":"Journelle","id":10904642,"id_str":"10904642","indices":[3,13]}],"symbols":[]},"favorited":false,"retweeted":false,"possibly_sensitive":false,"filter_level":"low","lang":"de","timestamp_ms":"1442087521425"}
