{"created_at":"Fri Sep 11 23:59:23 +0000 2015","id":642487635156541441,"id_str":"642487635156541441","text":"@chrisbrownbln Wenn es keiner w\u00e4re gebe es nicht diese Politik","source":"\u003ca href=\"http:\/\/twitter.com\" rel=\"nofollow\"\u003eTwitter Web Client\u003c\/a\u003e","truncated":false,"in_reply_to_status_id":642487516004765696,"in_reply_to_status_id_str":"642487516004765696","in_reply_to_user_id":2409451955,"in_reply_to_user_id_str":"2409451955","in_reply_to_screen_name":"chrisbrownbln","user":{"id":3372210106,"id_str":"3372210106","name":"Django Invictus","screen_name":"LucianSalavator","location":"","url":null,"description":"Ihr habt die Krone ich habe das Mic wieder K\u00f6nig im Eis\n\nIch sage immer die Wahrheit selbst wenn ich L\u00fcge \n\n-Scarface","protected":false,"verified":false,"followers_count":172,"friends_count":166,"listed_count":5,"favourites_count":8327,"statuses_count":9478,"created_at":"Sun Jul 12 11:34:27 +0000 2015","utc_offset":-25200,"time_zone":"Pacific Time (US & Canada)","geo_enabled":false,"lang":"de","contributors_enabled":false,"is_translator":false,"profile_background_color":"000000","profile_background_image_url":"http:\/\/abs.twimg.com\/images\/themes\/theme9\/bg.gif","profile_background_image_url_https":"https:\/\/abs.twimg.com\/images\/themes\/theme9\/bg.gif","profile_background_tile":false,"profile_link_color":"0F3973","profile_sidebar_border_color":"000000","profile_sidebar_fill_color":"000000","profile_text_color":"000000","profile_use_background_image":false,"profile_image_url":"http:\/\/pbs.twimg.com\/profile_images\/641938905013579776\/Obqn339r_normal.jpg","profile_image_url_https":"https:\/\/pbs.twimg.com\/profile_images\/641938905013579776\/Obqn339r_normal.jpg","profile_banner_url":"https:\/\/pbs.twimg.com\/profile_banners\/3372210106\/1441502024","default_profile":false,"default_profile_image":false,"following":null,"follow_request_sent":null,"notifications":null},"geo":null,"coordinates":null,"place":null,"contributors":null,"retweet_count":0,"favorite_count":0,"entities":{"hashtags":[],"trends":[],"urls":[],"user_mentions":[{"screen_name":"chrisbrownbln","name":"9\/11 #RU #BBB","id":2409451955,"id_str":"2409451955","indices":[0,14]}],"symbols":[]},"favorited":false,"retweeted":false,"possibly_sensitive":false,"filter_level":"low","lang":"de","timestamp_ms":"1442015963721"}
