{"created_at":"Thu Sep 10 20:26:30 +0000 2015","id":642071670681899008,"id_str":"642071670681899008","text":"Fl\u00fcchtlinge in R\u00f6szke: \u201eDas sind Konzentrationslager\u201c | dasbiber http:\/\/t.co\/1SzaD3LRJb","source":"\u003ca href=\"http:\/\/www.facebook.com\/twitter\" rel=\"nofollow\"\u003eFacebook\u003c\/a\u003e","truncated":false,"in_reply_to_status_id":null,"in_reply_to_status_id_str":null,"in_reply_to_user_id":null,"in_reply_to_user_id_str":null,"in_reply_to_screen_name":null,"user":{"id":483672066,"id_str":"483672066","name":"Caroline Auque","screen_name":"cafebluesette","location":"","url":null,"description":null,"protected":false,"verified":false,"followers_count":3,"friends_count":4,"listed_count":0,"favourites_count":0,"statuses_count":676,"created_at":"Sun Feb 05 08:20:48 +0000 2012","utc_offset":null,"time_zone":null,"geo_enabled":false,"lang":"de","contributors_enabled":false,"is_translator":false,"profile_background_color":"EBEBEB","profile_background_image_url":"http:\/\/abs.twimg.com\/images\/themes\/theme7\/bg.gif","profile_background_image_url_https":"https:\/\/abs.twimg.com\/images\/themes\/theme7\/bg.gif","profile_background_tile":false,"profile_link_color":"990000","profile_sidebar_border_color":"DFDFDF","profile_sidebar_fill_color":"F3F3F3","profile_text_color":"333333","profile_use_background_image":true,"profile_image_url":"http:\/\/abs.twimg.com\/sticky\/default_profile_images\/default_profile_3_normal.png","profile_image_url_https":"https:\/\/abs.twimg.com\/sticky\/default_profile_images\/default_profile_3_normal.png","default_profile":false,"default_profile_image":true,"following":null,"follow_request_sent":null,"notifications":null},"geo":null,"coordinates":null,"place":null,"contributors":null,"retweet_count":0,"favorite_count":0,"entities":{"hashtags":[],"trends":[],"urls":[{"url":"http:\/\/t.co\/1SzaD3LRJb","expanded_url":"http:\/\/fb.me\/5dptpNE0L","display_url":"fb.me\/5dptpNE0L","indices":[65,87]}],"user_mentions":[],"symbols":[]},"favorited":false,"retweeted":false,"possibly_sensitive":false,"filter_level":"low","lang":"de","timestamp_ms":"1441916790062"}
