{"created_at":"Thu Sep 10 20:26:54 +0000 2015","id":642071773912109057,"id_str":"642071773912109057","text":"RT @zeitonline: Sind Fl\u00fcchtlinge aus Syrien ein rein europ\u00e4isches Problem? Aus Sicht der USA offenbar schon. http:\/\/t.co\/VxQBu2z54D (ub)","source":"\u003ca href=\"http:\/\/twitter.com\/download\/android\" rel=\"nofollow\"\u003eTwitter for Android\u003c\/a\u003e","truncated":false,"in_reply_to_status_id":null,"in_reply_to_status_id_str":null,"in_reply_to_user_id":null,"in_reply_to_user_id_str":null,"in_reply_to_screen_name":null,"user":{"id":2780672572,"id_str":"2780672572","name":"LUSCHDISCHX","screen_name":"unbequemes","location":"HIER ","url":null,"description":"Alles, au\u00dfer FDP","protected":false,"verified":false,"followers_count":318,"friends_count":353,"listed_count":45,"favourites_count":6686,"statuses_count":29477,"created_at":"Mon Sep 22 22:57:28 +0000 2014","utc_offset":null,"time_zone":null,"geo_enabled":true,"lang":"de","contributors_enabled":false,"is_translator":false,"profile_background_color":"C0DEED","profile_background_image_url":"http:\/\/abs.twimg.com\/images\/themes\/theme1\/bg.png","profile_background_image_url_https":"https:\/\/abs.twimg.com\/images\/themes\/theme1\/bg.png","profile_background_tile":false,"profile_link_color":"0084B4","profile_sidebar_border_color":"C0DEED","profile_sidebar_fill_color":"DDEEF6","profile_text_color":"333333","profile_use_background_image":true,"profile_image_url":"http:\/\/pbs.twimg.com\/profile_images\/537398927629492224\/-gaJbNL2_normal.jpeg","profile_image_url_https":"https:\/\/pbs.twimg.com\/profile_images\/537398927629492224\/-gaJbNL2_normal.jpeg","profile_banner_url":"https:\/\/pbs.twimg.com\/profile_banners\/2780672572\/1416960683","default_profile":true,"default_profile_image":false,"following":null,"follow_request_sent":null,"notifications":null},"geo":null,"coordinates":null,"place":null,"contributors":null,"retweeted_status":{"created_at":"Thu Sep 10 20:09:30 +0000 2015","id":642067394958114816,"id_str":"642067394958114816","text":"Sind Fl\u00fcchtlinge aus Syrien ein rein europ\u00e4isches Problem? Aus Sicht der USA offenbar schon. http:\/\/t.co\/VxQBu2z54D (ub)","source":"\u003ca href=\"http:\/\/www.socialflow.com\" rel=\"nofollow\"\u003eSocialFlow\u003c\/a\u003e","truncated":false,"in_reply_to_status_id":null,"in_reply_to_status_id_str":null,"in_reply_to_user_id":null,"in_reply_to_user_id_str":null,"in_reply_to_screen_name":null,"user":{"id":5715752,"id_str":"5715752","name":"ZEIT ONLINE","screen_name":"zeitonline","location":"Berlin und Hamburg, Germany","url":"http:\/\/www.zeit.de","description":"Ja, das ist unser offizieller Twitter-Account. Wenn nicht der Newsdesk (nd) twittert, finden Sie hier die handelnden Personen: http:\/\/www.zeit.de\/impressum","protected":false,"verified":true,"followers_count":846142,"friends_count":21,"listed_count":7753,"favourites_count":612,"statuses_count":79343,"created_at":"Wed May 02 15:17:01 +0000 2007","utc_offset":7200,"time_zone":"Berlin","geo_enabled":true,"lang":"de","contributors_enabled":false,"is_translator":false,"profile_background_color":"FFFFFF","profile_background_image_url":"http:\/\/pbs.twimg.com\/profile_background_images\/431753025443471362\/d4Qse5Sk.png","profile_background_image_url_https":"https:\/\/pbs.twimg.com\/profile_background_images\/431753025443471362\/d4Qse5Sk.png","profile_background_tile":false,"profile_link_color":"910202","profile_sidebar_border_color":"FFFFFF","profile_sidebar_fill_color":"FFFFFF","profile_text_color":"000000","profile_use_background_image":true,"profile_image_url":"http:\/\/pbs.twimg.com\/profile_images\/552865124906569728\/LJEllSbd_normal.jpeg","profile_image_url_https":"https:\/\/pbs.twimg.com\/profile_images\/552865124906569728\/LJEllSbd_normal.jpeg","profile_banner_url":"https:\/\/pbs.twimg.com\/profile_banners\/5715752\/1404719577","default_profile":false,"default_profile_image":false,"following":null,"follow_request_sent":null,"notifications":null},"geo":null,"coordinates":null,"place":null,"contributors":null,"retweet_count":9,"favorite_count":1,"entities":{"hashtags":[],"trends":[],"urls":[{"url":"http:\/\/t.co\/VxQBu2z54D","expanded_url":"http:\/\/zeit.to\/1Oftd3O","display_url":"zeit.to\/1Oftd3O","indices":[93,115]}],"user_mentions":[],"symbols":[]},"favorited":false,"retweeted":false,"possibly_sensitive":false,"filter_level":"low","lang":"de"},"retweet_count":0,"favorite_count":0,"entities":{"hashtags":[],"trends":[],"urls":[{"url":"http:\/\/t.co\/VxQBu2z54D","expanded_url":"http:\/\/zeit.to\/1Oftd3O","display_url":"zeit.to\/1Oftd3O","indices":[109,131]}],"user_mentions":[{"screen_name":"zeitonline","name":"ZEIT ONLINE","id":5715752,"id_str":"5715752","indices":[3,14]}],"symbols":[]},"favorited":false,"retweeted":false,"possibly_sensitive":false,"filter_level":"low","lang":"de","timestamp_ms":"1441916814674"}
