{"created_at":"Thu Sep 10 20:21:16 +0000 2015","id":642070353704058884,"id_str":"642070353704058884","text":"Was, @NPD und Anhang, ist eigentlich in Deutschland falsch an volkszerst\u00f6rerischer Politik?","source":"\u003ca href=\"http:\/\/twitter.com\/download\/android\" rel=\"nofollow\"\u003eTwitter for Android\u003c\/a\u003e","truncated":false,"in_reply_to_status_id":null,"in_reply_to_status_id_str":null,"in_reply_to_user_id":null,"in_reply_to_user_id_str":null,"in_reply_to_screen_name":null,"user":{"id":15560484,"id_str":"15560484","name":"van Toffelpunk","screen_name":"pantoffelpunk","location":"Rendsburg","url":"http:\/\/blog.pantoffelpunk.de","description":"\u0646\u0631\u062d\u0628 \u0641\u064a \u0623\u0644\u0645\u0627\u0646\u064a\u0627","protected":false,"verified":false,"followers_count":3968,"friends_count":541,"listed_count":280,"favourites_count":27165,"statuses_count":63445,"created_at":"Wed Jul 23 12:13:44 +0000 2008","utc_offset":7200,"time_zone":"Ljubljana","geo_enabled":true,"lang":"de","contributors_enabled":false,"is_translator":false,"profile_background_color":"333333","profile_background_image_url":"http:\/\/pbs.twimg.com\/profile_background_images\/337258263\/terreur.png","profile_background_image_url_https":"https:\/\/pbs.twimg.com\/profile_background_images\/337258263\/terreur.png","profile_background_tile":false,"profile_link_color":"555555","profile_sidebar_border_color":"FFFFFF","profile_sidebar_fill_color":"BBAE8B","profile_text_color":"564D38","profile_use_background_image":true,"profile_image_url":"http:\/\/pbs.twimg.com\/profile_images\/638946137936953344\/BrCvhR6V_normal.jpg","profile_image_url_https":"https:\/\/pbs.twimg.com\/profile_images\/638946137936953344\/BrCvhR6V_normal.jpg","profile_banner_url":"https:\/\/pbs.twimg.com\/profile_banners\/15560484\/1411316604","default_profile":false,"default_profile_image":false,"following":null,"follow_request_sent":null,"notifications":null},"geo":null,"coordinates":null,"place":null,"contributors":null,"retweet_count":0,"favorite_count":0,"entities":{"hashtags":[],"trends":[],"urls":[],"user_mentions":[{"screen_name":"npd","name":"npd","id":10030312,"id_str":"10030312","indices":[5,9]}],"symbols":[]},"favorited":false,"retweeted":false,"possibly_sensitive":false,"filter_level":"low","lang":"de","timestamp_ms":"1441916476070"}
