{"created_at":"Sat Sep 12 19:52:04 +0000 2015","id":642787780825882625,"id_str":"642787780825882625","text":"RT @docboone71: D\u00e4nische Zivilgesellschaft wendet sich eindrucksvoll gg Regierungspolitik.\n#refugeeswelcome  https:\/\/t.co\/oNkKknRrGg","source":"\u003ca href=\"http:\/\/twitter.com\" rel=\"nofollow\"\u003eTwitter Web Client\u003c\/a\u003e","truncated":false,"in_reply_to_status_id":null,"in_reply_to_status_id_str":null,"in_reply_to_user_id":null,"in_reply_to_user_id_str":null,"in_reply_to_screen_name":null,"user":{"id":411041934,"id_str":"411041934","name":"Bee","screen_name":"sappradi","location":"Vienna, Austria","url":null,"description":"Queen Bee","protected":false,"verified":false,"followers_count":111,"friends_count":242,"listed_count":3,"favourites_count":1576,"statuses_count":2565,"created_at":"Sat Nov 12 22:35:46 +0000 2011","utc_offset":7200,"time_zone":"Vienna","geo_enabled":false,"lang":"de","contributors_enabled":false,"is_translator":false,"profile_background_color":"FFCA9E","profile_background_image_url":"http:\/\/pbs.twimg.com\/profile_background_images\/469207060840583169\/7MhMa3ly.png","profile_background_image_url_https":"https:\/\/pbs.twimg.com\/profile_background_images\/469207060840583169\/7MhMa3ly.png","profile_background_tile":true,"profile_link_color":"0418B5","profile_sidebar_border_color":"FFFFFF","profile_sidebar_fill_color":"E7CD69","profile_text_color":"FCAD52","profile_use_background_image":false,"profile_image_url":"http:\/\/pbs.twimg.com\/profile_images\/618024658772869120\/iAEKSjPk_normal.jpg","profile_image_url_https":"https:\/\/pbs.twimg.com\/profile_images\/618024658772869120\/iAEKSjPk_normal.jpg","profile_banner_url":"https:\/\/pbs.twimg.com\/profile_banners\/411041934\/1436183579","default_profile":false,"default_profile_image":false,"following":null,"follow_request_sent":null,"notifications":null},"geo":null,"coordinates":null,"place":null,"contributors":null,"retweeted_status":{"created_at":"Sat Sep 12 19:49:05 +0000 2015","id":642787033774190593,"id_str":"642787033774190593","text":"D\u00e4nische Zivilgesellschaft wendet sich eindrucksvoll gg Regierungspolitik.\n#refugeeswelcome  https:\/\/t.co\/oNkKknRrGg","source":"\u003ca href=\"http:\/\/www.tweetings.net\" rel=\"nofollow\"\u003eTweetings for Android\u003c\/a\u003e","truncated":false,"in_reply_to_status_id":null,"in_reply_to_status_id_str":null,"in_reply_to_user_id":null,"in_reply_to_user_id_str":null,"in_reply_to_screen_name":null,"user":{"id":475790423,"id_str":"475790423","name":"Doc Josiah Boone","screen_name":"docboone71","location":"Wien \/ Vienna, Europa","url":null,"description":"Obsession: John Coltrane & SK Rapid :: Profession: Innere Medizin & Rapid M@ilers :: Prinzip: Stadtradler :: Motto: Es ist alles wie immer, nur schlimmer.","protected":false,"verified":false,"followers_count":750,"friends_count":642,"listed_count":42,"favourites_count":8221,"statuses_count":19409,"created_at":"Fri Jan 27 12:53:48 +0000 2012","utc_offset":7200,"time_zone":"Vienna","geo_enabled":false,"lang":"de","contributors_enabled":false,"is_translator":false,"profile_background_color":"C0DEED","profile_background_image_url":"http:\/\/pbs.twimg.com\/profile_background_images\/483998051955011585\/2SSWrWlm.jpeg","profile_background_image_url_https":"https:\/\/pbs.twimg.com\/profile_background_images\/483998051955011585\/2SSWrWlm.jpeg","profile_background_tile":true,"profile_link_color":"4A913C","profile_sidebar_border_color":"FFFFFF","profile_sidebar_fill_color":"DDEEF6","profile_text_color":"333333","profile_use_background_image":true,"profile_image_url":"http:\/\/pbs.twimg.com\/profile_images\/516701239002664960\/VoZ8oMGU_normal.jpeg","profile_image_url_https":"https:\/\/pbs.twimg.com\/profile_images\/516701239002664960\/VoZ8oMGU_normal.jpeg","profile_banner_url":"https:\/\/pbs.twimg.com\/profile_banners\/475790423\/1412026136","default_profile":false,"default_profile_image":false,"following":null,"follow_request_sent":null,"notifications":null},"geo":null,"coordinates":null,"place":null,"contributors":null,"quoted_status_id":642680318869245952,"quoted_status_id_str":"642680318869245952","quoted_status":{"created_at":"Sat Sep 12 12:45:03 +0000 2015","id":642680318869245952,"id_str":"642680318869245952","text":"40.000 people shouting #refugeeswelcome in front of the Danish Parlament #welcometodenmark (photo by @MarkbKnudsen) http:\/\/t.co\/NbdvakrdGb","source":"\u003ca href=\"http:\/\/twitter.com\/download\/iphone\" rel=\"nofollow\"\u003eTwitter for iPhone\u003c\/a\u003e","truncated":false,"in_reply_to_status_id":null,"in_reply_to_status_id_str":null,"in_reply_to_user_id":null,"in_reply_to_user_id_str":null,"in_reply_to_screen_name":null,"user":{"id":19391295,"id_str":"19391295","name":"Emil Nielsen","screen_name":"emilnielsen","location":"emil.nielsen@ft.dk - 3337 5078","url":null,"description":"Presseansvarlig hos Enhedslisten, far til to & Liverpool-fan","protected":false,"verified":false,"followers_count":2339,"friends_count":1318,"listed_count":46,"favourites_count":1542,"statuses_count":5552,"created_at":"Fri Jan 23 12:00:50 +0000 2009","utc_offset":null,"time_zone":null,"geo_enabled":true,"lang":"en","contributors_enabled":false,"is_translator":false,"profile_background_color":"910000","profile_background_image_url":"http:\/\/pbs.twimg.com\/profile_background_images\/450368912073302017\/ZKaJgTKd.jpeg","profile_background_image_url_https":"https:\/\/pbs.twimg.com\/profile_background_images\/450368912073302017\/ZKaJgTKd.jpeg","profile_background_tile":true,"profile_link_color":"03BAFC","profile_sidebar_border_color":"000000","profile_sidebar_fill_color":"DDEEF6","profile_text_color":"333333","profile_use_background_image":false,"profile_image_url":"http:\/\/pbs.twimg.com\/profile_images\/580014704606711808\/2TxHg9_v_normal.jpg","profile_image_url_https":"https:\/\/pbs.twimg.com\/profile_images\/580014704606711808\/2TxHg9_v_normal.jpg","profile_banner_url":"https:\/\/pbs.twimg.com\/profile_banners\/19391295\/1396210301","default_profile":false,"default_profile_image":false,"following":null,"follow_request_sent":null,"notifications":null},"geo":null,"coordinates":null,"place":null,"contributors":null,"retweet_count":0,"favorite_count":0,"entities":{"hashtags":[{"text":"refugeeswelcome","indices":[23,39]},{"text":"welcometodenmark","indices":[73,90]}],"trends":[],"urls":[],"user_mentions":[{"screen_name":"MarkbKnudsen","name":"Mark Knudsen","id":2266775218,"id_str":"2266775218","indices":[101,114]}],"symbols":[],"media":[{"id":642680299214798848,"id_str":"642680299214798848","indices":[116,138],"media_url":"http:\/\/pbs.twimg.com\/media\/COtCU7rXAAAUYVu.jpg","media_url_https":"https:\/\/pbs.twimg.com\/media\/COtCU7rXAAAUYVu.jpg","url":"http:\/\/t.co\/NbdvakrdGb","display_url":"pic.twitter.com\/NbdvakrdGb","expanded_url":"http:\/\/twitter.com\/emilnielsen\/status\/642680318869245952\/photo\/1","type":"photo","sizes":{"small":{"w":340,"h":226,"resize":"fit"},"thumb":{"w":150,"h":150,"resize":"crop"},"medium":{"w":600,"h":400,"resize":"fit"},"large":{"w":1024,"h":683,"resize":"fit"}}}]},"extended_entities":{"media":[{"id":642680299214798848,"id_str":"642680299214798848","indices":[116,138],"media_url":"http:\/\/pbs.twimg.com\/media\/COtCU7rXAAAUYVu.jpg","media_url_https":"https:\/\/pbs.twimg.com\/media\/COtCU7rXAAAUYVu.jpg","url":"http:\/\/t.co\/NbdvakrdGb","display_url":"pic.twitter.com\/NbdvakrdGb","expanded_url":"http:\/\/twitter.com\/emilnielsen\/status\/642680318869245952\/photo\/1","type":"photo","sizes":{"small":{"w":340,"h":226,"resize":"fit"},"thumb":{"w":150,"h":150,"resize":"crop"},"medium":{"w":600,"h":400,"resize":"fit"},"large":{"w":1024,"h":683,"resize":"fit"}}}]},"favorited":false,"retweeted":false,"possibly_sensitive":false,"filter_level":"low","lang":"en"},"retweet_count":1,"favorite_count":0,"entities":{"hashtags":[{"text":"refugeeswelcome","indices":[75,91]}],"trends":[],"urls":[{"url":"https:\/\/t.co\/oNkKknRrGg","expanded_url":"https:\/\/twitter.com\/emilnielsen\/status\/642715214555824128","display_url":"twitter.com\/emilnielsen\/st\u2026","indices":[93,116]}],"user_mentions":[],"symbols":[]},"favorited":false,"retweeted":false,"possibly_sensitive":false,"filter_level":"low","lang":"de"},"retweet_count":0,"favorite_count":0,"entities":{"hashtags":[{"text":"refugeeswelcome","indices":[91,107]}],"trends":[],"urls":[{"url":"https:\/\/t.co\/oNkKknRrGg","expanded_url":"https:\/\/twitter.com\/emilnielsen\/status\/642715214555824128","display_url":"twitter.com\/emilnielsen\/st\u2026","indices":[109,132]}],"user_mentions":[{"screen_name":"docboone71","name":"Doc Josiah Boone","id":475790423,"id_str":"475790423","indices":[3,14]}],"symbols":[]},"favorited":false,"retweeted":false,"possibly_sensitive":false,"filter_level":"low","lang":"de","timestamp_ms":"1442087524025"}
