{"created_at":"Thu Sep 10 20:27:55 +0000 2015","id":642072030830043136,"id_str":"642072030830043136","text":"RT @Earas_CGN: DK sollte Fl\u00fcchtlinge Richtung Schweden nicht stoppen,sondern auf Knien bitten auf Lolland zu bleiben,um die Insel zu belebe\u2026","source":"\u003ca href=\"http:\/\/tweedleapp.com\/\" rel=\"nofollow\"\u003e Tweedle\u003c\/a\u003e","truncated":false,"in_reply_to_status_id":null,"in_reply_to_status_id_str":null,"in_reply_to_user_id":null,"in_reply_to_user_id_str":null,"in_reply_to_screen_name":null,"user":{"id":508677043,"id_str":"508677043","name":"Fleder Katze","screen_name":"FlederKatze_cgn","location":"","url":null,"description":null,"protected":false,"verified":false,"followers_count":58,"friends_count":63,"listed_count":3,"favourites_count":384,"statuses_count":1734,"created_at":"Wed Feb 29 10:14:21 +0000 2012","utc_offset":7200,"time_zone":"Amsterdam","geo_enabled":false,"lang":"de","contributors_enabled":false,"is_translator":false,"profile_background_color":"642D8B","profile_background_image_url":"http:\/\/abs.twimg.com\/images\/themes\/theme10\/bg.gif","profile_background_image_url_https":"https:\/\/abs.twimg.com\/images\/themes\/theme10\/bg.gif","profile_background_tile":true,"profile_link_color":"FF0000","profile_sidebar_border_color":"65B0DA","profile_sidebar_fill_color":"7AC3EE","profile_text_color":"3D1957","profile_use_background_image":true,"profile_image_url":"http:\/\/pbs.twimg.com\/profile_images\/1862065859\/manga_normal.png","profile_image_url_https":"https:\/\/pbs.twimg.com\/profile_images\/1862065859\/manga_normal.png","default_profile":false,"default_profile_image":false,"following":null,"follow_request_sent":null,"notifications":null},"geo":null,"coordinates":null,"place":null,"contributors":null,"retweeted_status":{"created_at":"Thu Sep 10 15:38:14 +0000 2015","id":641999125744066561,"id_str":"641999125744066561","text":"DK sollte Fl\u00fcchtlinge Richtung Schweden nicht stoppen,sondern auf Knien bitten auf Lolland zu bleiben,um die Insel zu beleben u versch\u00f6nern.","source":"\u003ca href=\"http:\/\/twitter.com\" rel=\"nofollow\"\u003eTwitter Web Client\u003c\/a\u003e","truncated":false,"in_reply_to_status_id":null,"in_reply_to_status_id_str":null,"in_reply_to_user_id":null,"in_reply_to_user_id_str":null,"in_reply_to_screen_name":null,"user":{"id":399629838,"id_str":"399629838","name":"Elim Solauvir","screen_name":"Earas_CGN","location":"Hildesheim","url":null,"description":"Musiker, S\u00e4nger, Schokoladenjunkie, Radfahrer, Metalhead, Hippie, Freak, Versuchs-\u00d6ko, Exil-K\u00f6lner, Vegetarier, Trekkie, Veranstaltungstechniker, Geek, Idealist","protected":false,"verified":false,"followers_count":72,"friends_count":104,"listed_count":5,"favourites_count":444,"statuses_count":1430,"created_at":"Thu Oct 27 19:59:18 +0000 2011","utc_offset":7200,"time_zone":"Amsterdam","geo_enabled":false,"lang":"de","contributors_enabled":false,"is_translator":false,"profile_background_color":"A3A3A3","profile_background_image_url":"http:\/\/pbs.twimg.com\/profile_background_images\/378800000045920203\/7a2a6bcdac84d494c0823c87fb91eecc.jpeg","profile_background_image_url_https":"https:\/\/pbs.twimg.com\/profile_background_images\/378800000045920203\/7a2a6bcdac84d494c0823c87fb91eecc.jpeg","profile_background_tile":false,"profile_link_color":"7A007A","profile_sidebar_border_color":"000000","profile_sidebar_fill_color":"DDEEF6","profile_text_color":"333333","profile_use_background_image":true,"profile_image_url":"http:\/\/pbs.twimg.com\/profile_images\/631866402526339072\/yuiGIpho_normal.jpg","profile_image_url_https":"https:\/\/pbs.twimg.com\/profile_images\/631866402526339072\/yuiGIpho_normal.jpg","profile_banner_url":"https:\/\/pbs.twimg.com\/profile_banners\/399629838\/1439484244","default_profile":false,"default_profile_image":false,"following":null,"follow_request_sent":null,"notifications":null},"geo":null,"coordinates":null,"place":null,"contributors":null,"retweet_count":1,"favorite_count":0,"entities":{"hashtags":[],"trends":[],"urls":[],"user_mentions":[],"symbols":[]},"favorited":false,"retweeted":false,"possibly_sensitive":false,"filter_level":"low","lang":"de"},"retweet_count":0,"favorite_count":0,"entities":{"hashtags":[],"trends":[],"urls":[],"user_mentions":[{"screen_name":"Earas_CGN","name":"Elim Solauvir","id":399629838,"id_str":"399629838","indices":[3,13]}],"symbols":[]},"favorited":false,"retweeted":false,"possibly_sensitive":false,"filter_level":"low","lang":"de","timestamp_ms":"1441916875928"}
