{"created_at":"Thu Sep 10 20:30:03 +0000 2015","id":642072567021502464,"id_str":"642072567021502464","text":"RT @ZDFheute: Die USA wollen 10.000 syrische #Fl\u00fcchtlinge aufnehmen\nhttp:\/\/t.co\/BfNBnTmhix","source":"\u003ca href=\"http:\/\/www.rechtsextremismus.info\/fremdenfeindlichkeit\" rel=\"nofollow\"\u003eAsyl News\u003c\/a\u003e","truncated":false,"in_reply_to_status_id":null,"in_reply_to_status_id_str":null,"in_reply_to_user_id":null,"in_reply_to_user_id_str":null,"in_reply_to_screen_name":null,"user":{"id":2859089914,"id_str":"2859089914","name":"Asyl News","screen_name":"asyl_news","location":"","url":"http:\/\/www.rechtsextremismus.info\/fremdenfeindlichkeit","description":"Monitor, Presseschau & News zu Flucht & #Asyl, f\u00fcr Solidarit\u00e4t mit Gefl\u00fcchteten und zum Einmischen gegen #Fremdenfeindlichkeit & #Rassismus","protected":false,"verified":false,"followers_count":206,"friends_count":93,"listed_count":35,"favourites_count":8,"statuses_count":24374,"created_at":"Mon Nov 03 16:19:49 +0000 2014","utc_offset":null,"time_zone":null,"geo_enabled":false,"lang":"de","contributors_enabled":false,"is_translator":false,"profile_background_color":"000000","profile_background_image_url":"http:\/\/abs.twimg.com\/images\/themes\/theme1\/bg.png","profile_background_image_url_https":"https:\/\/abs.twimg.com\/images\/themes\/theme1\/bg.png","profile_background_tile":false,"profile_link_color":"DD2E44","profile_sidebar_border_color":"000000","profile_sidebar_fill_color":"000000","profile_text_color":"000000","profile_use_background_image":false,"profile_image_url":"http:\/\/pbs.twimg.com\/profile_images\/529311103042351104\/-fv4eaTk_normal.jpeg","profile_image_url_https":"https:\/\/pbs.twimg.com\/profile_images\/529311103042351104\/-fv4eaTk_normal.jpeg","profile_banner_url":"https:\/\/pbs.twimg.com\/profile_banners\/2859089914\/1415032526","default_profile":false,"default_profile_image":false,"following":null,"follow_request_sent":null,"notifications":null},"geo":null,"coordinates":null,"place":null,"contributors":null,"retweeted_status":{"created_at":"Thu Sep 10 20:26:38 +0000 2015","id":642071704437657600,"id_str":"642071704437657600","text":"Die USA wollen 10.000 syrische #Fl\u00fcchtlinge aufnehmen\nhttp:\/\/t.co\/BfNBnTmhix","source":"\u003ca href=\"https:\/\/about.twitter.com\/products\/tweetdeck\" rel=\"nofollow\"\u003eTweetDeck\u003c\/a\u003e","truncated":false,"in_reply_to_status_id":null,"in_reply_to_status_id_str":null,"in_reply_to_user_id":null,"in_reply_to_user_id_str":null,"in_reply_to_screen_name":null,"user":{"id":1101354170,"id_str":"1101354170","name":"ZDF heute","screen_name":"ZDFheute","location":"Mainz","url":"http:\/\/www.heute.de","description":"Hier twittert die Redaktion von heute.de Nachrichten, Videos und Hintergr\u00fcnde aus Politik, Wirtschaft und Kultur | Impressum http:\/\/ly.zdf.de\/\/V3Gu","protected":false,"verified":true,"followers_count":99809,"friends_count":190,"listed_count":1222,"favourites_count":1201,"statuses_count":23461,"created_at":"Fri Jan 18 16:08:31 +0000 2013","utc_offset":7200,"time_zone":"Amsterdam","geo_enabled":true,"lang":"de","contributors_enabled":false,"is_translator":false,"profile_background_color":"C0DEED","profile_background_image_url":"http:\/\/pbs.twimg.com\/profile_background_images\/767940414\/5f20047b35344011a6dd55accbfa0834.png","profile_background_image_url_https":"https:\/\/pbs.twimg.com\/profile_background_images\/767940414\/5f20047b35344011a6dd55accbfa0834.png","profile_background_tile":false,"profile_link_color":"0084B4","profile_sidebar_border_color":"FFFFFF","profile_sidebar_fill_color":"DDEEF6","profile_text_color":"333333","profile_use_background_image":false,"profile_image_url":"http:\/\/pbs.twimg.com\/profile_images\/465803701647446016\/jAlkirAe_normal.jpeg","profile_image_url_https":"https:\/\/pbs.twimg.com\/profile_images\/465803701647446016\/jAlkirAe_normal.jpeg","profile_banner_url":"https:\/\/pbs.twimg.com\/profile_banners\/1101354170\/1399891223","default_profile":false,"default_profile_image":false,"following":null,"follow_request_sent":null,"notifications":null},"geo":null,"coordinates":null,"place":null,"contributors":null,"retweet_count":1,"favorite_count":1,"entities":{"hashtags":[{"text":"Fl\u00fcchtlinge","indices":[31,43]}],"trends":[],"urls":[{"url":"http:\/\/t.co\/BfNBnTmhix","expanded_url":"http:\/\/www.heute.de\/usa-wollen-10.0000-syrische-fluechtlinge-aufnehmen-40059620.html","display_url":"heute.de\/usa-wollen-10.\u2026","indices":[54,76]}],"user_mentions":[],"symbols":[]},"favorited":false,"retweeted":false,"possibly_sensitive":false,"filter_level":"low","lang":"de"},"retweet_count":0,"favorite_count":0,"entities":{"hashtags":[{"text":"Fl\u00fcchtlinge","indices":[45,57]}],"trends":[],"urls":[{"url":"http:\/\/t.co\/BfNBnTmhix","expanded_url":"http:\/\/www.heute.de\/usa-wollen-10.0000-syrische-fluechtlinge-aufnehmen-40059620.html","display_url":"heute.de\/usa-wollen-10.\u2026","indices":[68,90]}],"user_mentions":[{"screen_name":"ZDFheute","name":"ZDF heute","id":1101354170,"id_str":"1101354170","indices":[3,12]}],"symbols":[]},"favorited":false,"retweeted":false,"possibly_sensitive":false,"filter_level":"low","lang":"de","timestamp_ms":"1441917003766"}
