{"created_at":"Fri Sep 11 23:46:36 +0000 2015","id":642484416489631744,"id_str":"642484416489631744","text":"@Podolski10 in T\u00fcrkei machst bist du Separatist kurdische Arbeiter Partei. So Doppel zungig ist deutsche Politik und Medien.","source":"\u003ca href=\"http:\/\/twitter.com\/download\/iphone\" rel=\"nofollow\"\u003eTwitter for iPhone\u003c\/a\u003e","truncated":false,"in_reply_to_status_id":642482078341275648,"in_reply_to_status_id_str":"642482078341275648","in_reply_to_user_id":862227258,"in_reply_to_user_id_str":"862227258","in_reply_to_screen_name":"fb10magic","user":{"id":862227258,"id_str":"862227258","name":"Delinin Zoru","screen_name":"fb10magic","location":"","url":null,"description":"NE MUTLU T\u00dcRK\u00dcM D\u0130YENE","protected":false,"verified":false,"followers_count":159,"friends_count":275,"listed_count":0,"favourites_count":128,"statuses_count":7210,"created_at":"Fri Oct 05 00:04:29 +0000 2012","utc_offset":null,"time_zone":null,"geo_enabled":true,"lang":"de","contributors_enabled":false,"is_translator":false,"profile_background_color":"C0DEED","profile_background_image_url":"http:\/\/abs.twimg.com\/images\/themes\/theme1\/bg.png","profile_background_image_url_https":"https:\/\/abs.twimg.com\/images\/themes\/theme1\/bg.png","profile_background_tile":false,"profile_link_color":"0084B4","profile_sidebar_border_color":"C0DEED","profile_sidebar_fill_color":"DDEEF6","profile_text_color":"333333","profile_use_background_image":true,"profile_image_url":"http:\/\/pbs.twimg.com\/profile_images\/2681595338\/270678ccbf284e99fac3f3640f624c3f_normal.jpeg","profile_image_url_https":"https:\/\/pbs.twimg.com\/profile_images\/2681595338\/270678ccbf284e99fac3f3640f624c3f_normal.jpeg","profile_banner_url":"https:\/\/pbs.twimg.com\/profile_banners\/862227258\/1372988200","default_profile":true,"default_profile_image":false,"following":null,"follow_request_sent":null,"notifications":null},"geo":null,"coordinates":null,"place":null,"contributors":null,"retweet_count":0,"favorite_count":0,"entities":{"hashtags":[],"trends":[],"urls":[],"user_mentions":[{"screen_name":"Podolski10","name":"Lukas-Podolski.com","id":19596687,"id_str":"19596687","indices":[0,11]}],"symbols":[]},"favorited":false,"retweeted":false,"possibly_sensitive":false,"filter_level":"low","lang":"de","timestamp_ms":"1442015196331"}
