{"created_at":"Sat Sep 12 00:03:21 +0000 2015","id":642488632901795840,"id_str":"642488632901795840","text":"RT @fluxusx: Weitersagen, damit es alle wissen: ab heute bef\u00f6rdert die #Bahn Fl\u00fcchtlinge und Begleiter kostenlos http:\/\/t.co\/0FDhRoFVON #re\u2026","source":"\u003ca href=\"http:\/\/twitter.com\" rel=\"nofollow\"\u003eTwitter Web Client\u003c\/a\u003e","truncated":false,"in_reply_to_status_id":null,"in_reply_to_status_id_str":null,"in_reply_to_user_id":null,"in_reply_to_user_id_str":null,"in_reply_to_screen_name":null,"user":{"id":14615214,"id_str":"14615214","name":"Die_Primel","screen_name":"Die_Primel","location":"Hamburg","url":null,"description":"Multipliziere Netzpolitik & ziviles Engagement f\u00fcr Fl\u00fcchtlinge & Umwelt, UX Enthusiast, #Piraten #Hamburg","protected":false,"verified":false,"followers_count":1467,"friends_count":1999,"listed_count":151,"favourites_count":96716,"statuses_count":27585,"created_at":"Thu May 01 15:13:03 +0000 2008","utc_offset":7200,"time_zone":"Bern","geo_enabled":false,"lang":"de","contributors_enabled":false,"is_translator":false,"profile_background_color":"131516","profile_background_image_url":"http:\/\/pbs.twimg.com\/profile_background_images\/443689598590275584\/xgcKQQ2Y.png","profile_background_image_url_https":"https:\/\/pbs.twimg.com\/profile_background_images\/443689598590275584\/xgcKQQ2Y.png","profile_background_tile":true,"profile_link_color":"FF7902","profile_sidebar_border_color":"FFFFFF","profile_sidebar_fill_color":"78C0A8","profile_text_color":"5E412F","profile_use_background_image":true,"profile_image_url":"http:\/\/pbs.twimg.com\/profile_images\/567365044917137408\/57e5M0m2_normal.jpeg","profile_image_url_https":"https:\/\/pbs.twimg.com\/profile_images\/567365044917137408\/57e5M0m2_normal.jpeg","profile_banner_url":"https:\/\/pbs.twimg.com\/profile_banners\/14615214\/1392277644","default_profile":false,"default_profile_image":false,"following":null,"follow_request_sent":null,"notifications":null},"geo":null,"coordinates":null,"place":null,"contributors":null,"retweeted_status":{"created_at":"Fri Sep 11 21:11:43 +0000 2015","id":642445440689008640,"id_str":"642445440689008640","text":"Weitersagen, damit es alle wissen: ab heute bef\u00f6rdert die #Bahn Fl\u00fcchtlinge und Begleiter kostenlos http:\/\/t.co\/0FDhRoFVON #refugeeswelcome","source":"\u003ca href=\"https:\/\/sites.google.com\/site\/tweentwitterclient\/\" rel=\"nofollow\"\u003eTween\u003c\/a\u003e","truncated":false,"in_reply_to_status_id":null,"in_reply_to_status_id_str":null,"in_reply_to_user_id":null,"in_reply_to_user_id_str":null,"in_reply_to_screen_name":null,"user":{"id":21809931,"id_str":"21809931","name":"fluxus","screen_name":"fluxusx","location":"Berlin","url":null,"description":null,"protected":false,"verified":false,"followers_count":3563,"friends_count":1439,"listed_count":184,"favourites_count":2034,"statuses_count":67935,"created_at":"Tue Feb 24 23:05:37 +0000 2009","utc_offset":7200,"time_zone":"Ljubljana","geo_enabled":false,"lang":"en","contributors_enabled":false,"is_translator":false,"profile_background_color":"000000","profile_background_image_url":"http:\/\/pbs.twimg.com\/profile_background_images\/392671472\/snake.gif","profile_background_image_url_https":"https:\/\/pbs.twimg.com\/profile_background_images\/392671472\/snake.gif","profile_background_tile":true,"profile_link_color":"009999","profile_sidebar_border_color":"EEEEEE","profile_sidebar_fill_color":"EFEFEF","profile_text_color":"333333","profile_use_background_image":true,"profile_image_url":"http:\/\/pbs.twimg.com\/profile_images\/522204631984664576\/sfX2XzU0_normal.png","profile_image_url_https":"https:\/\/pbs.twimg.com\/profile_images\/522204631984664576\/sfX2XzU0_normal.png","default_profile":false,"default_profile_image":false,"following":null,"follow_request_sent":null,"notifications":null},"geo":null,"coordinates":null,"place":null,"contributors":null,"retweet_count":105,"favorite_count":43,"entities":{"hashtags":[{"text":"Bahn","indices":[58,63]},{"text":"refugeeswelcome","indices":[123,139]}],"trends":[],"urls":[{"url":"http:\/\/t.co\/0FDhRoFVON","expanded_url":"http:\/\/www.spiegel.de\/wirtschaft\/unternehmen\/fluechtlinge-bahn-befoerdert-fluechtlinge-und-helfer-kostenlos-a-1052536.html","display_url":"spiegel.de\/wirtschaft\/unt\u2026","indices":[100,122]}],"user_mentions":[],"symbols":[]},"favorited":false,"retweeted":false,"possibly_sensitive":false,"filter_level":"low","lang":"de"},"retweet_count":0,"favorite_count":0,"entities":{"hashtags":[{"text":"Bahn","indices":[71,76]},{"text":"refugeeswelcome","indices":[136,140]}],"trends":[],"urls":[{"url":"http:\/\/t.co\/0FDhRoFVON","expanded_url":"http:\/\/www.spiegel.de\/wirtschaft\/unternehmen\/fluechtlinge-bahn-befoerdert-fluechtlinge-und-helfer-kostenlos-a-1052536.html","display_url":"spiegel.de\/wirtschaft\/unt\u2026","indices":[113,135]}],"user_mentions":[{"screen_name":"fluxusx","name":"fluxus","id":21809931,"id_str":"21809931","indices":[3,11]}],"symbols":[]},"favorited":false,"retweeted":false,"possibly_sensitive":false,"filter_level":"low","lang":"de","timestamp_ms":"1442016201602"}
