{"created_at":"Thu Sep 10 20:21:02 +0000 2015","id":642070298645368833,"id_str":"642070298645368833","text":"RT @MartinSoechting: Habt Ihr gebrauchte Musikinstrumente zu verschenken?\nMeine Fl\u00fcchtlinge w\u00fcrden gern musizieren.\nGitarre, Keyboard, Trom\u2026","source":"\u003ca href=\"http:\/\/twitter.com\/download\/iphone\" rel=\"nofollow\"\u003eTwitter for iPhone\u003c\/a\u003e","truncated":false,"in_reply_to_status_id":null,"in_reply_to_status_id_str":null,"in_reply_to_user_id":null,"in_reply_to_user_id_str":null,"in_reply_to_screen_name":null,"user":{"id":2670394386,"id_str":"2670394386","name":"Weihnachtsfrau","screen_name":"FrauWeihnachten","location":"","url":null,"description":null,"protected":false,"verified":false,"followers_count":225,"friends_count":302,"listed_count":11,"favourites_count":55966,"statuses_count":18255,"created_at":"Tue Jul 22 19:36:21 +0000 2014","utc_offset":7200,"time_zone":"Ljubljana","geo_enabled":false,"lang":"de","contributors_enabled":false,"is_translator":false,"profile_background_color":"C0DEED","profile_background_image_url":"http:\/\/abs.twimg.com\/images\/themes\/theme1\/bg.png","profile_background_image_url_https":"https:\/\/abs.twimg.com\/images\/themes\/theme1\/bg.png","profile_background_tile":false,"profile_link_color":"0084B4","profile_sidebar_border_color":"C0DEED","profile_sidebar_fill_color":"DDEEF6","profile_text_color":"333333","profile_use_background_image":true,"profile_image_url":"http:\/\/pbs.twimg.com\/profile_images\/632657728754831360\/hQoCE6zD_normal.jpg","profile_image_url_https":"https:\/\/pbs.twimg.com\/profile_images\/632657728754831360\/hQoCE6zD_normal.jpg","default_profile":true,"default_profile_image":false,"following":null,"follow_request_sent":null,"notifications":null},"geo":null,"coordinates":null,"place":null,"contributors":null,"retweeted_status":{"created_at":"Thu Sep 10 07:22:12 +0000 2015","id":641874298827882496,"id_str":"641874298827882496","text":"Habt Ihr gebrauchte Musikinstrumente zu verschenken?\nMeine Fl\u00fcchtlinge w\u00fcrden gern musizieren.\nGitarre, Keyboard, Trommel\n\n#Followerpower","source":"\u003ca href=\"http:\/\/twitter.com\" rel=\"nofollow\"\u003eTwitter Web Client\u003c\/a\u003e","truncated":false,"in_reply_to_status_id":null,"in_reply_to_status_id_str":null,"in_reply_to_user_id":null,"in_reply_to_user_id_str":null,"in_reply_to_screen_name":null,"user":{"id":1960792351,"id_str":"1960792351","name":"Martin S\u00f6chting","screen_name":"MartinSoechting","location":"Spangenberg\/Germany","url":"http:\/\/about.me\/martinsoechting","description":"Author, actor, songwriter, painter, stand-up nonsensian, input-junkie, bon-vivant and non-conformist.","protected":false,"verified":false,"followers_count":871,"friends_count":949,"listed_count":45,"favourites_count":11467,"statuses_count":18860,"created_at":"Mon Oct 14 14:11:52 +0000 2013","utc_offset":7200,"time_zone":"Belgrade","geo_enabled":true,"lang":"de","contributors_enabled":false,"is_translator":false,"profile_background_color":"000000","profile_background_image_url":"http:\/\/abs.twimg.com\/images\/themes\/theme1\/bg.png","profile_background_image_url_https":"https:\/\/abs.twimg.com\/images\/themes\/theme1\/bg.png","profile_background_tile":false,"profile_link_color":"3B94D9","profile_sidebar_border_color":"000000","profile_sidebar_fill_color":"000000","profile_text_color":"000000","profile_use_background_image":false,"profile_image_url":"http:\/\/pbs.twimg.com\/profile_images\/636250692856889344\/c2XO1-SC_normal.png","profile_image_url_https":"https:\/\/pbs.twimg.com\/profile_images\/636250692856889344\/c2XO1-SC_normal.png","profile_banner_url":"https:\/\/pbs.twimg.com\/profile_banners\/1960792351\/1398193483","default_profile":false,"default_profile_image":false,"following":null,"follow_request_sent":null,"notifications":null},"geo":null,"coordinates":null,"place":null,"contributors":null,"retweet_count":55,"favorite_count":14,"entities":{"hashtags":[{"text":"Followerpower","indices":[123,137]}],"trends":[],"urls":[],"user_mentions":[],"symbols":[]},"favorited":false,"retweeted":false,"possibly_sensitive":false,"filter_level":"low","lang":"de"},"retweet_count":0,"favorite_count":0,"entities":{"hashtags":[{"text":"Followerpower","indices":[139,140]}],"trends":[],"urls":[],"user_mentions":[{"screen_name":"MartinSoechting","name":"Martin S\u00f6chting","id":1960792351,"id_str":"1960792351","indices":[3,19]}],"symbols":[]},"favorited":false,"retweeted":false,"possibly_sensitive":false,"filter_level":"low","lang":"de","timestamp_ms":"1441916462943"}
