{"created_at":"Sat Sep 12 00:05:58 +0000 2015","id":642489290954551296,"id_str":"642489290954551296","text":"Krim-Vizepremier: Berlusconi \u00f6ffnete f\u00fcr Krim \u201eFenster nach Europa\u201c http:\/\/t.co\/8SJOaFnWmP","source":"\u003ca href=\"http:\/\/www.apple.com\" rel=\"nofollow\"\u003eiOS\u003c\/a\u003e","truncated":false,"in_reply_to_status_id":null,"in_reply_to_status_id_str":null,"in_reply_to_user_id":null,"in_reply_to_user_id_str":null,"in_reply_to_screen_name":null,"user":{"id":2371907122,"id_str":"2371907122","name":"Vladimir Balanesu ","screen_name":"balanesu","location":"","url":null,"description":null,"protected":false,"verified":false,"followers_count":1,"friends_count":17,"listed_count":0,"favourites_count":2,"statuses_count":835,"created_at":"Fri Feb 28 21:36:44 +0000 2014","utc_offset":null,"time_zone":null,"geo_enabled":true,"lang":"de","contributors_enabled":false,"is_translator":false,"profile_background_color":"C0DEED","profile_background_image_url":"http:\/\/abs.twimg.com\/images\/themes\/theme1\/bg.png","profile_background_image_url_https":"https:\/\/abs.twimg.com\/images\/themes\/theme1\/bg.png","profile_background_tile":false,"profile_link_color":"0084B4","profile_sidebar_border_color":"C0DEED","profile_sidebar_fill_color":"DDEEF6","profile_text_color":"333333","profile_use_background_image":true,"profile_image_url":"http:\/\/pbs.twimg.com\/profile_images\/546269371878739968\/ArX2C7cH_normal.png","profile_image_url_https":"https:\/\/pbs.twimg.com\/profile_images\/546269371878739968\/ArX2C7cH_normal.png","default_profile":true,"default_profile_image":false,"following":null,"follow_request_sent":null,"notifications":null},"geo":null,"coordinates":null,"place":null,"contributors":null,"retweet_count":0,"favorite_count":0,"entities":{"hashtags":[],"trends":[],"urls":[{"url":"http:\/\/t.co\/8SJOaFnWmP","expanded_url":"http:\/\/de.sputniknews.com\/politik\/20150911\/304273239.html","display_url":"de.sputniknews.com\/politik\/201509\u2026","indices":[68,90]}],"user_mentions":[],"symbols":[]},"favorited":false,"retweeted":false,"possibly_sensitive":false,"filter_level":"low","lang":"de","timestamp_ms":"1442016358494"}
