{"created_at":"Thu Sep 10 20:24:39 +0000 2015","id":642071207605571584,"id_str":"642071207605571584","text":"RT @ChristophFreina: In den Zelten des Oktoberfests h\u00e4tten viele Fl\u00fcchtlinge Unterkunft, K\u00fcchen gibt's dort auch jede Menge. #zib2","source":"\u003ca href=\"http:\/\/twitter.com\/download\/iphone\" rel=\"nofollow\"\u003eTwitter for iPhone\u003c\/a\u003e","truncated":false,"in_reply_to_status_id":null,"in_reply_to_status_id_str":null,"in_reply_to_user_id":null,"in_reply_to_user_id_str":null,"in_reply_to_screen_name":null,"user":{"id":3085129075,"id_str":"3085129075","name":"Michael Degen","screen_name":"degen_michael","location":"Vienna, Austria","url":null,"description":"Controller, Pharma, interessiert an Politik und Wirtschaft, SK Rapid Wien, Hang zur P\u00fcnktlichkeit, RC-Nitro","protected":false,"verified":false,"followers_count":129,"friends_count":247,"listed_count":8,"favourites_count":8691,"statuses_count":1857,"created_at":"Sun Mar 15 12:45:17 +0000 2015","utc_offset":7200,"time_zone":"Vienna","geo_enabled":true,"lang":"de","contributors_enabled":false,"is_translator":false,"profile_background_color":"C0DEED","profile_background_image_url":"http:\/\/abs.twimg.com\/images\/themes\/theme1\/bg.png","profile_background_image_url_https":"https:\/\/abs.twimg.com\/images\/themes\/theme1\/bg.png","profile_background_tile":false,"profile_link_color":"0084B4","profile_sidebar_border_color":"C0DEED","profile_sidebar_fill_color":"DDEEF6","profile_text_color":"333333","profile_use_background_image":true,"profile_image_url":"http:\/\/pbs.twimg.com\/profile_images\/577485187484909568\/YIDeTq_q_normal.jpeg","profile_image_url_https":"https:\/\/pbs.twimg.com\/profile_images\/577485187484909568\/YIDeTq_q_normal.jpeg","profile_banner_url":"https:\/\/pbs.twimg.com\/profile_banners\/3085129075\/1426528734","default_profile":true,"default_profile_image":false,"following":null,"follow_request_sent":null,"notifications":null},"geo":null,"coordinates":null,"place":null,"contributors":null,"retweeted_status":{"created_at":"Thu Sep 10 20:22:49 +0000 2015","id":642070744437010432,"id_str":"642070744437010432","text":"In den Zelten des Oktoberfests h\u00e4tten viele Fl\u00fcchtlinge Unterkunft, K\u00fcchen gibt's dort auch jede Menge. #zib2","source":"\u003ca href=\"https:\/\/about.twitter.com\/products\/tweetdeck\" rel=\"nofollow\"\u003eTweetDeck\u003c\/a\u003e","truncated":false,"in_reply_to_status_id":null,"in_reply_to_status_id_str":null,"in_reply_to_user_id":null,"in_reply_to_user_id_str":null,"in_reply_to_screen_name":null,"user":{"id":261867800,"id_str":"261867800","name":"Christoph Freina","screen_name":"ChristophFreina","location":"Salzburg, AT","url":"http:\/\/gplus.to\/ChristophFreina","description":"Work: Ramp service @SalzburgAirport","protected":false,"verified":false,"followers_count":643,"friends_count":745,"listed_count":26,"favourites_count":185,"statuses_count":47615,"created_at":"Sun Mar 06 21:39:12 +0000 2011","utc_offset":7200,"time_zone":"Vienna","geo_enabled":true,"lang":"de","contributors_enabled":false,"is_translator":false,"profile_background_color":"C0DEED","profile_background_image_url":"http:\/\/pbs.twimg.com\/profile_background_images\/214055407\/2011-02-10_07.48.59.jpg","profile_background_image_url_https":"https:\/\/pbs.twimg.com\/profile_background_images\/214055407\/2011-02-10_07.48.59.jpg","profile_background_tile":false,"profile_link_color":"0084B4","profile_sidebar_border_color":"C0DEED","profile_sidebar_fill_color":"DDEEF6","profile_text_color":"333333","profile_use_background_image":true,"profile_image_url":"http:\/\/pbs.twimg.com\/profile_images\/463957347379843072\/TkznWKo2_normal.jpeg","profile_image_url_https":"https:\/\/pbs.twimg.com\/profile_images\/463957347379843072\/TkznWKo2_normal.jpeg","default_profile":false,"default_profile_image":false,"following":null,"follow_request_sent":null,"notifications":null},"geo":null,"coordinates":null,"place":null,"contributors":null,"retweet_count":2,"favorite_count":1,"entities":{"hashtags":[{"text":"zib2","indices":[104,109]}],"trends":[],"urls":[],"user_mentions":[],"symbols":[]},"favorited":false,"retweeted":false,"possibly_sensitive":false,"filter_level":"low","lang":"de"},"retweet_count":0,"favorite_count":0,"entities":{"hashtags":[{"text":"zib2","indices":[125,130]}],"trends":[],"urls":[],"user_mentions":[{"screen_name":"ChristophFreina","name":"Christoph Freina","id":261867800,"id_str":"261867800","indices":[3,19]}],"symbols":[]},"favorited":false,"retweeted":false,"possibly_sensitive":false,"filter_level":"low","lang":"de","timestamp_ms":"1441916679656"}
