{"created_at":"Thu Sep 10 20:29:39 +0000 2015","id":642072465397653504,"id_str":"642072465397653504","text":"Ich habe ein @YouTube-Video positiv bewertet: http:\/\/t.co\/cQtJyHuTdK Wer den Wind s\u00e4t\u2026 Was westliche Politik im Orient anrichtet |","source":"\u003ca href=\"http:\/\/www.google.com\/\" rel=\"nofollow\"\u003eGoogle\u003c\/a\u003e","truncated":false,"in_reply_to_status_id":null,"in_reply_to_status_id_str":null,"in_reply_to_user_id":null,"in_reply_to_user_id_str":null,"in_reply_to_screen_name":null,"user":{"id":476901008,"id_str":"476901008","name":"Marco La Bella","screen_name":"labella_marco","location":"Bassersdorf","url":"http:\/\/www.labella.ch","description":"Unternehmensberater","protected":false,"verified":false,"followers_count":22,"friends_count":54,"listed_count":0,"favourites_count":0,"statuses_count":21,"created_at":"Sat Jan 28 16:28:25 +0000 2012","utc_offset":null,"time_zone":null,"geo_enabled":false,"lang":"de","contributors_enabled":false,"is_translator":false,"profile_background_color":"C0DEED","profile_background_image_url":"http:\/\/abs.twimg.com\/images\/themes\/theme1\/bg.png","profile_background_image_url_https":"https:\/\/abs.twimg.com\/images\/themes\/theme1\/bg.png","profile_background_tile":false,"profile_link_color":"0084B4","profile_sidebar_border_color":"C0DEED","profile_sidebar_fill_color":"DDEEF6","profile_text_color":"333333","profile_use_background_image":true,"profile_image_url":"http:\/\/pbs.twimg.com\/profile_images\/578846992517885952\/qmq1BHnY_normal.jpeg","profile_image_url_https":"https:\/\/pbs.twimg.com\/profile_images\/578846992517885952\/qmq1BHnY_normal.jpeg","default_profile":true,"default_profile_image":false,"following":null,"follow_request_sent":null,"notifications":null},"geo":null,"coordinates":null,"place":null,"contributors":null,"retweet_count":0,"favorite_count":0,"entities":{"hashtags":[],"trends":[],"urls":[{"url":"http:\/\/t.co\/cQtJyHuTdK","expanded_url":"http:\/\/youtu.be\/syygOaRlwNE?a","display_url":"youtu.be\/syygOaRlwNE?a","indices":[46,68]}],"user_mentions":[{"screen_name":"YouTube","name":"YouTube","id":10228272,"id_str":"10228272","indices":[13,21]}],"symbols":[]},"favorited":false,"retweeted":false,"possibly_sensitive":false,"filter_level":"low","lang":"de","timestamp_ms":"1441916979537"}
