{"created_at":"Fri Sep 11 23:48:45 +0000 2015","id":642484958108491777,"id_str":"642484958108491777","text":"RT @ZDFheute: Sch\u00f6ne Geste: Bei Padborg bringt d\u00e4nischer Offizier ein Fl\u00fcchtlingsm\u00e4dchen zum Lachen. #Fl\u00fcchtlinge #refugeeswelcome http:\/\/t\u2026","source":"\u003ca href=\"http:\/\/twitter.com\/download\/iphone\" rel=\"nofollow\"\u003eTwitter for iPhone\u003c\/a\u003e","truncated":false,"in_reply_to_status_id":null,"in_reply_to_status_id_str":null,"in_reply_to_user_id":null,"in_reply_to_user_id_str":null,"in_reply_to_screen_name":null,"user":{"id":2930298332,"id_str":"2930298332","name":"Barbara Hubert","screen_name":"bhubert5","location":"gaggenau germany","url":null,"description":"librarian , bookseller, free writer","protected":false,"verified":false,"followers_count":18,"friends_count":78,"listed_count":6,"favourites_count":663,"statuses_count":1045,"created_at":"Sun Dec 14 23:37:24 +0000 2014","utc_offset":null,"time_zone":null,"geo_enabled":true,"lang":"en","contributors_enabled":false,"is_translator":false,"profile_background_color":"C0DEED","profile_background_image_url":"http:\/\/abs.twimg.com\/images\/themes\/theme1\/bg.png","profile_background_image_url_https":"https:\/\/abs.twimg.com\/images\/themes\/theme1\/bg.png","profile_background_tile":false,"profile_link_color":"0084B4","profile_sidebar_border_color":"C0DEED","profile_sidebar_fill_color":"DDEEF6","profile_text_color":"333333","profile_use_background_image":true,"profile_image_url":"http:\/\/pbs.twimg.com\/profile_images\/544279215638454274\/dzADzp-h_normal.jpeg","profile_image_url_https":"https:\/\/pbs.twimg.com\/profile_images\/544279215638454274\/dzADzp-h_normal.jpeg","default_profile":true,"default_profile_image":false,"following":null,"follow_request_sent":null,"notifications":null},"geo":null,"coordinates":null,"place":null,"contributors":null,"retweeted_status":{"created_at":"Fri Sep 11 13:40:42 +0000 2015","id":642331937609269249,"id_str":"642331937609269249","text":"Sch\u00f6ne Geste: Bei Padborg bringt d\u00e4nischer Offizier ein Fl\u00fcchtlingsm\u00e4dchen zum Lachen. #Fl\u00fcchtlinge #refugeeswelcome http:\/\/t.co\/ZYeAwKlqTR","source":"\u003ca href=\"https:\/\/about.twitter.com\/products\/tweetdeck\" rel=\"nofollow\"\u003eTweetDeck\u003c\/a\u003e","truncated":false,"in_reply_to_status_id":null,"in_reply_to_status_id_str":null,"in_reply_to_user_id":null,"in_reply_to_user_id_str":null,"in_reply_to_screen_name":null,"user":{"id":1101354170,"id_str":"1101354170","name":"ZDF heute","screen_name":"ZDFheute","location":"Mainz","url":"http:\/\/www.heute.de","description":"Hier twittert die Redaktion von heute.de Nachrichten, Videos und Hintergr\u00fcnde aus Politik, Wirtschaft und Kultur | Impressum http:\/\/ly.zdf.de\/\/V3Gu","protected":false,"verified":true,"followers_count":100146,"friends_count":190,"listed_count":1223,"favourites_count":1217,"statuses_count":23518,"created_at":"Fri Jan 18 16:08:31 +0000 2013","utc_offset":7200,"time_zone":"Amsterdam","geo_enabled":true,"lang":"de","contributors_enabled":false,"is_translator":false,"profile_background_color":"C0DEED","profile_background_image_url":"http:\/\/pbs.twimg.com\/profile_background_images\/767940414\/5f20047b35344011a6dd55accbfa0834.png","profile_background_image_url_https":"https:\/\/pbs.twimg.com\/profile_background_images\/767940414\/5f20047b35344011a6dd55accbfa0834.png","profile_background_tile":false,"profile_link_color":"0084B4","profile_sidebar_border_color":"FFFFFF","profile_sidebar_fill_color":"DDEEF6","profile_text_color":"333333","profile_use_background_image":false,"profile_image_url":"http:\/\/pbs.twimg.com\/profile_images\/465803701647446016\/jAlkirAe_normal.jpeg","profile_image_url_https":"https:\/\/pbs.twimg.com\/profile_images\/465803701647446016\/jAlkirAe_normal.jpeg","profile_banner_url":"https:\/\/pbs.twimg.com\/profile_banners\/1101354170\/1399891223","default_profile":false,"default_profile_image":false,"following":null,"follow_request_sent":null,"notifications":null},"geo":null,"coordinates":null,"place":null,"contributors":null,"retweet_count":35,"favorite_count":71,"entities":{"hashtags":[{"text":"Fl\u00fcchtlinge","indices":[87,99]},{"text":"refugeeswelcome","indices":[100,116]}],"trends":[],"urls":[],"user_mentions":[],"symbols":[],"media":[{"id":642331401426223104,"id_str":"642331401426223104","indices":[117,139],"media_url":"http:\/\/pbs.twimg.com\/media\/COoFAaIWwAA9PHL.jpg","media_url_https":"https:\/\/pbs.twimg.com\/media\/COoFAaIWwAA9PHL.jpg","url":"http:\/\/t.co\/ZYeAwKlqTR","display_url":"pic.twitter.com\/ZYeAwKlqTR","expanded_url":"http:\/\/twitter.com\/ZDFheute\/status\/642331937609269249\/photo\/1","type":"photo","sizes":{"medium":{"w":600,"h":313,"resize":"fit"},"large":{"w":1024,"h":535,"resize":"fit"},"thumb":{"w":150,"h":150,"resize":"crop"},"small":{"w":340,"h":177,"resize":"fit"}}}]},"extended_entities":{"media":[{"id":642331401426223104,"id_str":"642331401426223104","indices":[117,139],"media_url":"http:\/\/pbs.twimg.com\/media\/COoFAaIWwAA9PHL.jpg","media_url_https":"https:\/\/pbs.twimg.com\/media\/COoFAaIWwAA9PHL.jpg","url":"http:\/\/t.co\/ZYeAwKlqTR","display_url":"pic.twitter.com\/ZYeAwKlqTR","expanded_url":"http:\/\/twitter.com\/ZDFheute\/status\/642331937609269249\/photo\/1","type":"photo","sizes":{"medium":{"w":600,"h":313,"resize":"fit"},"large":{"w":1024,"h":535,"resize":"fit"},"thumb":{"w":150,"h":150,"resize":"crop"},"small":{"w":340,"h":177,"resize":"fit"}}}]},"favorited":false,"retweeted":false,"possibly_sensitive":false,"filter_level":"low","lang":"de"},"retweet_count":0,"favorite_count":0,"entities":{"hashtags":[{"text":"Fl\u00fcchtlinge","indices":[101,113]},{"text":"refugeeswelcome","indices":[114,130]}],"trends":[],"urls":[],"user_mentions":[{"screen_name":"ZDFheute","name":"ZDF heute","id":1101354170,"id_str":"1101354170","indices":[3,12]}],"symbols":[],"media":[{"id":642331401426223104,"id_str":"642331401426223104","indices":[139,140],"media_url":"http:\/\/pbs.twimg.com\/media\/COoFAaIWwAA9PHL.jpg","media_url_https":"https:\/\/pbs.twimg.com\/media\/COoFAaIWwAA9PHL.jpg","url":"http:\/\/t.co\/ZYeAwKlqTR","display_url":"pic.twitter.com\/ZYeAwKlqTR","expanded_url":"http:\/\/twitter.com\/ZDFheute\/status\/642331937609269249\/photo\/1","type":"photo","sizes":{"medium":{"w":600,"h":313,"resize":"fit"},"large":{"w":1024,"h":535,"resize":"fit"},"thumb":{"w":150,"h":150,"resize":"crop"},"small":{"w":340,"h":177,"resize":"fit"}},"source_status_id":642331937609269249,"source_status_id_str":"642331937609269249"}]},"extended_entities":{"media":[{"id":642331401426223104,"id_str":"642331401426223104","indices":[139,140],"media_url":"http:\/\/pbs.twimg.com\/media\/COoFAaIWwAA9PHL.jpg","media_url_https":"https:\/\/pbs.twimg.com\/media\/COoFAaIWwAA9PHL.jpg","url":"http:\/\/t.co\/ZYeAwKlqTR","display_url":"pic.twitter.com\/ZYeAwKlqTR","expanded_url":"http:\/\/twitter.com\/ZDFheute\/status\/642331937609269249\/photo\/1","type":"photo","sizes":{"medium":{"w":600,"h":313,"resize":"fit"},"large":{"w":1024,"h":535,"resize":"fit"},"thumb":{"w":150,"h":150,"resize":"crop"},"small":{"w":340,"h":177,"resize":"fit"}},"source_status_id":642331937609269249,"source_status_id_str":"642331937609269249"}]},"favorited":false,"retweeted":false,"possibly_sensitive":false,"filter_level":"low","lang":"de","timestamp_ms":"1442015325463"}
