{"created_at":"Thu Sep 10 20:21:06 +0000 2015","id":642070314554388482,"id_str":"642070314554388482","text":"Aber die Regierung hat halt nur scheisse verzapft....","source":"\u003ca href=\"http:\/\/twitter.com\/download\/iphone\" rel=\"nofollow\"\u003eTwitter for iPhone\u003c\/a\u003e","truncated":false,"in_reply_to_status_id":null,"in_reply_to_status_id_str":null,"in_reply_to_user_id":null,"in_reply_to_user_id_str":null,"in_reply_to_screen_name":null,"user":{"id":3047923126,"id_str":"3047923126","name":"Philipp","screen_name":"Clonker29","location":"In meiner virtuellen Matrix","url":null,"description":"13 Jahre, Ein stilles ich..., M\u00f6chtegern-Hacker, im Endeffekt aber Script-Kiddie.... Ich. #Cr\u00e4nk","protected":false,"verified":false,"followers_count":50,"friends_count":207,"listed_count":3,"favourites_count":11918,"statuses_count":4006,"created_at":"Fri Feb 20 20:08:54 +0000 2015","utc_offset":null,"time_zone":null,"geo_enabled":false,"lang":"de","contributors_enabled":false,"is_translator":false,"profile_background_color":"C0DEED","profile_background_image_url":"http:\/\/abs.twimg.com\/images\/themes\/theme1\/bg.png","profile_background_image_url_https":"https:\/\/abs.twimg.com\/images\/themes\/theme1\/bg.png","profile_background_tile":false,"profile_link_color":"0084B4","profile_sidebar_border_color":"C0DEED","profile_sidebar_fill_color":"DDEEF6","profile_text_color":"333333","profile_use_background_image":true,"profile_image_url":"http:\/\/pbs.twimg.com\/profile_images\/615983739357806593\/R7vTpZ_t_normal.jpg","profile_image_url_https":"https:\/\/pbs.twimg.com\/profile_images\/615983739357806593\/R7vTpZ_t_normal.jpg","profile_banner_url":"https:\/\/pbs.twimg.com\/profile_banners\/3047923126\/1436377463","default_profile":true,"default_profile_image":false,"following":null,"follow_request_sent":null,"notifications":null},"geo":null,"coordinates":null,"place":null,"contributors":null,"retweet_count":0,"favorite_count":0,"entities":{"hashtags":[],"trends":[],"urls":[],"user_mentions":[],"symbols":[]},"favorited":false,"retweeted":false,"possibly_sensitive":false,"filter_level":"low","lang":"de","timestamp_ms":"1441916466736"}
