{"created_at":"Sat Sep 12 00:09:01 +0000 2015","id":642490059892072448,"id_str":"642490059892072448","text":"Fl\u00fcchtlinge in Deutschland: Innenminister: Wir schaffen es nicht mehr - Tagesspiegel http:\/\/t.co\/z4j0iOtnbz","source":"\u003ca href=\"http:\/\/ifttt.com\" rel=\"nofollow\"\u003eIFTTT\u003c\/a\u003e","truncated":false,"in_reply_to_status_id":null,"in_reply_to_status_id_str":null,"in_reply_to_user_id":null,"in_reply_to_user_id_str":null,"in_reply_to_screen_name":null,"user":{"id":1852026614,"id_str":"1852026614","name":"Ndoro Putri","screen_name":"Ndoro_Putrii","location":"","url":null,"description":"Akun Resmi Ndoro Putri, Istrinya Ndoro Kakung!","protected":false,"verified":false,"followers_count":140,"friends_count":68,"listed_count":7,"favourites_count":0,"statuses_count":51796,"created_at":"Tue Sep 10 17:10:58 +0000 2013","utc_offset":null,"time_zone":null,"geo_enabled":false,"lang":"en","contributors_enabled":false,"is_translator":false,"profile_background_color":"C0DEED","profile_background_image_url":"http:\/\/abs.twimg.com\/images\/themes\/theme1\/bg.png","profile_background_image_url_https":"https:\/\/abs.twimg.com\/images\/themes\/theme1\/bg.png","profile_background_tile":false,"profile_link_color":"0084B4","profile_sidebar_border_color":"C0DEED","profile_sidebar_fill_color":"DDEEF6","profile_text_color":"333333","profile_use_background_image":true,"profile_image_url":"http:\/\/pbs.twimg.com\/profile_images\/378800000465154072\/4b653872d699d4c640be78901528ae64_normal.jpeg","profile_image_url_https":"https:\/\/pbs.twimg.com\/profile_images\/378800000465154072\/4b653872d699d4c640be78901528ae64_normal.jpeg","default_profile":true,"default_profile_image":false,"following":null,"follow_request_sent":null,"notifications":null},"geo":null,"coordinates":null,"place":null,"contributors":null,"retweet_count":0,"favorite_count":0,"entities":{"hashtags":[],"trends":[],"urls":[{"url":"http:\/\/t.co\/z4j0iOtnbz","expanded_url":"http:\/\/ift.tt\/1LoRqiJ","display_url":"ift.tt\/1LoRqiJ","indices":[85,107]}],"user_mentions":[],"symbols":[]},"favorited":false,"retweeted":false,"possibly_sensitive":false,"filter_level":"low","lang":"de","timestamp_ms":"1442016541823"}
