{"created_at":"Sat Sep 12 19:53:30 +0000 2015","id":642788144866328576,"id_str":"642788144866328576","text":"@dalFionavar @readingmar ich finde Steinmeier symphatisch, auch wenn ich mich jetzt hier verbrenne, denkt mal das Politische weg","source":"\u003ca href=\"http:\/\/twitter.com\" rel=\"nofollow\"\u003eTwitter Web Client\u003c\/a\u003e","truncated":false,"in_reply_to_status_id":642787053646839809,"in_reply_to_status_id_str":"642787053646839809","in_reply_to_user_id":265144290,"in_reply_to_user_id_str":"265144290","in_reply_to_screen_name":"dalFionavar","user":{"id":18354826,"id_str":"18354826","name":"goia","screen_name":"goia","location":"Heidelberg","url":null,"description":"Hobbyfotografin, politisch interessiert","protected":false,"verified":false,"followers_count":1652,"friends_count":1560,"listed_count":44,"favourites_count":6904,"statuses_count":1556,"created_at":"Wed Dec 24 09:50:51 +0000 2008","utc_offset":-7200,"time_zone":"Greenland","geo_enabled":false,"lang":"en","contributors_enabled":false,"is_translator":false,"profile_background_color":"ABB8C2","profile_background_image_url":"http:\/\/pbs.twimg.com\/profile_background_images\/554285980421611520\/WNJuYAB4.jpeg","profile_background_image_url_https":"https:\/\/pbs.twimg.com\/profile_background_images\/554285980421611520\/WNJuYAB4.jpeg","profile_background_tile":false,"profile_link_color":"3B94D9","profile_sidebar_border_color":"181A1E","profile_sidebar_fill_color":"252429","profile_text_color":"666666","profile_use_background_image":true,"profile_image_url":"http:\/\/pbs.twimg.com\/profile_images\/614152250613755904\/g-PpRgPS_normal.jpg","profile_image_url_https":"https:\/\/pbs.twimg.com\/profile_images\/614152250613755904\/g-PpRgPS_normal.jpg","profile_banner_url":"https:\/\/pbs.twimg.com\/profile_banners\/18354826\/1420986976","default_profile":false,"default_profile_image":false,"following":null,"follow_request_sent":null,"notifications":null},"geo":null,"coordinates":null,"place":null,"contributors":null,"retweet_count":0,"favorite_count":0,"entities":{"hashtags":[],"trends":[],"urls":[],"user_mentions":[{"screen_name":"dalFionavar","name":"Ysann","id":265144290,"id_str":"265144290","indices":[0,12]},{"screen_name":"readingmar","name":"Ingmar Gregorzewski","id":60025741,"id_str":"60025741","indices":[13,24]}],"symbols":[]},"favorited":false,"retweeted":false,"possibly_sensitive":false,"filter_level":"low","lang":"de","timestamp_ms":"1442087610819"}
