{"created_at":"Sat Sep 12 00:06:19 +0000 2015","id":642489378816819200,"id_str":"642489378816819200","text":"#Politik #Gesundheit Viele Tierversuche in der Augenheilkunde m\u00f6glicherweise verzichtbar http:\/\/t.co\/xT9E7YvaJn","source":"\u003ca href=\"http:\/\/www.hootsuite.com\" rel=\"nofollow\"\u003eHootsuite\u003c\/a\u003e","truncated":false,"in_reply_to_status_id":null,"in_reply_to_status_id_str":null,"in_reply_to_user_id":null,"in_reply_to_user_id_str":null,"in_reply_to_screen_name":null,"user":{"id":1735059709,"id_str":"1735059709","name":"Antrag Pflegekasse","screen_name":"pflegekasse","location":"","url":"http:\/\/www.pflegemassnahmen.de","description":"Bei der Antragsstellung auf eine #Pflegestufe gibt es einiges zu beachten. Profitieren Sie jetzt kostenlos aus unserer Erfahrung! - http:\/\/xn--i-bga.de\/ap","protected":false,"verified":false,"followers_count":579,"friends_count":1043,"listed_count":21,"favourites_count":0,"statuses_count":8878,"created_at":"Fri Sep 06 12:50:00 +0000 2013","utc_offset":3600,"time_zone":"London","geo_enabled":false,"lang":"de","contributors_enabled":false,"is_translator":false,"profile_background_color":"FFF04D","profile_background_image_url":"http:\/\/abs.twimg.com\/images\/themes\/theme19\/bg.gif","profile_background_image_url_https":"https:\/\/abs.twimg.com\/images\/themes\/theme19\/bg.gif","profile_background_tile":false,"profile_link_color":"0099CC","profile_sidebar_border_color":"FFF8AD","profile_sidebar_fill_color":"F6FFD1","profile_text_color":"333333","profile_use_background_image":true,"profile_image_url":"http:\/\/pbs.twimg.com\/profile_images\/378800000419176458\/edd0cc49af152abc1a75e8ac11bd4c1c_normal.jpeg","profile_image_url_https":"https:\/\/pbs.twimg.com\/profile_images\/378800000419176458\/edd0cc49af152abc1a75e8ac11bd4c1c_normal.jpeg","profile_banner_url":"https:\/\/pbs.twimg.com\/profile_banners\/1735059709\/1409233090","default_profile":false,"default_profile_image":false,"following":null,"follow_request_sent":null,"notifications":null},"geo":null,"coordinates":null,"place":null,"contributors":null,"retweet_count":0,"favorite_count":0,"entities":{"hashtags":[{"text":"Politik","indices":[0,8]},{"text":"Gesundheit","indices":[9,20]}],"trends":[],"urls":[{"url":"http:\/\/t.co\/xT9E7YvaJn","expanded_url":"http:\/\/ow.ly\/341h5x","display_url":"ow.ly\/341h5x","indices":[89,111]}],"user_mentions":[],"symbols":[]},"favorited":false,"retweeted":false,"possibly_sensitive":false,"filter_level":"low","lang":"de","timestamp_ms":"1442016379442"}
