{"created_at":"Fri Sep 11 23:56:12 +0000 2015","id":642486834795298817,"id_str":"642486834795298817","text":"An alle jungen Menschen in Europa und Nordamerika (Kapitel 1)\nhttps:\/\/t.co\/i86HGTD5Xw\n#Politik\n#Bildung\n#Treffen http:\/\/t.co\/LlPspExgbS","source":"\u003ca href=\"http:\/\/shirly-marcello.com\" rel=\"nofollow\"\u003eje Marcello\u003c\/a\u003e","truncated":false,"in_reply_to_status_id":null,"in_reply_to_status_id_str":null,"in_reply_to_user_id":null,"in_reply_to_user_id_str":null,"in_reply_to_screen_name":null,"user":{"id":3007680186,"id_str":"3007680186","name":"Shirley Jay","screen_name":"j_marcello","location":"","url":null,"description":null,"protected":false,"verified":false,"followers_count":254,"friends_count":353,"listed_count":63,"favourites_count":21,"statuses_count":289540,"created_at":"Mon Feb 02 08:25:07 +0000 2015","utc_offset":null,"time_zone":null,"geo_enabled":false,"lang":"en","contributors_enabled":false,"is_translator":false,"profile_background_color":"C0DEED","profile_background_image_url":"http:\/\/abs.twimg.com\/images\/themes\/theme1\/bg.png","profile_background_image_url_https":"https:\/\/abs.twimg.com\/images\/themes\/theme1\/bg.png","profile_background_tile":false,"profile_link_color":"0084B4","profile_sidebar_border_color":"C0DEED","profile_sidebar_fill_color":"DDEEF6","profile_text_color":"333333","profile_use_background_image":true,"profile_image_url":"http:\/\/pbs.twimg.com\/profile_images\/632597600169013248\/F9Tgf4OC_normal.jpg","profile_image_url_https":"https:\/\/pbs.twimg.com\/profile_images\/632597600169013248\/F9Tgf4OC_normal.jpg","profile_banner_url":"https:\/\/pbs.twimg.com\/profile_banners\/3007680186\/1439658126","default_profile":true,"default_profile_image":false,"following":null,"follow_request_sent":null,"notifications":null},"geo":null,"coordinates":null,"place":null,"contributors":null,"retweet_count":0,"favorite_count":0,"entities":{"hashtags":[{"text":"Politik","indices":[86,94]},{"text":"Bildung","indices":[95,103]},{"text":"Treffen","indices":[104,112]}],"trends":[],"urls":[{"url":"https:\/\/t.co\/i86HGTD5Xw","expanded_url":"https:\/\/www.flickr.com\/photos\/130169972@N08\/20810741919\/in\/dateposted\/","display_url":"flickr.com\/photos\/1301699\u2026","indices":[62,85]}],"user_mentions":[],"symbols":[],"media":[{"id":642486834606551040,"id_str":"642486834606551040","indices":[113,135],"media_url":"http:\/\/pbs.twimg.com\/media\/COqSXz2WsAALOj9.jpg","media_url_https":"https:\/\/pbs.twimg.com\/media\/COqSXz2WsAALOj9.jpg","url":"http:\/\/t.co\/LlPspExgbS","display_url":"pic.twitter.com\/LlPspExgbS","expanded_url":"http:\/\/twitter.com\/j_marcello\/status\/642486834795298817\/photo\/1","type":"photo","sizes":{"large":{"w":922,"h":306,"resize":"fit"},"thumb":{"w":150,"h":150,"resize":"crop"},"small":{"w":340,"h":112,"resize":"fit"},"medium":{"w":600,"h":199,"resize":"fit"}}}]},"extended_entities":{"media":[{"id":642486834606551040,"id_str":"642486834606551040","indices":[113,135],"media_url":"http:\/\/pbs.twimg.com\/media\/COqSXz2WsAALOj9.jpg","media_url_https":"https:\/\/pbs.twimg.com\/media\/COqSXz2WsAALOj9.jpg","url":"http:\/\/t.co\/LlPspExgbS","display_url":"pic.twitter.com\/LlPspExgbS","expanded_url":"http:\/\/twitter.com\/j_marcello\/status\/642486834795298817\/photo\/1","type":"photo","sizes":{"large":{"w":922,"h":306,"resize":"fit"},"thumb":{"w":150,"h":150,"resize":"crop"},"small":{"w":340,"h":112,"resize":"fit"},"medium":{"w":600,"h":199,"resize":"fit"}}}]},"favorited":false,"retweeted":false,"possibly_sensitive":false,"filter_level":"low","lang":"de","timestamp_ms":"1442015772900"}
