{"created_at":"Thu Sep 10 20:27:34 +0000 2015","id":642071939113164800,"id_str":"642071939113164800","text":"RT @LarsWinter_: SAT.1 Fr\u00fchst\u00fccksfernsehen - #IchBinWieDu #refugeeswelcome http:\/\/t.co\/0PdmGc1KJd","source":"\u003ca href=\"http:\/\/twitter.com\/download\/android\" rel=\"nofollow\"\u003eTwitter for Android\u003c\/a\u003e","truncated":false,"in_reply_to_status_id":null,"in_reply_to_status_id_str":null,"in_reply_to_user_id":null,"in_reply_to_user_id_str":null,"in_reply_to_screen_name":null,"user":{"id":255214655,"id_str":"255214655","name":"Green \u200f\u0646 #DR","screen_name":"GreenDevil78","location":"zwischen Himmel und H\u00f6lle","url":null,"description":"rechts von Links und links von Rechts\r\nAtheist und Realist. Gegen den politischen Islam, Genderwahn und p\u00e4dophile Fr\u00fchsexualisierung\nRot+Gr\u00fcn=Braun nicht Bunt!","protected":false,"verified":false,"followers_count":445,"friends_count":296,"listed_count":29,"favourites_count":5568,"statuses_count":19104,"created_at":"Sun Feb 20 22:32:07 +0000 2011","utc_offset":7200,"time_zone":"Warsaw","geo_enabled":false,"lang":"de","contributors_enabled":false,"is_translator":false,"profile_background_color":"C0DEED","profile_background_image_url":"http:\/\/abs.twimg.com\/images\/themes\/theme1\/bg.png","profile_background_image_url_https":"https:\/\/abs.twimg.com\/images\/themes\/theme1\/bg.png","profile_background_tile":false,"profile_link_color":"0084B4","profile_sidebar_border_color":"C0DEED","profile_sidebar_fill_color":"DDEEF6","profile_text_color":"333333","profile_use_background_image":true,"profile_image_url":"http:\/\/pbs.twimg.com\/profile_images\/515110490151092224\/N1gyCc41_normal.jpeg","profile_image_url_https":"https:\/\/pbs.twimg.com\/profile_images\/515110490151092224\/N1gyCc41_normal.jpeg","profile_banner_url":"https:\/\/pbs.twimg.com\/profile_banners\/255214655\/1437588971","default_profile":true,"default_profile_image":false,"following":null,"follow_request_sent":null,"notifications":null},"geo":null,"coordinates":null,"place":null,"contributors":null,"retweeted_status":{"created_at":"Thu Sep 10 09:24:49 +0000 2015","id":641905152392364032,"id_str":"641905152392364032","text":"SAT.1 Fr\u00fchst\u00fccksfernsehen - #IchBinWieDu #refugeeswelcome http:\/\/t.co\/0PdmGc1KJd","source":"\u003ca href=\"http:\/\/twitter.com\" rel=\"nofollow\"\u003eTwitter Web Client\u003c\/a\u003e","truncated":false,"in_reply_to_status_id":null,"in_reply_to_status_id_str":null,"in_reply_to_user_id":null,"in_reply_to_user_id_str":null,"in_reply_to_screen_name":null,"user":{"id":607159536,"id_str":"607159536","name":"Lars Winter","screen_name":"LarsWinter_","location":"","url":null,"description":"#Personalmanagement #Wirtschaftsrecht M\u00f6gest du in interessanten Zeiten leben!","protected":false,"verified":false,"followers_count":49354,"friends_count":30405,"listed_count":84,"favourites_count":4282,"statuses_count":11789,"created_at":"Wed Jun 13 10:07:38 +0000 2012","utc_offset":7200,"time_zone":"Berlin","geo_enabled":false,"lang":"de","contributors_enabled":false,"is_translator":false,"profile_background_color":"000000","profile_background_image_url":"http:\/\/abs.twimg.com\/images\/themes\/theme14\/bg.gif","profile_background_image_url_https":"https:\/\/abs.twimg.com\/images\/themes\/theme14\/bg.gif","profile_background_tile":false,"profile_link_color":"3B94D9","profile_sidebar_border_color":"000000","profile_sidebar_fill_color":"000000","profile_text_color":"000000","profile_use_background_image":false,"profile_image_url":"http:\/\/pbs.twimg.com\/profile_images\/2830627998\/3a3cca0d4b4dc6dc1c105273ed90d4da_normal.jpeg","profile_image_url_https":"https:\/\/pbs.twimg.com\/profile_images\/2830627998\/3a3cca0d4b4dc6dc1c105273ed90d4da_normal.jpeg","profile_banner_url":"https:\/\/pbs.twimg.com\/profile_banners\/607159536\/1398436038","default_profile":false,"default_profile_image":false,"following":null,"follow_request_sent":null,"notifications":null},"geo":null,"coordinates":null,"place":null,"contributors":null,"retweet_count":6,"favorite_count":4,"entities":{"hashtags":[{"text":"IchBinWieDu","indices":[28,40]},{"text":"refugeeswelcome","indices":[41,57]}],"trends":[],"urls":[],"user_mentions":[],"symbols":[],"media":[{"id":641905151217922048,"id_str":"641905151217922048","indices":[58,80],"media_url":"http:\/\/pbs.twimg.com\/media\/COiBVYXWcAA84Il.jpg","media_url_https":"https:\/\/pbs.twimg.com\/media\/COiBVYXWcAA84Il.jpg","url":"http:\/\/t.co\/0PdmGc1KJd","display_url":"pic.twitter.com\/0PdmGc1KJd","expanded_url":"http:\/\/twitter.com\/LarsWinter_\/status\/641905152392364032\/photo\/1","type":"photo","sizes":{"medium":{"w":600,"h":282,"resize":"fit"},"thumb":{"w":150,"h":150,"resize":"crop"},"large":{"w":850,"h":400,"resize":"fit"},"small":{"w":340,"h":160,"resize":"fit"}}}]},"extended_entities":{"media":[{"id":641905151217922048,"id_str":"641905151217922048","indices":[58,80],"media_url":"http:\/\/pbs.twimg.com\/media\/COiBVYXWcAA84Il.jpg","media_url_https":"https:\/\/pbs.twimg.com\/media\/COiBVYXWcAA84Il.jpg","url":"http:\/\/t.co\/0PdmGc1KJd","display_url":"pic.twitter.com\/0PdmGc1KJd","expanded_url":"http:\/\/twitter.com\/LarsWinter_\/status\/641905152392364032\/photo\/1","type":"photo","sizes":{"medium":{"w":600,"h":282,"resize":"fit"},"thumb":{"w":150,"h":150,"resize":"crop"},"large":{"w":850,"h":400,"resize":"fit"},"small":{"w":340,"h":160,"resize":"fit"}}}]},"favorited":false,"retweeted":false,"possibly_sensitive":false,"filter_level":"low","lang":"de"},"retweet_count":0,"favorite_count":0,"entities":{"hashtags":[{"text":"IchBinWieDu","indices":[45,57]},{"text":"refugeeswelcome","indices":[58,74]}],"trends":[],"urls":[],"user_mentions":[{"screen_name":"LarsWinter_","name":"Lars Winter","id":607159536,"id_str":"607159536","indices":[3,15]}],"symbols":[],"media":[{"id":641905151217922048,"id_str":"641905151217922048","indices":[75,97],"media_url":"http:\/\/pbs.twimg.com\/media\/COiBVYXWcAA84Il.jpg","media_url_https":"https:\/\/pbs.twimg.com\/media\/COiBVYXWcAA84Il.jpg","url":"http:\/\/t.co\/0PdmGc1KJd","display_url":"pic.twitter.com\/0PdmGc1KJd","expanded_url":"http:\/\/twitter.com\/LarsWinter_\/status\/641905152392364032\/photo\/1","type":"photo","sizes":{"medium":{"w":600,"h":282,"resize":"fit"},"thumb":{"w":150,"h":150,"resize":"crop"},"large":{"w":850,"h":400,"resize":"fit"},"small":{"w":340,"h":160,"resize":"fit"}},"source_status_id":641905152392364032,"source_status_id_str":"641905152392364032"}]},"extended_entities":{"media":[{"id":641905151217922048,"id_str":"641905151217922048","indices":[75,97],"media_url":"http:\/\/pbs.twimg.com\/media\/COiBVYXWcAA84Il.jpg","media_url_https":"https:\/\/pbs.twimg.com\/media\/COiBVYXWcAA84Il.jpg","url":"http:\/\/t.co\/0PdmGc1KJd","display_url":"pic.twitter.com\/0PdmGc1KJd","expanded_url":"http:\/\/twitter.com\/LarsWinter_\/status\/641905152392364032\/photo\/1","type":"photo","sizes":{"medium":{"w":600,"h":282,"resize":"fit"},"thumb":{"w":150,"h":150,"resize":"crop"},"large":{"w":850,"h":400,"resize":"fit"},"small":{"w":340,"h":160,"resize":"fit"}},"source_status_id":641905152392364032,"source_status_id_str":"641905152392364032"}]},"favorited":false,"retweeted":false,"possibly_sensitive":false,"filter_level":"low","lang":"de","timestamp_ms":"1441916854061"}
