{"created_at":"Thu Sep 10 20:29:23 +0000 2015","id":642072400104976385,"id_str":"642072400104976385","text":"RT @streifi82: uiii, wenn die hohe politik kommt, wird sogar in traiskirchen auf hauben-niveau aufgekocht ... #zib2","source":"\u003ca href=\"http:\/\/twitter.com\/download\/android\" rel=\"nofollow\"\u003eTwitter for Android\u003c\/a\u003e","truncated":false,"in_reply_to_status_id":null,"in_reply_to_status_id_str":null,"in_reply_to_user_id":null,"in_reply_to_user_id_str":null,"in_reply_to_screen_name":null,"user":{"id":358053720,"id_str":"358053720","name":"altagrantla","screen_name":"altagrantla","location":"","url":null,"description":"Gastrosopher Liebhaber \u00d6. Weine, passionierter (Reise-)Liegeradler","protected":false,"verified":false,"followers_count":269,"friends_count":513,"listed_count":38,"favourites_count":14190,"statuses_count":19906,"created_at":"Fri Aug 19 09:09:08 +0000 2011","utc_offset":-7200,"time_zone":"Greenland","geo_enabled":false,"lang":"de","contributors_enabled":false,"is_translator":false,"profile_background_color":"C0DEED","profile_background_image_url":"http:\/\/pbs.twimg.com\/profile_background_images\/772973930\/cd666e8dd625214e25c5ba231df7f834.jpeg","profile_background_image_url_https":"https:\/\/pbs.twimg.com\/profile_background_images\/772973930\/cd666e8dd625214e25c5ba231df7f834.jpeg","profile_background_tile":false,"profile_link_color":"0084B4","profile_sidebar_border_color":"FFFFFF","profile_sidebar_fill_color":"DDEEF6","profile_text_color":"333333","profile_use_background_image":true,"profile_image_url":"http:\/\/pbs.twimg.com\/profile_images\/1847963718\/R0011964_normal.JPG","profile_image_url_https":"https:\/\/pbs.twimg.com\/profile_images\/1847963718\/R0011964_normal.JPG","default_profile":false,"default_profile_image":false,"following":null,"follow_request_sent":null,"notifications":null},"geo":null,"coordinates":null,"place":null,"contributors":null,"retweeted_status":{"created_at":"Thu Sep 10 20:26:15 +0000 2015","id":642071611257016321,"id_str":"642071611257016321","text":"uiii, wenn die hohe politik kommt, wird sogar in traiskirchen auf hauben-niveau aufgekocht ... #zib2","source":"\u003ca href=\"http:\/\/twitter.com\" rel=\"nofollow\"\u003eTwitter Web Client\u003c\/a\u003e","truncated":false,"in_reply_to_status_id":null,"in_reply_to_status_id_str":null,"in_reply_to_user_id":null,"in_reply_to_user_id_str":null,"in_reply_to_screen_name":null,"user":{"id":226968415,"id_str":"226968415","name":"Thomas Streif","screen_name":"streifi82","location":"Ried im Innkreis","url":"http:\/\/www.nachrichten.at","description":"Journalist bei den Ober\u00f6sterreichischen Nachrichten \u2013 Interessiert vor allem an Sport, Politik, Chronik ... Gezwitschert wird privat!","protected":false,"verified":false,"followers_count":1052,"friends_count":1000,"listed_count":37,"favourites_count":2946,"statuses_count":8544,"created_at":"Wed Dec 15 15:20:20 +0000 2010","utc_offset":7200,"time_zone":"Vienna","geo_enabled":true,"lang":"de","contributors_enabled":false,"is_translator":false,"profile_background_color":"ABB8C2","profile_background_image_url":"http:\/\/pbs.twimg.com\/profile_background_images\/181890580\/Hintergrund_Twitter.jpg","profile_background_image_url_https":"https:\/\/pbs.twimg.com\/profile_background_images\/181890580\/Hintergrund_Twitter.jpg","profile_background_tile":false,"profile_link_color":"4A913C","profile_sidebar_border_color":"A8C7F7","profile_sidebar_fill_color":"C0DFEC","profile_text_color":"333333","profile_use_background_image":false,"profile_image_url":"http:\/\/pbs.twimg.com\/profile_images\/578671313641955328\/myLrNolZ_normal.jpeg","profile_image_url_https":"https:\/\/pbs.twimg.com\/profile_images\/578671313641955328\/myLrNolZ_normal.jpeg","profile_banner_url":"https:\/\/pbs.twimg.com\/profile_banners\/226968415\/1399577481","default_profile":false,"default_profile_image":false,"following":null,"follow_request_sent":null,"notifications":null},"geo":null,"coordinates":null,"place":null,"contributors":null,"retweet_count":1,"favorite_count":1,"entities":{"hashtags":[{"text":"zib2","indices":[95,100]}],"trends":[],"urls":[],"user_mentions":[],"symbols":[]},"favorited":false,"retweeted":false,"possibly_sensitive":false,"filter_level":"low","lang":"de"},"retweet_count":0,"favorite_count":0,"entities":{"hashtags":[{"text":"zib2","indices":[110,115]}],"trends":[],"urls":[],"user_mentions":[{"screen_name":"streifi82","name":"Thomas Streif","id":226968415,"id_str":"226968415","indices":[3,13]}],"symbols":[]},"favorited":false,"retweeted":false,"possibly_sensitive":false,"filter_level":"low","lang":"de","timestamp_ms":"1441916963970"}
