{"created_at":"Sat Sep 12 19:52:54 +0000 2015","id":642787992311078912,"id_str":"642787992311078912","text":"Mein Interview in @SZ \u00fcber Fl\u00fcchtlinge, Friedrichs Angstsch\u00fcbe und warum unser Land st\u00e4rker werden kann http:\/\/t.co\/qQEFptQ54I","source":"\u003ca href=\"http:\/\/twitter.com\/download\/iphone\" rel=\"nofollow\"\u003eTwitter for iPhone\u003c\/a\u003e","truncated":false,"in_reply_to_status_id":null,"in_reply_to_status_id_str":null,"in_reply_to_user_id":null,"in_reply_to_user_id_str":null,"in_reply_to_screen_name":null,"user":{"id":484872794,"id_str":"484872794","name":"Aiman A. Mazyek","screen_name":"aimanMazyek","location":"","url":"http:\/\/yunay.de\/","description":"Deutscher Weltb\u00fcrger, syrisch-alemannischer  Abstammung","protected":false,"verified":true,"followers_count":2417,"friends_count":308,"listed_count":36,"favourites_count":1265,"statuses_count":2635,"created_at":"Mon Feb 06 15:49:37 +0000 2012","utc_offset":7200,"time_zone":"Berlin","geo_enabled":false,"lang":"de","contributors_enabled":false,"is_translator":false,"profile_background_color":"ACDED6","profile_background_image_url":"http:\/\/abs.twimg.com\/images\/themes\/theme18\/bg.gif","profile_background_image_url_https":"https:\/\/abs.twimg.com\/images\/themes\/theme18\/bg.gif","profile_background_tile":false,"profile_link_color":"038543","profile_sidebar_border_color":"EEEEEE","profile_sidebar_fill_color":"F6F6F6","profile_text_color":"333333","profile_use_background_image":true,"profile_image_url":"http:\/\/pbs.twimg.com\/profile_images\/1818203809\/MazyekBoell_normal.jpg","profile_image_url_https":"https:\/\/pbs.twimg.com\/profile_images\/1818203809\/MazyekBoell_normal.jpg","default_profile":false,"default_profile_image":false,"following":null,"follow_request_sent":null,"notifications":null},"geo":null,"coordinates":null,"place":null,"contributors":null,"retweet_count":0,"favorite_count":0,"entities":{"hashtags":[],"trends":[],"urls":[{"url":"http:\/\/t.co\/qQEFptQ54I","expanded_url":"http:\/\/www.sueddeutsche.de\/politik\/fluechtlinge-in-deutschland-die-deutschen-muslime-haben-eine-besondere-verantwortung-1.2645197","display_url":"sueddeutsche.de\/politik\/fluech\u2026","indices":[104,126]}],"user_mentions":[{"screen_name":"SZ","name":"S\u00fcddeutsche Zeitung","id":114508061,"id_str":"114508061","indices":[18,21]}],"symbols":[]},"favorited":false,"retweeted":false,"possibly_sensitive":false,"filter_level":"low","lang":"de","timestamp_ms":"1442087574447"}
