{"created_at":"Thu Sep 10 20:25:45 +0000 2015","id":642071482101800960,"id_str":"642071482101800960","text":"RT @FlensburgOnline: #Fl\u00fcchtlinge Aunfahmeeinrichtungen bald voll? Kommt dann der Katastrophenschutz? Was denkt sich die Polit-Elite dabei?\u2026","source":"\u003ca href=\"http:\/\/twitter.com\/download\/android\" rel=\"nofollow\"\u003eTwitter for Android\u003c\/a\u003e","truncated":false,"in_reply_to_status_id":null,"in_reply_to_status_id_str":null,"in_reply_to_user_id":null,"in_reply_to_user_id_str":null,"in_reply_to_screen_name":null,"user":{"id":2631793265,"id_str":"2631793265","name":"mario benatti","screen_name":"mariobenatti49","location":"","url":"http:\/\/instagram.com\/mario_benatti","description":"es mejor tener el pelo libre, que la libertad con fijador..  C\u00f3rdoba Argentina","protected":false,"verified":false,"followers_count":4843,"friends_count":4641,"listed_count":22,"favourites_count":3874,"statuses_count":12763,"created_at":"Sun Jun 22 16:31:55 +0000 2014","utc_offset":-10800,"time_zone":"Santiago","geo_enabled":true,"lang":"es","contributors_enabled":false,"is_translator":false,"profile_background_color":"C0DEED","profile_background_image_url":"http:\/\/abs.twimg.com\/images\/themes\/theme1\/bg.png","profile_background_image_url_https":"https:\/\/abs.twimg.com\/images\/themes\/theme1\/bg.png","profile_background_tile":false,"profile_link_color":"0084B4","profile_sidebar_border_color":"C0DEED","profile_sidebar_fill_color":"DDEEF6","profile_text_color":"333333","profile_use_background_image":true,"profile_image_url":"http:\/\/pbs.twimg.com\/profile_images\/637674317241843713\/HQNDP1go_normal.jpg","profile_image_url_https":"https:\/\/pbs.twimg.com\/profile_images\/637674317241843713\/HQNDP1go_normal.jpg","profile_banner_url":"https:\/\/pbs.twimg.com\/profile_banners\/2631793265\/1438966845","default_profile":true,"default_profile_image":false,"following":null,"follow_request_sent":null,"notifications":null},"geo":null,"coordinates":null,"place":null,"contributors":null,"retweeted_status":{"created_at":"Thu Sep 10 20:23:37 +0000 2015","id":642070948770893824,"id_str":"642070948770893824","text":"#Fl\u00fcchtlinge Aunfahmeeinrichtungen bald voll? Kommt dann der Katastrophenschutz? Was denkt sich die Polit-Elite dabei? #CDU #Merkel","source":"\u003ca href=\"http:\/\/bufferapp.com\" rel=\"nofollow\"\u003eBuffer\u003c\/a\u003e","truncated":false,"in_reply_to_status_id":null,"in_reply_to_status_id_str":null,"in_reply_to_user_id":null,"in_reply_to_user_id_str":null,"in_reply_to_screen_name":null,"user":{"id":40532269,"id_str":"40532269","name":"Flensburg online","screen_name":"FlensburgOnline","location":"Flensburg, Germany","url":"http:\/\/www.flensburg-online.de\/blog\/","description":"Zeitung war gestern. Internet ist heute. Bibel ist immer.\r\nhttp:\/\/www.flensburg-online.de\/impressum.html","protected":false,"verified":false,"followers_count":5298,"friends_count":5614,"listed_count":87,"favourites_count":0,"statuses_count":189002,"created_at":"Sat May 16 20:07:58 +0000 2009","utc_offset":7200,"time_zone":"Berlin","geo_enabled":false,"lang":"de","contributors_enabled":false,"is_translator":false,"profile_background_color":"FFFFFF","profile_background_image_url":"http:\/\/pbs.twimg.com\/profile_background_images\/23289230\/flensburg.gif","profile_background_image_url_https":"https:\/\/pbs.twimg.com\/profile_background_images\/23289230\/flensburg.gif","profile_background_tile":false,"profile_link_color":"0099B9","profile_sidebar_border_color":"F5F5F5","profile_sidebar_fill_color":"F5F5F5","profile_text_color":"3C3940","profile_use_background_image":true,"profile_image_url":"http:\/\/pbs.twimg.com\/profile_images\/1760237451\/flo-twitter-buchstaben_normal.jpg","profile_image_url_https":"https:\/\/pbs.twimg.com\/profile_images\/1760237451\/flo-twitter-buchstaben_normal.jpg","default_profile":false,"default_profile_image":false,"following":null,"follow_request_sent":null,"notifications":null},"geo":null,"coordinates":null,"place":null,"contributors":null,"retweet_count":2,"favorite_count":2,"entities":{"hashtags":[{"text":"Fl\u00fcchtlinge","indices":[0,12]},{"text":"CDU","indices":[119,123]},{"text":"Merkel","indices":[124,131]}],"trends":[],"urls":[],"user_mentions":[],"symbols":[]},"favorited":false,"retweeted":false,"possibly_sensitive":false,"filter_level":"low","lang":"de"},"retweet_count":0,"favorite_count":0,"entities":{"hashtags":[{"text":"Fl\u00fcchtlinge","indices":[21,33]},{"text":"CDU","indices":[139,140]},{"text":"Merkel","indices":[139,140]}],"trends":[],"urls":[],"user_mentions":[{"screen_name":"FlensburgOnline","name":"Flensburg online","id":40532269,"id_str":"40532269","indices":[3,19]}],"symbols":[]},"favorited":false,"retweeted":false,"possibly_sensitive":false,"filter_level":"low","lang":"de","timestamp_ms":"1441916745101"}
