{"created_at":"Fri Sep 11 23:44:12 +0000 2015","id":642483811918446592,"id_str":"642483811918446592","text":"RT @S_Braum: Angela Merkel macht Politik?\n\n#domian","source":"\u003ca href=\"https:\/\/about.twitter.com\/products\/tweetdeck\" rel=\"nofollow\"\u003eTweetDeck\u003c\/a\u003e","truncated":false,"in_reply_to_status_id":null,"in_reply_to_status_id_str":null,"in_reply_to_user_id":null,"in_reply_to_user_id_str":null,"in_reply_to_screen_name":null,"user":{"id":83148480,"id_str":"83148480","name":"Stefan","screen_name":"StH2810","location":"Witten, EN und Trauchgau, OAL","url":"http:\/\/www.bayernmedien.de","description":"140 Zeichen sind nicht genug. Neoliberaler Polemiker. Nemesis der \u00d6V-Lobby. Mitglied des FC Bayern und Genie\u00dfer von Coca-Cola.","protected":false,"verified":false,"followers_count":1803,"friends_count":2000,"listed_count":58,"favourites_count":26054,"statuses_count":89258,"created_at":"Sat Oct 17 14:56:34 +0000 2009","utc_offset":7200,"time_zone":"Berlin","geo_enabled":true,"lang":"de","contributors_enabled":false,"is_translator":false,"profile_background_color":"FFFFFF","profile_background_image_url":"http:\/\/pbs.twimg.com\/profile_background_images\/475246063389921281\/052a0xQ_.jpeg","profile_background_image_url_https":"https:\/\/pbs.twimg.com\/profile_background_images\/475246063389921281\/052a0xQ_.jpeg","profile_background_tile":false,"profile_link_color":"F50000","profile_sidebar_border_color":"FFFFFF","profile_sidebar_fill_color":"EFEFEF","profile_text_color":"000000","profile_use_background_image":true,"profile_image_url":"http:\/\/pbs.twimg.com\/profile_images\/636084871425732608\/O9s7Wsts_normal.png","profile_image_url_https":"https:\/\/pbs.twimg.com\/profile_images\/636084871425732608\/O9s7Wsts_normal.png","profile_banner_url":"https:\/\/pbs.twimg.com\/profile_banners\/83148480\/1398209783","default_profile":false,"default_profile_image":false,"following":null,"follow_request_sent":null,"notifications":null},"geo":null,"coordinates":null,"place":null,"contributors":null,"retweeted_status":{"created_at":"Fri Sep 11 23:43:50 +0000 2015","id":642483721728303104,"id_str":"642483721728303104","text":"Angela Merkel macht Politik?\n\n#domian","source":"\u003ca href=\"http:\/\/twitter.com\/download\/android\" rel=\"nofollow\"\u003eTwitter for Android\u003c\/a\u003e","truncated":false,"in_reply_to_status_id":null,"in_reply_to_status_id_str":null,"in_reply_to_user_id":null,"in_reply_to_user_id_str":null,"in_reply_to_screen_name":null,"user":{"id":1373279124,"id_str":"1373279124","name":"Sebastian Braum","screen_name":"S_Braum","location":"Hessen","url":null,"description":"Ich bin weder links noch rechts, sondern mittig. Wie ein Arschloch.","protected":false,"verified":false,"followers_count":199,"friends_count":69,"listed_count":16,"favourites_count":80478,"statuses_count":27818,"created_at":"Mon Apr 22 23:02:28 +0000 2013","utc_offset":7200,"time_zone":"Amsterdam","geo_enabled":true,"lang":"de","contributors_enabled":false,"is_translator":false,"profile_background_color":"0099B9","profile_background_image_url":"http:\/\/abs.twimg.com\/images\/themes\/theme4\/bg.gif","profile_background_image_url_https":"https:\/\/abs.twimg.com\/images\/themes\/theme4\/bg.gif","profile_background_tile":false,"profile_link_color":"0099B9","profile_sidebar_border_color":"5ED4DC","profile_sidebar_fill_color":"95E8EC","profile_text_color":"3C3940","profile_use_background_image":true,"profile_image_url":"http:\/\/pbs.twimg.com\/profile_images\/560423208135163904\/hd0e2Ls9_normal.jpeg","profile_image_url_https":"https:\/\/pbs.twimg.com\/profile_images\/560423208135163904\/hd0e2Ls9_normal.jpeg","default_profile":false,"default_profile_image":false,"following":null,"follow_request_sent":null,"notifications":null},"geo":null,"coordinates":null,"place":null,"contributors":null,"retweet_count":1,"favorite_count":0,"entities":{"hashtags":[{"text":"domian","indices":[30,37]}],"trends":[],"urls":[],"user_mentions":[],"symbols":[]},"favorited":false,"retweeted":false,"possibly_sensitive":false,"filter_level":"low","lang":"de"},"retweet_count":0,"favorite_count":0,"entities":{"hashtags":[{"text":"domian","indices":[43,50]}],"trends":[],"urls":[],"user_mentions":[{"screen_name":"S_Braum","name":"Sebastian Braum","id":1373279124,"id_str":"1373279124","indices":[3,11]}],"symbols":[]},"favorited":false,"retweeted":false,"possibly_sensitive":false,"filter_level":"low","lang":"de","timestamp_ms":"1442015052190"}
