{"created_at":"Thu Sep 10 20:29:22 +0000 2015","id":642072395939975168,"id_str":"642072395939975168","text":"F\u00fcr Fl\u00fcchtlinge immer noch gut genug? http:\/\/t.co\/mXLnaqIB0Y","source":"\u003ca href=\"http:\/\/twitter.com\" rel=\"nofollow\"\u003eTwitter Web Client\u003c\/a\u003e","truncated":false,"in_reply_to_status_id":null,"in_reply_to_status_id_str":null,"in_reply_to_user_id":null,"in_reply_to_user_id_str":null,"in_reply_to_screen_name":null,"user":{"id":2592117823,"id_str":"2592117823","name":"Hanna Engelmeier","screen_name":"HannaEngelmeier","location":"Berlin","url":null,"description":"wuff. I have been a fool for lesser things","protected":false,"verified":false,"followers_count":147,"friends_count":640,"listed_count":9,"favourites_count":470,"statuses_count":348,"created_at":"Fri Jun 27 23:05:56 +0000 2014","utc_offset":null,"time_zone":null,"geo_enabled":true,"lang":"de","contributors_enabled":false,"is_translator":false,"profile_background_color":"C0DEED","profile_background_image_url":"http:\/\/abs.twimg.com\/images\/themes\/theme1\/bg.png","profile_background_image_url_https":"https:\/\/abs.twimg.com\/images\/themes\/theme1\/bg.png","profile_background_tile":false,"profile_link_color":"0084B4","profile_sidebar_border_color":"C0DEED","profile_sidebar_fill_color":"DDEEF6","profile_text_color":"333333","profile_use_background_image":true,"profile_image_url":"http:\/\/pbs.twimg.com\/profile_images\/599735618864807937\/_ySJ9weF_normal.jpg","profile_image_url_https":"https:\/\/pbs.twimg.com\/profile_images\/599735618864807937\/_ySJ9weF_normal.jpg","default_profile":true,"default_profile_image":false,"following":null,"follow_request_sent":null,"notifications":null},"geo":null,"coordinates":null,"place":null,"contributors":null,"retweet_count":0,"favorite_count":0,"entities":{"hashtags":[],"trends":[],"urls":[{"url":"http:\/\/t.co\/mXLnaqIB0Y","expanded_url":"http:\/\/wtfspenden.tumblr.com\/","display_url":"wtfspenden.tumblr.com","indices":[38,60]}],"user_mentions":[],"symbols":[]},"favorited":false,"retweeted":false,"possibly_sensitive":false,"filter_level":"low","lang":"de","timestamp_ms":"1441916962977"}
