{"created_at":"Thu Sep 10 20:29:02 +0000 2015","id":642072308962729989,"id_str":"642072308962729989","text":"Fl\u00fcchtlinge aus Syrien: Kurden\u00a0verh\u00e4ngen Ausreise-Stopp http:\/\/t.co\/n80y9StdOg via @SPIEGELONLINE","source":"\u003ca href=\"http:\/\/twitter.com\" rel=\"nofollow\"\u003eTwitter Web Client\u003c\/a\u003e","truncated":false,"in_reply_to_status_id":null,"in_reply_to_status_id_str":null,"in_reply_to_user_id":null,"in_reply_to_user_id_str":null,"in_reply_to_screen_name":null,"user":{"id":3044956144,"id_str":"3044956144","name":"F r e e d o m","screen_name":"Anais_Pomme","location":"","url":null,"description":"RT & Follow aren't endorsement.","protected":false,"verified":false,"followers_count":261,"friends_count":582,"listed_count":4,"favourites_count":186,"statuses_count":818,"created_at":"Thu Feb 19 17:16:42 +0000 2015","utc_offset":-25200,"time_zone":"Pacific Time (US & Canada)","geo_enabled":false,"lang":"en-gb","contributors_enabled":false,"is_translator":false,"profile_background_color":"C0DEED","profile_background_image_url":"http:\/\/abs.twimg.com\/images\/themes\/theme1\/bg.png","profile_background_image_url_https":"https:\/\/abs.twimg.com\/images\/themes\/theme1\/bg.png","profile_background_tile":false,"profile_link_color":"0084B4","profile_sidebar_border_color":"C0DEED","profile_sidebar_fill_color":"DDEEF6","profile_text_color":"333333","profile_use_background_image":true,"profile_image_url":"http:\/\/pbs.twimg.com\/profile_images\/642045797807190016\/0_iF0GjK_normal.jpg","profile_image_url_https":"https:\/\/pbs.twimg.com\/profile_images\/642045797807190016\/0_iF0GjK_normal.jpg","profile_banner_url":"https:\/\/pbs.twimg.com\/profile_banners\/3044956144\/1441911004","default_profile":true,"default_profile_image":false,"following":null,"follow_request_sent":null,"notifications":null},"geo":null,"coordinates":null,"place":null,"contributors":null,"retweet_count":0,"favorite_count":0,"entities":{"hashtags":[],"trends":[],"urls":[{"url":"http:\/\/t.co\/n80y9StdOg","expanded_url":"http:\/\/spon.de\/aezw5","display_url":"spon.de\/aezw5","indices":[56,78]}],"user_mentions":[{"screen_name":"SPIEGELONLINE","name":"SPIEGEL ONLINE","id":2834511,"id_str":"2834511","indices":[83,97]}],"symbols":[]},"favorited":false,"retweeted":false,"possibly_sensitive":true,"filter_level":"low","lang":"de","timestamp_ms":"1441916942240"}
