{"created_at":"Sat Sep 12 00:07:03 +0000 2015","id":642489563659804672,"id_str":"642489563659804672","text":"Politische Top-Themen 12.09. 2 Uhr http:\/\/t.co\/tzkdKYyYPb\n1. #domian","source":"\u003ca href=\"http:\/\/www.politwi.de\" rel=\"nofollow\"\u003epolitwi topic app\u003c\/a\u003e","truncated":false,"in_reply_to_status_id":null,"in_reply_to_status_id_str":null,"in_reply_to_user_id":null,"in_reply_to_user_id_str":null,"in_reply_to_screen_name":null,"user":{"id":1675685708,"id_str":"1675685708","name":"politwi","screen_name":"politwi","location":"Frankfurt\/Hof","url":"http:\/\/www.politwi.de","description":"Forschungsprojekt (Hochschule Hof  und Goethe-Universit\u00e4t Frankfurt): Untersucht werden politische Top-Themen aus\nTweets in Echtzeit.","protected":false,"verified":false,"followers_count":2328,"friends_count":393,"listed_count":97,"favourites_count":36,"statuses_count":13564,"created_at":"Fri Aug 16 12:59:24 +0000 2013","utc_offset":10800,"time_zone":"Athens","geo_enabled":false,"lang":"de","contributors_enabled":false,"is_translator":false,"profile_background_color":"000000","profile_background_image_url":"http:\/\/pbs.twimg.com\/profile_background_images\/378800000053019771\/266b4552f0b4ae3ed06b3432aafb013e.png","profile_background_image_url_https":"https:\/\/pbs.twimg.com\/profile_background_images\/378800000053019771\/266b4552f0b4ae3ed06b3432aafb013e.png","profile_background_tile":true,"profile_link_color":"E36714","profile_sidebar_border_color":"FFFFFF","profile_sidebar_fill_color":"1D130D","profile_text_color":"AA642E","profile_use_background_image":true,"profile_image_url":"http:\/\/pbs.twimg.com\/profile_images\/378800000307537749\/cadf2122fdfe6d0e97f2a6991174d3d8_normal.png","profile_image_url_https":"https:\/\/pbs.twimg.com\/profile_images\/378800000307537749\/cadf2122fdfe6d0e97f2a6991174d3d8_normal.png","default_profile":false,"default_profile_image":false,"following":null,"follow_request_sent":null,"notifications":null},"geo":null,"coordinates":null,"place":null,"contributors":null,"retweet_count":0,"favorite_count":0,"entities":{"hashtags":[{"text":"domian","indices":[61,68]}],"trends":[],"urls":[{"url":"http:\/\/t.co\/tzkdKYyYPb","expanded_url":"http:\/\/www.politwi.de","display_url":"politwi.de","indices":[35,57]}],"user_mentions":[],"symbols":[]},"favorited":false,"retweeted":false,"possibly_sensitive":false,"filter_level":"low","lang":"de","timestamp_ms":"1442016423512"}
