{"created_at":"Thu Sep 10 20:21:07 +0000 2015","id":642070317939191808,"id_str":"642070317939191808","text":"Die @unsereOEBB haben FAQ\u00b4s zum Thema Reisen von und nach Ungarn erstellt. Die Z\u00fcge sind am Limit. http:\/\/t.co\/p7CxDjfW3Q #refugeeswelcome","source":"\u003ca href=\"http:\/\/twitter.com\" rel=\"nofollow\"\u003eTwitter Web Client\u003c\/a\u003e","truncated":false,"in_reply_to_status_id":null,"in_reply_to_status_id_str":null,"in_reply_to_user_id":null,"in_reply_to_user_id_str":null,"in_reply_to_screen_name":null,"user":{"id":297778346,"id_str":"297778346","name":"Daniel Hrncir","screen_name":"Daniel_Hrncir","location":"Wien","url":"http:\/\/LIV3.tv","description":"Journalist aus Wien \/ Livestreaming, Fotografie, Hubschrauber und K\u00e4se. Passt perfekt zusammen. http:\/\/neulandgames.com \/ http:\/\/LIV3.tv","protected":false,"verified":false,"followers_count":1264,"friends_count":637,"listed_count":85,"favourites_count":2504,"statuses_count":8444,"created_at":"Fri May 13 03:01:01 +0000 2011","utc_offset":7200,"time_zone":"Vienna","geo_enabled":false,"lang":"de","contributors_enabled":false,"is_translator":false,"profile_background_color":"000000","profile_background_image_url":"http:\/\/pbs.twimg.com\/profile_background_images\/378800000113776269\/8cc2284e50887cc8dddc6ef8f1c70386.jpeg","profile_background_image_url_https":"https:\/\/pbs.twimg.com\/profile_background_images\/378800000113776269\/8cc2284e50887cc8dddc6ef8f1c70386.jpeg","profile_background_tile":true,"profile_link_color":"3B94D9","profile_sidebar_border_color":"FFFFFF","profile_sidebar_fill_color":"E32820","profile_text_color":"FF00E3","profile_use_background_image":true,"profile_image_url":"http:\/\/pbs.twimg.com\/profile_images\/579754244720472065\/JNTmxLxe_normal.jpg","profile_image_url_https":"https:\/\/pbs.twimg.com\/profile_images\/579754244720472065\/JNTmxLxe_normal.jpg","profile_banner_url":"https:\/\/pbs.twimg.com\/profile_banners\/297778346\/1441322475","default_profile":false,"default_profile_image":false,"following":null,"follow_request_sent":null,"notifications":null},"geo":null,"coordinates":null,"place":null,"contributors":null,"retweet_count":0,"favorite_count":0,"entities":{"hashtags":[{"text":"refugeeswelcome","indices":[122,138]}],"trends":[],"urls":[{"url":"http:\/\/t.co\/p7CxDjfW3Q","expanded_url":"http:\/\/blog.oebb.at\/faqs-fragen-antworten-zur-strecke-von-und-nach-ungarn\/","display_url":"blog.oebb.at\/faqs-fragen-an\u2026","indices":[99,121]}],"user_mentions":[{"screen_name":"unsereOEBB","name":"\u00d6BB","id":183651742,"id_str":"183651742","indices":[4,15]}],"symbols":[]},"favorited":false,"retweeted":false,"possibly_sensitive":false,"filter_level":"low","lang":"de","timestamp_ms":"1441916467543"}
