{"created_at":"Thu Sep 10 20:28:43 +0000 2015","id":642072229182861313,"id_str":"642072229182861313","text":"RT @Memet_Kilic: \u00dcber die Unruhen in der T\u00fcrkei mit Folgen auf die zuk\u00fcnftige  Fl\u00fcchtlinge werden in allen deutschen Zeitungen berichtet. #\u2026","source":"\u003ca href=\"http:\/\/twitter.com\/download\/android\" rel=\"nofollow\"\u003eTwitter for Android\u003c\/a\u003e","truncated":false,"in_reply_to_status_id":null,"in_reply_to_status_id_str":null,"in_reply_to_user_id":null,"in_reply_to_user_id_str":null,"in_reply_to_screen_name":null,"user":{"id":2768979689,"id_str":"2768979689","name":"Irmtraud Pribas","screen_name":"IPribas","location":"www.energie-agentur.at","url":null,"description":"Gesch\u00e4ftsf\u00fchrerin\nBiologin, Biochemikerin","protected":false,"verified":false,"followers_count":19,"friends_count":142,"listed_count":2,"favourites_count":56,"statuses_count":136,"created_at":"Sat Sep 13 14:59:57 +0000 2014","utc_offset":null,"time_zone":null,"geo_enabled":false,"lang":"de","contributors_enabled":false,"is_translator":false,"profile_background_color":"C0DEED","profile_background_image_url":"http:\/\/abs.twimg.com\/images\/themes\/theme1\/bg.png","profile_background_image_url_https":"https:\/\/abs.twimg.com\/images\/themes\/theme1\/bg.png","profile_background_tile":false,"profile_link_color":"0084B4","profile_sidebar_border_color":"C0DEED","profile_sidebar_fill_color":"DDEEF6","profile_text_color":"333333","profile_use_background_image":true,"profile_image_url":"http:\/\/pbs.twimg.com\/profile_images\/575334652048752641\/B5GZrt2K_normal.jpeg","profile_image_url_https":"https:\/\/pbs.twimg.com\/profile_images\/575334652048752641\/B5GZrt2K_normal.jpeg","default_profile":true,"default_profile_image":false,"following":null,"follow_request_sent":null,"notifications":null},"geo":null,"coordinates":null,"place":null,"contributors":null,"retweeted_status":{"created_at":"Thu Sep 10 12:29:27 +0000 2015","id":641951619865837568,"id_str":"641951619865837568","text":"\u00dcber die Unruhen in der T\u00fcrkei mit Folgen auf die zuk\u00fcnftige  Fl\u00fcchtlinge werden in allen deutschen Zeitungen berichtet. #CizreUnderAttack","source":"\u003ca href=\"http:\/\/twitter.com\/download\/iphone\" rel=\"nofollow\"\u003eTwitter for iPhone\u003c\/a\u003e","truncated":false,"in_reply_to_status_id":null,"in_reply_to_status_id_str":null,"in_reply_to_user_id":null,"in_reply_to_user_id_str":null,"in_reply_to_screen_name":null,"user":{"id":145217142,"id_str":"145217142","name":"Memet Kilic","screen_name":"Memet_Kilic","location":"Berlin, Pforzheim, Heidelberg","url":"http:\/\/www.memet-kilic-gruene.de","description":"Jurist und Politiker, Vors. Bundeszuwanderungsrat, MdB a.D.(B\u00dcNDNIS 90\/DIE GR\u00dcNEN), Former MP, Avukat, 17. D\u00f6nem Milletvekili. Ankara & Heidelberg University...","protected":false,"verified":true,"followers_count":6846,"friends_count":4790,"listed_count":149,"favourites_count":19760,"statuses_count":7764,"created_at":"Tue May 18 12:03:58 +0000 2010","utc_offset":7200,"time_zone":"Berlin","geo_enabled":false,"lang":"de","contributors_enabled":false,"is_translator":false,"profile_background_color":"EDECE9","profile_background_image_url":"http:\/\/pbs.twimg.com\/profile_background_images\/115877966\/backtw.jpg","profile_background_image_url_https":"https:\/\/pbs.twimg.com\/profile_background_images\/115877966\/backtw.jpg","profile_background_tile":true,"profile_link_color":"088253","profile_sidebar_border_color":"D3D2CF","profile_sidebar_fill_color":"E3E2DE","profile_text_color":"634047","profile_use_background_image":true,"profile_image_url":"http:\/\/pbs.twimg.com\/profile_images\/2387936611\/rl04mlmpcorlrz1qz55e_normal.png","profile_image_url_https":"https:\/\/pbs.twimg.com\/profile_images\/2387936611\/rl04mlmpcorlrz1qz55e_normal.png","profile_banner_url":"https:\/\/pbs.twimg.com\/profile_banners\/145217142\/1433401671","default_profile":false,"default_profile_image":false,"following":null,"follow_request_sent":null,"notifications":null},"geo":null,"coordinates":null,"place":null,"contributors":null,"retweet_count":27,"favorite_count":5,"entities":{"hashtags":[{"text":"CizreUnderAttack","indices":[121,138]}],"trends":[],"urls":[],"user_mentions":[],"symbols":[]},"favorited":false,"retweeted":false,"possibly_sensitive":false,"filter_level":"low","lang":"de"},"retweet_count":0,"favorite_count":0,"entities":{"hashtags":[{"text":"CizreUnderAttack","indices":[139,140]}],"trends":[],"urls":[],"user_mentions":[{"screen_name":"Memet_Kilic","name":"Memet Kilic","id":145217142,"id_str":"145217142","indices":[3,15]}],"symbols":[]},"favorited":false,"retweeted":false,"possibly_sensitive":false,"filter_level":"low","lang":"de","timestamp_ms":"1441916923219"}
