{"created_at":"Thu Sep 10 20:26:52 +0000 2015","id":642071766043639808,"id_str":"642071766043639808","text":"RT @lvzonline: 450 Fl\u00fcchtlinge kommen am Freitag ins Stadion zur Partie zwischen @DieRotenBullen und dem @SCPaderborn07: http:\/\/t.co\/VoJuf2\u2026","source":"\u003ca href=\"http:\/\/twitter.com\/download\/android\" rel=\"nofollow\"\u003eTwitter for Android\u003c\/a\u003e","truncated":false,"in_reply_to_status_id":null,"in_reply_to_status_id_str":null,"in_reply_to_user_id":null,"in_reply_to_user_id_str":null,"in_reply_to_screen_name":null,"user":{"id":526773948,"id_str":"526773948","name":"nikita tinky","screen_name":"NTinky","location":"","url":null,"description":"It's very rational: PEOPLE before GUNS and MONEY. For a change in culture: equal chances, save children from gun violence, poverty & a lack of chances.","protected":false,"verified":false,"followers_count":714,"friends_count":2001,"listed_count":36,"favourites_count":8166,"statuses_count":12023,"created_at":"Fri Mar 16 20:39:44 +0000 2012","utc_offset":null,"time_zone":null,"geo_enabled":true,"lang":"de","contributors_enabled":false,"is_translator":false,"profile_background_color":"EBEBEB","profile_background_image_url":"http:\/\/abs.twimg.com\/images\/themes\/theme7\/bg.gif","profile_background_image_url_https":"https:\/\/abs.twimg.com\/images\/themes\/theme7\/bg.gif","profile_background_tile":false,"profile_link_color":"005C99","profile_sidebar_border_color":"DFDFDF","profile_sidebar_fill_color":"F3F3F3","profile_text_color":"333333","profile_use_background_image":true,"profile_image_url":"http:\/\/pbs.twimg.com\/profile_images\/3497990822\/b03eefbee94c5354bb5818a791ee3140_normal.jpeg","profile_image_url_https":"https:\/\/pbs.twimg.com\/profile_images\/3497990822\/b03eefbee94c5354bb5818a791ee3140_normal.jpeg","profile_banner_url":"https:\/\/pbs.twimg.com\/profile_banners\/526773948\/1365506034","default_profile":false,"default_profile_image":false,"following":null,"follow_request_sent":null,"notifications":null},"geo":null,"coordinates":null,"place":null,"contributors":null,"retweeted_status":{"created_at":"Thu Sep 10 18:34:51 +0000 2015","id":642043574763319296,"id_str":"642043574763319296","text":"450 Fl\u00fcchtlinge kommen am Freitag ins Stadion zur Partie zwischen @DieRotenBullen und dem @SCPaderborn07: http:\/\/t.co\/VoJuf2rMRx","source":"\u003ca href=\"http:\/\/twitter.com\" rel=\"nofollow\"\u003eTwitter Web Client\u003c\/a\u003e","truncated":false,"in_reply_to_status_id":null,"in_reply_to_status_id_str":null,"in_reply_to_user_id":null,"in_reply_to_user_id_str":null,"in_reply_to_screen_name":null,"user":{"id":19811643,"id_str":"19811643","name":"LVZ-Online.de","screen_name":"lvzonline","location":"Leipzig","url":"http:\/\/www.lvz.de","description":"Das Internetportal der Leipziger Volkszeitung [Impressum: http:\/\/lvz.de\/impressum]. Auf Facebook sind wir hier: http:\/\/www.facebook.com\/lvzonline","protected":false,"verified":true,"followers_count":25363,"friends_count":1409,"listed_count":528,"favourites_count":1494,"statuses_count":62280,"created_at":"Sat Jan 31 11:00:23 +0000 2009","utc_offset":7200,"time_zone":"Bern","geo_enabled":false,"lang":"de","contributors_enabled":false,"is_translator":false,"profile_background_color":"FFFFFF","profile_background_image_url":"http:\/\/pbs.twimg.com\/profile_background_images\/4377578\/bg_twitter_lvz.jpg","profile_background_image_url_https":"https:\/\/pbs.twimg.com\/profile_background_images\/4377578\/bg_twitter_lvz.jpg","profile_background_tile":false,"profile_link_color":"0084B4","profile_sidebar_border_color":"528FB4","profile_sidebar_fill_color":"CEDFFF","profile_text_color":"333333","profile_use_background_image":false,"profile_image_url":"http:\/\/pbs.twimg.com\/profile_images\/641183595323883520\/PLhkAHoE_normal.jpg","profile_image_url_https":"https:\/\/pbs.twimg.com\/profile_images\/641183595323883520\/PLhkAHoE_normal.jpg","profile_banner_url":"https:\/\/pbs.twimg.com\/profile_banners\/19811643\/1436170829","default_profile":false,"default_profile_image":false,"following":null,"follow_request_sent":null,"notifications":null},"geo":null,"coordinates":null,"place":null,"contributors":null,"retweet_count":6,"favorite_count":8,"entities":{"hashtags":[],"trends":[],"urls":[{"url":"http:\/\/t.co\/VoJuf2rMRx","expanded_url":"http:\/\/bit.ly\/1Qrhu12","display_url":"bit.ly\/1Qrhu12","indices":[106,128]}],"user_mentions":[{"screen_name":"DieRotenBullen","name":"RB Leipzig","id":324992991,"id_str":"324992991","indices":[66,81]},{"screen_name":"SCPaderborn07","name":"SC Paderborn 07","id":2253542738,"id_str":"2253542738","indices":[90,104]}],"symbols":[]},"favorited":false,"retweeted":false,"possibly_sensitive":false,"filter_level":"low","lang":"de"},"retweet_count":0,"favorite_count":0,"entities":{"hashtags":[],"trends":[],"urls":[{"url":"http:\/\/t.co\/VoJuf2rMRx","expanded_url":"http:\/\/bit.ly\/1Qrhu12","display_url":"bit.ly\/1Qrhu12","indices":[121,140]}],"user_mentions":[{"screen_name":"lvzonline","name":"LVZ-Online.de","id":19811643,"id_str":"19811643","indices":[3,13]},{"screen_name":"DieRotenBullen","name":"RB Leipzig","id":324992991,"id_str":"324992991","indices":[81,96]},{"screen_name":"SCPaderborn07","name":"SC Paderborn 07","id":2253542738,"id_str":"2253542738","indices":[105,119]}],"symbols":[]},"favorited":false,"retweeted":false,"possibly_sensitive":false,"filter_level":"low","lang":"de","timestamp_ms":"1441916812798"}
