{"created_at":"Fri Sep 11 23:57:19 +0000 2015","id":642487113636794368,"id_str":"642487113636794368","text":"RT @rbbonline: Ehefrau @miss9afi des saudischen Blogger Raif Badawi stellt Stiftung in Berlin vor http:\/\/t.co\/RBLI96GJd4 #FreeRaif http:\/\/t\u2026","source":"\u003ca href=\"http:\/\/twitter.com\/download\/iphone\" rel=\"nofollow\"\u003eTwitter for iPhone\u003c\/a\u003e","truncated":false,"in_reply_to_status_id":null,"in_reply_to_status_id_str":null,"in_reply_to_user_id":null,"in_reply_to_user_id_str":null,"in_reply_to_screen_name":null,"user":{"id":48074103,"id_str":"48074103","name":"CiLuna","screen_name":"CiLuna27","location":"","url":null,"description":"We wish life for those who call for our death, and rationality for those who desire ignorance for us. Raif Badawi \nPlease help and sign https:\/\/t.co\/WkBblbXrXV","protected":false,"verified":false,"followers_count":1111,"friends_count":902,"listed_count":107,"favourites_count":2434,"statuses_count":72371,"created_at":"Wed Jun 17 19:06:22 +0000 2009","utc_offset":3600,"time_zone":"London","geo_enabled":false,"lang":"en","contributors_enabled":false,"is_translator":false,"profile_background_color":"B2DFDA","profile_background_image_url":"http:\/\/abs.twimg.com\/images\/themes\/theme13\/bg.gif","profile_background_image_url_https":"https:\/\/abs.twimg.com\/images\/themes\/theme13\/bg.gif","profile_background_tile":false,"profile_link_color":"93A644","profile_sidebar_border_color":"EEEEEE","profile_sidebar_fill_color":"FFFFFF","profile_text_color":"333333","profile_use_background_image":true,"profile_image_url":"http:\/\/pbs.twimg.com\/profile_images\/605645665151123456\/yxGhEW9o_normal.jpg","profile_image_url_https":"https:\/\/pbs.twimg.com\/profile_images\/605645665151123456\/yxGhEW9o_normal.jpg","profile_banner_url":"https:\/\/pbs.twimg.com\/profile_banners\/48074103\/1425387669","default_profile":false,"default_profile_image":false,"following":null,"follow_request_sent":null,"notifications":null},"geo":null,"coordinates":null,"place":null,"contributors":null,"retweeted_status":{"created_at":"Fri Sep 11 19:40:28 +0000 2015","id":642422477554098176,"id_str":"642422477554098176","text":"Ehefrau @miss9afi des saudischen Blogger Raif Badawi stellt Stiftung in Berlin vor http:\/\/t.co\/RBLI96GJd4 #FreeRaif http:\/\/t.co\/1AvPnFgA32","source":"\u003ca href=\"http:\/\/twitter.com\" rel=\"nofollow\"\u003eTwitter Web Client\u003c\/a\u003e","truncated":false,"in_reply_to_status_id":null,"in_reply_to_status_id_str":null,"in_reply_to_user_id":null,"in_reply_to_user_id_str":null,"in_reply_to_screen_name":null,"user":{"id":1620250698,"id_str":"1620250698","name":"rbb-info","screen_name":"rbbonline","location":"Berlin & Brandenburg","url":"http:\/\/www.rbb-online.de","description":"Nachrichten & Hintergr\u00fcnde I Offizieller Account der Onlineredaktion des Rundfunk Berlin-Brandenburg (rbb)","protected":false,"verified":true,"followers_count":9930,"friends_count":1740,"listed_count":348,"favourites_count":379,"statuses_count":17621,"created_at":"Thu Jul 25 12:42:07 +0000 2013","utc_offset":10800,"time_zone":"Athens","geo_enabled":true,"lang":"de","contributors_enabled":false,"is_translator":false,"profile_background_color":"C0DEED","profile_background_image_url":"http:\/\/pbs.twimg.com\/profile_background_images\/436883289777770496\/M1cebY8p.jpeg","profile_background_image_url_https":"https:\/\/pbs.twimg.com\/profile_background_images\/436883289777770496\/M1cebY8p.jpeg","profile_background_tile":false,"profile_link_color":"990000","profile_sidebar_border_color":"FFFFFF","profile_sidebar_fill_color":"DDEEF6","profile_text_color":"333333","profile_use_background_image":true,"profile_image_url":"http:\/\/pbs.twimg.com\/profile_images\/461089900394082304\/oZnbRxRt_normal.jpeg","profile_image_url_https":"https:\/\/pbs.twimg.com\/profile_images\/461089900394082304\/oZnbRxRt_normal.jpeg","profile_banner_url":"https:\/\/pbs.twimg.com\/profile_banners\/1620250698\/1398963068","default_profile":false,"default_profile_image":false,"following":null,"follow_request_sent":null,"notifications":null},"geo":null,"coordinates":null,"place":null,"contributors":null,"retweet_count":4,"favorite_count":1,"entities":{"hashtags":[{"text":"FreeRaif","indices":[106,115]}],"trends":[],"urls":[{"url":"http:\/\/t.co\/RBLI96GJd4","expanded_url":"http:\/\/www.rbb-online.de\/politik\/beitrag\/2015\/09\/raif-badawi-stiftung-fuer-freiheit-berlin.html","display_url":"rbb-online.de\/politik\/beitra\u2026","indices":[83,105]}],"user_mentions":[{"screen_name":"miss9afi","name":"Ensaf haidar","id":309187913,"id_str":"309187913","indices":[8,17]}],"symbols":[],"media":[{"id":642422476572618752,"id_str":"642422476572618752","indices":[116,138],"media_url":"http:\/\/pbs.twimg.com\/media\/COpX1rfWcAAPimr.jpg","media_url_https":"https:\/\/pbs.twimg.com\/media\/COpX1rfWcAAPimr.jpg","url":"http:\/\/t.co\/1AvPnFgA32","display_url":"pic.twitter.com\/1AvPnFgA32","expanded_url":"http:\/\/twitter.com\/rbbonline\/status\/642422477554098176\/photo\/1","type":"photo","sizes":{"thumb":{"w":150,"h":150,"resize":"crop"},"small":{"w":340,"h":191,"resize":"fit"},"medium":{"w":600,"h":337,"resize":"fit"},"large":{"w":1024,"h":576,"resize":"fit"}}}]},"extended_entities":{"media":[{"id":642422476572618752,"id_str":"642422476572618752","indices":[116,138],"media_url":"http:\/\/pbs.twimg.com\/media\/COpX1rfWcAAPimr.jpg","media_url_https":"https:\/\/pbs.twimg.com\/media\/COpX1rfWcAAPimr.jpg","url":"http:\/\/t.co\/1AvPnFgA32","display_url":"pic.twitter.com\/1AvPnFgA32","expanded_url":"http:\/\/twitter.com\/rbbonline\/status\/642422477554098176\/photo\/1","type":"photo","sizes":{"thumb":{"w":150,"h":150,"resize":"crop"},"small":{"w":340,"h":191,"resize":"fit"},"medium":{"w":600,"h":337,"resize":"fit"},"large":{"w":1024,"h":576,"resize":"fit"}}}]},"favorited":false,"retweeted":false,"possibly_sensitive":false,"filter_level":"low","lang":"de"},"retweet_count":0,"favorite_count":0,"entities":{"hashtags":[{"text":"FreeRaif","indices":[121,130]}],"trends":[],"urls":[{"url":"http:\/\/t.co\/RBLI96GJd4","expanded_url":"http:\/\/www.rbb-online.de\/politik\/beitrag\/2015\/09\/raif-badawi-stiftung-fuer-freiheit-berlin.html","display_url":"rbb-online.de\/politik\/beitra\u2026","indices":[98,120]}],"user_mentions":[{"screen_name":"rbbonline","name":"rbb-info","id":1620250698,"id_str":"1620250698","indices":[3,13]},{"screen_name":"miss9afi","name":"Ensaf haidar","id":309187913,"id_str":"309187913","indices":[23,32]}],"symbols":[],"media":[{"id":642422476572618752,"id_str":"642422476572618752","indices":[139,140],"media_url":"http:\/\/pbs.twimg.com\/media\/COpX1rfWcAAPimr.jpg","media_url_https":"https:\/\/pbs.twimg.com\/media\/COpX1rfWcAAPimr.jpg","url":"http:\/\/t.co\/1AvPnFgA32","display_url":"pic.twitter.com\/1AvPnFgA32","expanded_url":"http:\/\/twitter.com\/rbbonline\/status\/642422477554098176\/photo\/1","type":"photo","sizes":{"thumb":{"w":150,"h":150,"resize":"crop"},"small":{"w":340,"h":191,"resize":"fit"},"medium":{"w":600,"h":337,"resize":"fit"},"large":{"w":1024,"h":576,"resize":"fit"}},"source_status_id":642422477554098176,"source_status_id_str":"642422477554098176"}]},"extended_entities":{"media":[{"id":642422476572618752,"id_str":"642422476572618752","indices":[139,140],"media_url":"http:\/\/pbs.twimg.com\/media\/COpX1rfWcAAPimr.jpg","media_url_https":"https:\/\/pbs.twimg.com\/media\/COpX1rfWcAAPimr.jpg","url":"http:\/\/t.co\/1AvPnFgA32","display_url":"pic.twitter.com\/1AvPnFgA32","expanded_url":"http:\/\/twitter.com\/rbbonline\/status\/642422477554098176\/photo\/1","type":"photo","sizes":{"thumb":{"w":150,"h":150,"resize":"crop"},"small":{"w":340,"h":191,"resize":"fit"},"medium":{"w":600,"h":337,"resize":"fit"},"large":{"w":1024,"h":576,"resize":"fit"}},"source_status_id":642422477554098176,"source_status_id_str":"642422477554098176"}]},"favorited":false,"retweeted":false,"possibly_sensitive":false,"filter_level":"low","lang":"de","timestamp_ms":"1442015839381"}
