{"created_at":"Fri Sep 11 23:51:30 +0000 2015","id":642485648503517184,"id_str":"642485648503517184","text":"Du willst es wohl spannend machen @Domian! Wenn ihr den Verkehrsspinner rausbuxt schaffen wir das vielleicht noch #bingo #refugeeswelcome","source":"\u003ca href=\"http:\/\/twitter.com\" rel=\"nofollow\"\u003eTwitter Web Client\u003c\/a\u003e","truncated":false,"in_reply_to_status_id":null,"in_reply_to_status_id_str":null,"in_reply_to_user_id":null,"in_reply_to_user_id_str":null,"in_reply_to_screen_name":null,"user":{"id":899723880,"id_str":"899723880","name":"unbequem","screen_name":"unbequem","location":"Erdloch","url":null,"description":"unbequeme Nachrichten entgegen dem allgemeinen Wohlbefinden. Vertediger der reinen Lehre des Krebsfeminismus.","protected":false,"verified":false,"followers_count":47,"friends_count":110,"listed_count":0,"favourites_count":58,"statuses_count":1389,"created_at":"Tue Oct 23 11:32:39 +0000 2012","utc_offset":7200,"time_zone":"Berlin","geo_enabled":true,"lang":"de","contributors_enabled":false,"is_translator":false,"profile_background_color":"C0DEED","profile_background_image_url":"http:\/\/abs.twimg.com\/images\/themes\/theme1\/bg.png","profile_background_image_url_https":"https:\/\/abs.twimg.com\/images\/themes\/theme1\/bg.png","profile_background_tile":false,"profile_link_color":"0084B4","profile_sidebar_border_color":"C0DEED","profile_sidebar_fill_color":"DDEEF6","profile_text_color":"333333","profile_use_background_image":true,"profile_image_url":"http:\/\/pbs.twimg.com\/profile_images\/641311670783111168\/IVF3cpMo_normal.jpg","profile_image_url_https":"https:\/\/pbs.twimg.com\/profile_images\/641311670783111168\/IVF3cpMo_normal.jpg","profile_banner_url":"https:\/\/pbs.twimg.com\/profile_banners\/899723880\/1441735776","default_profile":true,"default_profile_image":false,"following":null,"follow_request_sent":null,"notifications":null},"geo":null,"coordinates":null,"place":null,"contributors":null,"retweet_count":0,"favorite_count":0,"entities":{"hashtags":[{"text":"bingo","indices":[114,120]},{"text":"refugeeswelcome","indices":[121,137]}],"trends":[],"urls":[],"user_mentions":[{"screen_name":"domian","name":"J\u00fcrgen Domian","id":23522189,"id_str":"23522189","indices":[34,41]}],"symbols":[]},"favorited":false,"retweeted":false,"possibly_sensitive":true,"filter_level":"low","lang":"de","timestamp_ms":"1442015490066"}
