{"created_at":"Sat Sep 12 00:00:10 +0000 2015","id":642487829369651201,"id_str":"642487829369651201","text":"RT @WhoIsYade: Fl\u00fcchtlinge posten auf Flirt Apps ihre Deutsch-Lern Pl\u00e4ne. Wer kam auf die Idee diese Menschen mit H\u00f6llenw\u00f6rtern zu konfront\u2026","source":"\u003ca href=\"https:\/\/roundteam.co\" rel=\"nofollow\"\u003eRoundTeam\u003c\/a\u003e","truncated":false,"in_reply_to_status_id":null,"in_reply_to_status_id_str":null,"in_reply_to_user_id":null,"in_reply_to_user_id_str":null,"in_reply_to_screen_name":null,"user":{"id":2166493609,"id_str":"2166493609","name":"Games \/ Berlin","screen_name":"berlingaming","location":"Kreuzberg, Berlin","url":null,"description":"Wanna now whats going on in #Berlin gamewise? Check it out here! \nAlso Auto-RT Bot on #berlingamez","protected":false,"verified":false,"followers_count":25,"friends_count":50,"listed_count":13,"favourites_count":5,"statuses_count":826,"created_at":"Thu Oct 31 11:43:14 +0000 2013","utc_offset":null,"time_zone":null,"geo_enabled":false,"lang":"de","contributors_enabled":false,"is_translator":false,"profile_background_color":"000000","profile_background_image_url":"http:\/\/abs.twimg.com\/images\/themes\/theme1\/bg.png","profile_background_image_url_https":"https:\/\/abs.twimg.com\/images\/themes\/theme1\/bg.png","profile_background_tile":false,"profile_link_color":"4A913C","profile_sidebar_border_color":"000000","profile_sidebar_fill_color":"000000","profile_text_color":"000000","profile_use_background_image":false,"profile_image_url":"http:\/\/pbs.twimg.com\/profile_images\/378800000673320474\/fbc0a883d949462d56812477c902abd6_normal.jpeg","profile_image_url_https":"https:\/\/pbs.twimg.com\/profile_images\/378800000673320474\/fbc0a883d949462d56812477c902abd6_normal.jpeg","profile_banner_url":"https:\/\/pbs.twimg.com\/profile_banners\/2166493609\/1440953155","default_profile":false,"default_profile_image":false,"following":null,"follow_request_sent":null,"notifications":null},"geo":null,"coordinates":null,"place":null,"contributors":null,"retweeted_status":{"created_at":"Fri Sep 11 23:56:35 +0000 2015","id":642486929288753156,"id_str":"642486929288753156","text":"Fl\u00fcchtlinge posten auf Flirt Apps ihre Deutsch-Lern Pl\u00e4ne. Wer kam auf die Idee diese Menschen mit H\u00f6llenw\u00f6rtern zu konfrontieren?","source":"\u003ca href=\"http:\/\/twitter.com\/download\/android\" rel=\"nofollow\"\u003eTwitter for Android\u003c\/a\u003e","truncated":false,"in_reply_to_status_id":null,"in_reply_to_status_id_str":null,"in_reply_to_user_id":null,"in_reply_to_user_id_str":null,"in_reply_to_screen_name":null,"user":{"id":26823493,"id_str":"26823493","name":"Yadey Jones","screen_name":"WhoIsYade","location":"Deutschland","url":"http:\/\/www.whoisyade.de","description":"Berlin. Moderatorin, Kolumnistin, MakeUp , Let's Player, Videogames [smashthebunny]","protected":false,"verified":false,"followers_count":705,"friends_count":489,"listed_count":41,"favourites_count":23819,"statuses_count":943,"created_at":"Thu Mar 26 19:14:49 +0000 2009","utc_offset":7200,"time_zone":"Berlin","geo_enabled":true,"lang":"de","contributors_enabled":false,"is_translator":false,"profile_background_color":"E6E6E6","profile_background_image_url":"http:\/\/pbs.twimg.com\/profile_background_images\/378800000181265533\/0SQLRUwN.jpeg","profile_background_image_url_https":"https:\/\/pbs.twimg.com\/profile_background_images\/378800000181265533\/0SQLRUwN.jpeg","profile_background_tile":false,"profile_link_color":"686273","profile_sidebar_border_color":"FFFFFF","profile_sidebar_fill_color":"DDEEF6","profile_text_color":"333333","profile_use_background_image":false,"profile_image_url":"http:\/\/pbs.twimg.com\/profile_images\/594797576903401473\/V15iMdxJ_normal.jpg","profile_image_url_https":"https:\/\/pbs.twimg.com\/profile_images\/594797576903401473\/V15iMdxJ_normal.jpg","profile_banner_url":"https:\/\/pbs.twimg.com\/profile_banners\/26823493\/1391511356","default_profile":false,"default_profile_image":false,"following":null,"follow_request_sent":null,"notifications":null},"geo":null,"coordinates":null,"place":null,"contributors":null,"retweet_count":1,"favorite_count":0,"entities":{"hashtags":[],"trends":[],"urls":[],"user_mentions":[],"symbols":[]},"favorited":false,"retweeted":false,"possibly_sensitive":false,"filter_level":"low","lang":"de"},"retweet_count":0,"favorite_count":0,"entities":{"hashtags":[],"trends":[],"urls":[],"user_mentions":[{"screen_name":"WhoIsYade","name":"Yadey Jones","id":26823493,"id_str":"26823493","indices":[3,13]}],"symbols":[]},"favorited":false,"retweeted":false,"possibly_sensitive":false,"filter_level":"low","lang":"de","timestamp_ms":"1442016010025"}
