{"created_at":"Sat Sep 12 00:12:29 +0000 2015","id":642490929950126080,"id_str":"642490929950126080","text":"RT @SilkeTerra: Ach, #CDU-B\u00fcrgermeister entdeckt erst heute, dass er Zuarbeiter einer Diktatur ist https:\/\/t.co\/yZrCEsZA77","source":"\u003ca href=\"http:\/\/twitter.com\" rel=\"nofollow\"\u003eTwitter Web Client\u003c\/a\u003e","truncated":false,"in_reply_to_status_id":null,"in_reply_to_status_id_str":null,"in_reply_to_user_id":null,"in_reply_to_user_id_str":null,"in_reply_to_screen_name":null,"user":{"id":221732311,"id_str":"221732311","name":"D.HaneW","screen_name":"hapatamast","location":"","url":"https:\/\/waffenbesitz.wordpress.com\/2015\/05\/28\/waffen-legalisierung-fur-deutsche-mundige-unbescholten","description":"Alles was ein Mensch \u00fcber einen anderen aussagt, sagt m\u00f6glichenfalls genau so viel \u00fcber den Redner aus  wer erz\u00e4hlet, spricht \u00fcber sich.","protected":false,"verified":false,"followers_count":1324,"friends_count":1363,"listed_count":15,"favourites_count":84119,"statuses_count":8283,"created_at":"Wed Dec 01 13:18:48 +0000 2010","utc_offset":7200,"time_zone":"Ljubljana","geo_enabled":false,"lang":"de","contributors_enabled":false,"is_translator":false,"profile_background_color":"022330","profile_background_image_url":"http:\/\/abs.twimg.com\/images\/themes\/theme15\/bg.png","profile_background_image_url_https":"https:\/\/abs.twimg.com\/images\/themes\/theme15\/bg.png","profile_background_tile":false,"profile_link_color":"0084B4","profile_sidebar_border_color":"A8C7F7","profile_sidebar_fill_color":"C0DFEC","profile_text_color":"333333","profile_use_background_image":true,"profile_image_url":"http:\/\/pbs.twimg.com\/profile_images\/605533992599883778\/78XOhvWg_normal.jpg","profile_image_url_https":"https:\/\/pbs.twimg.com\/profile_images\/605533992599883778\/78XOhvWg_normal.jpg","profile_banner_url":"https:\/\/pbs.twimg.com\/profile_banners\/221732311\/1433205895","default_profile":false,"default_profile_image":false,"following":null,"follow_request_sent":null,"notifications":null},"geo":null,"coordinates":null,"place":null,"contributors":null,"retweeted_status":{"created_at":"Fri Sep 11 11:26:59 +0000 2015","id":642298285479325696,"id_str":"642298285479325696","text":"Ach, #CDU-B\u00fcrgermeister entdeckt erst heute, dass er Zuarbeiter einer Diktatur ist https:\/\/t.co\/yZrCEsZA77","source":"\u003ca href=\"http:\/\/twitter.com\" rel=\"nofollow\"\u003eTwitter Web Client\u003c\/a\u003e","truncated":false,"in_reply_to_status_id":null,"in_reply_to_status_id_str":null,"in_reply_to_user_id":null,"in_reply_to_user_id_str":null,"in_reply_to_screen_name":null,"user":{"id":2524679834,"id_str":"2524679834","name":"Silke","screen_name":"SilkeTerra","location":"Germany","url":null,"description":"Gegen Imperialismus, gegen US- und EU-Terror und f\u00fcr Frieden mit Russland.","protected":false,"verified":false,"followers_count":1020,"friends_count":1270,"listed_count":26,"favourites_count":7350,"statuses_count":13949,"created_at":"Mon May 26 10:13:59 +0000 2014","utc_offset":10800,"time_zone":"Athens","geo_enabled":false,"lang":"de","contributors_enabled":false,"is_translator":false,"profile_background_color":"0099B9","profile_background_image_url":"http:\/\/abs.twimg.com\/images\/themes\/theme4\/bg.gif","profile_background_image_url_https":"https:\/\/abs.twimg.com\/images\/themes\/theme4\/bg.gif","profile_background_tile":false,"profile_link_color":"0099B9","profile_sidebar_border_color":"5ED4DC","profile_sidebar_fill_color":"95E8EC","profile_text_color":"3C3940","profile_use_background_image":true,"profile_image_url":"http:\/\/pbs.twimg.com\/profile_images\/478532684306583552\/WPsU9k-O_normal.jpeg","profile_image_url_https":"https:\/\/pbs.twimg.com\/profile_images\/478532684306583552\/WPsU9k-O_normal.jpeg","profile_banner_url":"https:\/\/pbs.twimg.com\/profile_banners\/2524679834\/1425912507","default_profile":false,"default_profile_image":false,"following":null,"follow_request_sent":null,"notifications":null},"geo":null,"coordinates":null,"place":null,"contributors":null,"quoted_status_id":642290692694405120,"quoted_status_id_str":"642290692694405120","quoted_status":{"created_at":"Fri Sep 11 10:56:48 +0000 2015","id":642290692694405120,"id_str":"642290692694405120","text":"\u201eDas Ma\u00df ist voll\u201c - Th\u00fcringer B\u00fcrgermeister sind emp\u00f6rt \u00fcber Maulkorb-Brief http:\/\/t.co\/64i6BSdyMg","source":"\u003ca href=\"http:\/\/twitter.com\" rel=\"nofollow\"\u003eTwitter Web Client\u003c\/a\u003e","truncated":false,"in_reply_to_status_id":null,"in_reply_to_status_id_str":null,"in_reply_to_user_id":null,"in_reply_to_user_id_str":null,"in_reply_to_screen_name":null,"user":{"id":221732311,"id_str":"221732311","name":"D.HaneW","screen_name":"hapatamast","location":"","url":"https:\/\/waffenbesitz.wordpress.com\/2015\/05\/28\/waffen-legalisierung-fur-deutsche-mundige-unbescholten","description":"Alles was ein Mensch \u00fcber einen anderen aussagt, sagt m\u00f6glichenfalls genau so viel \u00fcber den Redner aus  wer erz\u00e4hlet, spricht \u00fcber sich.","protected":false,"verified":false,"followers_count":1324,"friends_count":1363,"listed_count":15,"favourites_count":84119,"statuses_count":8282,"created_at":"Wed Dec 01 13:18:48 +0000 2010","utc_offset":7200,"time_zone":"Ljubljana","geo_enabled":false,"lang":"de","contributors_enabled":false,"is_translator":false,"profile_background_color":"022330","profile_background_image_url":"http:\/\/abs.twimg.com\/images\/themes\/theme15\/bg.png","profile_background_image_url_https":"https:\/\/abs.twimg.com\/images\/themes\/theme15\/bg.png","profile_background_tile":false,"profile_link_color":"0084B4","profile_sidebar_border_color":"A8C7F7","profile_sidebar_fill_color":"C0DFEC","profile_text_color":"333333","profile_use_background_image":true,"profile_image_url":"http:\/\/pbs.twimg.com\/profile_images\/605533992599883778\/78XOhvWg_normal.jpg","profile_image_url_https":"https:\/\/pbs.twimg.com\/profile_images\/605533992599883778\/78XOhvWg_normal.jpg","profile_banner_url":"https:\/\/pbs.twimg.com\/profile_banners\/221732311\/1433205895","default_profile":false,"default_profile_image":false,"following":null,"follow_request_sent":null,"notifications":null},"geo":null,"coordinates":null,"place":null,"contributors":null,"retweet_count":0,"favorite_count":0,"entities":{"hashtags":[],"trends":[],"urls":[{"url":"http:\/\/t.co\/64i6BSdyMg","expanded_url":"http:\/\/www.thueringer-allgemeine.de\/web\/zgt\/politik\/detail\/-\/specific\/8222-Das-Mass-ist-voll-8220-Thueringer-Buergermeister-sind-empoert-ueber-M-1561768208","display_url":"thueringer-allgemeine.de\/web\/zgt\/politi\u2026","indices":[77,99]}],"user_mentions":[],"symbols":[]},"favorited":false,"retweeted":false,"possibly_sensitive":false,"filter_level":"low","lang":"de"},"retweet_count":1,"favorite_count":0,"entities":{"hashtags":[{"text":"CDU","indices":[5,9]}],"trends":[],"urls":[{"url":"https:\/\/t.co\/yZrCEsZA77","expanded_url":"https:\/\/twitter.com\/hapatamast\/status\/642290692694405120","display_url":"twitter.com\/hapatamast\/sta\u2026","indices":[83,106]}],"user_mentions":[],"symbols":[]},"favorited":false,"retweeted":false,"possibly_sensitive":false,"filter_level":"low","lang":"de"},"retweet_count":0,"favorite_count":0,"entities":{"hashtags":[{"text":"CDU","indices":[21,25]}],"trends":[],"urls":[{"url":"https:\/\/t.co\/yZrCEsZA77","expanded_url":"https:\/\/twitter.com\/hapatamast\/status\/642290692694405120","display_url":"twitter.com\/hapatamast\/sta\u2026","indices":[99,122]}],"user_mentions":[{"screen_name":"SilkeTerra","name":"Silke","id":2524679834,"id_str":"2524679834","indices":[3,14]}],"symbols":[]},"favorited":false,"retweeted":false,"possibly_sensitive":false,"filter_level":"low","lang":"de","timestamp_ms":"1442016749261"}
