{"created_at":"Sat Sep 12 00:08:03 +0000 2015","id":642489815028625409,"id_str":"642489815028625409","text":"RT @Karohilft: Nach langen Verhandlungen steht jetzt fest: Die #Kleiderkammer bleibt bis zum 31.12. in der Messehalle. #karohilft #HHhilft \u2026","source":"\u003ca href=\"http:\/\/www.myplume.com\/\" rel=\"nofollow\"\u003ePlume\u00a0for\u00a0Android\u003c\/a\u003e","truncated":false,"in_reply_to_status_id":null,"in_reply_to_status_id_str":null,"in_reply_to_user_id":null,"in_reply_to_user_id_str":null,"in_reply_to_screen_name":null,"user":{"id":68378832,"id_str":"68378832","name":"bularator","screen_name":"bularator","location":"hamburg","url":null,"description":null,"protected":false,"verified":false,"followers_count":183,"friends_count":139,"listed_count":26,"favourites_count":13,"statuses_count":22912,"created_at":"Mon Aug 24 10:37:18 +0000 2009","utc_offset":7200,"time_zone":"Bern","geo_enabled":true,"lang":"en","contributors_enabled":false,"is_translator":false,"profile_background_color":"C0DEED","profile_background_image_url":"http:\/\/abs.twimg.com\/images\/themes\/theme1\/bg.png","profile_background_image_url_https":"https:\/\/abs.twimg.com\/images\/themes\/theme1\/bg.png","profile_background_tile":false,"profile_link_color":"0084B4","profile_sidebar_border_color":"C0DEED","profile_sidebar_fill_color":"DDEEF6","profile_text_color":"333333","profile_use_background_image":true,"profile_image_url":"http:\/\/pbs.twimg.com\/profile_images\/1834134072\/1_normal.jpg","profile_image_url_https":"https:\/\/pbs.twimg.com\/profile_images\/1834134072\/1_normal.jpg","default_profile":true,"default_profile_image":false,"following":null,"follow_request_sent":null,"notifications":null},"geo":null,"coordinates":null,"place":null,"contributors":null,"retweeted_status":{"created_at":"Fri Sep 11 15:26:39 +0000 2015","id":642358602133569536,"id_str":"642358602133569536","text":"Nach langen Verhandlungen steht jetzt fest: Die #Kleiderkammer bleibt bis zum 31.12. in der Messehalle. #karohilft #HHhilft #refugeeswelcome","source":"\u003ca href=\"http:\/\/twitter.com\/download\/android\" rel=\"nofollow\"\u003eTwitter for Android\u003c\/a\u003e","truncated":false,"in_reply_to_status_id":null,"in_reply_to_status_id_str":null,"in_reply_to_user_id":null,"in_reply_to_user_id_str":null,"in_reply_to_screen_name":null,"user":{"id":3587204535,"id_str":"3587204535","name":"Refugeeswelcome20357","screen_name":"Karohilft","location":"","url":null,"description":null,"protected":false,"verified":false,"followers_count":114,"friends_count":65,"listed_count":1,"favourites_count":39,"statuses_count":54,"created_at":"Tue Sep 08 11:46:31 +0000 2015","utc_offset":null,"time_zone":null,"geo_enabled":false,"lang":"de","contributors_enabled":false,"is_translator":false,"profile_background_color":"C0DEED","profile_background_image_url":"http:\/\/abs.twimg.com\/images\/themes\/theme1\/bg.png","profile_background_image_url_https":"https:\/\/abs.twimg.com\/images\/themes\/theme1\/bg.png","profile_background_tile":false,"profile_link_color":"0084B4","profile_sidebar_border_color":"C0DEED","profile_sidebar_fill_color":"DDEEF6","profile_text_color":"333333","profile_use_background_image":true,"profile_image_url":"http:\/\/pbs.twimg.com\/profile_images\/641220193541312512\/zqOYR-Sx_normal.jpg","profile_image_url_https":"https:\/\/pbs.twimg.com\/profile_images\/641220193541312512\/zqOYR-Sx_normal.jpg","default_profile":true,"default_profile_image":false,"following":null,"follow_request_sent":null,"notifications":null},"geo":null,"coordinates":null,"place":null,"contributors":null,"retweet_count":14,"favorite_count":13,"entities":{"hashtags":[{"text":"Kleiderkammer","indices":[48,62]},{"text":"karohilft","indices":[104,114]},{"text":"HHhilft","indices":[115,123]},{"text":"refugeeswelcome","indices":[124,140]}],"trends":[],"urls":[],"user_mentions":[],"symbols":[]},"favorited":false,"retweeted":false,"possibly_sensitive":false,"filter_level":"low","lang":"de"},"retweet_count":0,"favorite_count":0,"entities":{"hashtags":[{"text":"Kleiderkammer","indices":[63,77]},{"text":"karohilft","indices":[119,129]},{"text":"HHhilft","indices":[130,138]},{"text":"refugeeswelcome","indices":[139,140]}],"trends":[],"urls":[],"user_mentions":[{"screen_name":"Karohilft","name":"Refugeeswelcome20357","id":3587204535,"id_str":"3587204535","indices":[3,13]}],"symbols":[]},"favorited":false,"retweeted":false,"possibly_sensitive":false,"filter_level":"low","lang":"de","timestamp_ms":"1442016483443"}
