{"created_at":"Thu Sep 10 20:28:56 +0000 2015","id":642072283096424448,"id_str":"642072283096424448","text":"Da sehen die Mindener Einwohner\ndass sie sich das Sitzungsgeld sparen k\u00f6nnen\n#minden #Fluechtlingskrise  https:\/\/t.co\/fcA91Z6ShN","source":"\u003ca href=\"http:\/\/twitter.com\" rel=\"nofollow\"\u003eTwitter Web Client\u003c\/a\u003e","truncated":false,"in_reply_to_status_id":null,"in_reply_to_status_id_str":null,"in_reply_to_user_id":null,"in_reply_to_user_id_str":null,"in_reply_to_screen_name":null,"user":{"id":3096791550,"id_str":"3096791550","name":"Oliver","screen_name":"OliZeit","location":"","url":null,"description":null,"protected":false,"verified":false,"followers_count":18,"friends_count":24,"listed_count":0,"favourites_count":101,"statuses_count":1088,"created_at":"Thu Mar 19 00:09:01 +0000 2015","utc_offset":null,"time_zone":null,"geo_enabled":false,"lang":"de","contributors_enabled":false,"is_translator":false,"profile_background_color":"000000","profile_background_image_url":"http:\/\/abs.twimg.com\/images\/themes\/theme1\/bg.png","profile_background_image_url_https":"https:\/\/abs.twimg.com\/images\/themes\/theme1\/bg.png","profile_background_tile":false,"profile_link_color":"0084B4","profile_sidebar_border_color":"000000","profile_sidebar_fill_color":"000000","profile_text_color":"000000","profile_use_background_image":false,"profile_image_url":"http:\/\/pbs.twimg.com\/profile_images\/578358341900070912\/FMJVy9Nk_normal.jpeg","profile_image_url_https":"https:\/\/pbs.twimg.com\/profile_images\/578358341900070912\/FMJVy9Nk_normal.jpeg","profile_banner_url":"https:\/\/pbs.twimg.com\/profile_banners\/3096791550\/1426726323","default_profile":false,"default_profile_image":false,"following":null,"follow_request_sent":null,"notifications":null},"geo":null,"coordinates":null,"place":null,"contributors":null,"quoted_status_id":642063273538514944,"quoted_status_id_str":"642063273538514944","quoted_status":{"created_at":"Thu Sep 10 19:53:08 +0000 2015","id":642063273538514944,"id_str":"642063273538514944","text":"Mindener Stadtr\u00e4te spenden Sitzungsgeld f\u00fcr heute an #Fl\u00fcchtlinge. @SvenBrandhorst: \"Meines Wissens haben alle unterschrieben.\" #Minden #NRW","source":"\u003ca href=\"http:\/\/twitter.com\" rel=\"nofollow\"\u003eTwitter Web Client\u003c\/a\u003e","truncated":false,"in_reply_to_status_id":null,"in_reply_to_status_id_str":null,"in_reply_to_user_id":null,"in_reply_to_user_id_str":null,"in_reply_to_screen_name":null,"user":{"id":75236189,"id_str":"75236189","name":"Minden in Westfalen","screen_name":"Weserstadt","location":"Minden, Region OWL, NRW","url":"http:\/\/www.weserstadt-minden.de","description":"Engagement, Soziales & Teilhabe f\u00fcr alle, #RefugeesWelcome, Soziokultur, Stadtleben, F\u00dcR #essbareStadt .. \u21d2 @Altstadt_Minden @MindenLuebbecke","protected":false,"verified":false,"followers_count":1109,"friends_count":950,"listed_count":76,"favourites_count":773,"statuses_count":14753,"created_at":"Fri Sep 18 08:53:25 +0000 2009","utc_offset":7200,"time_zone":"Berlin","geo_enabled":true,"lang":"de","contributors_enabled":false,"is_translator":false,"profile_background_color":"C6E2EE","profile_background_image_url":"http:\/\/abs.twimg.com\/images\/themes\/theme2\/bg.gif","profile_background_image_url_https":"https:\/\/abs.twimg.com\/images\/themes\/theme2\/bg.gif","profile_background_tile":false,"profile_link_color":"1F98C7","profile_sidebar_border_color":"FFFFFF","profile_sidebar_fill_color":"DAECF4","profile_text_color":"663B12","profile_use_background_image":true,"profile_image_url":"http:\/\/pbs.twimg.com\/profile_images\/510910950380015617\/4tFBbMpC_normal.jpeg","profile_image_url_https":"https:\/\/pbs.twimg.com\/profile_images\/510910950380015617\/4tFBbMpC_normal.jpeg","profile_banner_url":"https:\/\/pbs.twimg.com\/profile_banners\/75236189\/1410391517","default_profile":false,"default_profile_image":false,"following":null,"follow_request_sent":null,"notifications":null},"geo":null,"coordinates":null,"place":null,"contributors":null,"retweet_count":0,"favorite_count":0,"entities":{"hashtags":[{"text":"Fl\u00fcchtlinge","indices":[53,65]},{"text":"Minden","indices":[128,135]},{"text":"NRW","indices":[136,140]}],"trends":[],"urls":[],"user_mentions":[{"screen_name":"SvenBrandhorst","name":"Sven Brandhorst","id":27836952,"id_str":"27836952","indices":[67,82]}],"symbols":[]},"favorited":false,"retweeted":false,"possibly_sensitive":false,"filter_level":"low","lang":"de"},"retweet_count":0,"favorite_count":0,"entities":{"hashtags":[{"text":"minden","indices":[77,84]},{"text":"Fluechtlingskrise","indices":[85,103]}],"trends":[],"urls":[{"url":"https:\/\/t.co\/fcA91Z6ShN","expanded_url":"https:\/\/twitter.com\/Weserstadt\/status\/642063273538514944","display_url":"twitter.com\/Weserstadt\/sta\u2026","indices":[105,128]}],"user_mentions":[],"symbols":[]},"favorited":false,"retweeted":false,"possibly_sensitive":false,"filter_level":"low","lang":"de","timestamp_ms":"1441916936073"}
