{"created_at":"Sat Sep 12 19:52:02 +0000 2015","id":642787776392523776,"id_str":"642787776392523776","text":"RT @weidenkatzl: Wie viele heute kommen, wei\u00df niemand. \"Wir erfahren das immer sehr kurzfristig\",\n3 Tage Vorlauf WAR MAL https:\/\/t.co\/mVvu0\u2026","source":"\u003ca href=\"http:\/\/twitter.com\/download\/android\" rel=\"nofollow\"\u003eTwitter for Android\u003c\/a\u003e","truncated":false,"in_reply_to_status_id":null,"in_reply_to_status_id_str":null,"in_reply_to_user_id":null,"in_reply_to_user_id_str":null,"in_reply_to_screen_name":null,"user":{"id":1476934710,"id_str":"1476934710","name":"Michael Foeller ","screen_name":"michael_foeller","location":"","url":null,"description":null,"protected":false,"verified":false,"followers_count":13,"friends_count":43,"listed_count":2,"favourites_count":1422,"statuses_count":444,"created_at":"Sun Jun 02 10:09:19 +0000 2013","utc_offset":null,"time_zone":null,"geo_enabled":false,"lang":"de","contributors_enabled":false,"is_translator":false,"profile_background_color":"C0DEED","profile_background_image_url":"http:\/\/abs.twimg.com\/images\/themes\/theme1\/bg.png","profile_background_image_url_https":"https:\/\/abs.twimg.com\/images\/themes\/theme1\/bg.png","profile_background_tile":false,"profile_link_color":"0084B4","profile_sidebar_border_color":"C0DEED","profile_sidebar_fill_color":"DDEEF6","profile_text_color":"333333","profile_use_background_image":true,"profile_image_url":"http:\/\/abs.twimg.com\/sticky\/default_profile_images\/default_profile_6_normal.png","profile_image_url_https":"https:\/\/abs.twimg.com\/sticky\/default_profile_images\/default_profile_6_normal.png","default_profile":true,"default_profile_image":true,"following":null,"follow_request_sent":null,"notifications":null},"geo":null,"coordinates":null,"place":null,"contributors":null,"retweeted_status":{"created_at":"Sat Sep 12 17:02:18 +0000 2015","id":642745061613113344,"id_str":"642745061613113344","text":"Wie viele heute kommen, wei\u00df niemand. \"Wir erfahren das immer sehr kurzfristig\",\n3 Tage Vorlauf WAR MAL https:\/\/t.co\/mVvu0EYT4S","source":"\u003ca href=\"http:\/\/twitter.com\" rel=\"nofollow\"\u003eTwitter Web Client\u003c\/a\u003e","truncated":false,"in_reply_to_status_id":null,"in_reply_to_status_id_str":null,"in_reply_to_user_id":null,"in_reply_to_user_id_str":null,"in_reply_to_screen_name":null,"user":{"id":2941652236,"id_str":"2941652236","name":"Anton Heideman","screen_name":"weidenkatzl","location":"Schwarzwald \/ Alemania","url":null,"description":"ICQ Fan - Musik, Politik, Natur, Filmkunst,  Non-Mainstream,   . too old to rock`n roll, to young to die. RT are RT - not more !","protected":false,"verified":false,"followers_count":1381,"friends_count":1438,"listed_count":109,"favourites_count":9110,"statuses_count":51806,"created_at":"Fri Dec 26 02:05:53 +0000 2014","utc_offset":7200,"time_zone":"Paris","geo_enabled":false,"lang":"de","contributors_enabled":false,"is_translator":false,"profile_background_color":"000000","profile_background_image_url":"http:\/\/abs.twimg.com\/images\/themes\/theme1\/bg.png","profile_background_image_url_https":"https:\/\/abs.twimg.com\/images\/themes\/theme1\/bg.png","profile_background_tile":false,"profile_link_color":"9266CC","profile_sidebar_border_color":"000000","profile_sidebar_fill_color":"000000","profile_text_color":"000000","profile_use_background_image":false,"profile_image_url":"http:\/\/pbs.twimg.com\/profile_images\/549773768680144897\/f4yd247l_normal.jpeg","profile_image_url_https":"https:\/\/pbs.twimg.com\/profile_images\/549773768680144897\/f4yd247l_normal.jpeg","default_profile":false,"default_profile_image":false,"following":null,"follow_request_sent":null,"notifications":null},"geo":null,"coordinates":null,"place":null,"contributors":null,"quoted_status_id":641985751421353985,"quoted_status_id_str":"641985751421353985","quoted_status":{"created_at":"Thu Sep 10 14:45:05 +0000 2015","id":641985751421353985,"id_str":"641985751421353985","text":"Rund 1600 Fl\u00fcchtlinge leben auf dem Kasernengel\u00e4nde in Spandau. Spartanisch, doch mit viel Hilfe. Ein Ortsbesuch. http:\/\/t.co\/kLC7REEKiu","source":"\u003ca href=\"https:\/\/about.twitter.com\/products\/tweetdeck\" rel=\"nofollow\"\u003eTweetDeck\u003c\/a\u003e","truncated":false,"in_reply_to_status_id":null,"in_reply_to_status_id_str":null,"in_reply_to_user_id":null,"in_reply_to_user_id_str":null,"in_reply_to_screen_name":null,"user":{"id":19240255,"id_str":"19240255","name":"Berliner Morgenpost","screen_name":"morgenpost","location":"Berlin","url":"http:\/\/www.morgenpost.de","description":"Nachrichten + Neuigkeiten aus dem Newsroom in Berlin. \r\nAuch hier: http:\/\/t.co\/JsK11Hojf5                 \r\nImpressum: http:\/\/t.co\/FcpByVJjDb","protected":false,"verified":true,"followers_count":109447,"friends_count":384,"listed_count":1743,"favourites_count":1353,"statuses_count":62646,"created_at":"Tue Jan 20 15:12:57 +0000 2009","utc_offset":7200,"time_zone":"Berlin","geo_enabled":true,"lang":"de","contributors_enabled":false,"is_translator":false,"profile_background_color":"FFFFFF","profile_background_image_url":"http:\/\/pbs.twimg.com\/profile_background_images\/777432123\/f7e32e7e980c74a11ab7c08a46f7e34a.jpeg","profile_background_image_url_https":"https:\/\/pbs.twimg.com\/profile_background_images\/777432123\/f7e32e7e980c74a11ab7c08a46f7e34a.jpeg","profile_background_tile":false,"profile_link_color":"61BA6E","profile_sidebar_border_color":"FFFFFF","profile_sidebar_fill_color":"B9CAC2","profile_text_color":"333333","profile_use_background_image":true,"profile_image_url":"http:\/\/pbs.twimg.com\/profile_images\/1118278022\/BM_Twitter_Profil_neu_normal.png","profile_image_url_https":"https:\/\/pbs.twimg.com\/profile_images\/1118278022\/BM_Twitter_Profil_neu_normal.png","profile_banner_url":"https:\/\/pbs.twimg.com\/profile_banners\/19240255\/1410940405","default_profile":false,"default_profile_image":false,"following":null,"follow_request_sent":null,"notifications":null},"geo":null,"coordinates":null,"place":null,"contributors":null,"retweet_count":0,"favorite_count":0,"entities":{"hashtags":[],"trends":[],"urls":[{"url":"http:\/\/t.co\/kLC7REEKiu","expanded_url":"http:\/\/www.morgenpost.de\/205656403","display_url":"morgenpost.de\/205656403","indices":[114,136]}],"user_mentions":[],"symbols":[]},"favorited":false,"retweeted":false,"possibly_sensitive":false,"filter_level":"low","lang":"de"},"retweet_count":2,"favorite_count":1,"entities":{"hashtags":[],"trends":[],"urls":[{"url":"https:\/\/t.co\/mVvu0EYT4S","expanded_url":"https:\/\/twitter.com\/morgenpost\/status\/641985751421353985","display_url":"twitter.com\/morgenpost\/sta\u2026","indices":[104,127]}],"user_mentions":[],"symbols":[]},"favorited":false,"retweeted":false,"possibly_sensitive":false,"filter_level":"low","lang":"de"},"retweet_count":0,"favorite_count":0,"entities":{"hashtags":[],"trends":[],"urls":[{"url":"https:\/\/t.co\/mVvu0EYT4S","expanded_url":"https:\/\/twitter.com\/morgenpost\/status\/641985751421353985","display_url":"twitter.com\/morgenpost\/sta\u2026","indices":[121,140]}],"user_mentions":[{"screen_name":"weidenkatzl","name":"Anton Heideman","id":2941652236,"id_str":"2941652236","indices":[3,15]}],"symbols":[]},"favorited":false,"retweeted":false,"possibly_sensitive":false,"filter_level":"low","lang":"de","timestamp_ms":"1442087522968"}
