{"created_at":"Sat Sep 12 19:53:27 +0000 2015","id":642788130966380544,"id_str":"642788130966380544","text":"RT @CansuOezdemir: T\u00fcrkei - Oppositionelle marschieren in abgeschnittene Stadt http:\/\/t.co\/nqaveZ7nWM via @welt","source":"\u003ca href=\"http:\/\/twitter.com\" rel=\"nofollow\"\u003eTwitter Web Client\u003c\/a\u003e","truncated":false,"in_reply_to_status_id":null,"in_reply_to_status_id_str":null,"in_reply_to_user_id":null,"in_reply_to_user_id_str":null,"in_reply_to_screen_name":null,"user":{"id":467658132,"id_str":"467658132","name":"CKaupmann","screen_name":"Chriskaupmann","location":"","url":null,"description":null,"protected":false,"verified":false,"followers_count":34,"friends_count":90,"listed_count":4,"favourites_count":10,"statuses_count":5414,"created_at":"Wed Jan 18 18:15:40 +0000 2012","utc_offset":null,"time_zone":null,"geo_enabled":false,"lang":"de","contributors_enabled":false,"is_translator":false,"profile_background_color":"C0DEED","profile_background_image_url":"http:\/\/abs.twimg.com\/images\/themes\/theme1\/bg.png","profile_background_image_url_https":"https:\/\/abs.twimg.com\/images\/themes\/theme1\/bg.png","profile_background_tile":false,"profile_link_color":"0084B4","profile_sidebar_border_color":"C0DEED","profile_sidebar_fill_color":"DDEEF6","profile_text_color":"333333","profile_use_background_image":true,"profile_image_url":"http:\/\/abs.twimg.com\/sticky\/default_profile_images\/default_profile_4_normal.png","profile_image_url_https":"https:\/\/abs.twimg.com\/sticky\/default_profile_images\/default_profile_4_normal.png","default_profile":true,"default_profile_image":true,"following":null,"follow_request_sent":null,"notifications":null},"geo":null,"coordinates":null,"place":null,"contributors":null,"retweeted_status":{"created_at":"Fri Sep 11 07:57:23 +0000 2015","id":642245537698344960,"id_str":"642245537698344960","text":"T\u00fcrkei - Oppositionelle marschieren in abgeschnittene Stadt http:\/\/t.co\/nqaveZ7nWM via @welt","source":"\u003ca href=\"http:\/\/mobile.twitter.com\" rel=\"nofollow\"\u003eMobile Web\u003c\/a\u003e","truncated":false,"in_reply_to_status_id":null,"in_reply_to_status_id_str":null,"in_reply_to_user_id":null,"in_reply_to_user_id_str":null,"in_reply_to_screen_name":null,"user":{"id":501663381,"id_str":"501663381","name":"Cansu \u00d6zdemir","screen_name":"CansuOezdemir","location":"Hamburg, Deutschland","url":"http:\/\/www.linksfraktion-hamburg.de\/fraktion\/abgeordnete\/cansu_oezdemir\/","description":"Co-Vorsitzende Fraktion DIE LINKE in Hamburg | Studentin\n | Sol Parti Hamburg Meclis grubu e\u015f ba\u015fkan\u0131 | \u00dcniversite \u00f6\u011frencisi","protected":false,"verified":false,"followers_count":2871,"friends_count":1097,"listed_count":53,"favourites_count":811,"statuses_count":2124,"created_at":"Fri Feb 24 10:51:00 +0000 2012","utc_offset":7200,"time_zone":"Amsterdam","geo_enabled":false,"lang":"de","contributors_enabled":false,"is_translator":false,"profile_background_color":"38130B","profile_background_image_url":"http:\/\/pbs.twimg.com\/profile_background_images\/821145244\/312c2838289ccd707a9d7f0423cacab2.jpeg","profile_background_image_url_https":"https:\/\/pbs.twimg.com\/profile_background_images\/821145244\/312c2838289ccd707a9d7f0423cacab2.jpeg","profile_background_tile":true,"profile_link_color":"802E2C","profile_sidebar_border_color":"FFFFFF","profile_sidebar_fill_color":"DDEEF6","profile_text_color":"333333","profile_use_background_image":true,"profile_image_url":"http:\/\/pbs.twimg.com\/profile_images\/630534996986593280\/Ogkh0Wfe_normal.jpg","profile_image_url_https":"https:\/\/pbs.twimg.com\/profile_images\/630534996986593280\/Ogkh0Wfe_normal.jpg","profile_banner_url":"https:\/\/pbs.twimg.com\/profile_banners\/501663381\/1435668002","default_profile":false,"default_profile_image":false,"following":null,"follow_request_sent":null,"notifications":null},"geo":null,"coordinates":null,"place":null,"contributors":null,"retweet_count":5,"favorite_count":2,"entities":{"hashtags":[],"trends":[],"urls":[{"url":"http:\/\/t.co\/nqaveZ7nWM","expanded_url":"http:\/\/www.welt.de\/politik\/ausland\/article146255931\/Oppositionelle-marschieren-in-abgeschnittene-Stadt.html","display_url":"welt.de\/politik\/auslan\u2026","indices":[60,82]}],"user_mentions":[{"screen_name":"welt","name":"DIE WELT","id":8720562,"id_str":"8720562","indices":[87,92]}],"symbols":[]},"favorited":false,"retweeted":false,"possibly_sensitive":false,"filter_level":"low","lang":"de"},"retweet_count":0,"favorite_count":0,"entities":{"hashtags":[],"trends":[],"urls":[{"url":"http:\/\/t.co\/nqaveZ7nWM","expanded_url":"http:\/\/www.welt.de\/politik\/ausland\/article146255931\/Oppositionelle-marschieren-in-abgeschnittene-Stadt.html","display_url":"welt.de\/politik\/auslan\u2026","indices":[79,101]}],"user_mentions":[{"screen_name":"CansuOezdemir","name":"Cansu \u00d6zdemir","id":501663381,"id_str":"501663381","indices":[3,17]},{"screen_name":"welt","name":"DIE WELT","id":8720562,"id_str":"8720562","indices":[106,111]}],"symbols":[]},"favorited":false,"retweeted":false,"possibly_sensitive":false,"filter_level":"low","lang":"de","timestamp_ms":"1442087607505"}
