{"created_at":"Sat Sep 12 19:52:31 +0000 2015","id":642787897305862146,"id_str":"642787897305862146","text":"#Fluechtlingskrise Die Lage spitzt sich in #M\u00fcnchen heute Abend zu.  http:\/\/t.co\/2c52UMTP42","source":"\u003ca href=\"http:\/\/mobile.twitter.com\" rel=\"nofollow\"\u003eMobile Web\u003c\/a\u003e","truncated":false,"in_reply_to_status_id":null,"in_reply_to_status_id_str":null,"in_reply_to_user_id":null,"in_reply_to_user_id_str":null,"in_reply_to_screen_name":null,"user":{"id":1693645183,"id_str":"1693645183","name":"Thierry Sordello","screen_name":"ThierrySordello","location":"Baviere, Muenchner Land","url":null,"description":"Entendre. Ecouter. Comprendre. Etre d'accord, ou pas.\r\nH\u00f6ren. Zuh\u00f6ren. Verstehen. Einverstanden sein, oder nicht.","protected":false,"verified":false,"followers_count":5184,"friends_count":5055,"listed_count":128,"favourites_count":4,"statuses_count":14937,"created_at":"Fri Aug 23 11:43:15 +0000 2013","utc_offset":7200,"time_zone":"Paris","geo_enabled":false,"lang":"fr","contributors_enabled":false,"is_translator":false,"profile_background_color":"C0DEED","profile_background_image_url":"http:\/\/abs.twimg.com\/images\/themes\/theme1\/bg.png","profile_background_image_url_https":"https:\/\/abs.twimg.com\/images\/themes\/theme1\/bg.png","profile_background_tile":false,"profile_link_color":"0084B4","profile_sidebar_border_color":"C0DEED","profile_sidebar_fill_color":"DDEEF6","profile_text_color":"333333","profile_use_background_image":true,"profile_image_url":"http:\/\/pbs.twimg.com\/profile_images\/464868230025457665\/FCE_AFg-_normal.jpeg","profile_image_url_https":"https:\/\/pbs.twimg.com\/profile_images\/464868230025457665\/FCE_AFg-_normal.jpeg","profile_banner_url":"https:\/\/pbs.twimg.com\/profile_banners\/1693645183\/1403106844","default_profile":true,"default_profile_image":false,"following":null,"follow_request_sent":null,"notifications":null},"geo":null,"coordinates":null,"place":null,"contributors":null,"retweet_count":0,"favorite_count":0,"entities":{"hashtags":[{"text":"Fluechtlingskrise","indices":[0,18]},{"text":"M\u00fcnchen","indices":[43,51]}],"trends":[],"urls":[{"url":"http:\/\/t.co\/2c52UMTP42","expanded_url":"http:\/\/www.sueddeutsche.de\/news\/politik\/migration-fluechtlingskrise-spitzt-sich-zu-dpa.urn-newsml-dpa-com-20090101-150912-99-02327","display_url":"sueddeutsche.de\/news\/politik\/m\u2026","indices":[69,91]}],"user_mentions":[],"symbols":[]},"favorited":false,"retweeted":false,"possibly_sensitive":false,"filter_level":"low","lang":"de","timestamp_ms":"1442087551796"}
