{"created_at":"Thu Sep 10 20:29:00 +0000 2015","id":642072301723353089,"id_str":"642072301723353089","text":"RT @pesterlloyd: #Ungarn #Fl\u00fcchtlinge Foto des Tages 2\/2: Fl\u00fcchtlingskind bietet Polizei Kekse an http:\/\/t.co\/GQ7M23K8q6 http:\/\/t.co\/349Lw1\u2026","source":"\u003ca href=\"http:\/\/twitter.com\/download\/android\" rel=\"nofollow\"\u003eTwitter for Android\u003c\/a\u003e","truncated":false,"in_reply_to_status_id":null,"in_reply_to_status_id_str":null,"in_reply_to_user_id":null,"in_reply_to_user_id_str":null,"in_reply_to_screen_name":null,"user":{"id":3091003138,"id_str":"3091003138","name":"mexLongwhyla","screen_name":"kanzleramtsmann","location":"\u05d0\u05d9\u05df \u05e1\u05d5\u05e3 \u05d0\u05d5\u05e8","url":null,"description":"zeitzeuge","protected":false,"verified":false,"followers_count":156,"friends_count":153,"listed_count":58,"favourites_count":524,"statuses_count":19824,"created_at":"Fri Mar 13 09:33:00 +0000 2015","utc_offset":7200,"time_zone":"Belgrade","geo_enabled":false,"lang":"de","contributors_enabled":false,"is_translator":false,"profile_background_color":"C0DEED","profile_background_image_url":"http:\/\/abs.twimg.com\/images\/themes\/theme1\/bg.png","profile_background_image_url_https":"https:\/\/abs.twimg.com\/images\/themes\/theme1\/bg.png","profile_background_tile":false,"profile_link_color":"0084B4","profile_sidebar_border_color":"C0DEED","profile_sidebar_fill_color":"DDEEF6","profile_text_color":"333333","profile_use_background_image":true,"profile_image_url":"http:\/\/pbs.twimg.com\/profile_images\/606844153247449088\/U935ggG4_normal.jpg","profile_image_url_https":"https:\/\/pbs.twimg.com\/profile_images\/606844153247449088\/U935ggG4_normal.jpg","profile_banner_url":"https:\/\/pbs.twimg.com\/profile_banners\/3091003138\/1441905586","default_profile":true,"default_profile_image":false,"following":null,"follow_request_sent":null,"notifications":null},"geo":null,"coordinates":null,"place":null,"contributors":null,"retweeted_status":{"created_at":"Tue Sep 08 18:35:02 +0000 2015","id":641318846230609921,"id_str":"641318846230609921","text":"#Ungarn #Fl\u00fcchtlinge Foto des Tages 2\/2: Fl\u00fcchtlingskind bietet Polizei Kekse an http:\/\/t.co\/GQ7M23K8q6 http:\/\/t.co\/349Lw1gldg","source":"\u003ca href=\"http:\/\/twitter.com\" rel=\"nofollow\"\u003eTwitter Web Client\u003c\/a\u003e","truncated":false,"in_reply_to_status_id":null,"in_reply_to_status_id_str":null,"in_reply_to_user_id":null,"in_reply_to_user_id_str":null,"in_reply_to_screen_name":null,"user":{"id":47963704,"id_str":"47963704","name":"Pester Lloyd ","screen_name":"pesterlloyd","location":"Budapest - Vienna - Berlin","url":"http:\/\/www.pesterlloyd.net","description":"Tagesaktuelle Nachrichten aus Ungarn \/ News on Hungary and Eastern Europe \/ Die deutschsprachige Zeitung f\u00fcr Ungarn und Osteuropa","protected":false,"verified":false,"followers_count":1554,"friends_count":1659,"listed_count":81,"favourites_count":15,"statuses_count":6483,"created_at":"Wed Jun 17 13:44:16 +0000 2009","utc_offset":-7200,"time_zone":"Greenland","geo_enabled":false,"lang":"en","contributors_enabled":false,"is_translator":false,"profile_background_color":"EBEBEB","profile_background_image_url":"http:\/\/pbs.twimg.com\/profile_background_images\/21894616\/chronik_left_line.gif","profile_background_image_url_https":"https:\/\/pbs.twimg.com\/profile_background_images\/21894616\/chronik_left_line.gif","profile_background_tile":true,"profile_link_color":"990000","profile_sidebar_border_color":"DFDFDF","profile_sidebar_fill_color":"F3F3F3","profile_text_color":"333333","profile_use_background_image":true,"profile_image_url":"http:\/\/pbs.twimg.com\/profile_images\/271403635\/pl_rolle__Custom___6__normal.jpg","profile_image_url_https":"https:\/\/pbs.twimg.com\/profile_images\/271403635\/pl_rolle__Custom___6__normal.jpg","default_profile":false,"default_profile_image":false,"following":null,"follow_request_sent":null,"notifications":null},"geo":null,"coordinates":null,"place":null,"contributors":null,"retweet_count":64,"favorite_count":63,"entities":{"hashtags":[{"text":"Ungarn","indices":[0,7]},{"text":"Fl\u00fcchtlinge","indices":[8,20]}],"trends":[],"urls":[{"url":"http:\/\/t.co\/GQ7M23K8q6","expanded_url":"http:\/\/www.pesterlloyd.net\/html\/153newsticker2.html","display_url":"pesterlloyd.net\/html\/153newsti\u2026","indices":[81,103]}],"user_mentions":[],"symbols":[],"media":[{"id":641318845307817984,"id_str":"641318845307817984","indices":[104,126],"media_url":"http:\/\/pbs.twimg.com\/media\/COZsF4pWEAAEGEq.jpg","media_url_https":"https:\/\/pbs.twimg.com\/media\/COZsF4pWEAAEGEq.jpg","url":"http:\/\/t.co\/349Lw1gldg","display_url":"pic.twitter.com\/349Lw1gldg","expanded_url":"http:\/\/twitter.com\/pesterlloyd\/status\/641318846230609921\/photo\/1","type":"photo","sizes":{"large":{"w":405,"h":471,"resize":"fit"},"medium":{"w":405,"h":471,"resize":"fit"},"thumb":{"w":150,"h":150,"resize":"crop"},"small":{"w":340,"h":395,"resize":"fit"}}}]},"extended_entities":{"media":[{"id":641318845307817984,"id_str":"641318845307817984","indices":[104,126],"media_url":"http:\/\/pbs.twimg.com\/media\/COZsF4pWEAAEGEq.jpg","media_url_https":"https:\/\/pbs.twimg.com\/media\/COZsF4pWEAAEGEq.jpg","url":"http:\/\/t.co\/349Lw1gldg","display_url":"pic.twitter.com\/349Lw1gldg","expanded_url":"http:\/\/twitter.com\/pesterlloyd\/status\/641318846230609921\/photo\/1","type":"photo","sizes":{"large":{"w":405,"h":471,"resize":"fit"},"medium":{"w":405,"h":471,"resize":"fit"},"thumb":{"w":150,"h":150,"resize":"crop"},"small":{"w":340,"h":395,"resize":"fit"}}}]},"favorited":false,"retweeted":false,"possibly_sensitive":false,"filter_level":"low","lang":"de"},"retweet_count":0,"favorite_count":0,"entities":{"hashtags":[{"text":"Ungarn","indices":[17,24]},{"text":"Fl\u00fcchtlinge","indices":[25,37]}],"trends":[],"urls":[{"url":"http:\/\/t.co\/GQ7M23K8q6","expanded_url":"http:\/\/www.pesterlloyd.net\/html\/153newsticker2.html","display_url":"pesterlloyd.net\/html\/153newsti\u2026","indices":[98,120]}],"user_mentions":[{"screen_name":"pesterlloyd","name":"Pester Lloyd ","id":47963704,"id_str":"47963704","indices":[3,15]}],"symbols":[],"media":[{"id":641318845307817984,"id_str":"641318845307817984","indices":[121,140],"media_url":"http:\/\/pbs.twimg.com\/media\/COZsF4pWEAAEGEq.jpg","media_url_https":"https:\/\/pbs.twimg.com\/media\/COZsF4pWEAAEGEq.jpg","url":"http:\/\/t.co\/349Lw1gldg","display_url":"pic.twitter.com\/349Lw1gldg","expanded_url":"http:\/\/twitter.com\/pesterlloyd\/status\/641318846230609921\/photo\/1","type":"photo","sizes":{"large":{"w":405,"h":471,"resize":"fit"},"medium":{"w":405,"h":471,"resize":"fit"},"thumb":{"w":150,"h":150,"resize":"crop"},"small":{"w":340,"h":395,"resize":"fit"}},"source_status_id":641318846230609921,"source_status_id_str":"641318846230609921"}]},"extended_entities":{"media":[{"id":641318845307817984,"id_str":"641318845307817984","indices":[121,140],"media_url":"http:\/\/pbs.twimg.com\/media\/COZsF4pWEAAEGEq.jpg","media_url_https":"https:\/\/pbs.twimg.com\/media\/COZsF4pWEAAEGEq.jpg","url":"http:\/\/t.co\/349Lw1gldg","display_url":"pic.twitter.com\/349Lw1gldg","expanded_url":"http:\/\/twitter.com\/pesterlloyd\/status\/641318846230609921\/photo\/1","type":"photo","sizes":{"large":{"w":405,"h":471,"resize":"fit"},"medium":{"w":405,"h":471,"resize":"fit"},"thumb":{"w":150,"h":150,"resize":"crop"},"small":{"w":340,"h":395,"resize":"fit"}},"source_status_id":641318846230609921,"source_status_id_str":"641318846230609921"}]},"favorited":false,"retweeted":false,"possibly_sensitive":false,"filter_level":"low","lang":"de","timestamp_ms":"1441916940514"}
