{"created_at":"Thu Sep 10 20:20:44 +0000 2015","id":642070222774661125,"id_str":"642070222774661125","text":"#zib2 #herrmann\n\nAuch die bayrische Politik ist falsch beraten. Mit einer solchen Meinung wird politisch der rechte Rand bedient. Unfassbar!","source":"\u003ca href=\"http:\/\/twitter.com\/#!\/download\/ipad\" rel=\"nofollow\"\u003eTwitter for iPad\u003c\/a\u003e","truncated":false,"in_reply_to_status_id":null,"in_reply_to_status_id_str":null,"in_reply_to_user_id":null,"in_reply_to_user_id_str":null,"in_reply_to_screen_name":null,"user":{"id":3381588196,"id_str":"3381588196","name":"Elmar Baumbein","screen_name":"baumbein","location":"New Horizons","url":null,"description":"Ota-King hat Zukunft","protected":false,"verified":false,"followers_count":62,"friends_count":479,"listed_count":5,"favourites_count":12,"statuses_count":712,"created_at":"Sat Jul 18 10:09:45 +0000 2015","utc_offset":null,"time_zone":null,"geo_enabled":false,"lang":"de","contributors_enabled":false,"is_translator":false,"profile_background_color":"C0DEED","profile_background_image_url":"http:\/\/abs.twimg.com\/images\/themes\/theme1\/bg.png","profile_background_image_url_https":"https:\/\/abs.twimg.com\/images\/themes\/theme1\/bg.png","profile_background_tile":false,"profile_link_color":"0084B4","profile_sidebar_border_color":"C0DEED","profile_sidebar_fill_color":"DDEEF6","profile_text_color":"333333","profile_use_background_image":true,"profile_image_url":"http:\/\/pbs.twimg.com\/profile_images\/641874164295565312\/7t5ckAYe_normal.jpg","profile_image_url_https":"https:\/\/pbs.twimg.com\/profile_images\/641874164295565312\/7t5ckAYe_normal.jpg","profile_banner_url":"https:\/\/pbs.twimg.com\/profile_banners\/3381588196\/1441869406","default_profile":true,"default_profile_image":false,"following":null,"follow_request_sent":null,"notifications":null},"geo":null,"coordinates":null,"place":null,"contributors":null,"retweet_count":0,"favorite_count":0,"entities":{"hashtags":[{"text":"zib2","indices":[0,5]},{"text":"herrmann","indices":[6,15]}],"trends":[],"urls":[],"user_mentions":[],"symbols":[]},"favorited":false,"retweeted":false,"possibly_sensitive":false,"filter_level":"low","lang":"de","timestamp_ms":"1441916444854"}
