{"created_at":"Fri Sep 11 23:43:50 +0000 2015","id":642483721728303104,"id_str":"642483721728303104","text":"Angela Merkel macht Politik?\n\n#domian","source":"\u003ca href=\"http:\/\/twitter.com\/download\/android\" rel=\"nofollow\"\u003eTwitter for Android\u003c\/a\u003e","truncated":false,"in_reply_to_status_id":null,"in_reply_to_status_id_str":null,"in_reply_to_user_id":null,"in_reply_to_user_id_str":null,"in_reply_to_screen_name":null,"user":{"id":1373279124,"id_str":"1373279124","name":"Sebastian Braum","screen_name":"S_Braum","location":"Hessen","url":null,"description":"Ich bin weder links noch rechts, sondern mittig. Wie ein Arschloch.","protected":false,"verified":false,"followers_count":199,"friends_count":69,"listed_count":16,"favourites_count":80478,"statuses_count":27818,"created_at":"Mon Apr 22 23:02:28 +0000 2013","utc_offset":7200,"time_zone":"Amsterdam","geo_enabled":true,"lang":"de","contributors_enabled":false,"is_translator":false,"profile_background_color":"0099B9","profile_background_image_url":"http:\/\/abs.twimg.com\/images\/themes\/theme4\/bg.gif","profile_background_image_url_https":"https:\/\/abs.twimg.com\/images\/themes\/theme4\/bg.gif","profile_background_tile":false,"profile_link_color":"0099B9","profile_sidebar_border_color":"5ED4DC","profile_sidebar_fill_color":"95E8EC","profile_text_color":"3C3940","profile_use_background_image":true,"profile_image_url":"http:\/\/pbs.twimg.com\/profile_images\/560423208135163904\/hd0e2Ls9_normal.jpeg","profile_image_url_https":"https:\/\/pbs.twimg.com\/profile_images\/560423208135163904\/hd0e2Ls9_normal.jpeg","default_profile":false,"default_profile_image":false,"following":null,"follow_request_sent":null,"notifications":null},"geo":null,"coordinates":null,"place":null,"contributors":null,"retweet_count":0,"favorite_count":0,"entities":{"hashtags":[{"text":"domian","indices":[30,37]}],"trends":[],"urls":[],"user_mentions":[],"symbols":[]},"favorited":false,"retweeted":false,"possibly_sensitive":false,"filter_level":"low","lang":"de","timestamp_ms":"1442015030687"}
