{"created_at":"Thu Sep 10 20:23:04 +0000 2015","id":642070808693768192,"id_str":"642070808693768192","text":"Merkel gibt Nachhilfe in Populismus -\nmediengerechter Auftritt bei den Fl\u00fcchtlingen \nnach dem langem Wegsehen und Totstellen ...\n*Politik*","source":"\u003ca href=\"http:\/\/twitter.com\/download\/android\" rel=\"nofollow\"\u003eTwitter for Android\u003c\/a\u003e","truncated":false,"in_reply_to_status_id":null,"in_reply_to_status_id_str":null,"in_reply_to_user_id":null,"in_reply_to_user_id_str":null,"in_reply_to_screen_name":null,"user":{"id":191521471,"id_str":"191521471","name":"n\u0456emand","screen_name":"silberSchopf","location":"Hamburg","url":"http:\/\/bernd-moeller.blogspot.de\/","description":"meiste Zeit stiller Leser - aber mitunter auch vorlaut und frech ...","protected":false,"verified":false,"followers_count":788,"friends_count":645,"listed_count":43,"favourites_count":81144,"statuses_count":4651,"created_at":"Thu Sep 16 17:18:43 +0000 2010","utc_offset":7200,"time_zone":"Bern","geo_enabled":true,"lang":"de","contributors_enabled":false,"is_translator":false,"profile_background_color":"C0DEED","profile_background_image_url":"http:\/\/pbs.twimg.com\/profile_background_images\/628738691624775680\/50PnNhpT.png","profile_background_image_url_https":"https:\/\/pbs.twimg.com\/profile_background_images\/628738691624775680\/50PnNhpT.png","profile_background_tile":false,"profile_link_color":"000000","profile_sidebar_border_color":"000000","profile_sidebar_fill_color":"DDEEF6","profile_text_color":"333333","profile_use_background_image":false,"profile_image_url":"http:\/\/pbs.twimg.com\/profile_images\/639207471840686080\/oqxxQ6xn_normal.jpg","profile_image_url_https":"https:\/\/pbs.twimg.com\/profile_images\/639207471840686080\/oqxxQ6xn_normal.jpg","profile_banner_url":"https:\/\/pbs.twimg.com\/profile_banners\/191521471\/1441205311","default_profile":false,"default_profile_image":false,"following":null,"follow_request_sent":null,"notifications":null},"geo":null,"coordinates":null,"place":null,"contributors":null,"retweet_count":0,"favorite_count":0,"entities":{"hashtags":[],"trends":[],"urls":[],"user_mentions":[],"symbols":[]},"favorited":false,"retweeted":false,"possibly_sensitive":false,"filter_level":"low","lang":"de","timestamp_ms":"1441916584548"}
