{"created_at":"Thu Sep 10 20:24:28 +0000 2015","id":642071159773728768,"id_str":"642071159773728768","text":"&gt;hass wird von politik vorgelebt, z.b. schwulen- u. polit.exper. motivierter hass in geheimakten=!&lt;http:\/\/t.co\/8VLA8dFFdO via @SPIEGELONLINE","source":"\u003ca href=\"http:\/\/mobile.twitter.com\" rel=\"nofollow\"\u003eMobile Web\u003c\/a\u003e","truncated":false,"in_reply_to_status_id":null,"in_reply_to_status_id_str":null,"in_reply_to_user_id":null,"in_reply_to_user_id_str":null,"in_reply_to_screen_name":null,"user":{"id":357631801,"id_str":"357631801","name":"kevin montany","screen_name":"kevinmontany","location":"br-deutschland","url":"http:\/\/www.montany.de","description":"http:\/\/www.montany.de","protected":false,"verified":false,"followers_count":8,"friends_count":17,"listed_count":0,"favourites_count":4,"statuses_count":2601,"created_at":"Thu Aug 18 17:29:40 +0000 2011","utc_offset":-7200,"time_zone":"Greenland","geo_enabled":false,"lang":"de","contributors_enabled":false,"is_translator":false,"profile_background_color":"14204F","profile_background_image_url":"http:\/\/pbs.twimg.com\/profile_background_images\/314394651\/ich2.jpg","profile_background_image_url_https":"https:\/\/pbs.twimg.com\/profile_background_images\/314394651\/ich2.jpg","profile_background_tile":true,"profile_link_color":"DCF9FA","profile_sidebar_border_color":"284F1B","profile_sidebar_fill_color":"282E0E","profile_text_color":"EB46EB","profile_use_background_image":false,"profile_image_url":"http:\/\/pbs.twimg.com\/profile_images\/1502112163\/kevmon_normal.jpg","profile_image_url_https":"https:\/\/pbs.twimg.com\/profile_images\/1502112163\/kevmon_normal.jpg","default_profile":false,"default_profile_image":false,"following":null,"follow_request_sent":null,"notifications":null},"geo":null,"coordinates":null,"place":null,"contributors":null,"retweet_count":0,"favorite_count":0,"entities":{"hashtags":[],"trends":[],"urls":[{"url":"http:\/\/t.co\/8VLA8dFFdO","expanded_url":"http:\/\/spon.de\/aezVY","display_url":"spon.de\/aezVY","indices":[105,127]}],"user_mentions":[{"screen_name":"SPIEGELONLINE","name":"SPIEGEL ONLINE","id":2834511,"id_str":"2834511","indices":[132,146]}],"symbols":[]},"favorited":false,"retweeted":false,"possibly_sensitive":false,"filter_level":"low","lang":"de","timestamp_ms":"1441916668252"}
