{"created_at":"Sat Sep 12 00:14:24 +0000 2015","id":642491412106342400,"id_str":"642491412106342400","text":"F\u00fcr morgen 8 Uhr keine Helfer_innen mehr gesucht! Danke f\u00fcr den gro\u00dfen Andrang - ihr seid spitze! #Westbahnhof #RefugeesWelcome","source":"\u003ca href=\"http:\/\/twitter.com\" rel=\"nofollow\"\u003eTwitter Web Client\u003c\/a\u003e","truncated":false,"in_reply_to_status_id":null,"in_reply_to_status_id_str":null,"in_reply_to_user_id":null,"in_reply_to_user_id_str":null,"in_reply_to_screen_name":null,"user":{"id":3575974395,"id_str":"3575974395","name":"Westbhf Volunteers","screen_name":"WEST_Vie","location":"Westbahnhof Wien Bahnsteig 8","url":"https:\/\/www.facebook.com\/pages\/Westbhf-Volunteers\/136759956670536?notif_t=page_new_likes","description":"Wir sind eine Gruppe freiwilliger HelferInnen am Wiener Westbahnhof bei Bahnsteig 8 und sammeln Spenden, um Zugtickets f\u00fcr Refugees zu kaufen. #RefugeesWelcome","protected":false,"verified":false,"followers_count":651,"friends_count":93,"listed_count":9,"favourites_count":105,"statuses_count":198,"created_at":"Mon Sep 07 10:39:24 +0000 2015","utc_offset":null,"time_zone":null,"geo_enabled":false,"lang":"de","contributors_enabled":false,"is_translator":false,"profile_background_color":"000000","profile_background_image_url":"http:\/\/abs.twimg.com\/images\/themes\/theme1\/bg.png","profile_background_image_url_https":"https:\/\/abs.twimg.com\/images\/themes\/theme1\/bg.png","profile_background_tile":false,"profile_link_color":"4A913C","profile_sidebar_border_color":"000000","profile_sidebar_fill_color":"000000","profile_text_color":"000000","profile_use_background_image":false,"profile_image_url":"http:\/\/pbs.twimg.com\/profile_images\/640912959057727488\/RURx1oY6_normal.jpg","profile_image_url_https":"https:\/\/pbs.twimg.com\/profile_images\/640912959057727488\/RURx1oY6_normal.jpg","profile_banner_url":"https:\/\/pbs.twimg.com\/profile_banners\/3575974395\/1441640557","default_profile":false,"default_profile_image":false,"following":null,"follow_request_sent":null,"notifications":null},"geo":null,"coordinates":null,"place":null,"contributors":null,"retweet_count":0,"favorite_count":0,"entities":{"hashtags":[{"text":"Westbahnhof","indices":[98,110]},{"text":"RefugeesWelcome","indices":[111,127]}],"trends":[],"urls":[],"user_mentions":[],"symbols":[]},"favorited":false,"retweeted":false,"possibly_sensitive":false,"filter_level":"low","lang":"de","timestamp_ms":"1442016864216"}
