{"created_at":"Thu Sep 10 20:29:11 +0000 2015","id":642072347944570880,"id_str":"642072347944570880","text":"RT @ZDFheute: #D\u00e4nemark hat Zugverkehr nach #Deutschland wieder aufgenommen. An Bord des ersten Zugs waren rund 50 #Fl\u00fcchtlinge. http:\/\/t.c\u2026","source":"\u003ca href=\"http:\/\/twitter.com\/download\/iphone\" rel=\"nofollow\"\u003eTwitter for iPhone\u003c\/a\u003e","truncated":false,"in_reply_to_status_id":null,"in_reply_to_status_id_str":null,"in_reply_to_user_id":null,"in_reply_to_user_id_str":null,"in_reply_to_screen_name":null,"user":{"id":77743779,"id_str":"77743779","name":"Kristian K. Hansen","screen_name":"KristianKrogh","location":"Denmark","url":null,"description":null,"protected":false,"verified":false,"followers_count":17,"friends_count":34,"listed_count":0,"favourites_count":1,"statuses_count":6,"created_at":"Sun Sep 27 14:15:03 +0000 2009","utc_offset":-7200,"time_zone":"Greenland","geo_enabled":false,"lang":"en","contributors_enabled":false,"is_translator":false,"profile_background_color":"C0DEED","profile_background_image_url":"http:\/\/abs.twimg.com\/images\/themes\/theme1\/bg.png","profile_background_image_url_https":"https:\/\/abs.twimg.com\/images\/themes\/theme1\/bg.png","profile_background_tile":false,"profile_link_color":"0084B4","profile_sidebar_border_color":"C0DEED","profile_sidebar_fill_color":"DDEEF6","profile_text_color":"333333","profile_use_background_image":true,"profile_image_url":"http:\/\/abs.twimg.com\/sticky\/default_profile_images\/default_profile_1_normal.png","profile_image_url_https":"https:\/\/abs.twimg.com\/sticky\/default_profile_images\/default_profile_1_normal.png","default_profile":true,"default_profile_image":true,"following":null,"follow_request_sent":null,"notifications":null},"geo":null,"coordinates":null,"place":null,"contributors":null,"retweeted_status":{"created_at":"Thu Sep 10 06:27:32 +0000 2015","id":641860538125959169,"id_str":"641860538125959169","text":"#D\u00e4nemark hat Zugverkehr nach #Deutschland wieder aufgenommen. An Bord des ersten Zugs waren rund 50 #Fl\u00fcchtlinge. http:\/\/t.co\/1Al3vLnNWE","source":"\u003ca href=\"https:\/\/about.twitter.com\/products\/tweetdeck\" rel=\"nofollow\"\u003eTweetDeck\u003c\/a\u003e","truncated":false,"in_reply_to_status_id":null,"in_reply_to_status_id_str":null,"in_reply_to_user_id":null,"in_reply_to_user_id_str":null,"in_reply_to_screen_name":null,"user":{"id":1101354170,"id_str":"1101354170","name":"ZDF heute","screen_name":"ZDFheute","location":"Mainz","url":"http:\/\/www.heute.de","description":"Hier twittert die Redaktion von heute.de Nachrichten, Videos und Hintergr\u00fcnde aus Politik, Wirtschaft und Kultur | Impressum http:\/\/ly.zdf.de\/\/V3Gu","protected":false,"verified":true,"followers_count":99809,"friends_count":190,"listed_count":1222,"favourites_count":1201,"statuses_count":23461,"created_at":"Fri Jan 18 16:08:31 +0000 2013","utc_offset":7200,"time_zone":"Amsterdam","geo_enabled":true,"lang":"de","contributors_enabled":false,"is_translator":false,"profile_background_color":"C0DEED","profile_background_image_url":"http:\/\/pbs.twimg.com\/profile_background_images\/767940414\/5f20047b35344011a6dd55accbfa0834.png","profile_background_image_url_https":"https:\/\/pbs.twimg.com\/profile_background_images\/767940414\/5f20047b35344011a6dd55accbfa0834.png","profile_background_tile":false,"profile_link_color":"0084B4","profile_sidebar_border_color":"FFFFFF","profile_sidebar_fill_color":"DDEEF6","profile_text_color":"333333","profile_use_background_image":false,"profile_image_url":"http:\/\/pbs.twimg.com\/profile_images\/465803701647446016\/jAlkirAe_normal.jpeg","profile_image_url_https":"https:\/\/pbs.twimg.com\/profile_images\/465803701647446016\/jAlkirAe_normal.jpeg","profile_banner_url":"https:\/\/pbs.twimg.com\/profile_banners\/1101354170\/1399891223","default_profile":false,"default_profile_image":false,"following":null,"follow_request_sent":null,"notifications":null},"geo":null,"coordinates":null,"place":null,"contributors":null,"retweet_count":10,"favorite_count":5,"entities":{"hashtags":[{"text":"D\u00e4nemark","indices":[0,9]},{"text":"Deutschland","indices":[30,42]},{"text":"Fl\u00fcchtlinge","indices":[101,113]}],"trends":[],"urls":[{"url":"http:\/\/t.co\/1Al3vLnNWE","expanded_url":"http:\/\/www.heute.de\/fluechtlinge-stecken-vor-daenemark-fest-40040456.html","display_url":"heute.de\/fluechtlinge-s\u2026","indices":[115,137]}],"user_mentions":[],"symbols":[]},"favorited":false,"retweeted":false,"possibly_sensitive":false,"filter_level":"low","lang":"de"},"retweet_count":0,"favorite_count":0,"entities":{"hashtags":[{"text":"D\u00e4nemark","indices":[14,23]},{"text":"Deutschland","indices":[44,56]},{"text":"Fl\u00fcchtlinge","indices":[115,127]}],"trends":[],"urls":[{"url":"http:\/\/t.co\/1Al3vLnNWE","expanded_url":"http:\/\/www.heute.de\/fluechtlinge-stecken-vor-daenemark-fest-40040456.html","display_url":"heute.de\/fluechtlinge-s\u2026","indices":[139,140]}],"user_mentions":[{"screen_name":"ZDFheute","name":"ZDF heute","id":1101354170,"id_str":"1101354170","indices":[3,12]}],"symbols":[]},"favorited":false,"retweeted":false,"possibly_sensitive":false,"filter_level":"low","lang":"de","timestamp_ms":"1441916951534"}
