{"created_at":"Thu Sep 10 20:26:45 +0000 2015","id":642071734108221440,"id_str":"642071734108221440","text":"@welt Nicht die Aufnahme der Fl\u00fcchtlinge in Europa geht in Afrika um sondern das Foto von S\u00e4rgen von Afrikaner die im Mittelmeer ertrunken","source":"\u003ca href=\"http:\/\/twitter.com\/download\/android\" rel=\"nofollow\"\u003eTwitter for Android\u003c\/a\u003e","truncated":false,"in_reply_to_status_id":642069743655124993,"in_reply_to_status_id_str":"642069743655124993","in_reply_to_user_id":1322846762,"in_reply_to_user_id_str":"1322846762","in_reply_to_screen_name":"NorbertVogt2","user":{"id":1322846762,"id_str":"1322846762","name":"Norbert Vogt","screen_name":"NorbertVogt2","location":"","url":null,"description":null,"protected":false,"verified":false,"followers_count":16,"friends_count":22,"listed_count":2,"favourites_count":156,"statuses_count":5101,"created_at":"Tue Apr 02 16:43:39 +0000 2013","utc_offset":null,"time_zone":null,"geo_enabled":true,"lang":"de","contributors_enabled":false,"is_translator":false,"profile_background_color":"C0DEED","profile_background_image_url":"http:\/\/abs.twimg.com\/images\/themes\/theme1\/bg.png","profile_background_image_url_https":"https:\/\/abs.twimg.com\/images\/themes\/theme1\/bg.png","profile_background_tile":false,"profile_link_color":"0084B4","profile_sidebar_border_color":"C0DEED","profile_sidebar_fill_color":"DDEEF6","profile_text_color":"333333","profile_use_background_image":true,"profile_image_url":"http:\/\/abs.twimg.com\/sticky\/default_profile_images\/default_profile_6_normal.png","profile_image_url_https":"https:\/\/abs.twimg.com\/sticky\/default_profile_images\/default_profile_6_normal.png","profile_banner_url":"https:\/\/pbs.twimg.com\/profile_banners\/1322846762\/1400406503","default_profile":true,"default_profile_image":true,"following":null,"follow_request_sent":null,"notifications":null},"geo":null,"coordinates":null,"place":null,"contributors":null,"retweet_count":0,"favorite_count":0,"entities":{"hashtags":[],"trends":[],"urls":[],"user_mentions":[{"screen_name":"welt","name":"DIE WELT","id":8720562,"id_str":"8720562","indices":[0,5]}],"symbols":[]},"favorited":false,"retweeted":false,"possibly_sensitive":false,"filter_level":"low","lang":"de","timestamp_ms":"1441916805184"}
