{"created_at":"Thu Sep 10 20:26:39 +0000 2015","id":642071711211474944,"id_str":"642071711211474944","text":"@SVZonline ich kann gar nicht so viel fressen, wie ich kotzen k\u00f6nnte. #Merkel #politik #hartz4  #cdu #spd","source":"\u003ca href=\"http:\/\/twitter.com\/#!\/download\/ipad\" rel=\"nofollow\"\u003eTwitter for iPad\u003c\/a\u003e","truncated":false,"in_reply_to_status_id":642053156403326976,"in_reply_to_status_id_str":"642053156403326976","in_reply_to_user_id":915317144,"in_reply_to_user_id_str":"915317144","in_reply_to_screen_name":"SVZonline","user":{"id":471015268,"id_str":"471015268","name":"dcc","screen_name":"dcc48","location":"","url":null,"description":null,"protected":false,"verified":false,"followers_count":29,"friends_count":74,"listed_count":2,"favourites_count":932,"statuses_count":1373,"created_at":"Sun Jan 22 11:59:47 +0000 2012","utc_offset":null,"time_zone":null,"geo_enabled":false,"lang":"de","contributors_enabled":false,"is_translator":false,"profile_background_color":"C0DEED","profile_background_image_url":"http:\/\/abs.twimg.com\/images\/themes\/theme1\/bg.png","profile_background_image_url_https":"https:\/\/abs.twimg.com\/images\/themes\/theme1\/bg.png","profile_background_tile":false,"profile_link_color":"0084B4","profile_sidebar_border_color":"C0DEED","profile_sidebar_fill_color":"DDEEF6","profile_text_color":"333333","profile_use_background_image":true,"profile_image_url":"http:\/\/pbs.twimg.com\/profile_images\/484745584327540736\/m78fEI62_normal.jpeg","profile_image_url_https":"https:\/\/pbs.twimg.com\/profile_images\/484745584327540736\/m78fEI62_normal.jpeg","profile_banner_url":"https:\/\/pbs.twimg.com\/profile_banners\/471015268\/1404405114","default_profile":true,"default_profile_image":false,"following":null,"follow_request_sent":null,"notifications":null},"geo":null,"coordinates":null,"place":null,"contributors":null,"retweet_count":0,"favorite_count":0,"entities":{"hashtags":[{"text":"Merkel","indices":[70,77]},{"text":"politik","indices":[78,86]},{"text":"hartz4","indices":[87,94]},{"text":"cdu","indices":[96,100]},{"text":"spd","indices":[101,105]}],"trends":[],"urls":[],"user_mentions":[{"screen_name":"SVZonline","name":"SVZonline","id":915317144,"id_str":"915317144","indices":[0,10]}],"symbols":[]},"favorited":false,"retweeted":false,"possibly_sensitive":false,"filter_level":"low","lang":"de","timestamp_ms":"1441916799725"}
