{"created_at":"Sat Sep 12 19:53:21 +0000 2015","id":642788104500310017,"id_str":"642788104500310017","text":"RT @BR24: Kardinal Reinhard #Marx sieht die christliche Identit\u00e4t in Gefahr, wenn wir #Fl\u00fcchtlinge-n nicht helfen. http:\/\/t.co\/EQ3UqiMjQe","source":"\u003ca href=\"http:\/\/twitter.com\/download\/android\" rel=\"nofollow\"\u003eTwitter for Android\u003c\/a\u003e","truncated":false,"in_reply_to_status_id":null,"in_reply_to_status_id_str":null,"in_reply_to_user_id":null,"in_reply_to_user_id_str":null,"in_reply_to_screen_name":null,"user":{"id":398248240,"id_str":"398248240","name":"Florian von Brunn","screen_name":"FlorianvonBrunn","location":"M\u00fcnchen","url":"http:\/\/www.florian-von-brunn.de","description":"setzt sich als SPD-Landtagsabgeordneter f\u00fcr Umwelt- und Verbraucherschutz, bezahlbare Mieten und gute Schulen ein","protected":false,"verified":false,"followers_count":352,"friends_count":338,"listed_count":18,"favourites_count":369,"statuses_count":1245,"created_at":"Tue Oct 25 19:57:40 +0000 2011","utc_offset":null,"time_zone":null,"geo_enabled":true,"lang":"de","contributors_enabled":false,"is_translator":false,"profile_background_color":"C0DEED","profile_background_image_url":"http:\/\/abs.twimg.com\/images\/themes\/theme1\/bg.png","profile_background_image_url_https":"https:\/\/abs.twimg.com\/images\/themes\/theme1\/bg.png","profile_background_tile":false,"profile_link_color":"0084B4","profile_sidebar_border_color":"C0DEED","profile_sidebar_fill_color":"DDEEF6","profile_text_color":"333333","profile_use_background_image":true,"profile_image_url":"http:\/\/pbs.twimg.com\/profile_images\/2911598639\/c9999932715a79d2d70aaa2e539f3473_normal.jpeg","profile_image_url_https":"https:\/\/pbs.twimg.com\/profile_images\/2911598639\/c9999932715a79d2d70aaa2e539f3473_normal.jpeg","profile_banner_url":"https:\/\/pbs.twimg.com\/profile_banners\/398248240\/1438359487","default_profile":true,"default_profile_image":false,"following":null,"follow_request_sent":null,"notifications":null},"geo":null,"coordinates":null,"place":null,"contributors":null,"retweeted_status":{"created_at":"Sat Sep 12 17:50:56 +0000 2015","id":642757298151100418,"id_str":"642757298151100418","text":"Kardinal Reinhard #Marx sieht die christliche Identit\u00e4t in Gefahr, wenn wir #Fl\u00fcchtlinge-n nicht helfen. http:\/\/t.co\/EQ3UqiMjQe","source":"\u003ca href=\"https:\/\/about.twitter.com\/products\/tweetdeck\" rel=\"nofollow\"\u003eTweetDeck\u003c\/a\u003e","truncated":false,"in_reply_to_status_id":null,"in_reply_to_status_id_str":null,"in_reply_to_user_id":null,"in_reply_to_user_id_str":null,"in_reply_to_screen_name":null,"user":{"id":90524645,"id_str":"90524645","name":"BR24","screen_name":"BR24","location":"","url":"http:\/\/www.br.de\/nachrichten\/index.html","description":"Nachrichten aus meiner Welt. Powered by B5 aktuell & Rundschau. Heute: @DPossoch","protected":false,"verified":true,"followers_count":6301,"friends_count":676,"listed_count":310,"favourites_count":1048,"statuses_count":33509,"created_at":"Tue Nov 17 00:37:00 +0000 2009","utc_offset":7200,"time_zone":"Berlin","geo_enabled":false,"lang":"de","contributors_enabled":false,"is_translator":false,"profile_background_color":"FFFFFF","profile_background_image_url":"http:\/\/pbs.twimg.com\/profile_background_images\/613775171514695680\/uKQRlZfD.png","profile_background_image_url_https":"https:\/\/pbs.twimg.com\/profile_background_images\/613775171514695680\/uKQRlZfD.png","profile_background_tile":false,"profile_link_color":"0084B4","profile_sidebar_border_color":"000000","profile_sidebar_fill_color":"DDEEF6","profile_text_color":"333333","profile_use_background_image":true,"profile_image_url":"http:\/\/pbs.twimg.com\/profile_images\/613750996104314880\/z1US8y0x_normal.png","profile_image_url_https":"https:\/\/pbs.twimg.com\/profile_images\/613750996104314880\/z1US8y0x_normal.png","profile_banner_url":"https:\/\/pbs.twimg.com\/profile_banners\/90524645\/1435676158","default_profile":false,"default_profile_image":false,"following":null,"follow_request_sent":null,"notifications":null},"geo":null,"coordinates":null,"place":null,"contributors":null,"retweet_count":36,"favorite_count":21,"entities":{"hashtags":[{"text":"Marx","indices":[18,23]},{"text":"Fl\u00fcchtlinge","indices":[76,88]}],"trends":[],"urls":[],"user_mentions":[],"symbols":[],"media":[{"id":642756267715522562,"id_str":"642756267715522562","indices":[105,127],"media_url":"http:\/\/pbs.twimg.com\/media\/COuHa4ZW8AImzbb.png","media_url_https":"https:\/\/pbs.twimg.com\/media\/COuHa4ZW8AImzbb.png","url":"http:\/\/t.co\/EQ3UqiMjQe","display_url":"pic.twitter.com\/EQ3UqiMjQe","expanded_url":"http:\/\/twitter.com\/BR24\/status\/642757298151100418\/photo\/1","type":"photo","sizes":{"medium":{"w":600,"h":337,"resize":"fit"},"large":{"w":1024,"h":576,"resize":"fit"},"thumb":{"w":150,"h":150,"resize":"crop"},"small":{"w":340,"h":191,"resize":"fit"}}}]},"extended_entities":{"media":[{"id":642756267715522562,"id_str":"642756267715522562","indices":[105,127],"media_url":"http:\/\/pbs.twimg.com\/media\/COuHa4ZW8AImzbb.png","media_url_https":"https:\/\/pbs.twimg.com\/media\/COuHa4ZW8AImzbb.png","url":"http:\/\/t.co\/EQ3UqiMjQe","display_url":"pic.twitter.com\/EQ3UqiMjQe","expanded_url":"http:\/\/twitter.com\/BR24\/status\/642757298151100418\/photo\/1","type":"photo","sizes":{"medium":{"w":600,"h":337,"resize":"fit"},"large":{"w":1024,"h":576,"resize":"fit"},"thumb":{"w":150,"h":150,"resize":"crop"},"small":{"w":340,"h":191,"resize":"fit"}}}]},"favorited":false,"retweeted":false,"possibly_sensitive":false,"filter_level":"low","lang":"de"},"retweet_count":0,"favorite_count":0,"entities":{"hashtags":[{"text":"Marx","indices":[28,33]},{"text":"Fl\u00fcchtlinge","indices":[86,98]}],"trends":[],"urls":[],"user_mentions":[{"screen_name":"BR24","name":"BR24","id":90524645,"id_str":"90524645","indices":[3,8]}],"symbols":[],"media":[{"id":642756267715522562,"id_str":"642756267715522562","indices":[115,137],"media_url":"http:\/\/pbs.twimg.com\/media\/COuHa4ZW8AImzbb.png","media_url_https":"https:\/\/pbs.twimg.com\/media\/COuHa4ZW8AImzbb.png","url":"http:\/\/t.co\/EQ3UqiMjQe","display_url":"pic.twitter.com\/EQ3UqiMjQe","expanded_url":"http:\/\/twitter.com\/BR24\/status\/642757298151100418\/photo\/1","type":"photo","sizes":{"medium":{"w":600,"h":337,"resize":"fit"},"large":{"w":1024,"h":576,"resize":"fit"},"thumb":{"w":150,"h":150,"resize":"crop"},"small":{"w":340,"h":191,"resize":"fit"}},"source_status_id":642757298151100418,"source_status_id_str":"642757298151100418"}]},"extended_entities":{"media":[{"id":642756267715522562,"id_str":"642756267715522562","indices":[115,137],"media_url":"http:\/\/pbs.twimg.com\/media\/COuHa4ZW8AImzbb.png","media_url_https":"https:\/\/pbs.twimg.com\/media\/COuHa4ZW8AImzbb.png","url":"http:\/\/t.co\/EQ3UqiMjQe","display_url":"pic.twitter.com\/EQ3UqiMjQe","expanded_url":"http:\/\/twitter.com\/BR24\/status\/642757298151100418\/photo\/1","type":"photo","sizes":{"medium":{"w":600,"h":337,"resize":"fit"},"large":{"w":1024,"h":576,"resize":"fit"},"thumb":{"w":150,"h":150,"resize":"crop"},"small":{"w":340,"h":191,"resize":"fit"}},"source_status_id":642757298151100418,"source_status_id_str":"642757298151100418"}]},"favorited":false,"retweeted":false,"possibly_sensitive":false,"filter_level":"low","lang":"de","timestamp_ms":"1442087601195"}
