{"created_at":"Thu Sep 10 20:21:44 +0000 2015","id":642070472415428613,"id_str":"642070472415428613","text":"RT @JKasek: #Kontraste macht klar #sogehts\u00e4chsisch: #Rassismus #Hass und #Gewalt supportet by politics","source":"\u003ca href=\"http:\/\/twitter.com\" rel=\"nofollow\"\u003eTwitter Web Client\u003c\/a\u003e","truncated":false,"in_reply_to_status_id":null,"in_reply_to_status_id_str":null,"in_reply_to_user_id":null,"in_reply_to_user_id_str":null,"in_reply_to_screen_name":null,"user":{"id":771636168,"id_str":"771636168","name":"Veronika Harz","screen_name":"VeronikaHarz","location":"Berlin-Staaken","url":null,"description":"Ich habe mal auf unser Grundgesetz geschworen - was ist aus unserem Land geworden?","protected":false,"verified":false,"followers_count":34,"friends_count":103,"listed_count":6,"favourites_count":1732,"statuses_count":825,"created_at":"Tue Aug 21 14:45:05 +0000 2012","utc_offset":null,"time_zone":null,"geo_enabled":true,"lang":"de","contributors_enabled":false,"is_translator":false,"profile_background_color":"C0DEED","profile_background_image_url":"http:\/\/abs.twimg.com\/images\/themes\/theme1\/bg.png","profile_background_image_url_https":"https:\/\/abs.twimg.com\/images\/themes\/theme1\/bg.png","profile_background_tile":false,"profile_link_color":"0084B4","profile_sidebar_border_color":"C0DEED","profile_sidebar_fill_color":"DDEEF6","profile_text_color":"333333","profile_use_background_image":true,"profile_image_url":"http:\/\/pbs.twimg.com\/profile_images\/2528150926\/un0m97tj4mbdsud9d1ic_normal.jpeg","profile_image_url_https":"https:\/\/pbs.twimg.com\/profile_images\/2528150926\/un0m97tj4mbdsud9d1ic_normal.jpeg","default_profile":true,"default_profile_image":false,"following":null,"follow_request_sent":null,"notifications":null},"geo":null,"coordinates":null,"place":null,"contributors":null,"retweeted_status":{"created_at":"Thu Sep 10 20:15:39 +0000 2015","id":642068944086519808,"id_str":"642068944086519808","text":"#Kontraste macht klar #sogehts\u00e4chsisch: #Rassismus #Hass und #Gewalt supportet by politics","source":"\u003ca href=\"https:\/\/about.twitter.com\/products\/tweetdeck\" rel=\"nofollow\"\u003eTweetDeck\u003c\/a\u003e","truncated":false,"in_reply_to_status_id":null,"in_reply_to_status_id_str":null,"in_reply_to_user_id":null,"in_reply_to_user_id_str":null,"in_reply_to_screen_name":null,"user":{"id":52373515,"id_str":"52373515","name":"J\u00fcrgen Kasek","screen_name":"JKasek","location":"Leipzig","url":"http:\/\/www.rechtsanwalt-kasek.de","description":"local spokesperson of the green party saxony; board member BUND Leipzig; lawyer, Privater Account","protected":false,"verified":false,"followers_count":3512,"friends_count":2299,"listed_count":193,"favourites_count":461,"statuses_count":31385,"created_at":"Tue Jun 30 11:49:25 +0000 2009","utc_offset":7200,"time_zone":"Berlin","geo_enabled":true,"lang":"de","contributors_enabled":false,"is_translator":false,"profile_background_color":"1A1B1F","profile_background_image_url":"http:\/\/abs.twimg.com\/images\/themes\/theme9\/bg.gif","profile_background_image_url_https":"https:\/\/abs.twimg.com\/images\/themes\/theme9\/bg.gif","profile_background_tile":false,"profile_link_color":"2FC2EF","profile_sidebar_border_color":"181A1E","profile_sidebar_fill_color":"252429","profile_text_color":"666666","profile_use_background_image":true,"profile_image_url":"http:\/\/pbs.twimg.com\/profile_images\/370048800\/twitterProfilePhoto_normal.jpg","profile_image_url_https":"https:\/\/pbs.twimg.com\/profile_images\/370048800\/twitterProfilePhoto_normal.jpg","default_profile":false,"default_profile_image":false,"following":null,"follow_request_sent":null,"notifications":null},"geo":null,"coordinates":null,"place":null,"contributors":null,"retweet_count":9,"favorite_count":5,"entities":{"hashtags":[{"text":"Kontraste","indices":[0,10]},{"text":"sogehts\u00e4chsisch","indices":[22,38]},{"text":"Rassismus","indices":[40,50]},{"text":"Hass","indices":[51,56]},{"text":"Gewalt","indices":[61,68]}],"trends":[],"urls":[],"user_mentions":[],"symbols":[]},"favorited":false,"retweeted":false,"possibly_sensitive":false,"filter_level":"low","lang":"de"},"retweet_count":0,"favorite_count":0,"entities":{"hashtags":[{"text":"Kontraste","indices":[12,22]},{"text":"sogehts\u00e4chsisch","indices":[34,50]},{"text":"Rassismus","indices":[52,62]},{"text":"Hass","indices":[63,68]},{"text":"Gewalt","indices":[73,80]}],"trends":[],"urls":[],"user_mentions":[{"screen_name":"JKasek","name":"J\u00fcrgen Kasek","id":52373515,"id_str":"52373515","indices":[3,10]}],"symbols":[]},"favorited":false,"retweeted":false,"possibly_sensitive":false,"filter_level":"low","lang":"de","timestamp_ms":"1441916504373"}
