{"created_at":"Thu Sep 10 20:29:01 +0000 2015","id":642072305615572992,"id_str":"642072305615572992","text":"Aus aller #Welt: Arbeitgeber - Fl\u00fcchtlinge einstellen ist kompliziert - Frankfurter Rundschau http:\/\/t.co\/dBbgKpmt6P #News #Nachrichten","source":"\u003ca href=\"http:\/\/twitterfeed.com\" rel=\"nofollow\"\u003etwitterfeed\u003c\/a\u003e","truncated":false,"in_reply_to_status_id":null,"in_reply_to_status_id_str":null,"in_reply_to_user_id":null,"in_reply_to_user_id_str":null,"in_reply_to_screen_name":null,"user":{"id":618101410,"id_str":"618101410","name":"VertragsTRESOR.de","screen_name":"VertragsTRESOR","location":"online weltweit verf\u00fcgbar","url":"http:\/\/www.VertragsTRESOR.de","description":"Die Zukunft sicher regeln mit VertragsTRESOR - Vertr\u00e4ge, Belege & mehr - einfach sicher online speichern und verwalten | Impressum: http:\/\/bit.ly\/Klick-mich","protected":false,"verified":false,"followers_count":2013,"friends_count":1905,"listed_count":77,"favourites_count":80,"statuses_count":105557,"created_at":"Mon Jun 25 13:34:29 +0000 2012","utc_offset":7200,"time_zone":"Berlin","geo_enabled":false,"lang":"de","contributors_enabled":false,"is_translator":false,"profile_background_color":"7DB9D5","profile_background_image_url":"http:\/\/pbs.twimg.com\/profile_background_images\/765236684\/93cfbb79f71346118fb76977ea17a9b1.jpeg","profile_background_image_url_https":"https:\/\/pbs.twimg.com\/profile_background_images\/765236684\/93cfbb79f71346118fb76977ea17a9b1.jpeg","profile_background_tile":false,"profile_link_color":"0084B4","profile_sidebar_border_color":"FFFFFF","profile_sidebar_fill_color":"DDEEF6","profile_text_color":"333333","profile_use_background_image":true,"profile_image_url":"http:\/\/pbs.twimg.com\/profile_images\/625335136096264192\/EgDuWNlA_normal.jpg","profile_image_url_https":"https:\/\/pbs.twimg.com\/profile_images\/625335136096264192\/EgDuWNlA_normal.jpg","profile_banner_url":"https:\/\/pbs.twimg.com\/profile_banners\/618101410\/1437926444","default_profile":false,"default_profile_image":false,"following":null,"follow_request_sent":null,"notifications":null},"geo":null,"coordinates":null,"place":null,"contributors":null,"retweet_count":0,"favorite_count":0,"entities":{"hashtags":[{"text":"Welt","indices":[10,15]},{"text":"News","indices":[117,122]},{"text":"Nachrichten","indices":[123,135]}],"trends":[],"urls":[{"url":"http:\/\/t.co\/dBbgKpmt6P","expanded_url":"http:\/\/bit.ly\/1JYfqJr","display_url":"bit.ly\/1JYfqJr","indices":[94,116]}],"user_mentions":[],"symbols":[]},"favorited":false,"retweeted":false,"possibly_sensitive":false,"filter_level":"low","lang":"de","timestamp_ms":"1441916941442"}
