{"created_at":"Thu Sep 10 20:22:05 +0000 2015","id":642070560349024256,"id_str":"642070560349024256","text":"Wenn Ihr mich fragt, dann ist Einhornglitzerstaub f\u00fcr Autismus verantwortlich. Aber die Regierung spielt das runter. http:\/\/t.co\/AumGExTDsg","source":"\u003ca href=\"http:\/\/twitter.com\" rel=\"nofollow\"\u003eTwitter Web Client\u003c\/a\u003e","truncated":false,"in_reply_to_status_id":null,"in_reply_to_status_id_str":null,"in_reply_to_user_id":null,"in_reply_to_user_id_str":null,"in_reply_to_screen_name":null,"user":{"id":3384920026,"id_str":"3384920026","name":"Kamelschwalbe","screen_name":"Kamelschwalbe","location":"Ginbuktu","url":null,"description":"Fliegt lange Strecken ohne Wasser","protected":false,"verified":false,"followers_count":160,"friends_count":234,"listed_count":3,"favourites_count":39,"statuses_count":1665,"created_at":"Mon Jul 20 19:36:48 +0000 2015","utc_offset":-25200,"time_zone":"Pacific Time (US & Canada)","geo_enabled":false,"lang":"de","contributors_enabled":false,"is_translator":false,"profile_background_color":"000000","profile_background_image_url":"http:\/\/abs.twimg.com\/images\/themes\/theme1\/bg.png","profile_background_image_url_https":"https:\/\/abs.twimg.com\/images\/themes\/theme1\/bg.png","profile_background_tile":false,"profile_link_color":"4A913C","profile_sidebar_border_color":"000000","profile_sidebar_fill_color":"000000","profile_text_color":"000000","profile_use_background_image":false,"profile_image_url":"http:\/\/pbs.twimg.com\/profile_images\/627612975155802113\/NcEJKzWD_normal.png","profile_image_url_https":"https:\/\/pbs.twimg.com\/profile_images\/627612975155802113\/NcEJKzWD_normal.png","profile_banner_url":"https:\/\/pbs.twimg.com\/profile_banners\/3384920026\/1441183241","default_profile":false,"default_profile_image":false,"following":null,"follow_request_sent":null,"notifications":null},"geo":null,"coordinates":null,"place":null,"contributors":null,"retweet_count":0,"favorite_count":0,"entities":{"hashtags":[],"trends":[],"urls":[],"user_mentions":[],"symbols":[],"media":[{"id":642070559443001346,"id_str":"642070559443001346","indices":[117,139],"media_url":"http:\/\/pbs.twimg.com\/media\/COkXxaBWIAI8q1B.jpg","media_url_https":"https:\/\/pbs.twimg.com\/media\/COkXxaBWIAI8q1B.jpg","url":"http:\/\/t.co\/AumGExTDsg","display_url":"pic.twitter.com\/AumGExTDsg","expanded_url":"http:\/\/twitter.com\/Kamelschwalbe\/status\/642070560349024256\/photo\/1","type":"photo","sizes":{"thumb":{"w":150,"h":150,"resize":"crop"},"large":{"w":599,"h":349,"resize":"fit"},"small":{"w":340,"h":198,"resize":"fit"},"medium":{"w":599,"h":349,"resize":"fit"}}}]},"extended_entities":{"media":[{"id":642070559443001346,"id_str":"642070559443001346","indices":[117,139],"media_url":"http:\/\/pbs.twimg.com\/media\/COkXxaBWIAI8q1B.jpg","media_url_https":"https:\/\/pbs.twimg.com\/media\/COkXxaBWIAI8q1B.jpg","url":"http:\/\/t.co\/AumGExTDsg","display_url":"pic.twitter.com\/AumGExTDsg","expanded_url":"http:\/\/twitter.com\/Kamelschwalbe\/status\/642070560349024256\/photo\/1","type":"photo","sizes":{"thumb":{"w":150,"h":150,"resize":"crop"},"large":{"w":599,"h":349,"resize":"fit"},"small":{"w":340,"h":198,"resize":"fit"},"medium":{"w":599,"h":349,"resize":"fit"}}}]},"favorited":false,"retweeted":false,"possibly_sensitive":false,"filter_level":"low","lang":"de","timestamp_ms":"1441916525338"}
