{"created_at":"Fri Sep 11 23:51:06 +0000 2015","id":642485548586782720,"id_str":"642485548586782720","text":"Die #us-regierung hat dem \u00d6lkonzern Shell Probebohrungen in der Arktis erlaubt","source":"\u003ca href=\"http:\/\/www.fivetwenty.de\" rel=\"nofollow\"\u003esportytweety\u003c\/a\u003e","truncated":false,"in_reply_to_status_id":null,"in_reply_to_status_id_str":null,"in_reply_to_user_id":null,"in_reply_to_user_id_str":null,"in_reply_to_screen_name":null,"user":{"id":484594819,"id_str":"484594819","name":"Chris Pillen","screen_name":"chrispillennews","location":"Deutschland","url":null,"description":"Die wichtigsten Nachrichten des Tages","protected":false,"verified":false,"followers_count":96,"friends_count":34,"listed_count":52,"favourites_count":8,"statuses_count":74674,"created_at":"Mon Feb 06 08:49:32 +0000 2012","utc_offset":7200,"time_zone":"Ljubljana","geo_enabled":false,"lang":"de","contributors_enabled":false,"is_translator":false,"profile_background_color":"89C9FA","profile_background_image_url":"http:\/\/pbs.twimg.com\/profile_background_images\/531415488585162752\/DOnRr-bN.jpeg","profile_background_image_url_https":"https:\/\/pbs.twimg.com\/profile_background_images\/531415488585162752\/DOnRr-bN.jpeg","profile_background_tile":false,"profile_link_color":"009999","profile_sidebar_border_color":"FFFFFF","profile_sidebar_fill_color":"DDEEF6","profile_text_color":"333333","profile_use_background_image":false,"profile_image_url":"http:\/\/pbs.twimg.com\/profile_images\/589041144027357185\/LMeiK-X6_normal.jpg","profile_image_url_https":"https:\/\/pbs.twimg.com\/profile_images\/589041144027357185\/LMeiK-X6_normal.jpg","profile_banner_url":"https:\/\/pbs.twimg.com\/profile_banners\/484594819\/1415534463","default_profile":false,"default_profile_image":false,"following":null,"follow_request_sent":null,"notifications":null},"geo":null,"coordinates":null,"place":null,"contributors":null,"retweet_count":0,"favorite_count":0,"entities":{"hashtags":[{"text":"us","indices":[4,7]}],"trends":[],"urls":[],"user_mentions":[],"symbols":[]},"favorited":false,"retweeted":false,"possibly_sensitive":false,"filter_level":"low","lang":"de","timestamp_ms":"1442015466244"}
