{"created_at":"Thu Sep 10 20:23:29 +0000 2015","id":642070911672303616,"id_str":"642070911672303616","text":"Sahra Wagenknecht \u00fcber die Politik Merkels in Deutschland https:\/\/t.co\/79ls8ZVCzp via @YouTube","source":"\u003ca href=\"http:\/\/twitter.com\" rel=\"nofollow\"\u003eTwitter Web Client\u003c\/a\u003e","truncated":false,"in_reply_to_status_id":null,"in_reply_to_status_id_str":null,"in_reply_to_user_id":null,"in_reply_to_user_id_str":null,"in_reply_to_screen_name":null,"user":{"id":81820345,"id_str":"81820345","name":"mica Farha","screen_name":"micafarha","location":"","url":null,"description":null,"protected":false,"verified":false,"followers_count":35,"friends_count":18,"listed_count":0,"favourites_count":731,"statuses_count":5364,"created_at":"Mon Oct 12 11:30:33 +0000 2009","utc_offset":null,"time_zone":null,"geo_enabled":false,"lang":"en","contributors_enabled":false,"is_translator":false,"profile_background_color":"C0DEED","profile_background_image_url":"http:\/\/abs.twimg.com\/images\/themes\/theme1\/bg.png","profile_background_image_url_https":"https:\/\/abs.twimg.com\/images\/themes\/theme1\/bg.png","profile_background_tile":false,"profile_link_color":"0084B4","profile_sidebar_border_color":"C0DEED","profile_sidebar_fill_color":"DDEEF6","profile_text_color":"333333","profile_use_background_image":true,"profile_image_url":"http:\/\/abs.twimg.com\/sticky\/default_profile_images\/default_profile_5_normal.png","profile_image_url_https":"https:\/\/abs.twimg.com\/sticky\/default_profile_images\/default_profile_5_normal.png","default_profile":true,"default_profile_image":true,"following":null,"follow_request_sent":null,"notifications":null},"geo":null,"coordinates":null,"place":null,"contributors":null,"retweet_count":0,"favorite_count":0,"entities":{"hashtags":[],"trends":[],"urls":[{"url":"https:\/\/t.co\/79ls8ZVCzp","expanded_url":"https:\/\/youtu.be\/mfo9H9DJMQ0","display_url":"youtu.be\/mfo9H9DJMQ0","indices":[58,81]}],"user_mentions":[{"screen_name":"YouTube","name":"YouTube","id":10228272,"id_str":"10228272","indices":[86,94]}],"symbols":[]},"favorited":false,"retweeted":false,"possibly_sensitive":false,"filter_level":"low","lang":"de","timestamp_ms":"1441916609100"}
