{"created_at":"Thu Sep 10 20:24:10 +0000 2015","id":642071085232599040,"id_str":"642071085232599040","text":"Was sagen #Merkel und #K\u00e4\u00dfmann dazu? In die Kirche gehen? https:\/\/t.co\/vjEeoHWk1p","source":"\u003ca href=\"http:\/\/twitter.com\/download\/iphone\" rel=\"nofollow\"\u003eTwitter for iPhone\u003c\/a\u003e","truncated":false,"in_reply_to_status_id":null,"in_reply_to_status_id_str":null,"in_reply_to_user_id":null,"in_reply_to_user_id_str":null,"in_reply_to_screen_name":null,"user":{"id":1625069305,"id_str":"1625069305","name":"William R. Thewenth","screen_name":"Thewenth","location":"Meckenheim\/Rheinland","url":null,"description":"Sch\u00f6ne Wort sind selten wahr,\nwahre Worte sind selten sch\u00f6n! \nAus China.","protected":false,"verified":false,"followers_count":15,"friends_count":33,"listed_count":2,"favourites_count":512,"statuses_count":895,"created_at":"Sat Jul 27 09:13:21 +0000 2013","utc_offset":7200,"time_zone":"Berlin","geo_enabled":false,"lang":"de","contributors_enabled":false,"is_translator":false,"profile_background_color":"000000","profile_background_image_url":"http:\/\/abs.twimg.com\/images\/themes\/theme1\/bg.png","profile_background_image_url_https":"https:\/\/abs.twimg.com\/images\/themes\/theme1\/bg.png","profile_background_tile":false,"profile_link_color":"4A913C","profile_sidebar_border_color":"000000","profile_sidebar_fill_color":"000000","profile_text_color":"000000","profile_use_background_image":false,"profile_image_url":"http:\/\/pbs.twimg.com\/profile_images\/613344127116251136\/xQ-T4BXt_normal.jpg","profile_image_url_https":"https:\/\/pbs.twimg.com\/profile_images\/613344127116251136\/xQ-T4BXt_normal.jpg","default_profile":false,"default_profile_image":false,"following":null,"follow_request_sent":null,"notifications":null},"geo":null,"coordinates":null,"place":null,"contributors":null,"quoted_status_id":641962824785358848,"quoted_status_id_str":"641962824785358848","quoted_status":{"created_at":"Thu Sep 10 13:13:59 +0000 2015","id":641962824785358848,"id_str":"641962824785358848","text":"Salafisten werben minderj\u00e4hrige Fl\u00fcchtlinge\nhttp:\/\/t.co\/fA8XzCZ6oS","source":"\u003ca href=\"http:\/\/twitter.com\" rel=\"nofollow\"\u003eTwitter Web Client\u003c\/a\u003e","truncated":false,"in_reply_to_status_id":null,"in_reply_to_status_id_str":null,"in_reply_to_user_id":null,"in_reply_to_user_id_str":null,"in_reply_to_screen_name":null,"user":{"id":282601459,"id_str":"282601459","name":"Ismail Tipi","screen_name":"Ismailtipi","location":"Wiesbaden","url":"http:\/\/www.ismail-tipi.de","description":"MdL, Integrationspolitischer Sprecher der CDU Fraktion im hessischen Landtag","protected":false,"verified":true,"followers_count":897,"friends_count":920,"listed_count":34,"favourites_count":1,"statuses_count":5033,"created_at":"Fri Apr 15 14:38:43 +0000 2011","utc_offset":null,"time_zone":null,"geo_enabled":false,"lang":"de","contributors_enabled":false,"is_translator":false,"profile_background_color":"C0DEED","profile_background_image_url":"http:\/\/abs.twimg.com\/images\/themes\/theme1\/bg.png","profile_background_image_url_https":"https:\/\/abs.twimg.com\/images\/themes\/theme1\/bg.png","profile_background_tile":false,"profile_link_color":"0084B4","profile_sidebar_border_color":"C0DEED","profile_sidebar_fill_color":"DDEEF6","profile_text_color":"333333","profile_use_background_image":true,"profile_image_url":"http:\/\/pbs.twimg.com\/profile_images\/629616471216377856\/IkZRyhHX_normal.jpg","profile_image_url_https":"https:\/\/pbs.twimg.com\/profile_images\/629616471216377856\/IkZRyhHX_normal.jpg","profile_banner_url":"https:\/\/pbs.twimg.com\/profile_banners\/282601459\/1405066931","default_profile":true,"default_profile_image":false,"following":null,"follow_request_sent":null,"notifications":null},"geo":null,"coordinates":null,"place":null,"contributors":null,"retweet_count":0,"favorite_count":0,"entities":{"hashtags":[],"trends":[],"urls":[{"url":"http:\/\/t.co\/fA8XzCZ6oS","expanded_url":"http:\/\/www.ismail-tipi.de","display_url":"ismail-tipi.de","indices":[44,66]}],"user_mentions":[],"symbols":[]},"favorited":false,"retweeted":false,"possibly_sensitive":false,"filter_level":"low","lang":"de"},"retweet_count":0,"favorite_count":0,"entities":{"hashtags":[{"text":"Merkel","indices":[10,17]},{"text":"K\u00e4\u00dfmann","indices":[22,30]}],"trends":[],"urls":[{"url":"https:\/\/t.co\/vjEeoHWk1p","expanded_url":"https:\/\/twitter.com\/ismailtipi\/status\/641962824785358848","display_url":"twitter.com\/ismailtipi\/sta\u2026","indices":[58,81]}],"user_mentions":[],"symbols":[]},"favorited":false,"retweeted":false,"possibly_sensitive":false,"filter_level":"low","lang":"de","timestamp_ms":"1441916650480"}
