{"created_at":"Thu Sep 10 20:23:25 +0000 2015","id":642070896811839490,"id_str":"642070896811839490","text":"RT @ArminWolf: Wie das EU-Land Ungarn im Aufnahmelager Roeszke Fl\u00fcchtlinge versorgt: https:\/\/t.co\/ZV1vx1I3uU\n(via @misik)","source":"\u003ca href=\"http:\/\/twitter.com\" rel=\"nofollow\"\u003eTwitter Web Client\u003c\/a\u003e","truncated":false,"in_reply_to_status_id":null,"in_reply_to_status_id_str":null,"in_reply_to_user_id":null,"in_reply_to_user_id_str":null,"in_reply_to_screen_name":null,"user":{"id":904033152,"id_str":"904033152","name":"Ralph Armstrong","screen_name":"RalphArmstrong1","location":"","url":null,"description":null,"protected":false,"verified":false,"followers_count":1612,"friends_count":1861,"listed_count":132,"favourites_count":13997,"statuses_count":55876,"created_at":"Thu Oct 25 14:44:39 +0000 2012","utc_offset":null,"time_zone":null,"geo_enabled":false,"lang":"de","contributors_enabled":false,"is_translator":false,"profile_background_color":"C0DEED","profile_background_image_url":"http:\/\/abs.twimg.com\/images\/themes\/theme1\/bg.png","profile_background_image_url_https":"https:\/\/abs.twimg.com\/images\/themes\/theme1\/bg.png","profile_background_tile":false,"profile_link_color":"0084B4","profile_sidebar_border_color":"C0DEED","profile_sidebar_fill_color":"DDEEF6","profile_text_color":"333333","profile_use_background_image":true,"profile_image_url":"http:\/\/abs.twimg.com\/sticky\/default_profile_images\/default_profile_1_normal.png","profile_image_url_https":"https:\/\/abs.twimg.com\/sticky\/default_profile_images\/default_profile_1_normal.png","default_profile":true,"default_profile_image":true,"following":null,"follow_request_sent":null,"notifications":null},"geo":null,"coordinates":null,"place":null,"contributors":null,"retweeted_status":{"created_at":"Thu Sep 10 18:14:14 +0000 2015","id":642038386887389184,"id_str":"642038386887389184","text":"Wie das EU-Land Ungarn im Aufnahmelager Roeszke Fl\u00fcchtlinge versorgt: https:\/\/t.co\/ZV1vx1I3uU\n(via @misik)","source":"\u003ca href=\"http:\/\/twitter.com\/#!\/download\/ipad\" rel=\"nofollow\"\u003eTwitter for iPad\u003c\/a\u003e","truncated":false,"in_reply_to_status_id":null,"in_reply_to_status_id_str":null,"in_reply_to_user_id":null,"in_reply_to_user_id_str":null,"in_reply_to_screen_name":null,"user":{"id":20694291,"id_str":"20694291","name":"Armin Wolf","screen_name":"ArminWolf","location":"Vienna, Austria","url":"http:\/\/about.me\/arminwolf","description":"TV-Journalist | Nein, das ist kein ORF-Account. Die Meinungen hier sind die meinen. | http:\/\/is.gd\/LDbOaN","protected":false,"verified":true,"followers_count":192253,"friends_count":578,"listed_count":1953,"favourites_count":4998,"statuses_count":49984,"created_at":"Thu Feb 12 17:12:34 +0000 2009","utc_offset":7200,"time_zone":"Vienna","geo_enabled":false,"lang":"en","contributors_enabled":false,"is_translator":false,"profile_background_color":"FCFDFD","profile_background_image_url":"http:\/\/abs.twimg.com\/images\/themes\/theme1\/bg.png","profile_background_image_url_https":"https:\/\/abs.twimg.com\/images\/themes\/theme1\/bg.png","profile_background_tile":false,"profile_link_color":"B02F0C","profile_sidebar_border_color":"E0DFE1","profile_sidebar_fill_color":"E0DFE1","profile_text_color":"484842","profile_use_background_image":false,"profile_image_url":"http:\/\/pbs.twimg.com\/profile_images\/625656261065859073\/bJTqwwVB_normal.jpg","profile_image_url_https":"https:\/\/pbs.twimg.com\/profile_images\/625656261065859073\/bJTqwwVB_normal.jpg","profile_banner_url":"https:\/\/pbs.twimg.com\/profile_banners\/20694291\/1438003402","default_profile":false,"default_profile_image":false,"following":null,"follow_request_sent":null,"notifications":null},"geo":null,"coordinates":null,"place":null,"contributors":null,"retweet_count":47,"favorite_count":14,"entities":{"hashtags":[],"trends":[],"urls":[{"url":"https:\/\/t.co\/ZV1vx1I3uU","expanded_url":"https:\/\/m.youtube.com\/watch?v=bRbmFYYbcyw&feature=youtu.be","display_url":"m.youtube.com\/watch?v=bRbmFY\u2026","indices":[70,93]}],"user_mentions":[{"screen_name":"misik","name":"Robert Misik","id":14859899,"id_str":"14859899","indices":[99,105]}],"symbols":[]},"favorited":false,"retweeted":false,"possibly_sensitive":false,"filter_level":"low","lang":"de"},"retweet_count":0,"favorite_count":0,"entities":{"hashtags":[],"trends":[],"urls":[{"url":"https:\/\/t.co\/ZV1vx1I3uU","expanded_url":"https:\/\/m.youtube.com\/watch?v=bRbmFYYbcyw&feature=youtu.be","display_url":"m.youtube.com\/watch?v=bRbmFY\u2026","indices":[85,108]}],"user_mentions":[{"screen_name":"ArminWolf","name":"Armin Wolf","id":20694291,"id_str":"20694291","indices":[3,13]},{"screen_name":"misik","name":"Robert Misik","id":14859899,"id_str":"14859899","indices":[114,120]}],"symbols":[]},"favorited":false,"retweeted":false,"possibly_sensitive":false,"filter_level":"low","lang":"de","timestamp_ms":"1441916605557"}
