{"created_at":"Thu Sep 10 20:21:02 +0000 2015","id":642070295310938112,"id_str":"642070295310938112","text":"#Schwerin: #Backhaus wird erneut Vater http:\/\/t.co\/Lbafw6U7S3","source":"\u003ca href=\"http:\/\/twitter.com\" rel=\"nofollow\"\u003eTwitter Web Client\u003c\/a\u003e","truncated":false,"in_reply_to_status_id":null,"in_reply_to_status_id_str":null,"in_reply_to_user_id":null,"in_reply_to_user_id_str":null,"in_reply_to_screen_name":null,"user":{"id":83867156,"id_str":"83867156","name":"Ostsee-Zeitung","screen_name":"OZlive","location":"Rostock","url":"http:\/\/www.ostsee-zeitung.de","description":"Nachrichten aus Mecklenburg-Vorpommern \u2013 weil wir nicht nur hier, sondern auch im Internet zu Hause sind.","protected":false,"verified":false,"followers_count":6127,"friends_count":183,"listed_count":214,"favourites_count":80,"statuses_count":20227,"created_at":"Tue Oct 20 15:41:19 +0000 2009","utc_offset":7200,"time_zone":"Berlin","geo_enabled":true,"lang":"de","contributors_enabled":false,"is_translator":false,"profile_background_color":"FFFFFF","profile_background_image_url":"http:\/\/pbs.twimg.com\/profile_background_images\/867403851\/111607d112d4324e55e0f7e1a03c3b3a.jpeg","profile_background_image_url_https":"https:\/\/pbs.twimg.com\/profile_background_images\/867403851\/111607d112d4324e55e0f7e1a03c3b3a.jpeg","profile_background_tile":false,"profile_link_color":"0099B9","profile_sidebar_border_color":"FFFFFF","profile_sidebar_fill_color":"95E8EC","profile_text_color":"3C3940","profile_use_background_image":true,"profile_image_url":"http:\/\/pbs.twimg.com\/profile_images\/3653770649\/2466e51deddf806fd8fa4222234eb3c0_normal.jpeg","profile_image_url_https":"https:\/\/pbs.twimg.com\/profile_images\/3653770649\/2466e51deddf806fd8fa4222234eb3c0_normal.jpeg","profile_banner_url":"https:\/\/pbs.twimg.com\/profile_banners\/83867156\/1440416503","default_profile":false,"default_profile_image":false,"following":null,"follow_request_sent":null,"notifications":null},"geo":null,"coordinates":null,"place":null,"contributors":null,"retweet_count":0,"favorite_count":0,"entities":{"hashtags":[{"text":"Schwerin","indices":[0,9]},{"text":"Backhaus","indices":[11,20]}],"trends":[],"urls":[{"url":"http:\/\/t.co\/Lbafw6U7S3","expanded_url":"http:\/\/www.ostsee-zeitung.de\/Nachrichten\/MV-aktuell\/Politik\/Backhaus-wird-erneut-Vater","display_url":"ostsee-zeitung.de\/Nachrichten\/MV\u2026","indices":[39,61]}],"user_mentions":[],"symbols":[]},"favorited":false,"retweeted":false,"possibly_sensitive":false,"filter_level":"low","lang":"de","timestamp_ms":"1441916462148"}
