{"created_at":"Thu Sep 10 20:26:56 +0000 2015","id":642071781310902273,"id_str":"642071781310902273","text":"RT @heuteplus: Die einen wollen nach Deutschland, die anderen nach Schweden. Welche Rolle dabei D\u00e4nemark spielt, hier: #Fl\u00fcchtlinge\nhttps:\/\u2026","source":"\u003ca href=\"http:\/\/twitter.com\/download\/android\" rel=\"nofollow\"\u003eTwitter for Android\u003c\/a\u003e","truncated":false,"in_reply_to_status_id":null,"in_reply_to_status_id_str":null,"in_reply_to_user_id":null,"in_reply_to_user_id_str":null,"in_reply_to_screen_name":null,"user":{"id":533541110,"id_str":"533541110","name":"Sissi Pitzer","screen_name":"sip_media","location":"M\u00fcnchen","url":"http:\/\/br.de\/medienmagazin","description":"Medienjournalistin - am liebsten kritisch!  u.a. verantwortlich f\u00fcr #BR_MedienMagazin. Hier twittere ich meine pers\u00f6nliche Meinung.\nhttp:\/\/speakerinnen.org\/de\/p","protected":false,"verified":false,"followers_count":1762,"friends_count":885,"listed_count":192,"favourites_count":3792,"statuses_count":9073,"created_at":"Thu Mar 22 21:44:05 +0000 2012","utc_offset":7200,"time_zone":"Berlin","geo_enabled":false,"lang":"de","contributors_enabled":false,"is_translator":false,"profile_background_color":"C0DEED","profile_background_image_url":"http:\/\/abs.twimg.com\/images\/themes\/theme1\/bg.png","profile_background_image_url_https":"https:\/\/abs.twimg.com\/images\/themes\/theme1\/bg.png","profile_background_tile":false,"profile_link_color":"0084B4","profile_sidebar_border_color":"C0DEED","profile_sidebar_fill_color":"DDEEF6","profile_text_color":"333333","profile_use_background_image":true,"profile_image_url":"http:\/\/pbs.twimg.com\/profile_images\/1933484874\/Portrait_Sissi_Pitzer_2011_normal.jpg","profile_image_url_https":"https:\/\/pbs.twimg.com\/profile_images\/1933484874\/Portrait_Sissi_Pitzer_2011_normal.jpg","profile_banner_url":"https:\/\/pbs.twimg.com\/profile_banners\/533541110\/1382878864","default_profile":true,"default_profile_image":false,"following":null,"follow_request_sent":null,"notifications":null},"geo":null,"coordinates":null,"place":null,"contributors":null,"retweeted_status":{"created_at":"Thu Sep 10 19:13:19 +0000 2015","id":642053255107756032,"id_str":"642053255107756032","text":"Die einen wollen nach Deutschland, die anderen nach Schweden. Welche Rolle dabei D\u00e4nemark spielt, hier: #Fl\u00fcchtlinge\nhttps:\/\/t.co\/Y1Zf42b8cy","source":"\u003ca href=\"http:\/\/twitter.com\" rel=\"nofollow\"\u003eTwitter Web Client\u003c\/a\u003e","truncated":false,"in_reply_to_status_id":null,"in_reply_to_status_id_str":null,"in_reply_to_user_id":null,"in_reply_to_user_id_str":null,"in_reply_to_screen_name":null,"user":{"id":1597756754,"id_str":"1597756754","name":"ZDF heuteplus","screen_name":"heuteplus","location":"Mainz","url":"http:\/\/heuteplus.zdf.de","description":"News online, on air, zum Mitreden | @doktordab, @dielemke, @miriamsteimer, C. Dammann, @fannyfacsar, @GregorBurkhardt, S. Resch | Impr.: http:\/\/ly.zdf.de\/V3Gu","protected":false,"verified":true,"followers_count":7954,"friends_count":339,"listed_count":169,"favourites_count":2663,"statuses_count":2651,"created_at":"Tue Jul 16 07:07:21 +0000 2013","utc_offset":7200,"time_zone":"Berlin","geo_enabled":true,"lang":"de","contributors_enabled":false,"is_translator":false,"profile_background_color":"000000","profile_background_image_url":"http:\/\/pbs.twimg.com\/profile_background_images\/378800000024924207\/211a057219e03b5de6ff0234b23df2a6.jpeg","profile_background_image_url_https":"https:\/\/pbs.twimg.com\/profile_background_images\/378800000024924207\/211a057219e03b5de6ff0234b23df2a6.jpeg","profile_background_tile":false,"profile_link_color":"3B94D9","profile_sidebar_border_color":"000000","profile_sidebar_fill_color":"000000","profile_text_color":"000000","profile_use_background_image":false,"profile_image_url":"http:\/\/pbs.twimg.com\/profile_images\/598406901475495937\/VEBwO3lT_normal.png","profile_image_url_https":"https:\/\/pbs.twimg.com\/profile_images\/598406901475495937\/VEBwO3lT_normal.png","profile_banner_url":"https:\/\/pbs.twimg.com\/profile_banners\/1597756754\/1431506307","default_profile":false,"default_profile_image":false,"following":null,"follow_request_sent":null,"notifications":null},"geo":null,"coordinates":null,"place":null,"contributors":null,"retweet_count":9,"favorite_count":7,"entities":{"hashtags":[{"text":"Fl\u00fcchtlinge","indices":[104,116]}],"trends":[],"urls":[{"url":"https:\/\/t.co\/Y1Zf42b8cy","expanded_url":"https:\/\/amp.twimg.com\/v\/78240e99-7f40-4bf7-9a92-222fd9d05e41","display_url":"amp.twimg.com\/v\/78240e99-7f4\u2026","indices":[117,140]}],"user_mentions":[],"symbols":[]},"favorited":false,"retweeted":false,"possibly_sensitive":false,"filter_level":"low","lang":"de"},"retweet_count":0,"favorite_count":0,"entities":{"hashtags":[{"text":"Fl\u00fcchtlinge","indices":[119,131]}],"trends":[],"urls":[{"url":"https:\/\/t.co\/Y1Zf42b8cy","expanded_url":"https:\/\/amp.twimg.com\/v\/78240e99-7f40-4bf7-9a92-222fd9d05e41","display_url":"amp.twimg.com\/v\/78240e99-7f4\u2026","indices":[139,140]}],"user_mentions":[{"screen_name":"heuteplus","name":"ZDF heuteplus","id":1597756754,"id_str":"1597756754","indices":[3,13]}],"symbols":[]},"favorited":false,"retweeted":false,"possibly_sensitive":false,"filter_level":"low","lang":"de","timestamp_ms":"1441916816438"}
