{"created_at":"Fri Sep 11 23:48:59 +0000 2015","id":642485017977950208,"id_str":"642485017977950208","text":"An alle jungen Menschen in Europa und Nordamerika (Kapitel 5)\nhttps:\/\/t.co\/BrqG6ThApM\n#Politik\n#Bildung\n#Treffen http:\/\/t.co\/n9oviuhQ7H","source":"\u003ca href=\"http:\/\/awakeningofsun.com\" rel=\"nofollow\"\u003eAwakening Of Sun\u003c\/a\u003e","truncated":false,"in_reply_to_status_id":null,"in_reply_to_status_id_str":null,"in_reply_to_user_id":null,"in_reply_to_user_id_str":null,"in_reply_to_screen_name":null,"user":{"id":2995422076,"id_str":"2995422076","name":"maani mania ","screen_name":"MaaniMania","location":"","url":null,"description":null,"protected":false,"verified":false,"followers_count":131,"friends_count":69,"listed_count":72,"favourites_count":0,"statuses_count":295081,"created_at":"Sat Jan 24 06:47:14 +0000 2015","utc_offset":null,"time_zone":null,"geo_enabled":false,"lang":"en","contributors_enabled":false,"is_translator":false,"profile_background_color":"C0DEED","profile_background_image_url":"http:\/\/abs.twimg.com\/images\/themes\/theme1\/bg.png","profile_background_image_url_https":"https:\/\/abs.twimg.com\/images\/themes\/theme1\/bg.png","profile_background_tile":false,"profile_link_color":"0084B4","profile_sidebar_border_color":"C0DEED","profile_sidebar_fill_color":"DDEEF6","profile_text_color":"333333","profile_use_background_image":true,"profile_image_url":"http:\/\/pbs.twimg.com\/profile_images\/559695130240618496\/FWYc161G_normal.jpeg","profile_image_url_https":"https:\/\/pbs.twimg.com\/profile_images\/559695130240618496\/FWYc161G_normal.jpeg","profile_banner_url":"https:\/\/pbs.twimg.com\/profile_banners\/2995422076\/1422276933","default_profile":true,"default_profile_image":false,"following":null,"follow_request_sent":null,"notifications":null},"geo":null,"coordinates":null,"place":null,"contributors":null,"retweet_count":0,"favorite_count":0,"entities":{"hashtags":[{"text":"Politik","indices":[86,94]},{"text":"Bildung","indices":[95,103]},{"text":"Treffen","indices":[104,112]}],"trends":[],"urls":[{"url":"https:\/\/t.co\/BrqG6ThApM","expanded_url":"https:\/\/www.flickr.com\/photos\/130169972@N08\/21004899691\/in\/dateposted\/","display_url":"flickr.com\/photos\/1301699\u2026","indices":[62,85]}],"user_mentions":[],"symbols":[],"media":[{"id":642485017810219012,"id_str":"642485017810219012","indices":[113,135],"media_url":"http:\/\/pbs.twimg.com\/media\/COqQuDwWsAQywnc.jpg","media_url_https":"https:\/\/pbs.twimg.com\/media\/COqQuDwWsAQywnc.jpg","url":"http:\/\/t.co\/n9oviuhQ7H","display_url":"pic.twitter.com\/n9oviuhQ7H","expanded_url":"http:\/\/twitter.com\/MaaniMania\/status\/642485017977950208\/photo\/1","type":"photo","sizes":{"large":{"w":922,"h":306,"resize":"fit"},"thumb":{"w":150,"h":150,"resize":"crop"},"small":{"w":340,"h":112,"resize":"fit"},"medium":{"w":600,"h":199,"resize":"fit"}}}]},"extended_entities":{"media":[{"id":642485017810219012,"id_str":"642485017810219012","indices":[113,135],"media_url":"http:\/\/pbs.twimg.com\/media\/COqQuDwWsAQywnc.jpg","media_url_https":"https:\/\/pbs.twimg.com\/media\/COqQuDwWsAQywnc.jpg","url":"http:\/\/t.co\/n9oviuhQ7H","display_url":"pic.twitter.com\/n9oviuhQ7H","expanded_url":"http:\/\/twitter.com\/MaaniMania\/status\/642485017977950208\/photo\/1","type":"photo","sizes":{"large":{"w":922,"h":306,"resize":"fit"},"thumb":{"w":150,"h":150,"resize":"crop"},"small":{"w":340,"h":112,"resize":"fit"},"medium":{"w":600,"h":199,"resize":"fit"}}}]},"favorited":false,"retweeted":false,"possibly_sensitive":false,"filter_level":"low","lang":"de","timestamp_ms":"1442015339737"}
