{"created_at":"Thu Sep 10 20:26:40 +0000 2015","id":642071715699363840,"id_str":"642071715699363840","text":"RT @EpochTimesDE: Bevor wegen der Flutwelle an Fl\u00fcchtlingen das komplette Chaos ausbricht, handelt die ungarische Regierung. Vom... http:\/\/\u2026","source":"\u003ca href=\"http:\/\/twitter.com\" rel=\"nofollow\"\u003eTwitter Web Client\u003c\/a\u003e","truncated":false,"in_reply_to_status_id":null,"in_reply_to_status_id_str":null,"in_reply_to_user_id":null,"in_reply_to_user_id_str":null,"in_reply_to_screen_name":null,"user":{"id":2270832549,"id_str":"2270832549","name":"Detlef Alsbach","screen_name":"DetlefAlsbach","location":"K\u00f6ln","url":"http:\/\/www.verfolgte-herzen.de","description":null,"protected":false,"verified":false,"followers_count":211,"friends_count":84,"listed_count":36,"favourites_count":159,"statuses_count":58073,"created_at":"Thu Jan 09 13:35:14 +0000 2014","utc_offset":7200,"time_zone":"Amsterdam","geo_enabled":false,"lang":"de","contributors_enabled":false,"is_translator":false,"profile_background_color":"642D8B","profile_background_image_url":"http:\/\/abs.twimg.com\/images\/themes\/theme10\/bg.gif","profile_background_image_url_https":"https:\/\/abs.twimg.com\/images\/themes\/theme10\/bg.gif","profile_background_tile":true,"profile_link_color":"FF0000","profile_sidebar_border_color":"65B0DA","profile_sidebar_fill_color":"7AC3EE","profile_text_color":"3D1957","profile_use_background_image":true,"profile_image_url":"http:\/\/pbs.twimg.com\/profile_images\/441925906630582272\/eS2eS2OQ_normal.jpeg","profile_image_url_https":"https:\/\/pbs.twimg.com\/profile_images\/441925906630582272\/eS2eS2OQ_normal.jpeg","profile_banner_url":"https:\/\/pbs.twimg.com\/profile_banners\/2270832549\/1391728495","default_profile":false,"default_profile_image":false,"following":null,"follow_request_sent":null,"notifications":null},"geo":null,"coordinates":null,"place":null,"contributors":null,"retweeted_status":{"created_at":"Thu Sep 10 19:52:37 +0000 2015","id":642063145704493056,"id_str":"642063145704493056","text":"Bevor wegen der Flutwelle an Fl\u00fcchtlingen das komplette Chaos ausbricht, handelt die ungarische Regierung. Vom... http:\/\/t.co\/4qnXx0eRF9","source":"\u003ca href=\"http:\/\/www.facebook.com\/twitter\" rel=\"nofollow\"\u003eFacebook\u003c\/a\u003e","truncated":false,"in_reply_to_status_id":null,"in_reply_to_status_id_str":null,"in_reply_to_user_id":null,"in_reply_to_user_id_str":null,"in_reply_to_screen_name":null,"user":{"id":310362666,"id_str":"310362666","name":"Epoch Times DE","screen_name":"EpochTimesDE","location":"Berlin","url":"http:\/\/www.epochtimes.de","description":"Epoch Times Deutschland","protected":false,"verified":false,"followers_count":174,"friends_count":18,"listed_count":17,"favourites_count":281,"statuses_count":14049,"created_at":"Fri Jun 03 16:29:00 +0000 2011","utc_offset":7200,"time_zone":"Berlin","geo_enabled":false,"lang":"de","contributors_enabled":false,"is_translator":false,"profile_background_color":"FFFFFF","profile_background_image_url":"http:\/\/pbs.twimg.com\/profile_background_images\/280217235\/bg_big5.jpg","profile_background_image_url_https":"https:\/\/pbs.twimg.com\/profile_background_images\/280217235\/bg_big5.jpg","profile_background_tile":false,"profile_link_color":"00BBFF","profile_sidebar_border_color":"FFFFFF","profile_sidebar_fill_color":"F5F5F5","profile_text_color":"000000","profile_use_background_image":true,"profile_image_url":"http:\/\/pbs.twimg.com\/profile_images\/1508202213\/ET-global-monogram-square_DE__v01-BEJAN_normal.jpg","profile_image_url_https":"https:\/\/pbs.twimg.com\/profile_images\/1508202213\/ET-global-monogram-square_DE__v01-BEJAN_normal.jpg","default_profile":false,"default_profile_image":false,"following":null,"follow_request_sent":null,"notifications":null},"geo":null,"coordinates":null,"place":null,"contributors":null,"retweet_count":1,"favorite_count":1,"entities":{"hashtags":[],"trends":[],"urls":[{"url":"http:\/\/t.co\/4qnXx0eRF9","expanded_url":"http:\/\/fb.me\/2jU5sdsgb","display_url":"fb.me\/2jU5sdsgb","indices":[114,136]}],"user_mentions":[],"symbols":[]},"favorited":false,"retweeted":false,"possibly_sensitive":false,"filter_level":"low","lang":"de"},"retweet_count":0,"favorite_count":0,"entities":{"hashtags":[],"trends":[],"urls":[{"url":"http:\/\/t.co\/4qnXx0eRF9","expanded_url":"http:\/\/fb.me\/2jU5sdsgb","display_url":"fb.me\/2jU5sdsgb","indices":[139,140]}],"user_mentions":[{"screen_name":"EpochTimesDE","name":"Epoch Times DE","id":310362666,"id_str":"310362666","indices":[3,16]}],"symbols":[]},"favorited":false,"retweeted":false,"possibly_sensitive":false,"filter_level":"low","lang":"de","timestamp_ms":"1441916800795"}
