{"created_at":"Sat Sep 12 19:52:02 +0000 2015","id":642787774320504832,"id_str":"642787774320504832","text":"Syrien: Russland baut Milit\u00e4rbasis\u00a0wohl sehr schnell aus http:\/\/t.co\/23y389E9aQ","source":"\u003ca href=\"http:\/\/nahostnews.x-service.ch\/\" rel=\"nofollow\"\u003eNahost News\u003c\/a\u003e","truncated":false,"in_reply_to_status_id":null,"in_reply_to_status_id_str":null,"in_reply_to_user_id":null,"in_reply_to_user_id_str":null,"in_reply_to_screen_name":null,"user":{"id":332451752,"id_str":"332451752","name":"Nahost News","screen_name":"NahostNews","location":"","url":null,"description":"Aggregierte News zu \u00c4gypten, Syrien, Iran, Israel, Saudi Arabien, VAE ... T\u00fcrkei ... Libyen, Tunesien ... RTs mostly in English","protected":false,"verified":false,"followers_count":480,"friends_count":283,"listed_count":27,"favourites_count":8,"statuses_count":28067,"created_at":"Sat Jul 09 20:49:28 +0000 2011","utc_offset":7200,"time_zone":"Bern","geo_enabled":false,"lang":"en","contributors_enabled":false,"is_translator":false,"profile_background_color":"131516","profile_background_image_url":"http:\/\/abs.twimg.com\/images\/themes\/theme14\/bg.gif","profile_background_image_url_https":"https:\/\/abs.twimg.com\/images\/themes\/theme14\/bg.gif","profile_background_tile":false,"profile_link_color":"00990D","profile_sidebar_border_color":"EEEEEE","profile_sidebar_fill_color":"EFEFEF","profile_text_color":"333333","profile_use_background_image":true,"profile_image_url":"http:\/\/pbs.twimg.com\/profile_images\/2464853833\/q2upv2mcqme2e2h3d3o0_normal.png","profile_image_url_https":"https:\/\/pbs.twimg.com\/profile_images\/2464853833\/q2upv2mcqme2e2h3d3o0_normal.png","profile_banner_url":"https:\/\/pbs.twimg.com\/profile_banners\/332451752\/1398616449","default_profile":false,"default_profile_image":false,"following":null,"follow_request_sent":null,"notifications":null},"geo":null,"coordinates":null,"place":null,"contributors":null,"retweet_count":0,"favorite_count":0,"entities":{"hashtags":[],"trends":[],"urls":[{"url":"http:\/\/t.co\/23y389E9aQ","expanded_url":"http:\/\/www.spiegel.de\/politik\/ausland\/syrien-russland-baut-militaerbasis-angeblich-schnell-aus-a-1052645.html#ref=rss","display_url":"spiegel.de\/politik\/auslan\u2026","indices":[57,79]}],"user_mentions":[],"symbols":[]},"favorited":false,"retweeted":false,"possibly_sensitive":false,"filter_level":"low","lang":"de","timestamp_ms":"1442087522474"}
