{"created_at":"Thu Sep 10 20:20:51 +0000 2015","id":642070249341218816,"id_str":"642070249341218816","text":"A-Radio Berlin - ABC Belarus zur Freilassung der Gefangenen und den anstehenden Wahlen: Am 22. August untersch... http:\/\/t.co\/IyPhQeskF1","source":"\u003ca href=\"http:\/\/twitterfeed.com\" rel=\"nofollow\"\u003etwitterfeed\u003c\/a\u003e","truncated":false,"in_reply_to_status_id":null,"in_reply_to_status_id_str":null,"in_reply_to_user_id":null,"in_reply_to_user_id_str":null,"in_reply_to_screen_name":null,"user":{"id":279028360,"id_str":"279028360","name":"freie-radios.net","screen_name":"freieradiosnet","location":"","url":"http:\/\/www.freie-radios.net\/","description":"Das Austauschportal der Freien Radios, t\u00e4glich aktuell, weder staatstragend noch mainstream, basisdemokratisch und offen.","protected":false,"verified":false,"followers_count":629,"friends_count":16,"listed_count":41,"favourites_count":0,"statuses_count":12435,"created_at":"Fri Apr 08 13:01:00 +0000 2011","utc_offset":7200,"time_zone":"Berlin","geo_enabled":false,"lang":"de","contributors_enabled":false,"is_translator":false,"profile_background_color":"C0DEED","profile_background_image_url":"http:\/\/abs.twimg.com\/images\/themes\/theme1\/bg.png","profile_background_image_url_https":"https:\/\/abs.twimg.com\/images\/themes\/theme1\/bg.png","profile_background_tile":false,"profile_link_color":"0084B4","profile_sidebar_border_color":"C0DEED","profile_sidebar_fill_color":"DDEEF6","profile_text_color":"333333","profile_use_background_image":true,"profile_image_url":"http:\/\/pbs.twimg.com\/profile_images\/1311742246\/frn_logo_text_klein_normal.png","profile_image_url_https":"https:\/\/pbs.twimg.com\/profile_images\/1311742246\/frn_logo_text_klein_normal.png","default_profile":true,"default_profile_image":false,"following":null,"follow_request_sent":null,"notifications":null},"geo":null,"coordinates":null,"place":null,"contributors":null,"retweet_count":0,"favorite_count":0,"entities":{"hashtags":[],"trends":[],"urls":[{"url":"http:\/\/t.co\/IyPhQeskF1","expanded_url":"http:\/\/bit.ly\/1UF8ds4","display_url":"bit.ly\/1UF8ds4","indices":[114,136]}],"user_mentions":[],"symbols":[]},"favorited":false,"retweeted":false,"possibly_sensitive":false,"filter_level":"low","lang":"de","timestamp_ms":"1441916451188"}
