{"created_at":"Sat Sep 12 00:03:39 +0000 2015","id":642488708508327936,"id_str":"642488708508327936","text":"RT @choolie211: Krim-Vizepremier: Berlusconi \u00f6ffnete f\u00fcr Krim \u201eFenster nach Europa\u201c http:\/\/t.co\/QSAhUnWeQP","source":"\u003ca href=\"http:\/\/twitter.com\/download\/android\" rel=\"nofollow\"\u003eTwitter for Android\u003c\/a\u003e","truncated":false,"in_reply_to_status_id":null,"in_reply_to_status_id_str":null,"in_reply_to_user_id":null,"in_reply_to_user_id_str":null,"in_reply_to_screen_name":null,"user":{"id":43602360,"id_str":"43602360","name":"Stefan Tychon","screen_name":"Gasuniek","location":"climate rule or carbon shock","url":"http:\/\/pollutico.com","description":"journalist @pollutico warned the government, court, defendant and press about criminal global energy policy during 2006 Enron trial in Houston @BigEnron","protected":false,"verified":false,"followers_count":585,"friends_count":1979,"listed_count":19,"favourites_count":1486,"statuses_count":29561,"created_at":"Sat May 30 22:02:11 +0000 2009","utc_offset":-7200,"time_zone":"Greenland","geo_enabled":true,"lang":"en","contributors_enabled":false,"is_translator":false,"profile_background_color":"131516","profile_background_image_url":"http:\/\/pbs.twimg.com\/profile_background_images\/757942217\/47e2e1244056204522cde67ceba604a0.jpeg","profile_background_image_url_https":"https:\/\/pbs.twimg.com\/profile_background_images\/757942217\/47e2e1244056204522cde67ceba604a0.jpeg","profile_background_tile":false,"profile_link_color":"3295EB","profile_sidebar_border_color":"000000","profile_sidebar_fill_color":"050105","profile_text_color":"737375","profile_use_background_image":true,"profile_image_url":"http:\/\/pbs.twimg.com\/profile_images\/509419062967824384\/BBz-Qv-v_normal.jpeg","profile_image_url_https":"https:\/\/pbs.twimg.com\/profile_images\/509419062967824384\/BBz-Qv-v_normal.jpeg","profile_banner_url":"https:\/\/pbs.twimg.com\/profile_banners\/43602360\/1437735638","default_profile":false,"default_profile_image":false,"following":null,"follow_request_sent":null,"notifications":null},"geo":null,"coordinates":null,"place":null,"contributors":null,"retweeted_status":{"created_at":"Fri Sep 11 23:23:10 +0000 2015","id":642478521412120582,"id_str":"642478521412120582","text":"Krim-Vizepremier: Berlusconi \u00f6ffnete f\u00fcr Krim \u201eFenster nach Europa\u201c http:\/\/t.co\/QSAhUnWeQP","source":"\u003ca href=\"http:\/\/twitter.com\" rel=\"nofollow\"\u003eTwitter Web Client\u003c\/a\u003e","truncated":false,"in_reply_to_status_id":null,"in_reply_to_status_id_str":null,"in_reply_to_user_id":null,"in_reply_to_user_id_str":null,"in_reply_to_screen_name":null,"user":{"id":270396457,"id_str":"270396457","name":"choo lie","screen_name":"choolie211","location":"","url":null,"description":"Nein! Doch! Ohhh!","protected":false,"verified":false,"followers_count":511,"friends_count":433,"listed_count":35,"favourites_count":15010,"statuses_count":24988,"created_at":"Tue Mar 22 14:58:57 +0000 2011","utc_offset":7200,"time_zone":"Berlin","geo_enabled":false,"lang":"de","contributors_enabled":false,"is_translator":false,"profile_background_color":"C0DEED","profile_background_image_url":"http:\/\/pbs.twimg.com\/profile_background_images\/621711160874782720\/O-kVJh9V.jpg","profile_background_image_url_https":"https:\/\/pbs.twimg.com\/profile_background_images\/621711160874782720\/O-kVJh9V.jpg","profile_background_tile":true,"profile_link_color":"3B94D9","profile_sidebar_border_color":"C0DEED","profile_sidebar_fill_color":"DDEEF6","profile_text_color":"333333","profile_use_background_image":true,"profile_image_url":"http:\/\/pbs.twimg.com\/profile_images\/636306446565687296\/SAGwoGtL_normal.png","profile_image_url_https":"https:\/\/pbs.twimg.com\/profile_images\/636306446565687296\/SAGwoGtL_normal.png","default_profile":false,"default_profile_image":false,"following":null,"follow_request_sent":null,"notifications":null},"geo":null,"coordinates":null,"place":null,"contributors":null,"retweet_count":3,"favorite_count":2,"entities":{"hashtags":[],"trends":[],"urls":[{"url":"http:\/\/t.co\/QSAhUnWeQP","expanded_url":"http:\/\/de.sputniknews.com\/politik\/20150911\/304273239.html","display_url":"de.sputniknews.com\/politik\/201509\u2026","indices":[68,90]}],"user_mentions":[],"symbols":[]},"favorited":false,"retweeted":false,"possibly_sensitive":true,"filter_level":"low","lang":"de"},"retweet_count":0,"favorite_count":0,"entities":{"hashtags":[],"trends":[],"urls":[{"url":"http:\/\/t.co\/QSAhUnWeQP","expanded_url":"http:\/\/de.sputniknews.com\/politik\/20150911\/304273239.html","display_url":"de.sputniknews.com\/politik\/201509\u2026","indices":[84,106]}],"user_mentions":[{"screen_name":"choolie211","name":"choo lie","id":270396457,"id_str":"270396457","indices":[3,14]}],"symbols":[]},"favorited":false,"retweeted":false,"possibly_sensitive":false,"filter_level":"low","lang":"de","timestamp_ms":"1442016219628"}
