{"created_at":"Thu Sep 10 20:27:57 +0000 2015","id":642072039231242240,"id_str":"642072039231242240","text":"Mein Bedarf am Thema Fl\u00fcchtlinge ist \u00fcberm\u00e4ssig gedeckt nach 12'Std. Diskussionen ist jetzt genug.\nich hoffe dasVorhaben eingehalten werden.","source":"\u003ca href=\"http:\/\/twitter.com\/download\/android\" rel=\"nofollow\"\u003eTwitter for Android\u003c\/a\u003e","truncated":false,"in_reply_to_status_id":null,"in_reply_to_status_id_str":null,"in_reply_to_user_id":null,"in_reply_to_user_id_str":null,"in_reply_to_screen_name":null,"user":{"id":157397470,"id_str":"157397470","name":"HERZDAME ","screen_name":"SMEXXYHEXXY","location":" ","url":"http:\/\/www.lastfm.de\/user\/heart22","description":"WE ARE ONE WORLD!  LOVE AND PEACE! \n Music is my drug! ROCK OR BURST!\n \nWithout the Dark\nwe'd never see the Stars! Das HERZ sieht was dem AUGE verborgen bleibt!","protected":false,"verified":false,"followers_count":390,"friends_count":437,"listed_count":45,"favourites_count":7152,"statuses_count":34742,"created_at":"Sat Jun 19 17:49:49 +0000 2010","utc_offset":7200,"time_zone":"Berlin","geo_enabled":false,"lang":"de","contributors_enabled":false,"is_translator":false,"profile_background_color":"FFFFFF","profile_background_image_url":"http:\/\/pbs.twimg.com\/profile_background_images\/623799811842670592\/e2RNYjW8.jpg","profile_background_image_url_https":"https:\/\/pbs.twimg.com\/profile_background_images\/623799811842670592\/e2RNYjW8.jpg","profile_background_tile":false,"profile_link_color":"E6006B","profile_sidebar_border_color":"24201F","profile_sidebar_fill_color":"F089A0","profile_text_color":"24201F","profile_use_background_image":true,"profile_image_url":"http:\/\/pbs.twimg.com\/profile_images\/562517246648795137\/SHHoPOl8_normal.jpeg","profile_image_url_https":"https:\/\/pbs.twimg.com\/profile_images\/562517246648795137\/SHHoPOl8_normal.jpeg","profile_banner_url":"https:\/\/pbs.twimg.com\/profile_banners\/157397470\/1436421696","default_profile":false,"default_profile_image":false,"following":null,"follow_request_sent":null,"notifications":null},"geo":null,"coordinates":null,"place":null,"contributors":null,"retweet_count":0,"favorite_count":0,"entities":{"hashtags":[],"trends":[],"urls":[],"user_mentions":[],"symbols":[]},"favorited":false,"retweeted":false,"possibly_sensitive":false,"filter_level":"low","lang":"de","timestamp_ms":"1441916877931"}
