{"created_at":"Thu Sep 10 20:21:37 +0000 2015","id":642070444166807553,"id_str":"642070444166807553","text":"Wahlen in der #T\u00fcrkei: Unterst\u00fctzungsaufruf der #Gr\u00fcnen f\u00fcr die #HDP \nhttps:\/\/t.co\/G7aAvjrCdE","source":"\u003ca href=\"http:\/\/twitter.com\" rel=\"nofollow\"\u003eTwitter Web Client\u003c\/a\u003e","truncated":false,"in_reply_to_status_id":null,"in_reply_to_status_id_str":null,"in_reply_to_user_id":null,"in_reply_to_user_id_str":null,"in_reply_to_screen_name":null,"user":{"id":985243506,"id_str":"985243506","name":"S\u00e4kulare Gr\u00fcne","screen_name":"saekularegruene","location":"","url":"http:\/\/www.saekulare-gruene.de","description":null,"protected":false,"verified":false,"followers_count":343,"friends_count":95,"listed_count":16,"favourites_count":1,"statuses_count":449,"created_at":"Sun Dec 02 19:39:43 +0000 2012","utc_offset":7200,"time_zone":"Amsterdam","geo_enabled":false,"lang":"de","contributors_enabled":false,"is_translator":false,"profile_background_color":"5AAC24","profile_background_image_url":"http:\/\/pbs.twimg.com\/profile_background_images\/599178452063813632\/bCmoZ42A.jpg","profile_background_image_url_https":"https:\/\/pbs.twimg.com\/profile_background_images\/599178452063813632\/bCmoZ42A.jpg","profile_background_tile":false,"profile_link_color":"5AAC24","profile_sidebar_border_color":"C0DEED","profile_sidebar_fill_color":"DDEEF6","profile_text_color":"333333","profile_use_background_image":true,"profile_image_url":"http:\/\/pbs.twimg.com\/profile_images\/599176775030198273\/bhK7BQw-_normal.jpg","profile_image_url_https":"https:\/\/pbs.twimg.com\/profile_images\/599176775030198273\/bhK7BQw-_normal.jpg","profile_banner_url":"https:\/\/pbs.twimg.com\/profile_banners\/985243506\/1431689540","default_profile":false,"default_profile_image":false,"following":null,"follow_request_sent":null,"notifications":null},"geo":null,"coordinates":null,"place":null,"contributors":null,"retweet_count":0,"favorite_count":0,"entities":{"hashtags":[{"text":"T\u00fcrkei","indices":[14,21]},{"text":"Gr\u00fcnen","indices":[48,55]},{"text":"HDP","indices":[64,68]}],"trends":[],"urls":[{"url":"https:\/\/t.co\/G7aAvjrCdE","expanded_url":"https:\/\/m.gruene.de\/ueber-uns\/fuer-frieden-gerechtigkeit-nachhaltigkeit-und-freiheit.html","display_url":"m.gruene.de\/ueber-uns\/fuer\u2026","indices":[70,93]}],"user_mentions":[],"symbols":[]},"favorited":false,"retweeted":false,"possibly_sensitive":false,"filter_level":"low","lang":"de","timestamp_ms":"1441916497638"}
