{"created_at":"Thu Sep 10 20:23:25 +0000 2015","id":642070896161759232,"id_str":"642070896161759232","text":"RT @BR24: Flucht und Recht (4): Statusfragen.\n#Fl\u00fcchtlinge\nhttp:\/\/t.co\/B3oVy0R5Zm http:\/\/t.co\/EC0IVxprZL","source":"\u003ca href=\"http:\/\/twitter.com\/download\/android\" rel=\"nofollow\"\u003eTwitter for Android\u003c\/a\u003e","truncated":false,"in_reply_to_status_id":null,"in_reply_to_status_id_str":null,"in_reply_to_user_id":null,"in_reply_to_user_id_str":null,"in_reply_to_screen_name":null,"user":{"id":533541110,"id_str":"533541110","name":"Sissi Pitzer","screen_name":"sip_media","location":"M\u00fcnchen","url":"http:\/\/br.de\/medienmagazin","description":"Medienjournalistin - am liebsten kritisch!  u.a. verantwortlich f\u00fcr #BR_MedienMagazin. Hier twittere ich meine pers\u00f6nliche Meinung.\nhttp:\/\/speakerinnen.org\/de\/p","protected":false,"verified":false,"followers_count":1762,"friends_count":885,"listed_count":192,"favourites_count":3792,"statuses_count":9072,"created_at":"Thu Mar 22 21:44:05 +0000 2012","utc_offset":7200,"time_zone":"Berlin","geo_enabled":false,"lang":"de","contributors_enabled":false,"is_translator":false,"profile_background_color":"C0DEED","profile_background_image_url":"http:\/\/abs.twimg.com\/images\/themes\/theme1\/bg.png","profile_background_image_url_https":"https:\/\/abs.twimg.com\/images\/themes\/theme1\/bg.png","profile_background_tile":false,"profile_link_color":"0084B4","profile_sidebar_border_color":"C0DEED","profile_sidebar_fill_color":"DDEEF6","profile_text_color":"333333","profile_use_background_image":true,"profile_image_url":"http:\/\/pbs.twimg.com\/profile_images\/1933484874\/Portrait_Sissi_Pitzer_2011_normal.jpg","profile_image_url_https":"https:\/\/pbs.twimg.com\/profile_images\/1933484874\/Portrait_Sissi_Pitzer_2011_normal.jpg","profile_banner_url":"https:\/\/pbs.twimg.com\/profile_banners\/533541110\/1382878864","default_profile":true,"default_profile_image":false,"following":null,"follow_request_sent":null,"notifications":null},"geo":null,"coordinates":null,"place":null,"contributors":null,"retweeted_status":{"created_at":"Thu Sep 10 19:16:29 +0000 2015","id":642054050863824896,"id_str":"642054050863824896","text":"Flucht und Recht (4): Statusfragen.\n#Fl\u00fcchtlinge\nhttp:\/\/t.co\/B3oVy0R5Zm http:\/\/t.co\/EC0IVxprZL","source":"\u003ca href=\"https:\/\/about.twitter.com\/products\/tweetdeck\" rel=\"nofollow\"\u003eTweetDeck\u003c\/a\u003e","truncated":false,"in_reply_to_status_id":null,"in_reply_to_status_id_str":null,"in_reply_to_user_id":null,"in_reply_to_user_id_str":null,"in_reply_to_screen_name":null,"user":{"id":90524645,"id_str":"90524645","name":"BR24","screen_name":"BR24","location":"","url":"http:\/\/www.br.de\/nachrichten\/index.html","description":"Nachrichten aus meiner Welt. Powered by B5 aktuell & Rundschau. Heute: @AntjeDoerfner","protected":false,"verified":true,"followers_count":6267,"friends_count":674,"listed_count":310,"favourites_count":1031,"statuses_count":33338,"created_at":"Tue Nov 17 00:37:00 +0000 2009","utc_offset":7200,"time_zone":"Berlin","geo_enabled":false,"lang":"de","contributors_enabled":false,"is_translator":false,"profile_background_color":"FFFFFF","profile_background_image_url":"http:\/\/pbs.twimg.com\/profile_background_images\/613775171514695680\/uKQRlZfD.png","profile_background_image_url_https":"https:\/\/pbs.twimg.com\/profile_background_images\/613775171514695680\/uKQRlZfD.png","profile_background_tile":false,"profile_link_color":"0084B4","profile_sidebar_border_color":"000000","profile_sidebar_fill_color":"DDEEF6","profile_text_color":"333333","profile_use_background_image":true,"profile_image_url":"http:\/\/pbs.twimg.com\/profile_images\/613750996104314880\/z1US8y0x_normal.png","profile_image_url_https":"https:\/\/pbs.twimg.com\/profile_images\/613750996104314880\/z1US8y0x_normal.png","profile_banner_url":"https:\/\/pbs.twimg.com\/profile_banners\/90524645\/1435676158","default_profile":false,"default_profile_image":false,"following":null,"follow_request_sent":null,"notifications":null},"geo":null,"coordinates":null,"place":null,"contributors":null,"retweet_count":2,"favorite_count":0,"entities":{"hashtags":[{"text":"Fl\u00fcchtlinge","indices":[36,48]}],"trends":[],"urls":[{"url":"http:\/\/t.co\/B3oVy0R5Zm","expanded_url":"http:\/\/br.de\/s\/1uRtD1N","display_url":"br.de\/s\/1uRtD1N","indices":[49,71]}],"user_mentions":[],"symbols":[],"media":[{"id":642052549823102976,"id_str":"642052549823102976","indices":[72,94],"media_url":"http:\/\/pbs.twimg.com\/media\/COkHZG9XAAAG_7X.png","media_url_https":"https:\/\/pbs.twimg.com\/media\/COkHZG9XAAAG_7X.png","url":"http:\/\/t.co\/EC0IVxprZL","display_url":"pic.twitter.com\/EC0IVxprZL","expanded_url":"http:\/\/twitter.com\/BR24\/status\/642054050863824896\/photo\/1","type":"photo","sizes":{"large":{"w":599,"h":338,"resize":"fit"},"thumb":{"w":150,"h":150,"resize":"crop"},"small":{"w":340,"h":191,"resize":"fit"},"medium":{"w":599,"h":338,"resize":"fit"}}}]},"extended_entities":{"media":[{"id":642052549823102976,"id_str":"642052549823102976","indices":[72,94],"media_url":"http:\/\/pbs.twimg.com\/media\/COkHZG9XAAAG_7X.png","media_url_https":"https:\/\/pbs.twimg.com\/media\/COkHZG9XAAAG_7X.png","url":"http:\/\/t.co\/EC0IVxprZL","display_url":"pic.twitter.com\/EC0IVxprZL","expanded_url":"http:\/\/twitter.com\/BR24\/status\/642054050863824896\/photo\/1","type":"photo","sizes":{"large":{"w":599,"h":338,"resize":"fit"},"thumb":{"w":150,"h":150,"resize":"crop"},"small":{"w":340,"h":191,"resize":"fit"},"medium":{"w":599,"h":338,"resize":"fit"}}}]},"favorited":false,"retweeted":false,"possibly_sensitive":false,"filter_level":"low","lang":"de"},"retweet_count":0,"favorite_count":0,"entities":{"hashtags":[{"text":"Fl\u00fcchtlinge","indices":[46,58]}],"trends":[],"urls":[{"url":"http:\/\/t.co\/B3oVy0R5Zm","expanded_url":"http:\/\/br.de\/s\/1uRtD1N","display_url":"br.de\/s\/1uRtD1N","indices":[59,81]}],"user_mentions":[{"screen_name":"BR24","name":"BR24","id":90524645,"id_str":"90524645","indices":[3,8]}],"symbols":[],"media":[{"id":642052549823102976,"id_str":"642052549823102976","indices":[82,104],"media_url":"http:\/\/pbs.twimg.com\/media\/COkHZG9XAAAG_7X.png","media_url_https":"https:\/\/pbs.twimg.com\/media\/COkHZG9XAAAG_7X.png","url":"http:\/\/t.co\/EC0IVxprZL","display_url":"pic.twitter.com\/EC0IVxprZL","expanded_url":"http:\/\/twitter.com\/BR24\/status\/642054050863824896\/photo\/1","type":"photo","sizes":{"large":{"w":599,"h":338,"resize":"fit"},"thumb":{"w":150,"h":150,"resize":"crop"},"small":{"w":340,"h":191,"resize":"fit"},"medium":{"w":599,"h":338,"resize":"fit"}},"source_status_id":642054050863824896,"source_status_id_str":"642054050863824896"}]},"extended_entities":{"media":[{"id":642052549823102976,"id_str":"642052549823102976","indices":[82,104],"media_url":"http:\/\/pbs.twimg.com\/media\/COkHZG9XAAAG_7X.png","media_url_https":"https:\/\/pbs.twimg.com\/media\/COkHZG9XAAAG_7X.png","url":"http:\/\/t.co\/EC0IVxprZL","display_url":"pic.twitter.com\/EC0IVxprZL","expanded_url":"http:\/\/twitter.com\/BR24\/status\/642054050863824896\/photo\/1","type":"photo","sizes":{"large":{"w":599,"h":338,"resize":"fit"},"thumb":{"w":150,"h":150,"resize":"crop"},"small":{"w":340,"h":191,"resize":"fit"},"medium":{"w":599,"h":338,"resize":"fit"}},"source_status_id":642054050863824896,"source_status_id_str":"642054050863824896"}]},"favorited":false,"retweeted":false,"possibly_sensitive":false,"filter_level":"low","lang":"de","timestamp_ms":"1441916605402"}
