{"created_at":"Thu Sep 10 20:29:27 +0000 2015","id":642072415208652801,"id_str":"642072415208652801","text":"@tagesthemen @tagesschau \nGenau das ist der Grund warum Fl\u00fcchtlinge in der Bev\u00f6lkerung so wenig Akzeptanz finden.","source":"\u003ca href=\"http:\/\/twitter.com\/download\/android\" rel=\"nofollow\"\u003eTwitter for Android\u003c\/a\u003e","truncated":false,"in_reply_to_status_id":642059824335859713,"in_reply_to_status_id_str":"642059824335859713","in_reply_to_user_id":2152983800,"in_reply_to_user_id_str":"2152983800","in_reply_to_screen_name":"tagesthemen","user":{"id":3388062832,"id_str":"3388062832","name":"Bernhard galler","screen_name":"Bernhardgaller1","location":"","url":null,"description":null,"protected":false,"verified":false,"followers_count":0,"friends_count":5,"listed_count":0,"favourites_count":2,"statuses_count":5,"created_at":"Wed Jul 22 21:09:48 +0000 2015","utc_offset":null,"time_zone":null,"geo_enabled":false,"lang":"en","contributors_enabled":false,"is_translator":false,"profile_background_color":"C0DEED","profile_background_image_url":"http:\/\/abs.twimg.com\/images\/themes\/theme1\/bg.png","profile_background_image_url_https":"https:\/\/abs.twimg.com\/images\/themes\/theme1\/bg.png","profile_background_tile":false,"profile_link_color":"0084B4","profile_sidebar_border_color":"C0DEED","profile_sidebar_fill_color":"DDEEF6","profile_text_color":"333333","profile_use_background_image":true,"profile_image_url":"http:\/\/pbs.twimg.com\/profile_images\/641935033318645760\/5o_huf-d_normal.jpg","profile_image_url_https":"https:\/\/pbs.twimg.com\/profile_images\/641935033318645760\/5o_huf-d_normal.jpg","default_profile":true,"default_profile_image":false,"following":null,"follow_request_sent":null,"notifications":null},"geo":null,"coordinates":null,"place":null,"contributors":null,"retweet_count":0,"favorite_count":0,"entities":{"hashtags":[],"trends":[],"urls":[],"user_mentions":[{"screen_name":"tagesthemen","name":"tagesthemen","id":2152983800,"id_str":"2152983800","indices":[0,12]},{"screen_name":"tagesschau","name":"tagesschau","id":5734902,"id_str":"5734902","indices":[13,24]}],"symbols":[]},"favorited":false,"retweeted":false,"possibly_sensitive":false,"filter_level":"low","lang":"de","timestamp_ms":"1441916967571"}
