{"created_at":"Thu Sep 10 20:28:11 +0000 2015","id":642072095468429312,"id_str":"642072095468429312","text":"RT @e_doppel_le: Ben\u00f6tigt wird so: Unterk\u00fcnfte f\u00fcr Fl\u00fcchtlinge \nWien so: Wir bauen homosexuelle P\u00e4rchen-Ampel","source":"\u003ca href=\"http:\/\/twitter.com\/download\/iphone\" rel=\"nofollow\"\u003eTwitter for iPhone\u003c\/a\u003e","truncated":false,"in_reply_to_status_id":null,"in_reply_to_status_id_str":null,"in_reply_to_user_id":null,"in_reply_to_user_id_str":null,"in_reply_to_screen_name":null,"user":{"id":2757402575,"id_str":"2757402575","name":"ML.JKBM \u270c\ufe0f\u2728","screen_name":"EvaBtigr_","location":"Manu ist toll, bye. ","url":"http:\/\/GLP.TV","description":"\u2022 Es gibt noch Menschen auf der Erde, die sind wirklich nett, sozial und cute! Ihr wollt wissen wer? *hust* @Niacavaon *hust*  \u2022","protected":false,"verified":false,"followers_count":61,"friends_count":145,"listed_count":3,"favourites_count":14505,"statuses_count":5657,"created_at":"Sun Aug 31 18:41:18 +0000 2014","utc_offset":7200,"time_zone":"Vienna","geo_enabled":true,"lang":"de","contributors_enabled":false,"is_translator":false,"profile_background_color":"0099B9","profile_background_image_url":"http:\/\/abs.twimg.com\/images\/themes\/theme4\/bg.gif","profile_background_image_url_https":"https:\/\/abs.twimg.com\/images\/themes\/theme4\/bg.gif","profile_background_tile":false,"profile_link_color":"3B94D9","profile_sidebar_border_color":"5ED4DC","profile_sidebar_fill_color":"95E8EC","profile_text_color":"3C3940","profile_use_background_image":true,"profile_image_url":"http:\/\/pbs.twimg.com\/profile_images\/630429350601588741\/ngtuwZQU_normal.jpg","profile_image_url_https":"https:\/\/pbs.twimg.com\/profile_images\/630429350601588741\/ngtuwZQU_normal.jpg","profile_banner_url":"https:\/\/pbs.twimg.com\/profile_banners\/2757402575\/1439160184","default_profile":false,"default_profile_image":false,"following":null,"follow_request_sent":null,"notifications":null},"geo":null,"coordinates":null,"place":null,"contributors":null,"retweeted_status":{"created_at":"Thu Sep 10 19:53:36 +0000 2015","id":642063394720325632,"id_str":"642063394720325632","text":"Ben\u00f6tigt wird so: Unterk\u00fcnfte f\u00fcr Fl\u00fcchtlinge \nWien so: Wir bauen homosexuelle P\u00e4rchen-Ampel","source":"\u003ca href=\"http:\/\/twitter.com\/download\/android\" rel=\"nofollow\"\u003eTwitter for Android\u003c\/a\u003e","truncated":false,"in_reply_to_status_id":null,"in_reply_to_status_id_str":null,"in_reply_to_user_id":null,"in_reply_to_user_id_str":null,"in_reply_to_screen_name":null,"user":{"id":2824926641,"id_str":"2824926641","name":"Du wurdest GEPR\u00c4NKT!","screen_name":"e_doppel_le","location":"Wien, \u00d6sterreich","url":"http:\/\/www.youtube.com\/edoppelle","description":"edoppelle aka. Elle | 15 | YouTube-Enthusiast | Der schwarze Balken unterstreicht meinen Swag | Ich vergifte gerne Tauben im Park | #NoFilter | #LoveWins","protected":false,"verified":false,"followers_count":822,"friends_count":199,"listed_count":6,"favourites_count":22765,"statuses_count":19612,"created_at":"Sun Oct 12 12:18:39 +0000 2014","utc_offset":null,"time_zone":null,"geo_enabled":true,"lang":"de","contributors_enabled":false,"is_translator":false,"profile_background_color":"000000","profile_background_image_url":"http:\/\/abs.twimg.com\/images\/themes\/theme1\/bg.png","profile_background_image_url_https":"https:\/\/abs.twimg.com\/images\/themes\/theme1\/bg.png","profile_background_tile":false,"profile_link_color":"4A913C","profile_sidebar_border_color":"000000","profile_sidebar_fill_color":"000000","profile_text_color":"000000","profile_use_background_image":false,"profile_image_url":"http:\/\/pbs.twimg.com\/profile_images\/640246063283224576\/MvyVGDQX_normal.jpg","profile_image_url_https":"https:\/\/pbs.twimg.com\/profile_images\/640246063283224576\/MvyVGDQX_normal.jpg","profile_banner_url":"https:\/\/pbs.twimg.com\/profile_banners\/2824926641\/1434271382","default_profile":false,"default_profile_image":false,"following":null,"follow_request_sent":null,"notifications":null},"geo":null,"coordinates":null,"place":null,"contributors":null,"retweet_count":3,"favorite_count":8,"entities":{"hashtags":[],"trends":[],"urls":[],"user_mentions":[],"symbols":[]},"favorited":false,"retweeted":false,"possibly_sensitive":false,"filter_level":"low","lang":"de"},"retweet_count":0,"favorite_count":0,"entities":{"hashtags":[],"trends":[],"urls":[],"user_mentions":[{"screen_name":"e_doppel_le","name":"Du wurdest GEPR\u00c4NKT!","id":2824926641,"id_str":"2824926641","indices":[3,15]}],"symbols":[]},"favorited":false,"retweeted":false,"possibly_sensitive":false,"filter_level":"low","lang":"de","timestamp_ms":"1441916891339"}
