{"created_at":"Fri Sep 11 23:57:27 +0000 2015","id":642487148285964288,"id_str":"642487148285964288","text":"Ukraine-Krieg: Fl\u00fcchtlinge dritter Klasse\nhttp:\/\/t.co\/SCUFF3URLF","source":"\u003ca href=\"http:\/\/linkis.com\" rel=\"nofollow\"\u003eLinkis.com\u003c\/a\u003e","truncated":false,"in_reply_to_status_id":null,"in_reply_to_status_id_str":null,"in_reply_to_user_id":null,"in_reply_to_user_id_str":null,"in_reply_to_screen_name":null,"user":{"id":116493791,"id_str":"116493791","name":"m","screen_name":"nemesida07","location":"","url":null,"description":null,"protected":false,"verified":false,"followers_count":533,"friends_count":479,"listed_count":9,"favourites_count":1255,"statuses_count":62038,"created_at":"Mon Feb 22 17:14:55 +0000 2010","utc_offset":10800,"time_zone":"Moscow","geo_enabled":true,"lang":"en","contributors_enabled":false,"is_translator":false,"profile_background_color":"131516","profile_background_image_url":"http:\/\/abs.twimg.com\/images\/themes\/theme14\/bg.gif","profile_background_image_url_https":"https:\/\/abs.twimg.com\/images\/themes\/theme14\/bg.gif","profile_background_tile":true,"profile_link_color":"131516","profile_sidebar_border_color":"FFFFFF","profile_sidebar_fill_color":"252429","profile_text_color":"666666","profile_use_background_image":true,"profile_image_url":"http:\/\/pbs.twimg.com\/profile_images\/559282171496914944\/U4V4SY5G_normal.jpeg","profile_image_url_https":"https:\/\/pbs.twimg.com\/profile_images\/559282171496914944\/U4V4SY5G_normal.jpeg","default_profile":false,"default_profile_image":false,"following":null,"follow_request_sent":null,"notifications":null},"geo":null,"coordinates":null,"place":null,"contributors":null,"retweet_count":0,"favorite_count":0,"entities":{"hashtags":[],"trends":[],"urls":[{"url":"http:\/\/t.co\/SCUFF3URLF","expanded_url":"http:\/\/ln.is\/contra-magazin.com\/lRcSG","display_url":"ln.is\/contra-magazin\u2026","indices":[42,64]}],"user_mentions":[],"symbols":[]},"favorited":false,"retweeted":false,"possibly_sensitive":false,"filter_level":"low","lang":"de","timestamp_ms":"1442015847642"}
