{"created_at":"Sat Sep 12 19:52:08 +0000 2015","id":642787801264713728,"id_str":"642787801264713728","text":"RT @PolizeiMuenchen: Infopoint #munchenhilft ben\u00f6tigen 800 Isomatten und Decken anstatt Betten f\u00fcr #fl\u00fcchtlinge","source":"\u003ca href=\"http:\/\/twitter.com\/download\/iphone\" rel=\"nofollow\"\u003eTwitter for iPhone\u003c\/a\u003e","truncated":false,"in_reply_to_status_id":null,"in_reply_to_status_id_str":null,"in_reply_to_user_id":null,"in_reply_to_user_id_str":null,"in_reply_to_screen_name":null,"user":{"id":2539596717,"id_str":"2539596717","name":"f\u00eaXXem","screen_name":"f_xem","location":"","url":null,"description":"Geld ist essbar. _________________________________________\nSchmeckt aber nicht.","protected":false,"verified":false,"followers_count":32,"friends_count":330,"listed_count":3,"favourites_count":640,"statuses_count":355,"created_at":"Sat May 10 19:43:09 +0000 2014","utc_offset":null,"time_zone":null,"geo_enabled":false,"lang":"de","contributors_enabled":false,"is_translator":false,"profile_background_color":"000000","profile_background_image_url":"http:\/\/abs.twimg.com\/images\/themes\/theme1\/bg.png","profile_background_image_url_https":"https:\/\/abs.twimg.com\/images\/themes\/theme1\/bg.png","profile_background_tile":false,"profile_link_color":"ABB8C2","profile_sidebar_border_color":"000000","profile_sidebar_fill_color":"000000","profile_text_color":"000000","profile_use_background_image":false,"profile_image_url":"http:\/\/pbs.twimg.com\/profile_images\/465428515874426880\/EIymVGv5_normal.jpeg","profile_image_url_https":"https:\/\/pbs.twimg.com\/profile_images\/465428515874426880\/EIymVGv5_normal.jpeg","profile_banner_url":"https:\/\/pbs.twimg.com\/profile_banners\/2539596717\/1399803640","default_profile":false,"default_profile_image":false,"following":null,"follow_request_sent":null,"notifications":null},"geo":null,"coordinates":null,"place":null,"contributors":null,"retweeted_status":{"created_at":"Sat Sep 12 18:45:30 +0000 2015","id":642771029450993665,"id_str":"642771029450993665","text":"Infopoint #munchenhilft ben\u00f6tigen 800 Isomatten und Decken anstatt Betten f\u00fcr #fl\u00fcchtlinge","source":"\u003ca href=\"http:\/\/twitter.com\" rel=\"nofollow\"\u003eTwitter Web Client\u003c\/a\u003e","truncated":false,"in_reply_to_status_id":null,"in_reply_to_status_id_str":null,"in_reply_to_user_id":null,"in_reply_to_user_id_str":null,"in_reply_to_screen_name":null,"user":{"id":2810902381,"id_str":"2810902381","name":"Polizei M\u00fcnchen","screen_name":"PolizeiMuenchen","location":"M\u00fcnchen","url":"http:\/\/www.polizei.bayern.de\/muenchen","description":"keine Anzeigenaufnahme, keine Einsatzannahme, kein 24\/7 Monitoring, in Notf\u00e4llen bitte die 110 w\u00e4hlen","protected":false,"verified":true,"followers_count":12059,"friends_count":49,"listed_count":148,"favourites_count":196,"statuses_count":1142,"created_at":"Mon Sep 15 07:36:34 +0000 2014","utc_offset":7200,"time_zone":"Berlin","geo_enabled":true,"lang":"de","contributors_enabled":false,"is_translator":false,"profile_background_color":"C0DEED","profile_background_image_url":"http:\/\/abs.twimg.com\/images\/themes\/theme1\/bg.png","profile_background_image_url_https":"https:\/\/abs.twimg.com\/images\/themes\/theme1\/bg.png","profile_background_tile":false,"profile_link_color":"0084B4","profile_sidebar_border_color":"C0DEED","profile_sidebar_fill_color":"DDEEF6","profile_text_color":"333333","profile_use_background_image":true,"profile_image_url":"http:\/\/pbs.twimg.com\/profile_images\/511419548788985856\/V9U2KfZL_normal.png","profile_image_url_https":"https:\/\/pbs.twimg.com\/profile_images\/511419548788985856\/V9U2KfZL_normal.png","profile_banner_url":"https:\/\/pbs.twimg.com\/profile_banners\/2810902381\/1410773143","default_profile":true,"default_profile_image":false,"following":null,"follow_request_sent":null,"notifications":null},"geo":null,"coordinates":null,"place":null,"contributors":null,"retweet_count":84,"favorite_count":17,"entities":{"hashtags":[{"text":"munchenhilft","indices":[10,23]},{"text":"fl\u00fcchtlinge","indices":[78,90]}],"trends":[],"urls":[],"user_mentions":[],"symbols":[]},"favorited":false,"retweeted":false,"possibly_sensitive":false,"filter_level":"low","lang":"de"},"retweet_count":0,"favorite_count":0,"entities":{"hashtags":[{"text":"munchenhilft","indices":[31,44]},{"text":"fl\u00fcchtlinge","indices":[99,111]}],"trends":[],"urls":[],"user_mentions":[{"screen_name":"PolizeiMuenchen","name":"Polizei M\u00fcnchen","id":2810902381,"id_str":"2810902381","indices":[3,19]}],"symbols":[]},"favorited":false,"retweeted":false,"possibly_sensitive":false,"filter_level":"low","lang":"de","timestamp_ms":"1442087528898"}
