{"created_at":"Sat Sep 12 00:01:55 +0000 2015","id":642488270245466112,"id_str":"642488270245466112","text":"Dachte \"das Gerede von haushaltspolitischer Solidit\u00e4t &amp;Strukturreformen\" (@SlaughterAM) sei EU Kulturkampf &amp;Religion https:\/\/t.co\/2T8YV4gQp0","source":"\u003ca href=\"http:\/\/twitter.com\" rel=\"nofollow\"\u003eTwitter Web Client\u003c\/a\u003e","truncated":false,"in_reply_to_status_id":null,"in_reply_to_status_id_str":null,"in_reply_to_user_id":null,"in_reply_to_user_id_str":null,"in_reply_to_screen_name":null,"user":{"id":2780722525,"id_str":"2780722525","name":"Barbarism of Berlin","screen_name":"berlinbarbarism","location":"Berlin","url":null,"description":"I have somehow heard of certain shallow simplifications, and imagine that you have never heard of them... #complexity #EmpathyDeficit  #Germany","protected":false,"verified":false,"followers_count":3023,"friends_count":3328,"listed_count":128,"favourites_count":35734,"statuses_count":24432,"created_at":"Sat Aug 30 15:02:33 +0000 2014","utc_offset":null,"time_zone":null,"geo_enabled":false,"lang":"en","contributors_enabled":false,"is_translator":false,"profile_background_color":"000000","profile_background_image_url":"http:\/\/abs.twimg.com\/images\/themes\/theme1\/bg.png","profile_background_image_url_https":"https:\/\/abs.twimg.com\/images\/themes\/theme1\/bg.png","profile_background_tile":false,"profile_link_color":"3B94D9","profile_sidebar_border_color":"000000","profile_sidebar_fill_color":"000000","profile_text_color":"000000","profile_use_background_image":false,"profile_image_url":"http:\/\/pbs.twimg.com\/profile_images\/514898733050236928\/jobko33X_normal.png","profile_image_url_https":"https:\/\/pbs.twimg.com\/profile_images\/514898733050236928\/jobko33X_normal.png","profile_banner_url":"https:\/\/pbs.twimg.com\/profile_banners\/2780722525\/1412813691","default_profile":false,"default_profile_image":false,"following":null,"follow_request_sent":null,"notifications":null},"geo":null,"coordinates":null,"place":null,"contributors":null,"quoted_status_id":642444665787125760,"quoted_status_id_str":"642444665787125760","quoted_status":{"created_at":"Fri Sep 11 21:08:39 +0000 2015","id":642444665787125760,"id_str":"642444665787125760","text":"Herr Orb\u00e1n hat was Fundamentales an der Europ\u00e4ischen Union nicht verstanden: ist keine Union f\u00fcr Kulturkampf und Religion! #refugeeswelcome","source":"\u003ca href=\"http:\/\/twitter.com\/#!\/download\/ipad\" rel=\"nofollow\"\u003eTwitter for iPad\u003c\/a\u003e","truncated":false,"in_reply_to_status_id":null,"in_reply_to_status_id_str":null,"in_reply_to_user_id":null,"in_reply_to_user_id_str":null,"in_reply_to_screen_name":null,"user":{"id":547173846,"id_str":"547173846","name":"Thomas Mayer","screen_name":"TomMayerEuropa","location":"Bruxelles","url":"http:\/\/derStandard.at\/Europablog","description":"Gr\u00fcndungsmitglied von Der Standard, langj\u00e4hr. Leitender Redakteur Europa + Nato, dzt auf Urlaub, Arbeit an einem Europabuchprojekt, zwitschere hier privat","protected":false,"verified":true,"followers_count":8851,"friends_count":688,"listed_count":355,"favourites_count":4993,"statuses_count":32382,"created_at":"Fri Apr 06 20:36:32 +0000 2012","utc_offset":7200,"time_zone":"Vienna","geo_enabled":false,"lang":"de","contributors_enabled":false,"is_translator":false,"profile_background_color":"8A8A8A","profile_background_image_url":"http:\/\/abs.twimg.com\/images\/themes\/theme14\/bg.gif","profile_background_image_url_https":"https:\/\/abs.twimg.com\/images\/themes\/theme14\/bg.gif","profile_background_tile":true,"profile_link_color":"009999","profile_sidebar_border_color":"EEEEEE","profile_sidebar_fill_color":"FFFFFF","profile_text_color":"333333","profile_use_background_image":true,"profile_image_url":"http:\/\/pbs.twimg.com\/profile_images\/2093006049\/twitterfoto2_normal.jpg","profile_image_url_https":"https:\/\/pbs.twimg.com\/profile_images\/2093006049\/twitterfoto2_normal.jpg","default_profile":false,"default_profile_image":false,"following":null,"follow_request_sent":null,"notifications":null},"geo":null,"coordinates":null,"place":null,"contributors":null,"retweet_count":0,"favorite_count":0,"entities":{"hashtags":[{"text":"refugeeswelcome","indices":[123,139]}],"trends":[],"urls":[],"user_mentions":[],"symbols":[]},"favorited":false,"retweeted":false,"possibly_sensitive":false,"filter_level":"low","lang":"de"},"retweet_count":0,"favorite_count":0,"entities":{"hashtags":[],"trends":[],"urls":[{"url":"https:\/\/t.co\/2T8YV4gQp0","expanded_url":"https:\/\/twitter.com\/TomMayerEuropa\/status\/642444665787125760","display_url":"twitter.com\/TomMayerEuropa\u2026","indices":[125,148]}],"user_mentions":[{"screen_name":"SlaughterAM","name":"Anne-Marie Slaughter","id":252531143,"id_str":"252531143","indices":[78,90]}],"symbols":[]},"favorited":false,"retweeted":false,"possibly_sensitive":false,"filter_level":"low","lang":"de","timestamp_ms":"1442016115138"}
