{"created_at":"Thu Sep 10 20:29:39 +0000 2015","id":642072466869854208,"id_str":"642072466869854208","text":"RT @sgt_flower: Hunderte Fl\u00fcchtlinge mit F\u00e4hren von Deutschland nach\u00a0Schweden #srf\nhttp:\/\/t.co\/51wpvy4wIj","source":"\u003ca href=\"http:\/\/twitter.com\" rel=\"nofollow\"\u003eTwitter Web Client\u003c\/a\u003e","truncated":false,"in_reply_to_status_id":null,"in_reply_to_status_id_str":null,"in_reply_to_user_id":null,"in_reply_to_user_id_str":null,"in_reply_to_screen_name":null,"user":{"id":3398778093,"id_str":"3398778093","name":"Jaap Tuinen","screen_name":"TuinenJaap","location":"","url":null,"description":null,"protected":false,"verified":false,"followers_count":235,"friends_count":732,"listed_count":10,"favourites_count":236,"statuses_count":1300,"created_at":"Sat Aug 01 15:11:41 +0000 2015","utc_offset":null,"time_zone":null,"geo_enabled":false,"lang":"de","contributors_enabled":false,"is_translator":false,"profile_background_color":"89C9FA","profile_background_image_url":"http:\/\/abs.twimg.com\/images\/themes\/theme4\/bg.gif","profile_background_image_url_https":"https:\/\/abs.twimg.com\/images\/themes\/theme4\/bg.gif","profile_background_tile":false,"profile_link_color":"0099B9","profile_sidebar_border_color":"000000","profile_sidebar_fill_color":"000000","profile_text_color":"000000","profile_use_background_image":false,"profile_image_url":"http:\/\/pbs.twimg.com\/profile_images\/627497462618566660\/cJ1U8uM5_normal.jpg","profile_image_url_https":"https:\/\/pbs.twimg.com\/profile_images\/627497462618566660\/cJ1U8uM5_normal.jpg","profile_banner_url":"https:\/\/pbs.twimg.com\/profile_banners\/3398778093\/1438442188","default_profile":false,"default_profile_image":false,"following":null,"follow_request_sent":null,"notifications":null},"geo":null,"coordinates":null,"place":null,"contributors":null,"retweeted_status":{"created_at":"Thu Sep 10 20:28:11 +0000 2015","id":642072094994526208,"id_str":"642072094994526208","text":"Hunderte Fl\u00fcchtlinge mit F\u00e4hren von Deutschland nach\u00a0Schweden #srf\nhttp:\/\/t.co\/51wpvy4wIj","source":"\u003ca href=\"http:\/\/twitter.com\/download\/android\" rel=\"nofollow\"\u003eTwitter for Android\u003c\/a\u003e","truncated":false,"in_reply_to_status_id":null,"in_reply_to_status_id_str":null,"in_reply_to_user_id":null,"in_reply_to_user_id_str":null,"in_reply_to_screen_name":null,"user":{"id":277459070,"id_str":"277459070","name":"Detlef","screen_name":"sgt_flower","location":"Hohwachter Bucht","url":null,"description":"Fr\u00fchrentner, Jahrgang 52, mit Politikinteresse","protected":false,"verified":false,"followers_count":2802,"friends_count":1821,"listed_count":104,"favourites_count":2,"statuses_count":151578,"created_at":"Tue Apr 05 12:21:49 +0000 2011","utc_offset":null,"time_zone":null,"geo_enabled":true,"lang":"de","contributors_enabled":false,"is_translator":false,"profile_background_color":"C0DEED","profile_background_image_url":"http:\/\/abs.twimg.com\/images\/themes\/theme1\/bg.png","profile_background_image_url_https":"https:\/\/abs.twimg.com\/images\/themes\/theme1\/bg.png","profile_background_tile":false,"profile_link_color":"0084B4","profile_sidebar_border_color":"C0DEED","profile_sidebar_fill_color":"DDEEF6","profile_text_color":"333333","profile_use_background_image":true,"profile_image_url":"http:\/\/pbs.twimg.com\/profile_images\/1833660018\/Unbenannt_normal.jpg","profile_image_url_https":"https:\/\/pbs.twimg.com\/profile_images\/1833660018\/Unbenannt_normal.jpg","profile_banner_url":"https:\/\/pbs.twimg.com\/profile_banners\/277459070\/1401874851","default_profile":true,"default_profile_image":false,"following":null,"follow_request_sent":null,"notifications":null},"geo":null,"coordinates":null,"place":null,"contributors":null,"retweet_count":1,"favorite_count":0,"entities":{"hashtags":[{"text":"srf","indices":[62,66]}],"trends":[],"urls":[{"url":"http:\/\/t.co\/51wpvy4wIj","expanded_url":"http:\/\/tinyurl.com\/qjvcmgj","display_url":"tinyurl.com\/qjvcmgj","indices":[67,89]}],"user_mentions":[],"symbols":[]},"favorited":false,"retweeted":false,"possibly_sensitive":false,"filter_level":"low","lang":"de"},"retweet_count":0,"favorite_count":0,"entities":{"hashtags":[{"text":"srf","indices":[78,82]}],"trends":[],"urls":[{"url":"http:\/\/t.co\/51wpvy4wIj","expanded_url":"http:\/\/tinyurl.com\/qjvcmgj","display_url":"tinyurl.com\/qjvcmgj","indices":[83,105]}],"user_mentions":[{"screen_name":"sgt_flower","name":"Detlef","id":277459070,"id_str":"277459070","indices":[3,14]}],"symbols":[]},"favorited":false,"retweeted":false,"possibly_sensitive":false,"filter_level":"low","lang":"de","timestamp_ms":"1441916979888"}
