{"created_at":"Thu Sep 10 20:24:10 +0000 2015","id":642071086637690880,"id_str":"642071086637690880","text":"RT @LaVieVagabonde: Dann auch das Geflenne wegen der M\u00e4nner. Selbst wenn es 100% m\u00e4nnliche Fl\u00fcchtlinge w\u00e4ren: Die retten wir nicht oder was\u2026","source":"\u003ca href=\"http:\/\/twitter.com\/download\/android\" rel=\"nofollow\"\u003eTwitter for Android\u003c\/a\u003e","truncated":false,"in_reply_to_status_id":null,"in_reply_to_status_id_str":null,"in_reply_to_user_id":null,"in_reply_to_user_id_str":null,"in_reply_to_screen_name":null,"user":{"id":1931732472,"id_str":"1931732472","name":"m\u00f6hr","screen_name":"summoehrsong","location":"Bielefeld","url":"http:\/\/instagram.com\/summoehrsong","description":"K\u00e4se ist mein Fleisch. #Teddyliebe #RWG #M\u00f6hrLith #Sushi || Diese Hose || Wo kommt dieser Fu\u00df her? || Berlinkind || Brauche immer noch eine Duschplaylist.","protected":false,"verified":false,"followers_count":206,"friends_count":154,"listed_count":4,"favourites_count":43827,"statuses_count":22890,"created_at":"Thu Oct 03 19:08:57 +0000 2013","utc_offset":-36000,"time_zone":"Hawaii","geo_enabled":true,"lang":"de","contributors_enabled":false,"is_translator":false,"profile_background_color":"022330","profile_background_image_url":"http:\/\/abs.twimg.com\/images\/themes\/theme15\/bg.png","profile_background_image_url_https":"https:\/\/abs.twimg.com\/images\/themes\/theme15\/bg.png","profile_background_tile":false,"profile_link_color":"89C9FA","profile_sidebar_border_color":"000000","profile_sidebar_fill_color":"000000","profile_text_color":"000000","profile_use_background_image":true,"profile_image_url":"http:\/\/pbs.twimg.com\/profile_images\/639818230052311040\/jQRaLkn__normal.jpg","profile_image_url_https":"https:\/\/pbs.twimg.com\/profile_images\/639818230052311040\/jQRaLkn__normal.jpg","profile_banner_url":"https:\/\/pbs.twimg.com\/profile_banners\/1931732472\/1436720946","default_profile":false,"default_profile_image":false,"following":null,"follow_request_sent":null,"notifications":null},"geo":null,"coordinates":null,"place":null,"contributors":null,"retweeted_status":{"created_at":"Thu Sep 10 20:21:30 +0000 2015","id":642070415314132992,"id_str":"642070415314132992","text":"Dann auch das Geflenne wegen der M\u00e4nner. Selbst wenn es 100% m\u00e4nnliche Fl\u00fcchtlinge w\u00e4ren: Die retten wir nicht oder was? Weil Penis?","source":"\u003ca href=\"http:\/\/twitter.com\" rel=\"nofollow\"\u003eTwitter Web Client\u003c\/a\u003e","truncated":false,"in_reply_to_status_id":642069968163610624,"in_reply_to_status_id_str":"642069968163610624","in_reply_to_user_id":924122791,"in_reply_to_user_id_str":"924122791","in_reply_to_screen_name":"LaVieVagabonde","user":{"id":924122791,"id_str":"924122791","name":"Seer\u00e4uberbatman","screen_name":"LaVieVagabonde","location":"zwischen Gosse und Hochkultur","url":"http:\/\/www.lavievagabonde.de","description":"Hurra, Hurra! So nicht. | Illustratorin | Biologin | Politisch | Journalismus | Kunst: @jazzrocket | Blog: @kunstrebellin | #refugeeswelcome #hhhilft","protected":false,"verified":false,"followers_count":4300,"friends_count":781,"listed_count":147,"favourites_count":87096,"statuses_count":10130,"created_at":"Sat Nov 03 22:00:38 +0000 2012","utc_offset":7200,"time_zone":"Ljubljana","geo_enabled":true,"lang":"de","contributors_enabled":false,"is_translator":false,"profile_background_color":"FFFFFF","profile_background_image_url":"http:\/\/pbs.twimg.com\/profile_background_images\/774975088\/c30d8e478c595333b39281b56c1fd0c5.png","profile_background_image_url_https":"https:\/\/pbs.twimg.com\/profile_background_images\/774975088\/c30d8e478c595333b39281b56c1fd0c5.png","profile_background_tile":true,"profile_link_color":"7A7A7A","profile_sidebar_border_color":"FFFFFF","profile_sidebar_fill_color":"E8D3C0","profile_text_color":"F8B88C","profile_use_background_image":false,"profile_image_url":"http:\/\/pbs.twimg.com\/profile_images\/641630935415394308\/5qDNMDvL_normal.jpg","profile_image_url_https":"https:\/\/pbs.twimg.com\/profile_images\/641630935415394308\/5qDNMDvL_normal.jpg","profile_banner_url":"https:\/\/pbs.twimg.com\/profile_banners\/924122791\/1441816057","default_profile":false,"default_profile_image":false,"following":null,"follow_request_sent":null,"notifications":null},"geo":null,"coordinates":null,"place":null,"contributors":null,"retweet_count":1,"favorite_count":4,"entities":{"hashtags":[],"trends":[],"urls":[],"user_mentions":[],"symbols":[]},"favorited":false,"retweeted":false,"possibly_sensitive":false,"filter_level":"low","lang":"de"},"retweet_count":0,"favorite_count":0,"entities":{"hashtags":[],"trends":[],"urls":[],"user_mentions":[{"screen_name":"LaVieVagabonde","name":"Seer\u00e4uberbatman","id":924122791,"id_str":"924122791","indices":[3,18]}],"symbols":[]},"favorited":false,"retweeted":false,"possibly_sensitive":false,"filter_level":"low","lang":"de","timestamp_ms":"1441916650815"}
