{"created_at":"Thu Sep 10 20:28:13 +0000 2015","id":642072104553287681,"id_str":"642072104553287681","text":"\"Weiterkommen nur gegen Sex\": Wie Schlepper Fl\u00fcchtlingskinder ausbeuten http:\/\/t.co\/ymo1c55GP7 via @focusonline","source":"\u003ca href=\"http:\/\/twitter.com\" rel=\"nofollow\"\u003eTwitter Web Client\u003c\/a\u003e","truncated":false,"in_reply_to_status_id":null,"in_reply_to_status_id_str":null,"in_reply_to_user_id":null,"in_reply_to_user_id_str":null,"in_reply_to_screen_name":null,"user":{"id":387088471,"id_str":"387088471","name":"Mrs. X","screen_name":"Holibaus","location":"Germany","url":"http:\/\/twitpic.com\/photos\/Holibaus","description":"I like good performer and music who touches my heart and soul.\r\nMotto: be yourself, know who you are and be honest to yourself and all of your friends !","protected":false,"verified":false,"followers_count":1441,"friends_count":1999,"listed_count":26,"favourites_count":2097,"statuses_count":24283,"created_at":"Sat Oct 08 13:02:31 +0000 2011","utc_offset":7200,"time_zone":"Berlin","geo_enabled":false,"lang":"de","contributors_enabled":false,"is_translator":false,"profile_background_color":"709397","profile_background_image_url":"http:\/\/pbs.twimg.com\/profile_background_images\/547547000\/DCP_0543.JPG","profile_background_image_url_https":"https:\/\/pbs.twimg.com\/profile_background_images\/547547000\/DCP_0543.JPG","profile_background_tile":false,"profile_link_color":"FF3300","profile_sidebar_border_color":"5ED4DC","profile_sidebar_fill_color":"95E8EC","profile_text_color":"3C3940","profile_use_background_image":true,"profile_image_url":"http:\/\/pbs.twimg.com\/profile_images\/2203957428\/DCP_0586_normal.JPG","profile_image_url_https":"https:\/\/pbs.twimg.com\/profile_images\/2203957428\/DCP_0586_normal.JPG","profile_banner_url":"https:\/\/pbs.twimg.com\/profile_banners\/387088471\/1441699655","default_profile":false,"default_profile_image":false,"following":null,"follow_request_sent":null,"notifications":null},"geo":null,"coordinates":null,"place":null,"contributors":null,"retweet_count":0,"favorite_count":0,"entities":{"hashtags":[],"trends":[],"urls":[{"url":"http:\/\/t.co\/ymo1c55GP7","expanded_url":"http:\/\/www.focus.de\/politik\/ausland\/weiterkommen-gegen-sex-fluechtlingskindern-drohen-sexuelle-uebergriffe_id_4937559.html","display_url":"focus.de\/politik\/auslan\u2026","indices":[72,94]}],"user_mentions":[{"screen_name":"focusonline","name":"FOCUS Online","id":5494392,"id_str":"5494392","indices":[99,111]}],"symbols":[]},"favorited":false,"retweeted":false,"possibly_sensitive":false,"filter_level":"low","lang":"de","timestamp_ms":"1441916893505"}
