{"created_at":"Thu Sep 10 20:23:46 +0000 2015","id":642070984456060934,"id_str":"642070984456060934","text":"@GrueneBundestag @DasErste pkk terroristen entwaffnen.die am 1.Nov.2015 keine Aussicht auf Erfolg bei den Wahlen sehen ,gehen auf die Stra\u00dfe","source":"\u003ca href=\"http:\/\/twitter.com\/download\/android\" rel=\"nofollow\"\u003eTwitter for Android\u003c\/a\u003e","truncated":false,"in_reply_to_status_id":640946296149442561,"in_reply_to_status_id_str":"640946296149442561","in_reply_to_user_id":24725119,"in_reply_to_user_id_str":"24725119","in_reply_to_screen_name":"GrueneBundestag","user":{"id":1850959406,"id_str":"1850959406","name":"biggerthan5","screen_name":"forexdemo1","location":"","url":null,"description":null,"protected":false,"verified":false,"followers_count":305,"friends_count":693,"listed_count":1,"favourites_count":130,"statuses_count":1616,"created_at":"Tue Sep 10 09:32:36 +0000 2013","utc_offset":7200,"time_zone":"Berlin","geo_enabled":false,"lang":"de","contributors_enabled":false,"is_translator":false,"profile_background_color":"C0DEED","profile_background_image_url":"http:\/\/abs.twimg.com\/images\/themes\/theme1\/bg.png","profile_background_image_url_https":"https:\/\/abs.twimg.com\/images\/themes\/theme1\/bg.png","profile_background_tile":false,"profile_link_color":"0084B4","profile_sidebar_border_color":"C0DEED","profile_sidebar_fill_color":"DDEEF6","profile_text_color":"333333","profile_use_background_image":true,"profile_image_url":"http:\/\/pbs.twimg.com\/profile_images\/639150388730556416\/sABTtXg5_normal.jpg","profile_image_url_https":"https:\/\/pbs.twimg.com\/profile_images\/639150388730556416\/sABTtXg5_normal.jpg","profile_banner_url":"https:\/\/pbs.twimg.com\/profile_banners\/1850959406\/1441216187","default_profile":true,"default_profile_image":false,"following":null,"follow_request_sent":null,"notifications":null},"geo":null,"coordinates":null,"place":null,"contributors":null,"retweet_count":0,"favorite_count":0,"entities":{"hashtags":[],"trends":[],"urls":[],"user_mentions":[{"screen_name":"GrueneBundestag","name":"Gr\u00fcne im Bundestag","id":24725119,"id_str":"24725119","indices":[0,16]},{"screen_name":"DasErste","name":"Das Erste","id":28964208,"id_str":"28964208","indices":[17,26]}],"symbols":[]},"favorited":false,"retweeted":false,"possibly_sensitive":true,"filter_level":"low","lang":"de","timestamp_ms":"1441916626453"}
