{"created_at":"Thu Sep 10 20:29:43 +0000 2015","id":642072483605180416,"id_str":"642072483605180416","text":"RT @fluglehrer: es scheint, die #sp\u00f6 #h\u00e4upl #brauner haben in #wien ein gsp\u00fcr f\u00fcr das geld der #steuerzahler http:\/\/t.co\/5vfVj3S4jk #umvert\u2026","source":"\u003ca href=\"http:\/\/twitter.com\/download\/iphone\" rel=\"nofollow\"\u003eTwitter for iPhone\u003c\/a\u003e","truncated":false,"in_reply_to_status_id":null,"in_reply_to_status_id_str":null,"in_reply_to_user_id":null,"in_reply_to_user_id_str":null,"in_reply_to_screen_name":null,"user":{"id":574351267,"id_str":"574351267","name":"Gerhard Deimek","screen_name":"GerhardDeimek","location":"Parlament Wien","url":"http:\/\/www.deimek.at","description":"Abgeordneter zum Nationalrat und Verkehrssprecher der FP\u00d6","protected":false,"verified":false,"followers_count":802,"friends_count":325,"listed_count":60,"favourites_count":7734,"statuses_count":14648,"created_at":"Tue May 08 09:50:55 +0000 2012","utc_offset":7200,"time_zone":"Vienna","geo_enabled":true,"lang":"de","contributors_enabled":false,"is_translator":false,"profile_background_color":"C0DEED","profile_background_image_url":"http:\/\/abs.twimg.com\/images\/themes\/theme1\/bg.png","profile_background_image_url_https":"https:\/\/abs.twimg.com\/images\/themes\/theme1\/bg.png","profile_background_tile":false,"profile_link_color":"0084B4","profile_sidebar_border_color":"C0DEED","profile_sidebar_fill_color":"DDEEF6","profile_text_color":"333333","profile_use_background_image":true,"profile_image_url":"http:\/\/pbs.twimg.com\/profile_images\/3217662852\/d416c87d91605f56c456c2f9c85fdaeb_normal.jpeg","profile_image_url_https":"https:\/\/pbs.twimg.com\/profile_images\/3217662852\/d416c87d91605f56c456c2f9c85fdaeb_normal.jpeg","profile_banner_url":"https:\/\/pbs.twimg.com\/profile_banners\/574351267\/1363044529","default_profile":true,"default_profile_image":false,"following":null,"follow_request_sent":null,"notifications":null},"geo":null,"coordinates":null,"place":null,"contributors":null,"retweeted_status":{"created_at":"Thu Sep 10 19:27:34 +0000 2015","id":642056840038191104,"id_str":"642056840038191104","text":"es scheint, die #sp\u00f6 #h\u00e4upl #brauner haben in #wien ein gsp\u00fcr f\u00fcr das geld der #steuerzahler http:\/\/t.co\/5vfVj3S4jk #umverteilung der sp\u00f6","source":"\u003ca href=\"http:\/\/twitter.com\" rel=\"nofollow\"\u003eTwitter Web Client\u003c\/a\u003e","truncated":false,"in_reply_to_status_id":null,"in_reply_to_status_id_str":null,"in_reply_to_user_id":null,"in_reply_to_user_id_str":null,"in_reply_to_screen_name":null,"user":{"id":8954232,"id_str":"8954232","name":"fluglehrer","screen_name":"fluglehrer","location":"Wien, Wien","url":null,"description":"note: opinions are my own and not those of my employer.","protected":false,"verified":false,"followers_count":200,"friends_count":225,"listed_count":29,"favourites_count":1348,"statuses_count":15950,"created_at":"Tue Sep 18 16:12:44 +0000 2007","utc_offset":7200,"time_zone":"Vienna","geo_enabled":false,"lang":"de","contributors_enabled":false,"is_translator":false,"profile_background_color":"C6E2EE","profile_background_image_url":"http:\/\/pbs.twimg.com\/profile_background_images\/458917957154795520\/5pvH3VXn.jpeg","profile_background_image_url_https":"https:\/\/pbs.twimg.com\/profile_background_images\/458917957154795520\/5pvH3VXn.jpeg","profile_background_tile":true,"profile_link_color":"3B94D9","profile_sidebar_border_color":"FFFFFF","profile_sidebar_fill_color":"DAECF4","profile_text_color":"663B12","profile_use_background_image":true,"profile_image_url":"http:\/\/pbs.twimg.com\/profile_images\/422469638295785473\/Klaxg77g_normal.jpeg","profile_image_url_https":"https:\/\/pbs.twimg.com\/profile_images\/422469638295785473\/Klaxg77g_normal.jpeg","profile_banner_url":"https:\/\/pbs.twimg.com\/profile_banners\/8954232\/1419532046","default_profile":false,"default_profile_image":false,"following":null,"follow_request_sent":null,"notifications":null},"geo":null,"coordinates":null,"place":null,"contributors":null,"retweet_count":1,"favorite_count":0,"entities":{"hashtags":[{"text":"sp\u00f6","indices":[16,20]},{"text":"h\u00e4upl","indices":[21,27]},{"text":"brauner","indices":[28,36]},{"text":"wien","indices":[46,51]},{"text":"steuerzahler","indices":[79,92]},{"text":"umverteilung","indices":[116,129]}],"trends":[],"urls":[{"url":"http:\/\/t.co\/5vfVj3S4jk","expanded_url":"http:\/\/diepresse.com\/home\/politik\/innenpolitik\/4818590\/Budget_Wo-sich-Wien-verschaetzt-hat","display_url":"diepresse.com\/home\/politik\/i\u2026","indices":[93,115]}],"user_mentions":[],"symbols":[]},"favorited":false,"retweeted":false,"possibly_sensitive":false,"filter_level":"low","lang":"de"},"retweet_count":0,"favorite_count":0,"entities":{"hashtags":[{"text":"sp\u00f6","indices":[32,36]},{"text":"h\u00e4upl","indices":[37,43]},{"text":"brauner","indices":[44,52]},{"text":"wien","indices":[62,67]},{"text":"steuerzahler","indices":[95,108]},{"text":"umverteilung","indices":[132,140]}],"trends":[],"urls":[{"url":"http:\/\/t.co\/5vfVj3S4jk","expanded_url":"http:\/\/diepresse.com\/home\/politik\/innenpolitik\/4818590\/Budget_Wo-sich-Wien-verschaetzt-hat","display_url":"diepresse.com\/home\/politik\/i\u2026","indices":[109,131]}],"user_mentions":[{"screen_name":"fluglehrer","name":"fluglehrer","id":8954232,"id_str":"8954232","indices":[3,14]}],"symbols":[]},"favorited":false,"retweeted":false,"possibly_sensitive":false,"filter_level":"low","lang":"de","timestamp_ms":"1441916983878"}
