{"created_at":"Sat Sep 12 19:52:00 +0000 2015","id":642787764765859840,"id_str":"642787764765859840","text":"Jetzt in @BR24 lesen:\n\n#M\u00fcnchen am Maximum\nBis zu 5.000 #Fl\u00fcchtlinge m\u00fcssen auf Bahnhofsboden schlafen\n\nM\u00fcnchen... http:\/\/t.co\/iGZtaCG0Gf","source":"\u003ca href=\"http:\/\/www.facebook.com\/twitter\" rel=\"nofollow\"\u003eFacebook\u003c\/a\u003e","truncated":false,"in_reply_to_status_id":null,"in_reply_to_status_id_str":null,"in_reply_to_user_id":null,"in_reply_to_user_id_str":null,"in_reply_to_screen_name":null,"user":{"id":392890423,"id_str":"392890423","name":"Dietmar Bauer","screen_name":"Dietmar_Bauer","location":"Sankt Afra, Bayern, Germany","url":"http:\/\/facebook.com\/dietmar.bauer1","description":"RUNDFUNK: (War) Sprecher, Moderator, Redaktor \u25cf T\u00fcbingen, Baden-Baden, Stuttgart, M\u00fcnchen \u25cf\u25cf #DBlog: Meldung, Meinung, Satire, Medien, Kultur \u25cf #JeResteCHARLIE!","protected":false,"verified":false,"followers_count":777,"friends_count":1954,"listed_count":38,"favourites_count":513,"statuses_count":45832,"created_at":"Mon Oct 17 18:29:54 +0000 2011","utc_offset":7200,"time_zone":"Berlin","geo_enabled":true,"lang":"de","contributors_enabled":false,"is_translator":false,"profile_background_color":"C0DEED","profile_background_image_url":"http:\/\/abs.twimg.com\/images\/themes\/theme1\/bg.png","profile_background_image_url_https":"https:\/\/abs.twimg.com\/images\/themes\/theme1\/bg.png","profile_background_tile":false,"profile_link_color":"0084B4","profile_sidebar_border_color":"C0DEED","profile_sidebar_fill_color":"DDEEF6","profile_text_color":"333333","profile_use_background_image":true,"profile_image_url":"http:\/\/pbs.twimg.com\/profile_images\/639848494967205888\/FB6PDe1p_normal.jpg","profile_image_url_https":"https:\/\/pbs.twimg.com\/profile_images\/639848494967205888\/FB6PDe1p_normal.jpg","profile_banner_url":"https:\/\/pbs.twimg.com\/profile_banners\/392890423\/1441380227","default_profile":true,"default_profile_image":false,"following":null,"follow_request_sent":null,"notifications":null},"geo":null,"coordinates":null,"place":null,"contributors":null,"retweet_count":0,"favorite_count":0,"entities":{"hashtags":[{"text":"M\u00fcnchen","indices":[23,31]},{"text":"Fl\u00fcchtlinge","indices":[56,68]}],"trends":[],"urls":[{"url":"http:\/\/t.co\/iGZtaCG0Gf","expanded_url":"http:\/\/fb.me\/3k4dLGF0e","display_url":"fb.me\/3k4dLGF0e","indices":[115,137]}],"user_mentions":[{"screen_name":"BR24","name":"BR24","id":90524645,"id_str":"90524645","indices":[9,14]}],"symbols":[]},"favorited":false,"retweeted":false,"possibly_sensitive":false,"filter_level":"low","lang":"de","timestamp_ms":"1442087520196"}
