{"created_at":"Thu Sep 10 20:28:28 +0000 2015","id":642072169439207424,"id_str":"642072169439207424","text":"B\u00fcrokratie, Hammer , so kann die gezielte Politik seit Jahren auch nennen, klar, wir sind ja wieder wer https:\/\/t.co\/XEidOnb7Vs","source":"\u003ca href=\"http:\/\/twitter.com\" rel=\"nofollow\"\u003eTwitter Web Client\u003c\/a\u003e","truncated":false,"in_reply_to_status_id":null,"in_reply_to_status_id_str":null,"in_reply_to_user_id":null,"in_reply_to_user_id_str":null,"in_reply_to_screen_name":null,"user":{"id":768899816,"id_str":"768899816","name":"sabine","screen_name":"ppsabengel","location":"hi, nice to meet u","url":null,"description":"treibe es bitte zu bunt!(PP)","protected":false,"verified":false,"followers_count":684,"friends_count":1611,"listed_count":83,"favourites_count":2348,"statuses_count":23418,"created_at":"Mon Aug 20 05:29:51 +0000 2012","utc_offset":7200,"time_zone":"Berlin","geo_enabled":true,"lang":"de","contributors_enabled":false,"is_translator":false,"profile_background_color":"030303","profile_background_image_url":"http:\/\/pbs.twimg.com\/profile_background_images\/378800000182023785\/a3k3PH54.png","profile_background_image_url_https":"https:\/\/pbs.twimg.com\/profile_background_images\/378800000182023785\/a3k3PH54.png","profile_background_tile":true,"profile_link_color":"302929","profile_sidebar_border_color":"FFFFFF","profile_sidebar_fill_color":"BE2A28","profile_text_color":"B7651C","profile_use_background_image":true,"profile_image_url":"http:\/\/pbs.twimg.com\/profile_images\/635021688766398465\/-DZdKUHp_normal.jpg","profile_image_url_https":"https:\/\/pbs.twimg.com\/profile_images\/635021688766398465\/-DZdKUHp_normal.jpg","profile_banner_url":"https:\/\/pbs.twimg.com\/profile_banners\/768899816\/1440233791","default_profile":false,"default_profile_image":false,"following":null,"follow_request_sent":null,"notifications":null},"geo":null,"coordinates":null,"place":null,"contributors":null,"quoted_status_id":641868877312458752,"quoted_status_id_str":"641868877312458752","quoted_status":{"created_at":"Thu Sep 10 07:00:40 +0000 2015","id":641868877312458752,"id_str":"641868877312458752","text":"Viele #Fluechtlinge hoffen auf einen Job. Doch wegen der B\u00fcrokratie gibt es h\u00f6chstens mal ein Praktikum http:\/\/t.co\/di6YlrFgf8","source":"\u003ca href=\"https:\/\/about.twitter.com\/products\/tweetdeck\" rel=\"nofollow\"\u003eTweetDeck\u003c\/a\u003e","truncated":false,"in_reply_to_status_id":null,"in_reply_to_status_id_str":null,"in_reply_to_user_id":null,"in_reply_to_user_id_str":null,"in_reply_to_screen_name":null,"user":{"id":2834511,"id_str":"2834511","name":"SPIEGEL ONLINE","screen_name":"SPIEGELONLINE","location":"Hamburg, Germany","url":"http:\/\/www.spiegel.de","description":"Die wichtigsten Nachrichten des Tages und die besten Geschichten von SPIEGEL ONLINE \u2022 Impressum: http:\/\/www.spiegel.de\/impressum","protected":false,"verified":true,"followers_count":905521,"friends_count":278,"listed_count":4986,"favourites_count":1380,"statuses_count":97749,"created_at":"Thu Mar 29 12:54:46 +0000 2007","utc_offset":7200,"time_zone":"Ljubljana","geo_enabled":true,"lang":"de","contributors_enabled":false,"is_translator":false,"profile_background_color":"AC000B","profile_background_image_url":"http:\/\/abs.twimg.com\/images\/themes\/theme1\/bg.png","profile_background_image_url_https":"https:\/\/abs.twimg.com\/images\/themes\/theme1\/bg.png","profile_background_tile":false,"profile_link_color":"AC000B","profile_sidebar_border_color":"FFFFFF","profile_sidebar_fill_color":"F9F9F9","profile_text_color":"333333","profile_use_background_image":false,"profile_image_url":"http:\/\/pbs.twimg.com\/profile_images\/1719664041\/tw_spon_normal.jpg","profile_image_url_https":"https:\/\/pbs.twimg.com\/profile_images\/1719664041\/tw_spon_normal.jpg","profile_banner_url":"https:\/\/pbs.twimg.com\/profile_banners\/2834511\/1398320320","default_profile":false,"default_profile_image":false,"following":null,"follow_request_sent":null,"notifications":null},"geo":null,"coordinates":null,"place":null,"contributors":null,"retweet_count":0,"favorite_count":0,"entities":{"hashtags":[{"text":"Fluechtlinge","indices":[6,19]}],"trends":[],"urls":[{"url":"http:\/\/t.co\/di6YlrFgf8","expanded_url":"http:\/\/spon.de\/aezQF","display_url":"spon.de\/aezQF","indices":[104,126]}],"user_mentions":[],"symbols":[]},"favorited":false,"retweeted":false,"possibly_sensitive":false,"filter_level":"low","lang":"de"},"retweet_count":0,"favorite_count":0,"entities":{"hashtags":[],"trends":[],"urls":[{"url":"https:\/\/t.co\/XEidOnb7Vs","expanded_url":"https:\/\/twitter.com\/SPIEGELONLINE\/status\/641868877312458752","display_url":"twitter.com\/SPIEGELONLINE\/\u2026","indices":[104,127]}],"user_mentions":[],"symbols":[]},"favorited":false,"retweeted":false,"possibly_sensitive":false,"filter_level":"low","lang":"de","timestamp_ms":"1441916908975"}
