{"created_at":"Thu Sep 10 20:29:03 +0000 2015","id":642072315858190337,"id_str":"642072315858190337","text":"RT @isabelledaniel: Was macht Regierung, wenn Deutschland Fl\u00fcchtlinge, die via \u00d6sterreich kommen nicht mehr aufnimmt? #zib2 #bayern","source":"\u003ca href=\"http:\/\/twitter.com\/download\/iphone\" rel=\"nofollow\"\u003eTwitter for iPhone\u003c\/a\u003e","truncated":false,"in_reply_to_status_id":null,"in_reply_to_status_id_str":null,"in_reply_to_user_id":null,"in_reply_to_user_id_str":null,"in_reply_to_screen_name":null,"user":{"id":56994672,"id_str":"56994672","name":"Kurt Fischer","screen_name":"FischerKurt","location":"Lustenau, \u00d6sterreich, Austria","url":"http:\/\/about.me\/kurt.fischer","description":"B\u00fcrgermeister von Lustenau | macht hin und wieder Lieder | gerne vernetzt | w*ortbegeistert || Mayor of Lustenau | singer-songwriter | web rider | word nerd","protected":false,"verified":false,"followers_count":1826,"friends_count":2002,"listed_count":74,"favourites_count":8890,"statuses_count":26301,"created_at":"Wed Jul 15 11:47:35 +0000 2009","utc_offset":null,"time_zone":null,"geo_enabled":true,"lang":"en","contributors_enabled":false,"is_translator":false,"profile_background_color":"C0DEED","profile_background_image_url":"http:\/\/abs.twimg.com\/images\/themes\/theme1\/bg.png","profile_background_image_url_https":"https:\/\/abs.twimg.com\/images\/themes\/theme1\/bg.png","profile_background_tile":false,"profile_link_color":"74B300","profile_sidebar_border_color":"C0DEED","profile_sidebar_fill_color":"DDEEF6","profile_text_color":"333333","profile_use_background_image":true,"profile_image_url":"http:\/\/pbs.twimg.com\/profile_images\/555853933500178432\/nYtJJ5Pg_normal.jpeg","profile_image_url_https":"https:\/\/pbs.twimg.com\/profile_images\/555853933500178432\/nYtJJ5Pg_normal.jpeg","profile_banner_url":"https:\/\/pbs.twimg.com\/profile_banners\/56994672\/1429098213","default_profile":false,"default_profile_image":false,"following":null,"follow_request_sent":null,"notifications":null},"geo":null,"coordinates":null,"place":null,"contributors":null,"retweeted_status":{"created_at":"Thu Sep 10 20:23:49 +0000 2015","id":642070997890400256,"id_str":"642070997890400256","text":"Was macht Regierung, wenn Deutschland Fl\u00fcchtlinge, die via \u00d6sterreich kommen nicht mehr aufnimmt? #zib2 #bayern","source":"\u003ca href=\"http:\/\/twitter.com\/#!\/download\/ipad\" rel=\"nofollow\"\u003eTwitter for iPad\u003c\/a\u003e","truncated":false,"in_reply_to_status_id":null,"in_reply_to_status_id_str":null,"in_reply_to_user_id":null,"in_reply_to_user_id_str":null,"in_reply_to_screen_name":null,"user":{"id":89947367,"id_str":"89947367","name":"Isabelle Daniel","screen_name":"isabelledaniel","location":"Vienna, Austria","url":"http:\/\/www.oe24.at","description":"journalist, expressing my own views.","protected":false,"verified":false,"followers_count":17320,"friends_count":384,"listed_count":425,"favourites_count":9814,"statuses_count":16682,"created_at":"Sat Nov 14 14:35:41 +0000 2009","utc_offset":-7200,"time_zone":"Greenland","geo_enabled":false,"lang":"en","contributors_enabled":false,"is_translator":false,"profile_background_color":"0099B9","profile_background_image_url":"http:\/\/pbs.twimg.com\/profile_background_images\/97162940\/twilk_background_4bdb1423493e3.jpg","profile_background_image_url_https":"https:\/\/pbs.twimg.com\/profile_background_images\/97162940\/twilk_background_4bdb1423493e3.jpg","profile_background_tile":true,"profile_link_color":"0099B9","profile_sidebar_border_color":"5ED4DC","profile_sidebar_fill_color":"95E8EC","profile_text_color":"3C3940","profile_use_background_image":true,"profile_image_url":"http:\/\/pbs.twimg.com\/profile_images\/552116670018625536\/gfTL4CHG_normal.jpeg","profile_image_url_https":"https:\/\/pbs.twimg.com\/profile_images\/552116670018625536\/gfTL4CHG_normal.jpeg","profile_banner_url":"https:\/\/pbs.twimg.com\/profile_banners\/89947367\/1440877775","default_profile":false,"default_profile_image":false,"following":null,"follow_request_sent":null,"notifications":null},"geo":null,"coordinates":null,"place":null,"contributors":null,"retweet_count":1,"favorite_count":2,"entities":{"hashtags":[{"text":"zib2","indices":[98,103]},{"text":"bayern","indices":[104,111]}],"trends":[],"urls":[],"user_mentions":[],"symbols":[]},"favorited":false,"retweeted":false,"possibly_sensitive":false,"filter_level":"low","lang":"de"},"retweet_count":0,"favorite_count":0,"entities":{"hashtags":[{"text":"zib2","indices":[118,123]},{"text":"bayern","indices":[124,131]}],"trends":[],"urls":[],"user_mentions":[{"screen_name":"isabelledaniel","name":"Isabelle Daniel","id":89947367,"id_str":"89947367","indices":[3,18]}],"symbols":[]},"favorited":false,"retweeted":false,"possibly_sensitive":false,"filter_level":"low","lang":"de","timestamp_ms":"1441916943884"}
