{"created_at":"Thu Sep 10 20:21:56 +0000 2015","id":642070522440876032,"id_str":"642070522440876032","text":"RT @L_Petersdotter: Wer mit einigen tausend Gefl\u00fcchteten \u00fcberfordert ist, sollte seine Olympiabewerbung zur\u00fcckziehen. #refugeeswelcome","source":"\u003ca href=\"http:\/\/twitter.com\" rel=\"nofollow\"\u003eTwitter Web Client\u003c\/a\u003e","truncated":false,"in_reply_to_status_id":null,"in_reply_to_status_id_str":null,"in_reply_to_user_id":null,"in_reply_to_user_id_str":null,"in_reply_to_screen_name":null,"user":{"id":122703208,"id_str":"122703208","name":"Plyspomitox","screen_name":"xoryps","location":"Vermutlich Berlin","url":"http:\/\/wiki.piratenpartei.de\/Benutzer:Plyspomitox","description":"Visionary\/Pirate\/Programming\/Science\/Timetravelling\/Colors -- BGE \u00d6PNV FreieBildung Antinational Dezentralit\u00e4t Ecology Non-Binary Vegan - Decompiling the World.","protected":false,"verified":false,"followers_count":793,"friends_count":1988,"listed_count":37,"favourites_count":1856,"statuses_count":20665,"created_at":"Sat Mar 13 16:03:57 +0000 2010","utc_offset":7200,"time_zone":"Berlin","geo_enabled":true,"lang":"en","contributors_enabled":false,"is_translator":false,"profile_background_color":"022330","profile_background_image_url":"http:\/\/abs.twimg.com\/images\/themes\/theme15\/bg.png","profile_background_image_url_https":"https:\/\/abs.twimg.com\/images\/themes\/theme15\/bg.png","profile_background_tile":false,"profile_link_color":"06A345","profile_sidebar_border_color":"000000","profile_sidebar_fill_color":"C0DFEC","profile_text_color":"333333","profile_use_background_image":true,"profile_image_url":"http:\/\/pbs.twimg.com\/profile_images\/516987866967064576\/Xj2a-X1D_normal.jpeg","profile_image_url_https":"https:\/\/pbs.twimg.com\/profile_images\/516987866967064576\/Xj2a-X1D_normal.jpeg","profile_banner_url":"https:\/\/pbs.twimg.com\/profile_banners\/122703208\/1365046249","default_profile":false,"default_profile_image":false,"following":null,"follow_request_sent":null,"notifications":null},"geo":null,"coordinates":null,"place":null,"contributors":null,"retweeted_status":{"created_at":"Thu Sep 10 20:15:51 +0000 2015","id":642068994388815872,"id_str":"642068994388815872","text":"Wer mit einigen tausend Gefl\u00fcchteten \u00fcberfordert ist, sollte seine Olympiabewerbung zur\u00fcckziehen. #refugeeswelcome","source":"\u003ca href=\"http:\/\/www.twitter.com\" rel=\"nofollow\"\u003eTwitter for BlackBerry\u003c\/a\u003e","truncated":false,"in_reply_to_status_id":null,"in_reply_to_status_id_str":null,"in_reply_to_user_id":null,"in_reply_to_user_id_str":null,"in_reply_to_screen_name":null,"user":{"id":1281030504,"id_str":"1281030504","name":"Lasse Petersdotter","screen_name":"L_Petersdotter","location":"Kiel","url":null,"description":"Sprecher der Gr\u00fcnen Jugend SH                                                    Hochschulpolitik, Innenpolitik und Tierschutz\nhttp:\/\/www.lasse-petersdotter.de","protected":false,"verified":false,"followers_count":352,"friends_count":430,"listed_count":16,"favourites_count":573,"statuses_count":2376,"created_at":"Tue Mar 19 17:38:56 +0000 2013","utc_offset":null,"time_zone":null,"geo_enabled":false,"lang":"de","contributors_enabled":false,"is_translator":false,"profile_background_color":"000000","profile_background_image_url":"http:\/\/abs.twimg.com\/images\/themes\/theme1\/bg.png","profile_background_image_url_https":"https:\/\/abs.twimg.com\/images\/themes\/theme1\/bg.png","profile_background_tile":false,"profile_link_color":"ABB8C2","profile_sidebar_border_color":"000000","profile_sidebar_fill_color":"000000","profile_text_color":"000000","profile_use_background_image":false,"profile_image_url":"http:\/\/pbs.twimg.com\/profile_images\/630654778272555008\/armleOod_normal.jpg","profile_image_url_https":"https:\/\/pbs.twimg.com\/profile_images\/630654778272555008\/armleOod_normal.jpg","profile_banner_url":"https:\/\/pbs.twimg.com\/profile_banners\/1281030504\/1439194815","default_profile":false,"default_profile_image":false,"following":null,"follow_request_sent":null,"notifications":null},"geo":null,"coordinates":null,"place":null,"contributors":null,"retweet_count":2,"favorite_count":2,"entities":{"hashtags":[{"text":"refugeeswelcome","indices":[98,114]}],"trends":[],"urls":[],"user_mentions":[],"symbols":[]},"favorited":false,"retweeted":false,"possibly_sensitive":false,"filter_level":"low","lang":"de"},"retweet_count":0,"favorite_count":0,"entities":{"hashtags":[{"text":"refugeeswelcome","indices":[118,134]}],"trends":[],"urls":[],"user_mentions":[{"screen_name":"L_Petersdotter","name":"Lasse Petersdotter","id":1281030504,"id_str":"1281030504","indices":[3,18]}],"symbols":[]},"favorited":false,"retweeted":false,"possibly_sensitive":false,"filter_level":"low","lang":"de","timestamp_ms":"1441916516300"}
