{"created_at":"Thu Sep 10 20:28:05 +0000 2015","id":642072071078576128,"id_str":"642072071078576128","text":"RT @Harald70199: Fl\u00fcchtlinge reisen ohne Kontrolle in ganz Deutschland.Keiner weiss genau wie viele da sind, wer da ist, woher sie kommen! \u2026","source":"\u003ca href=\"http:\/\/twitter.com\" rel=\"nofollow\"\u003eTwitter Web Client\u003c\/a\u003e","truncated":false,"in_reply_to_status_id":null,"in_reply_to_status_id_str":null,"in_reply_to_user_id":null,"in_reply_to_user_id_str":null,"in_reply_to_screen_name":null,"user":{"id":49446718,"id_str":"49446718","name":"Ludger Sieben","screen_name":"luggi07","location":"Bielefeld, Germany","url":"http:\/\/about.me\/LudgerSieben","description":"Ich spiel' auch mit den Schmuddelkindern.","protected":false,"verified":false,"followers_count":776,"friends_count":1114,"listed_count":32,"favourites_count":17928,"statuses_count":20813,"created_at":"Sun Jun 21 22:13:53 +0000 2009","utc_offset":7200,"time_zone":"Amsterdam","geo_enabled":false,"lang":"de","contributors_enabled":false,"is_translator":false,"profile_background_color":"C6E2EE","profile_background_image_url":"http:\/\/abs.twimg.com\/images\/themes\/theme2\/bg.gif","profile_background_image_url_https":"https:\/\/abs.twimg.com\/images\/themes\/theme2\/bg.gif","profile_background_tile":false,"profile_link_color":"1F98C7","profile_sidebar_border_color":"C6E2EE","profile_sidebar_fill_color":"DAECF4","profile_text_color":"663B12","profile_use_background_image":true,"profile_image_url":"http:\/\/pbs.twimg.com\/profile_images\/298633880\/K_nigLudwig_normal.jpg","profile_image_url_https":"https:\/\/pbs.twimg.com\/profile_images\/298633880\/K_nigLudwig_normal.jpg","default_profile":false,"default_profile_image":false,"following":null,"follow_request_sent":null,"notifications":null},"geo":null,"coordinates":null,"place":null,"contributors":null,"retweeted_status":{"created_at":"Thu Sep 10 17:42:19 +0000 2015","id":642030355374043136,"id_str":"642030355374043136","text":"Fl\u00fcchtlinge reisen ohne Kontrolle in ganz Deutschland.Keiner weiss genau wie viele da sind, wer da ist, woher sie kommen! #Politikversagen","source":"\u003ca href=\"http:\/\/twitter.com\" rel=\"nofollow\"\u003eTwitter Web Client\u003c\/a\u003e","truncated":false,"in_reply_to_status_id":null,"in_reply_to_status_id_str":null,"in_reply_to_user_id":null,"in_reply_to_user_id_str":null,"in_reply_to_screen_name":null,"user":{"id":2966158947,"id_str":"2966158947","name":"Harald Maier","screen_name":"Harald70199","location":"wien","url":null,"description":"GEHE NICHT UNBEWAFFNET IN EIN GEISTIGES DUELL\nGetrennt marschieren aber vereint die LINKS GR\u00dcNEN Abw\u00e4hlen!","protected":false,"verified":false,"followers_count":596,"friends_count":236,"listed_count":26,"favourites_count":1278,"statuses_count":10646,"created_at":"Wed Jan 07 15:48:38 +0000 2015","utc_offset":null,"time_zone":null,"geo_enabled":false,"lang":"de","contributors_enabled":false,"is_translator":false,"profile_background_color":"C0DEED","profile_background_image_url":"http:\/\/abs.twimg.com\/images\/themes\/theme1\/bg.png","profile_background_image_url_https":"https:\/\/abs.twimg.com\/images\/themes\/theme1\/bg.png","profile_background_tile":false,"profile_link_color":"0084B4","profile_sidebar_border_color":"C0DEED","profile_sidebar_fill_color":"DDEEF6","profile_text_color":"333333","profile_use_background_image":true,"profile_image_url":"http:\/\/pbs.twimg.com\/profile_images\/552856033928806401\/1UYWPfVR_normal.png","profile_image_url_https":"https:\/\/pbs.twimg.com\/profile_images\/552856033928806401\/1UYWPfVR_normal.png","profile_banner_url":"https:\/\/pbs.twimg.com\/profile_banners\/2966158947\/1420646158","default_profile":true,"default_profile_image":false,"following":null,"follow_request_sent":null,"notifications":null},"geo":null,"coordinates":null,"place":null,"contributors":null,"retweet_count":8,"favorite_count":7,"entities":{"hashtags":[{"text":"Politikversagen","indices":[122,138]}],"trends":[],"urls":[],"user_mentions":[],"symbols":[]},"favorited":false,"retweeted":false,"possibly_sensitive":false,"filter_level":"low","lang":"de"},"retweet_count":0,"favorite_count":0,"entities":{"hashtags":[{"text":"Politikversagen","indices":[139,140]}],"trends":[],"urls":[],"user_mentions":[{"screen_name":"Harald70199","name":"Harald Maier","id":2966158947,"id_str":"2966158947","indices":[3,15]}],"symbols":[]},"favorited":false,"retweeted":false,"possibly_sensitive":false,"filter_level":"low","lang":"de","timestamp_ms":"1441916885524"}
