{"created_at":"Thu Sep 10 20:28:52 +0000 2015","id":642072268768706560,"id_str":"642072268768706560","text":"Ich hab so genug von diesem Nazi Pack in Sachsen! Zuschei\u00dfen! #Kontraste #refugeeswelcome #schei\u00dfnazis #nonazis #Dreckspack","source":"\u003ca href=\"http:\/\/twitter.com\/download\/iphone\" rel=\"nofollow\"\u003eTwitter for iPhone\u003c\/a\u003e","truncated":false,"in_reply_to_status_id":null,"in_reply_to_status_id_str":null,"in_reply_to_user_id":null,"in_reply_to_user_id_str":null,"in_reply_to_screen_name":null,"user":{"id":104607160,"id_str":"104607160","name":"life is better vegan","screen_name":"Stephi_Le","location":"Hamburg, Germany","url":null,"description":"\u264f #untileverycageisempty #ara #ethicalvegan  \u2764Amy, Paul, family, friends #asia #music #fashion #movies #travelling #depeche mode #doraemon #pucca #fushifu","protected":false,"verified":false,"followers_count":1561,"friends_count":2004,"listed_count":43,"favourites_count":3675,"statuses_count":6234,"created_at":"Wed Jan 13 21:11:38 +0000 2010","utc_offset":7200,"time_zone":"Berlin","geo_enabled":false,"lang":"en","contributors_enabled":false,"is_translator":false,"profile_background_color":"1A1B1F","profile_background_image_url":"http:\/\/abs.twimg.com\/images\/themes\/theme9\/bg.gif","profile_background_image_url_https":"https:\/\/abs.twimg.com\/images\/themes\/theme9\/bg.gif","profile_background_tile":false,"profile_link_color":"2FC2EF","profile_sidebar_border_color":"181A1E","profile_sidebar_fill_color":"252429","profile_text_color":"666666","profile_use_background_image":true,"profile_image_url":"http:\/\/pbs.twimg.com\/profile_images\/626148137342771202\/4DjB_wjw_normal.jpg","profile_image_url_https":"https:\/\/pbs.twimg.com\/profile_images\/626148137342771202\/4DjB_wjw_normal.jpg","profile_banner_url":"https:\/\/pbs.twimg.com\/profile_banners\/104607160\/1400451512","default_profile":false,"default_profile_image":false,"following":null,"follow_request_sent":null,"notifications":null},"geo":null,"coordinates":null,"place":null,"contributors":null,"retweet_count":0,"favorite_count":0,"entities":{"hashtags":[{"text":"Kontraste","indices":[62,72]},{"text":"refugeeswelcome","indices":[73,89]},{"text":"schei\u00dfnazis","indices":[90,102]},{"text":"nonazis","indices":[103,111]},{"text":"Dreckspack","indices":[112,123]}],"trends":[],"urls":[],"user_mentions":[],"symbols":[]},"favorited":false,"retweeted":false,"possibly_sensitive":false,"filter_level":"low","lang":"de","timestamp_ms":"1441916932657"}
