{"created_at":"Thu Sep 10 20:23:22 +0000 2015","id":642070884811993088,"id_str":"642070884811993088","text":"@lou_lorenz Warum Fl\u00fcchtlinge Smartphones haben http:\/\/t.co\/z3SEqTXpkg","source":"\u003ca href=\"http:\/\/www.tweetcaster.com\" rel=\"nofollow\"\u003eTweetCaster for Android\u003c\/a\u003e","truncated":false,"in_reply_to_status_id":642062217735766016,"in_reply_to_status_id_str":"642062217735766016","in_reply_to_user_id":591115786,"in_reply_to_user_id_str":"591115786","in_reply_to_screen_name":"lou_lorenz","user":{"id":3309423773,"id_str":"3309423773","name":"Alois G. Auinger","screen_name":"aloisgauinger","location":"Salzburg, \u00d6sterreich","url":"https:\/\/www.facebook.com\/alois.g.auinger","description":"journalist worte bilder meinung - hier privat (http:\/\/twitter.com\/wohnblogAt) (http:\/\/twitter.com\/dispotech) (http:\/\/twitter.com\/GRUENE_Neumarkt)","protected":false,"verified":false,"followers_count":82,"friends_count":503,"listed_count":9,"favourites_count":100,"statuses_count":1907,"created_at":"Fri Jun 05 16:08:09 +0000 2015","utc_offset":7200,"time_zone":"Vienna","geo_enabled":false,"lang":"de","contributors_enabled":false,"is_translator":false,"profile_background_color":"000000","profile_background_image_url":"http:\/\/abs.twimg.com\/images\/themes\/theme1\/bg.png","profile_background_image_url_https":"https:\/\/abs.twimg.com\/images\/themes\/theme1\/bg.png","profile_background_tile":false,"profile_link_color":"94D487","profile_sidebar_border_color":"000000","profile_sidebar_fill_color":"000000","profile_text_color":"000000","profile_use_background_image":false,"profile_image_url":"http:\/\/pbs.twimg.com\/profile_images\/606856121798823937\/iCS6S8TX_normal.jpg","profile_image_url_https":"https:\/\/pbs.twimg.com\/profile_images\/606856121798823937\/iCS6S8TX_normal.jpg","profile_banner_url":"https:\/\/pbs.twimg.com\/profile_banners\/3309423773\/1433521897","default_profile":false,"default_profile_image":false,"following":null,"follow_request_sent":null,"notifications":null},"geo":null,"coordinates":null,"place":null,"contributors":null,"retweet_count":0,"favorite_count":0,"entities":{"hashtags":[],"trends":[],"urls":[],"user_mentions":[{"screen_name":"lou_lorenz","name":"Lou Lorenz","id":591115786,"id_str":"591115786","indices":[0,11]}],"symbols":[],"media":[{"id":642070883373158400,"id_str":"642070883373158400","indices":[48,70],"media_url":"http:\/\/pbs.twimg.com\/media\/COkYEQwUEAAQoD8.jpg","media_url_https":"https:\/\/pbs.twimg.com\/media\/COkYEQwUEAAQoD8.jpg","url":"http:\/\/t.co\/z3SEqTXpkg","display_url":"pic.twitter.com\/z3SEqTXpkg","expanded_url":"http:\/\/twitter.com\/aloisgauinger\/status\/642070884811993088\/photo\/1","type":"photo","sizes":{"medium":{"w":585,"h":624,"resize":"fit"},"large":{"w":585,"h":624,"resize":"fit"},"thumb":{"w":150,"h":150,"resize":"crop"},"small":{"w":340,"h":362,"resize":"fit"}}}]},"extended_entities":{"media":[{"id":642070883373158400,"id_str":"642070883373158400","indices":[48,70],"media_url":"http:\/\/pbs.twimg.com\/media\/COkYEQwUEAAQoD8.jpg","media_url_https":"https:\/\/pbs.twimg.com\/media\/COkYEQwUEAAQoD8.jpg","url":"http:\/\/t.co\/z3SEqTXpkg","display_url":"pic.twitter.com\/z3SEqTXpkg","expanded_url":"http:\/\/twitter.com\/aloisgauinger\/status\/642070884811993088\/photo\/1","type":"photo","sizes":{"medium":{"w":585,"h":624,"resize":"fit"},"large":{"w":585,"h":624,"resize":"fit"},"thumb":{"w":150,"h":150,"resize":"crop"},"small":{"w":340,"h":362,"resize":"fit"}}}]},"favorited":false,"retweeted":false,"possibly_sensitive":false,"filter_level":"low","lang":"de","timestamp_ms":"1441916602696"}
