{"created_at":"Thu Sep 10 20:24:45 +0000 2015","id":642071233849389056,"id_str":"642071233849389056","text":"RT @DRKSachsen: Kurzer Einblick in die Notunterunft #Heidenau gibt es hier: http:\/\/t.co\/SUkP5EYMoy #RefugeesWelcome #HalloSachsen http:\/\/t.\u2026","source":"\u003ca href=\"http:\/\/twitter.com\/download\/android\" rel=\"nofollow\"\u003eTwitter for Android\u003c\/a\u003e","truncated":false,"in_reply_to_status_id":null,"in_reply_to_status_id_str":null,"in_reply_to_user_id":null,"in_reply_to_user_id_str":null,"in_reply_to_screen_name":null,"user":{"id":23776212,"id_str":"23776212","name":"Matyoe","screen_name":"Matyoe","location":"berlin","url":null,"description":null,"protected":false,"verified":false,"followers_count":12,"friends_count":6,"listed_count":0,"favourites_count":45,"statuses_count":289,"created_at":"Wed Mar 11 15:17:06 +0000 2009","utc_offset":7200,"time_zone":"Berlin","geo_enabled":true,"lang":"de","contributors_enabled":false,"is_translator":false,"profile_background_color":"022330","profile_background_image_url":"http:\/\/abs.twimg.com\/images\/themes\/theme15\/bg.png","profile_background_image_url_https":"https:\/\/abs.twimg.com\/images\/themes\/theme15\/bg.png","profile_background_tile":false,"profile_link_color":"0084B4","profile_sidebar_border_color":"000000","profile_sidebar_fill_color":"000000","profile_text_color":"000000","profile_use_background_image":true,"profile_image_url":"http:\/\/pbs.twimg.com\/profile_images\/637135192235331584\/XRn2_my2_normal.jpg","profile_image_url_https":"https:\/\/pbs.twimg.com\/profile_images\/637135192235331584\/XRn2_my2_normal.jpg","default_profile":false,"default_profile_image":false,"following":null,"follow_request_sent":null,"notifications":null},"geo":null,"coordinates":null,"place":null,"contributors":null,"retweeted_status":{"created_at":"Thu Sep 10 15:26:58 +0000 2015","id":641996290637852672,"id_str":"641996290637852672","text":"Kurzer Einblick in die Notunterunft #Heidenau gibt es hier: http:\/\/t.co\/SUkP5EYMoy #RefugeesWelcome #HalloSachsen http:\/\/t.co\/7S9aIYov5x","source":"\u003ca href=\"http:\/\/twitter.com\" rel=\"nofollow\"\u003eTwitter Web Client\u003c\/a\u003e","truncated":false,"in_reply_to_status_id":null,"in_reply_to_status_id_str":null,"in_reply_to_user_id":null,"in_reply_to_user_id_str":null,"in_reply_to_screen_name":null,"user":{"id":123208236,"id_str":"123208236","name":"DRK Sachsen","screen_name":"DRKSachsen","location":"Dresden","url":"http:\/\/www.drksachsen.de","description":"Menschlichkeit, Unparteilichkeit, Neutralit\u00e4t, Unabh\u00e4ngigkeit, Freiwilligkeit, Einheit & Universalit\u00e4t seit dem 17.02.1863.","protected":false,"verified":false,"followers_count":710,"friends_count":458,"listed_count":38,"favourites_count":0,"statuses_count":669,"created_at":"Mon Mar 15 10:22:21 +0000 2010","utc_offset":7200,"time_zone":"Berlin","geo_enabled":false,"lang":"de","contributors_enabled":false,"is_translator":false,"profile_background_color":"BBBBBB","profile_background_image_url":"http:\/\/pbs.twimg.com\/profile_background_images\/639378143824998400\/uw87vBFa.jpg","profile_background_image_url_https":"https:\/\/pbs.twimg.com\/profile_background_images\/639378143824998400\/uw87vBFa.jpg","profile_background_tile":true,"profile_link_color":"F51313","profile_sidebar_border_color":"EEEEEE","profile_sidebar_fill_color":"FFFFFF","profile_text_color":"333333","profile_use_background_image":true,"profile_image_url":"http:\/\/pbs.twimg.com\/profile_images\/639446399751335936\/UY96GUOq_normal.jpg","profile_image_url_https":"https:\/\/pbs.twimg.com\/profile_images\/639446399751335936\/UY96GUOq_normal.jpg","profile_banner_url":"https:\/\/pbs.twimg.com\/profile_banners\/123208236\/1441733207","default_profile":false,"default_profile_image":false,"following":null,"follow_request_sent":null,"notifications":null},"geo":null,"coordinates":null,"place":null,"contributors":null,"retweet_count":13,"favorite_count":3,"entities":{"hashtags":[{"text":"Heidenau","indices":[36,45]},{"text":"RefugeesWelcome","indices":[83,99]},{"text":"HalloSachsen","indices":[100,113]}],"trends":[],"urls":[{"url":"http:\/\/t.co\/SUkP5EYMoy","expanded_url":"http:\/\/goo.gl\/qEj32I","display_url":"goo.gl\/qEj32I","indices":[60,82]}],"user_mentions":[],"symbols":[],"media":[{"id":641996289199050752,"id_str":"641996289199050752","indices":[114,136],"media_url":"http:\/\/pbs.twimg.com\/media\/COjUOTzUEAALK1x.jpg","media_url_https":"https:\/\/pbs.twimg.com\/media\/COjUOTzUEAALK1x.jpg","url":"http:\/\/t.co\/7S9aIYov5x","display_url":"pic.twitter.com\/7S9aIYov5x","expanded_url":"http:\/\/twitter.com\/DRKSachsen\/status\/641996290637852672\/photo\/1","type":"photo","sizes":{"small":{"w":340,"h":226,"resize":"fit"},"thumb":{"w":150,"h":150,"resize":"crop"},"medium":{"w":600,"h":400,"resize":"fit"},"large":{"w":1024,"h":682,"resize":"fit"}}}]},"extended_entities":{"media":[{"id":641996289199050752,"id_str":"641996289199050752","indices":[114,136],"media_url":"http:\/\/pbs.twimg.com\/media\/COjUOTzUEAALK1x.jpg","media_url_https":"https:\/\/pbs.twimg.com\/media\/COjUOTzUEAALK1x.jpg","url":"http:\/\/t.co\/7S9aIYov5x","display_url":"pic.twitter.com\/7S9aIYov5x","expanded_url":"http:\/\/twitter.com\/DRKSachsen\/status\/641996290637852672\/photo\/1","type":"photo","sizes":{"small":{"w":340,"h":226,"resize":"fit"},"thumb":{"w":150,"h":150,"resize":"crop"},"medium":{"w":600,"h":400,"resize":"fit"},"large":{"w":1024,"h":682,"resize":"fit"}}}]},"favorited":false,"retweeted":false,"possibly_sensitive":false,"filter_level":"low","lang":"de"},"retweet_count":0,"favorite_count":0,"entities":{"hashtags":[{"text":"Heidenau","indices":[52,61]},{"text":"RefugeesWelcome","indices":[99,115]},{"text":"HalloSachsen","indices":[116,129]}],"trends":[],"urls":[{"url":"http:\/\/t.co\/SUkP5EYMoy","expanded_url":"http:\/\/goo.gl\/qEj32I","display_url":"goo.gl\/qEj32I","indices":[76,98]}],"user_mentions":[{"screen_name":"DRKSachsen","name":"DRK Sachsen","id":123208236,"id_str":"123208236","indices":[3,14]}],"symbols":[],"media":[{"id":641996289199050752,"id_str":"641996289199050752","indices":[139,140],"media_url":"http:\/\/pbs.twimg.com\/media\/COjUOTzUEAALK1x.jpg","media_url_https":"https:\/\/pbs.twimg.com\/media\/COjUOTzUEAALK1x.jpg","url":"http:\/\/t.co\/7S9aIYov5x","display_url":"pic.twitter.com\/7S9aIYov5x","expanded_url":"http:\/\/twitter.com\/DRKSachsen\/status\/641996290637852672\/photo\/1","type":"photo","sizes":{"small":{"w":340,"h":226,"resize":"fit"},"thumb":{"w":150,"h":150,"resize":"crop"},"medium":{"w":600,"h":400,"resize":"fit"},"large":{"w":1024,"h":682,"resize":"fit"}},"source_status_id":641996290637852672,"source_status_id_str":"641996290637852672"}]},"extended_entities":{"media":[{"id":641996289199050752,"id_str":"641996289199050752","indices":[139,140],"media_url":"http:\/\/pbs.twimg.com\/media\/COjUOTzUEAALK1x.jpg","media_url_https":"https:\/\/pbs.twimg.com\/media\/COjUOTzUEAALK1x.jpg","url":"http:\/\/t.co\/7S9aIYov5x","display_url":"pic.twitter.com\/7S9aIYov5x","expanded_url":"http:\/\/twitter.com\/DRKSachsen\/status\/641996290637852672\/photo\/1","type":"photo","sizes":{"small":{"w":340,"h":226,"resize":"fit"},"thumb":{"w":150,"h":150,"resize":"crop"},"medium":{"w":600,"h":400,"resize":"fit"},"large":{"w":1024,"h":682,"resize":"fit"}},"source_status_id":641996290637852672,"source_status_id_str":"641996290637852672"}]},"favorited":false,"retweeted":false,"possibly_sensitive":false,"filter_level":"low","lang":"de","timestamp_ms":"1441916685913"}
