{"created_at":"Sat Sep 12 19:52:18 +0000 2015","id":642787840317853696,"id_str":"642787840317853696","text":"N\u00e4chstes Jahr verabschiede ich mich dann von der Politik und plane dann, eine App rauszubringen. Was man in Berlin halt so macht. Was sonst?","source":"\u003ca href=\"http:\/\/twitter.com\" rel=\"nofollow\"\u003eTwitter Web Client\u003c\/a\u003e","truncated":false,"in_reply_to_status_id":null,"in_reply_to_status_id_str":null,"in_reply_to_user_id":null,"in_reply_to_user_id_str":null,"in_reply_to_screen_name":null,"user":{"id":160698546,"id_str":"160698546","name":"Christian Edom","screen_name":"edomblog","location":"Berlin \/ Hannover \/ Wunstorf","url":"http:\/\/edomblog.wordpress.com","description":"angehender Politologe, Christdemokrat (A. Merkel's party); intellektuelle Wundert\u00fcte (Zitat WAMS 2011), Straussian, Habermasian, Prussian, Zeitungsleser","protected":false,"verified":false,"followers_count":867,"friends_count":1656,"listed_count":96,"favourites_count":6955,"statuses_count":62964,"created_at":"Mon Jun 28 22:25:29 +0000 2010","utc_offset":-7200,"time_zone":"Greenland","geo_enabled":true,"lang":"de","contributors_enabled":false,"is_translator":false,"profile_background_color":"000000","profile_background_image_url":"http:\/\/abs.twimg.com\/images\/themes\/theme2\/bg.gif","profile_background_image_url_https":"https:\/\/abs.twimg.com\/images\/themes\/theme2\/bg.gif","profile_background_tile":false,"profile_link_color":"FA743E","profile_sidebar_border_color":"000000","profile_sidebar_fill_color":"000000","profile_text_color":"000000","profile_use_background_image":false,"profile_image_url":"http:\/\/abs.twimg.com\/sticky\/default_profile_images\/default_profile_1_normal.png","profile_image_url_https":"https:\/\/abs.twimg.com\/sticky\/default_profile_images\/default_profile_1_normal.png","default_profile":false,"default_profile_image":true,"following":null,"follow_request_sent":null,"notifications":null},"geo":null,"coordinates":null,"place":null,"contributors":null,"retweet_count":0,"favorite_count":0,"entities":{"hashtags":[],"trends":[],"urls":[],"user_mentions":[],"symbols":[]},"favorited":false,"retweeted":false,"possibly_sensitive":false,"filter_level":"low","lang":"de","timestamp_ms":"1442087538209"}
