{"created_at":"Fri Sep 11 23:49:12 +0000 2015","id":642485072805949440,"id_str":"642485072805949440","text":"Oh, ein neuer Idiot der nicht \u00fcber Fl\u00fcchtlinge redet *Musik ausmacht*\n#domian","source":"\u003ca href=\"https:\/\/about.twitter.com\/products\/tweetdeck\" rel=\"nofollow\"\u003eTweetDeck\u003c\/a\u003e","truncated":false,"in_reply_to_status_id":null,"in_reply_to_status_id_str":null,"in_reply_to_user_id":null,"in_reply_to_user_id_str":null,"in_reply_to_screen_name":null,"user":{"id":1959429061,"id_str":"1959429061","name":"seconds of hate","screen_name":"marjorine_messi","location":"German Television Trash","url":null,"description":"(re)tweets in ger & eng | dumb | \u2640| \u2022super junior is love  \u2022fc barcelona is life  \u2022pok\u00e9mon is fun  \u2022#domian is rage","protected":false,"verified":false,"followers_count":162,"friends_count":188,"listed_count":7,"favourites_count":8474,"statuses_count":8204,"created_at":"Sun Oct 13 20:56:18 +0000 2013","utc_offset":7200,"time_zone":"Berlin","geo_enabled":false,"lang":"en","contributors_enabled":false,"is_translator":false,"profile_background_color":"BADFCD","profile_background_image_url":"http:\/\/pbs.twimg.com\/profile_background_images\/596312542344912896\/Ny0HobV1.jpg","profile_background_image_url_https":"https:\/\/pbs.twimg.com\/profile_background_images\/596312542344912896\/Ny0HobV1.jpg","profile_background_tile":true,"profile_link_color":"DD2E44","profile_sidebar_border_color":"FFFFFF","profile_sidebar_fill_color":"DDEEF6","profile_text_color":"333333","profile_use_background_image":true,"profile_image_url":"http:\/\/pbs.twimg.com\/profile_images\/635569257766645760\/jiPbWL2p_normal.jpg","profile_image_url_https":"https:\/\/pbs.twimg.com\/profile_images\/635569257766645760\/jiPbWL2p_normal.jpg","profile_banner_url":"https:\/\/pbs.twimg.com\/profile_banners\/1959429061\/1433544645","default_profile":false,"default_profile_image":false,"following":null,"follow_request_sent":null,"notifications":null},"geo":null,"coordinates":null,"place":null,"contributors":null,"retweet_count":0,"favorite_count":0,"entities":{"hashtags":[{"text":"domian","indices":[70,77]}],"trends":[],"urls":[],"user_mentions":[],"symbols":[]},"favorited":false,"retweeted":false,"possibly_sensitive":false,"filter_level":"low","lang":"de","timestamp_ms":"1442015352809"}
