{"created_at":"Sat Sep 12 19:50:56 +0000 2015","id":642787496242356224,"id_str":"642787496242356224","text":"RT @LittleHorney: Nutzlose Geb\u00e4ude sollte man f\u00fcr Fl\u00fcchtlinge bereit stellen. \n\nMal den Chef fragen, wie das mit unseren B\u00fcror\u00e4umen aussieh\u2026","source":"\u003ca href=\"http:\/\/twitter.com\/download\/android\" rel=\"nofollow\"\u003eTwitter for Android\u003c\/a\u003e","truncated":false,"in_reply_to_status_id":null,"in_reply_to_status_id_str":null,"in_reply_to_user_id":null,"in_reply_to_user_id_str":null,"in_reply_to_screen_name":null,"user":{"id":392780213,"id_str":"392780213","name":"Thomas Stebler","screen_name":"0prozentnormal","location":"Switzerland","url":null,"description":"PC-Freak \/\/ Servicedesk Agent \/\/ Agnostizist \/\/ UWR4Life \/\/  tweets sind meine eigene Meinung.","protected":false,"verified":false,"followers_count":77,"friends_count":290,"listed_count":4,"favourites_count":1186,"statuses_count":3143,"created_at":"Mon Oct 17 15:20:29 +0000 2011","utc_offset":7200,"time_zone":"Rome","geo_enabled":true,"lang":"de","contributors_enabled":false,"is_translator":false,"profile_background_color":"000000","profile_background_image_url":"http:\/\/abs.twimg.com\/images\/themes\/theme9\/bg.gif","profile_background_image_url_https":"https:\/\/abs.twimg.com\/images\/themes\/theme9\/bg.gif","profile_background_tile":false,"profile_link_color":"4A913C","profile_sidebar_border_color":"000000","profile_sidebar_fill_color":"000000","profile_text_color":"000000","profile_use_background_image":false,"profile_image_url":"http:\/\/pbs.twimg.com\/profile_images\/491580742477287424\/d1fsKiNK_normal.jpeg","profile_image_url_https":"https:\/\/pbs.twimg.com\/profile_images\/491580742477287424\/d1fsKiNK_normal.jpeg","profile_banner_url":"https:\/\/pbs.twimg.com\/profile_banners\/392780213\/1420616763","default_profile":false,"default_profile_image":false,"following":null,"follow_request_sent":null,"notifications":null},"geo":null,"coordinates":null,"place":null,"contributors":null,"retweeted_status":{"created_at":"Wed Sep 09 12:31:17 +0000 2015","id":641589694522859520,"id_str":"641589694522859520","text":"Nutzlose Geb\u00e4ude sollte man f\u00fcr Fl\u00fcchtlinge bereit stellen. \n\nMal den Chef fragen, wie das mit unseren B\u00fcror\u00e4umen aussieht.","source":"\u003ca href=\"http:\/\/tapbots.com\/tweetbot\" rel=\"nofollow\"\u003eTweetbot for i\u039fS\u003c\/a\u003e","truncated":false,"in_reply_to_status_id":null,"in_reply_to_status_id_str":null,"in_reply_to_user_id":null,"in_reply_to_user_id_str":null,"in_reply_to_screen_name":null,"user":{"id":409566523,"id_str":"409566523","name":"Vanny_Bunny\u2122","screen_name":"LittleHorney","location":"Couchhausen\/Germany","url":"http:\/\/favstar.fm\/users\/LittleHorney","description":"kleine Raubkatze mit scharfer Zunge. Eindeutig Zweideutig... bin mal so, mal so","protected":false,"verified":false,"followers_count":10630,"friends_count":278,"listed_count":314,"favourites_count":125751,"statuses_count":47284,"created_at":"Thu Nov 10 22:48:27 +0000 2011","utc_offset":7200,"time_zone":"Berlin","geo_enabled":true,"lang":"de","contributors_enabled":false,"is_translator":false,"profile_background_color":"F5ABB5","profile_background_image_url":"http:\/\/pbs.twimg.com\/profile_background_images\/465147049063620608\/JVHXXiuO.jpeg","profile_background_image_url_https":"https:\/\/pbs.twimg.com\/profile_background_images\/465147049063620608\/JVHXXiuO.jpeg","profile_background_tile":true,"profile_link_color":"F5ABB5","profile_sidebar_border_color":"FFFFFF","profile_sidebar_fill_color":"F6F6F6","profile_text_color":"333333","profile_use_background_image":true,"profile_image_url":"http:\/\/pbs.twimg.com\/profile_images\/642772754102681600\/CGeQxYFA_normal.jpg","profile_image_url_https":"https:\/\/pbs.twimg.com\/profile_images\/642772754102681600\/CGeQxYFA_normal.jpg","profile_banner_url":"https:\/\/pbs.twimg.com\/profile_banners\/409566523\/1442079997","default_profile":false,"default_profile_image":false,"following":null,"follow_request_sent":null,"notifications":null},"geo":null,"coordinates":null,"place":null,"contributors":null,"retweet_count":16,"favorite_count":113,"entities":{"hashtags":[],"trends":[],"urls":[],"user_mentions":[],"symbols":[]},"favorited":false,"retweeted":false,"possibly_sensitive":false,"filter_level":"low","lang":"de"},"retweet_count":0,"favorite_count":0,"entities":{"hashtags":[],"trends":[],"urls":[],"user_mentions":[{"screen_name":"LittleHorney","name":"Vanny_Bunny\u2122","id":409566523,"id_str":"409566523","indices":[3,16]}],"symbols":[]},"favorited":false,"retweeted":false,"possibly_sensitive":false,"filter_level":"low","lang":"de","timestamp_ms":"1442087456175"}
