{"created_at":"Sat Sep 12 19:52:59 +0000 2015","id":642788011516796928,"id_str":"642788011516796928","text":"@faznet Erkl\u00e4r mir mal einer, warum ich in 30 Jahren keine Rente kriege, aber Milliarden f\u00fcr angebliche Fl\u00fcchtlinge da sind!","source":"\u003ca href=\"http:\/\/twitter.com\" rel=\"nofollow\"\u003eTwitter Web Client\u003c\/a\u003e","truncated":false,"in_reply_to_status_id":642723859746066433,"in_reply_to_status_id_str":"642723859746066433","in_reply_to_user_id":18047862,"in_reply_to_user_id_str":"18047862","in_reply_to_screen_name":"faznet","user":{"id":94994733,"id_str":"94994733","name":"Maximilian von Weihe","screen_name":"Wegschuesseln","location":"Lapland","url":"http:\/\/www3.transparencia.gov.br\/","description":"Deutsch | D\u00e4nisch | Reisen | Studierter | Indien | Kultur | Geschichte | gutes Essen | Fitness | Schwimmen | Bayern | FREIHEIT | Grundgesetz | NIEWIEDERKRIEG","protected":false,"verified":false,"followers_count":211,"friends_count":710,"listed_count":2,"favourites_count":482,"statuses_count":756,"created_at":"Sun Dec 06 13:02:41 +0000 2009","utc_offset":7200,"time_zone":"Madrid","geo_enabled":false,"lang":"en","contributors_enabled":false,"is_translator":false,"profile_background_color":"E8F8FB","profile_background_image_url":"http:\/\/pbs.twimg.com\/profile_background_images\/378800000090091510\/1d5224a601c9a11b731da2d6bf49fe1c.jpeg","profile_background_image_url_https":"https:\/\/pbs.twimg.com\/profile_background_images\/378800000090091510\/1d5224a601c9a11b731da2d6bf49fe1c.jpeg","profile_background_tile":true,"profile_link_color":"89C9FA","profile_sidebar_border_color":"FF9800","profile_sidebar_fill_color":"FFF200","profile_text_color":"FF385F","profile_use_background_image":true,"profile_image_url":"http:\/\/pbs.twimg.com\/profile_images\/640481347841183744\/UxiGUNlu_normal.jpg","profile_image_url_https":"https:\/\/pbs.twimg.com\/profile_images\/640481347841183744\/UxiGUNlu_normal.jpg","profile_banner_url":"https:\/\/pbs.twimg.com\/profile_banners\/94994733\/1442040947","default_profile":false,"default_profile_image":false,"following":null,"follow_request_sent":null,"notifications":null},"geo":null,"coordinates":null,"place":null,"contributors":null,"retweet_count":0,"favorite_count":0,"entities":{"hashtags":[],"trends":[],"urls":[],"user_mentions":[{"screen_name":"faznet","name":"FAZ.NET","id":18047862,"id_str":"18047862","indices":[0,7]}],"symbols":[]},"favorited":false,"retweeted":false,"possibly_sensitive":false,"filter_level":"low","lang":"de","timestamp_ms":"1442087579026"}
