{"created_at":"Thu Sep 10 20:29:24 +0000 2015","id":642072402290192384,"id_str":"642072402290192384","text":"RT @bilkayoeney: Seit dem 05.09. hat BaW\u00fc 4739 Fl\u00fcchtlinge aufgenommen. Allein heute insgesamt 858, davon 350 aus dem \"Deutschlandausgleich\u2026","source":"\u003ca href=\"http:\/\/twitter.com\" rel=\"nofollow\"\u003eTwitter Web Client\u003c\/a\u003e","truncated":false,"in_reply_to_status_id":null,"in_reply_to_status_id_str":null,"in_reply_to_user_id":null,"in_reply_to_user_id_str":null,"in_reply_to_screen_name":null,"user":{"id":184517401,"id_str":"184517401","name":"\u30c3","screen_name":"newborl","location":"\u00b7 \u00b7 Schuttgart\u00b7\u00b7  DE   \u00b7 \u00b7 \u00b7 ","url":null,"description":"Leute die Rassisten folgen oder Nazismus relativieren, ficken sich bitte ins Knie, aber folgen mir nicht, danke!","protected":false,"verified":false,"followers_count":581,"friends_count":554,"listed_count":74,"favourites_count":44752,"statuses_count":61945,"created_at":"Sun Aug 29 19:37:30 +0000 2010","utc_offset":7200,"time_zone":"Amsterdam","geo_enabled":true,"lang":"de","contributors_enabled":false,"is_translator":false,"profile_background_color":"C6E2EE","profile_background_image_url":"http:\/\/pbs.twimg.com\/profile_background_images\/616749606613962753\/baNChIuz.jpg","profile_background_image_url_https":"https:\/\/pbs.twimg.com\/profile_background_images\/616749606613962753\/baNChIuz.jpg","profile_background_tile":false,"profile_link_color":"4A913C","profile_sidebar_border_color":"FFFFFF","profile_sidebar_fill_color":"DAECF4","profile_text_color":"663B12","profile_use_background_image":true,"profile_image_url":"http:\/\/pbs.twimg.com\/profile_images\/635926237043642369\/a8vwTwyR_normal.jpg","profile_image_url_https":"https:\/\/pbs.twimg.com\/profile_images\/635926237043642369\/a8vwTwyR_normal.jpg","profile_banner_url":"https:\/\/pbs.twimg.com\/profile_banners\/184517401\/1441843733","default_profile":false,"default_profile_image":false,"following":null,"follow_request_sent":null,"notifications":null},"geo":null,"coordinates":null,"place":null,"contributors":null,"retweeted_status":{"created_at":"Wed Sep 09 19:13:16 +0000 2015","id":641690856769089536,"id_str":"641690856769089536","text":"Seit dem 05.09. hat BaW\u00fc 4739 Fl\u00fcchtlinge aufgenommen. Allein heute insgesamt 858, davon 350 aus dem \"Deutschlandausgleich\" (Bayern) #info","source":"\u003ca href=\"http:\/\/twitter.com\/download\/iphone\" rel=\"nofollow\"\u003eTwitter for iPhone\u003c\/a\u003e","truncated":false,"in_reply_to_status_id":null,"in_reply_to_status_id_str":null,"in_reply_to_user_id":null,"in_reply_to_user_id_str":null,"in_reply_to_screen_name":null,"user":{"id":303997496,"id_str":"303997496","name":"Bilkay \u00d6ney","screen_name":"bilkayoeney","location":"Stuttgart","url":null,"description":"Integrationsministerin in Baden-W\u00fcrttemberg (SPD) '... but I\u2019ve decided not to treat you as idiots.' (Slavoj Zizek)           *retweets nicht unbedingt Meinung","protected":false,"verified":true,"followers_count":2501,"friends_count":365,"listed_count":95,"favourites_count":5702,"statuses_count":3813,"created_at":"Mon May 23 19:20:02 +0000 2011","utc_offset":null,"time_zone":null,"geo_enabled":false,"lang":"de","contributors_enabled":false,"is_translator":false,"profile_background_color":"C0DEED","profile_background_image_url":"http:\/\/abs.twimg.com\/images\/themes\/theme1\/bg.png","profile_background_image_url_https":"https:\/\/abs.twimg.com\/images\/themes\/theme1\/bg.png","profile_background_tile":false,"profile_link_color":"0084B4","profile_sidebar_border_color":"C0DEED","profile_sidebar_fill_color":"DDEEF6","profile_text_color":"333333","profile_use_background_image":true,"profile_image_url":"http:\/\/pbs.twimg.com\/profile_images\/421298498189807617\/4BMdE8kV_normal.jpeg","profile_image_url_https":"https:\/\/pbs.twimg.com\/profile_images\/421298498189807617\/4BMdE8kV_normal.jpeg","profile_banner_url":"https:\/\/pbs.twimg.com\/profile_banners\/303997496\/1389046811","default_profile":true,"default_profile_image":false,"following":null,"follow_request_sent":null,"notifications":null},"geo":null,"coordinates":null,"place":null,"contributors":null,"retweet_count":8,"favorite_count":8,"entities":{"hashtags":[{"text":"info","indices":[133,138]}],"trends":[],"urls":[],"user_mentions":[],"symbols":[]},"favorited":false,"retweeted":false,"possibly_sensitive":false,"filter_level":"low","lang":"de"},"retweet_count":0,"favorite_count":0,"entities":{"hashtags":[{"text":"info","indices":[139,140]}],"trends":[],"urls":[],"user_mentions":[{"screen_name":"bilkayoeney","name":"Bilkay \u00d6ney","id":303997496,"id_str":"303997496","indices":[3,15]}],"symbols":[]},"favorited":false,"retweeted":false,"possibly_sensitive":false,"filter_level":"low","lang":"de","timestamp_ms":"1441916964491"}
