{"created_at":"Thu Sep 10 20:22:55 +0000 2015","id":642070771632877569,"id_str":"642070771632877569","text":"Ist doch gut, wenn man was zu tun hat :-)\nSchaulust an der Autobahn hat auch was\n#Fluechtlingskrise #Fluechtlinge  https:\/\/t.co\/MBhwhLrCFV","source":"\u003ca href=\"http:\/\/twitter.com\" rel=\"nofollow\"\u003eTwitter Web Client\u003c\/a\u003e","truncated":false,"in_reply_to_status_id":null,"in_reply_to_status_id_str":null,"in_reply_to_user_id":null,"in_reply_to_user_id_str":null,"in_reply_to_screen_name":null,"user":{"id":3096791550,"id_str":"3096791550","name":"Oliver","screen_name":"OliZeit","location":"","url":null,"description":null,"protected":false,"verified":false,"followers_count":18,"friends_count":24,"listed_count":0,"favourites_count":101,"statuses_count":1086,"created_at":"Thu Mar 19 00:09:01 +0000 2015","utc_offset":null,"time_zone":null,"geo_enabled":false,"lang":"de","contributors_enabled":false,"is_translator":false,"profile_background_color":"000000","profile_background_image_url":"http:\/\/abs.twimg.com\/images\/themes\/theme1\/bg.png","profile_background_image_url_https":"https:\/\/abs.twimg.com\/images\/themes\/theme1\/bg.png","profile_background_tile":false,"profile_link_color":"0084B4","profile_sidebar_border_color":"000000","profile_sidebar_fill_color":"000000","profile_text_color":"000000","profile_use_background_image":false,"profile_image_url":"http:\/\/pbs.twimg.com\/profile_images\/578358341900070912\/FMJVy9Nk_normal.jpeg","profile_image_url_https":"https:\/\/pbs.twimg.com\/profile_images\/578358341900070912\/FMJVy9Nk_normal.jpeg","profile_banner_url":"https:\/\/pbs.twimg.com\/profile_banners\/3096791550\/1426726323","default_profile":false,"default_profile_image":false,"following":null,"follow_request_sent":null,"notifications":null},"geo":null,"coordinates":null,"place":null,"contributors":null,"quoted_status_id":642064042509647872,"quoted_status_id_str":"642064042509647872","quoted_status":{"created_at":"Thu Sep 10 19:56:11 +0000 2015","id":642064042509647872,"id_str":"642064042509647872","text":"#Fl\u00fcchtlinge um 5 Uhr Fr\u00fch waren wir am Ostbahnhof und filmten einen Fl\u00fcchtlingstransport von Graz nach Frankfurt.\nhttps:\/\/t.co\/FXlNK6GNja","source":"\u003ca href=\"http:\/\/twitter.com\" rel=\"nofollow\"\u003eTwitter Web Client\u003c\/a\u003e","truncated":false,"in_reply_to_status_id":null,"in_reply_to_status_id_str":null,"in_reply_to_user_id":null,"in_reply_to_user_id_str":null,"in_reply_to_screen_name":null,"user":{"id":47867989,"id_str":"47867989","name":"Claudio Schiesl","screen_name":"Fadm_Sivic","location":"Graz","url":"http:\/\/sivics.blogspot.com\/","description":"Dr. Strangelove nothing else!","protected":false,"verified":false,"followers_count":22,"friends_count":72,"listed_count":1,"favourites_count":40,"statuses_count":231,"created_at":"Wed Jun 17 05:32:27 +0000 2009","utc_offset":7200,"time_zone":"Vienna","geo_enabled":false,"lang":"de","contributors_enabled":false,"is_translator":false,"profile_background_color":"C0DEED","profile_background_image_url":"http:\/\/abs.twimg.com\/images\/themes\/theme1\/bg.png","profile_background_image_url_https":"https:\/\/abs.twimg.com\/images\/themes\/theme1\/bg.png","profile_background_tile":false,"profile_link_color":"0084B4","profile_sidebar_border_color":"C0DEED","profile_sidebar_fill_color":"DDEEF6","profile_text_color":"333333","profile_use_background_image":true,"profile_image_url":"http:\/\/pbs.twimg.com\/profile_images\/500046004423360513\/vkbQiCQm_normal.jpeg","profile_image_url_https":"https:\/\/pbs.twimg.com\/profile_images\/500046004423360513\/vkbQiCQm_normal.jpeg","profile_banner_url":"https:\/\/pbs.twimg.com\/profile_banners\/47867989\/1403353633","default_profile":true,"default_profile_image":false,"following":null,"follow_request_sent":null,"notifications":null},"geo":null,"coordinates":null,"place":null,"contributors":null,"retweet_count":0,"favorite_count":0,"entities":{"hashtags":[{"text":"Fl\u00fcchtlinge","indices":[0,12]}],"trends":[],"urls":[{"url":"https:\/\/t.co\/FXlNK6GNja","expanded_url":"https:\/\/www.youtube.com\/watch?v=bMO6pJiqo6A","display_url":"youtube.com\/watch?v=bMO6pJ\u2026","indices":[115,138]}],"user_mentions":[],"symbols":[]},"favorited":false,"retweeted":false,"possibly_sensitive":false,"filter_level":"low","lang":"de"},"retweet_count":0,"favorite_count":0,"entities":{"hashtags":[{"text":"Fluechtlingskrise","indices":[81,99]},{"text":"Fluechtlinge","indices":[100,113]}],"trends":[],"urls":[{"url":"https:\/\/t.co\/MBhwhLrCFV","expanded_url":"https:\/\/twitter.com\/Fadm_Sivic\/status\/642064042509647872","display_url":"twitter.com\/Fadm_Sivic\/sta\u2026","indices":[115,138]}],"user_mentions":[],"symbols":[]},"favorited":false,"retweeted":false,"possibly_sensitive":false,"filter_level":"low","lang":"de","timestamp_ms":"1441916575712"}
