{"created_at":"Sat Sep 12 00:05:02 +0000 2015","id":642489054492233728,"id_str":"642489054492233728","text":"RT @stadtdortmund: R\u00fccksprache mit Einsatzleitung: Regel-ICE mit mehreren Zwischenstopps. Ankommende Fl\u00fcchtlinge gehen in die EAE Hacheney,\u2026","source":"\u003ca href=\"http:\/\/twitter.com\/download\/android\" rel=\"nofollow\"\u003eTwitter for Android\u003c\/a\u003e","truncated":false,"in_reply_to_status_id":null,"in_reply_to_status_id_str":null,"in_reply_to_user_id":null,"in_reply_to_user_id_str":null,"in_reply_to_screen_name":null,"user":{"id":609414939,"id_str":"609414939","name":"Jacqueline Kittychen","screen_name":"JKittychen","location":"Innenstadt-Nord, Dortmund","url":null,"description":null,"protected":false,"verified":false,"followers_count":0,"friends_count":6,"listed_count":0,"favourites_count":4,"statuses_count":9,"created_at":"Fri Jun 15 18:37:26 +0000 2012","utc_offset":null,"time_zone":null,"geo_enabled":false,"lang":"de","contributors_enabled":false,"is_translator":false,"profile_background_color":"C0DEED","profile_background_image_url":"http:\/\/abs.twimg.com\/images\/themes\/theme1\/bg.png","profile_background_image_url_https":"https:\/\/abs.twimg.com\/images\/themes\/theme1\/bg.png","profile_background_tile":false,"profile_link_color":"0084B4","profile_sidebar_border_color":"C0DEED","profile_sidebar_fill_color":"DDEEF6","profile_text_color":"333333","profile_use_background_image":true,"profile_image_url":"http:\/\/pbs.twimg.com\/profile_images\/642378477157646336\/ka7Nkx2K_normal.jpg","profile_image_url_https":"https:\/\/pbs.twimg.com\/profile_images\/642378477157646336\/ka7Nkx2K_normal.jpg","profile_banner_url":"https:\/\/pbs.twimg.com\/profile_banners\/609414939\/1441989937","default_profile":true,"default_profile_image":false,"following":null,"follow_request_sent":null,"notifications":null},"geo":null,"coordinates":null,"place":null,"contributors":null,"retweeted_status":{"created_at":"Fri Sep 11 23:19:26 +0000 2015","id":642477578868101120,"id_str":"642477578868101120","text":"R\u00fccksprache mit Einsatzleitung: Regel-ICE mit mehreren Zwischenstopps. Ankommende Fl\u00fcchtlinge gehen in die EAE Hacheney, nicht ins DKH&lt;SoeS&gt;","source":"\u003ca href=\"http:\/\/twitter.com\/download\/iphone\" rel=\"nofollow\"\u003eTwitter for iPhone\u003c\/a\u003e","truncated":false,"in_reply_to_status_id":642473184772681728,"in_reply_to_status_id_str":"642473184772681728","in_reply_to_user_id":28532955,"in_reply_to_user_id_str":"28532955","in_reply_to_screen_name":"stadtdortmund","user":{"id":28532955,"id_str":"28532955","name":"Stadt Dortmund","screen_name":"stadtdortmund","location":"Dortmund","url":"http:\/\/www.dortmund.de","description":"Hier twittert die Stadt Dortmund, vertreten durch Pressestelle und Dortmund-Agentur. Support: #Do\u00dcberrascht Impressum: http:\/\/bit.ly\/1Dh1BYc","protected":false,"verified":true,"followers_count":18384,"friends_count":414,"listed_count":157,"favourites_count":2280,"statuses_count":5463,"created_at":"Fri Apr 03 09:33:07 +0000 2009","utc_offset":7200,"time_zone":"Bern","geo_enabled":true,"lang":"de","contributors_enabled":false,"is_translator":false,"profile_background_color":"E8E8E8","profile_background_image_url":"http:\/\/pbs.twimg.com\/profile_background_images\/778215876\/2fc4eb2609e2688ef33dec3f38cfa140.jpeg","profile_background_image_url_https":"https:\/\/pbs.twimg.com\/profile_background_images\/778215876\/2fc4eb2609e2688ef33dec3f38cfa140.jpeg","profile_background_tile":false,"profile_link_color":"C24B3B","profile_sidebar_border_color":"FFFFFF","profile_sidebar_fill_color":"DDEEF6","profile_text_color":"333333","profile_use_background_image":true,"profile_image_url":"http:\/\/pbs.twimg.com\/profile_images\/636234356772745218\/EG4CgxzW_normal.png","profile_image_url_https":"https:\/\/pbs.twimg.com\/profile_images\/636234356772745218\/EG4CgxzW_normal.png","profile_banner_url":"https:\/\/pbs.twimg.com\/profile_banners\/28532955\/1398248268","default_profile":false,"default_profile_image":false,"following":null,"follow_request_sent":null,"notifications":null},"geo":null,"coordinates":null,"place":null,"contributors":null,"retweet_count":4,"favorite_count":0,"entities":{"hashtags":[],"trends":[],"urls":[],"user_mentions":[],"symbols":[]},"favorited":false,"retweeted":false,"possibly_sensitive":false,"filter_level":"low","lang":"de"},"retweet_count":0,"favorite_count":0,"entities":{"hashtags":[],"trends":[],"urls":[],"user_mentions":[{"screen_name":"stadtdortmund","name":"Stadt Dortmund","id":28532955,"id_str":"28532955","indices":[3,17]}],"symbols":[]},"favorited":false,"retweeted":false,"possibly_sensitive":false,"filter_level":"low","lang":"de","timestamp_ms":"1442016302117"}
