{"created_at":"Fri Sep 11 23:46:05 +0000 2015","id":642484287527370752,"id_str":"642484287527370752","text":"RT @FRonline: Kolumbiens Pr\u00e4sident #Santos: \"#Venezuela zerst\u00f6rt sich selbst\" http:\/\/t.co\/ugnnIQa1dT","source":"\u003ca href=\"http:\/\/twitter.com\/#!\/download\/ipad\" rel=\"nofollow\"\u003eTwitter for iPad\u003c\/a\u003e","truncated":false,"in_reply_to_status_id":null,"in_reply_to_status_id_str":null,"in_reply_to_user_id":null,"in_reply_to_user_id_str":null,"in_reply_to_screen_name":null,"user":{"id":253780440,"id_str":"253780440","name":"Caro M.","screen_name":"carolus2009","location":"","url":null,"description":null,"protected":false,"verified":false,"followers_count":70,"friends_count":200,"listed_count":9,"favourites_count":130,"statuses_count":1142,"created_at":"Thu Feb 17 23:27:10 +0000 2011","utc_offset":10800,"time_zone":"Athens","geo_enabled":false,"lang":"de","contributors_enabled":false,"is_translator":false,"profile_background_color":"C6E2EE","profile_background_image_url":"http:\/\/abs.twimg.com\/images\/themes\/theme2\/bg.gif","profile_background_image_url_https":"https:\/\/abs.twimg.com\/images\/themes\/theme2\/bg.gif","profile_background_tile":false,"profile_link_color":"1F98C7","profile_sidebar_border_color":"FFFFFF","profile_sidebar_fill_color":"DAECF4","profile_text_color":"663B12","profile_use_background_image":true,"profile_image_url":"http:\/\/pbs.twimg.com\/profile_images\/1255120230\/eva1_normal.jpg","profile_image_url_https":"https:\/\/pbs.twimg.com\/profile_images\/1255120230\/eva1_normal.jpg","profile_banner_url":"https:\/\/pbs.twimg.com\/profile_banners\/253780440\/1353596986","default_profile":false,"default_profile_image":false,"following":null,"follow_request_sent":null,"notifications":null},"geo":null,"coordinates":null,"place":null,"contributors":null,"retweeted_status":{"created_at":"Fri Sep 11 20:58:15 +0000 2015","id":642442050395353088,"id_str":"642442050395353088","text":"Kolumbiens Pr\u00e4sident #Santos: \"#Venezuela zerst\u00f6rt sich selbst\" http:\/\/t.co\/ugnnIQa1dT","source":"\u003ca href=\"https:\/\/about.twitter.com\/products\/tweetdeck\" rel=\"nofollow\"\u003eTweetDeck\u003c\/a\u003e","truncated":false,"in_reply_to_status_id":null,"in_reply_to_status_id_str":null,"in_reply_to_user_id":null,"in_reply_to_user_id_str":null,"in_reply_to_screen_name":null,"user":{"id":17835938,"id_str":"17835938","name":"FrankfurterRundschau","screen_name":"FRonline","location":"Frankfurt, Hessen","url":"http:\/\/www.fr-online.de\/","description":"Hier twittern Redakteure der Digitalen Redaktion der Frankfurter Rundschau. | Rhein-Main: @FRlokal | Sport: @FR_sport | Impressum: http:\/\/ow.ly\/c28wr","protected":false,"verified":true,"followers_count":70753,"friends_count":294,"listed_count":1356,"favourites_count":692,"statuses_count":38043,"created_at":"Wed Dec 03 13:26:40 +0000 2008","utc_offset":7200,"time_zone":"Berlin","geo_enabled":true,"lang":"de","contributors_enabled":false,"is_translator":false,"profile_background_color":"E6E6E6","profile_background_image_url":"http:\/\/pbs.twimg.com\/profile_background_images\/83860290\/depot3.jpg","profile_background_image_url_https":"https:\/\/pbs.twimg.com\/profile_background_images\/83860290\/depot3.jpg","profile_background_tile":false,"profile_link_color":"05744A","profile_sidebar_border_color":"FFFFFF","profile_sidebar_fill_color":"BFE5D6","profile_text_color":"333333","profile_use_background_image":false,"profile_image_url":"http:\/\/pbs.twimg.com\/profile_images\/378800000730199993\/4cc42b7be5291c568b05b651a903d3d3_normal.jpeg","profile_image_url_https":"https:\/\/pbs.twimg.com\/profile_images\/378800000730199993\/4cc42b7be5291c568b05b651a903d3d3_normal.jpeg","profile_banner_url":"https:\/\/pbs.twimg.com\/profile_banners\/17835938\/1398232981","default_profile":false,"default_profile_image":false,"following":null,"follow_request_sent":null,"notifications":null},"geo":null,"coordinates":null,"place":null,"contributors":null,"retweet_count":2,"favorite_count":0,"entities":{"hashtags":[{"text":"Santos","indices":[21,28]},{"text":"Venezuela","indices":[31,41]}],"trends":[],"urls":[{"url":"http:\/\/t.co\/ugnnIQa1dT","expanded_url":"http:\/\/www.fr-online.de\/politik\/suedamerika---santos--venezuela-zerstoert-sich-selbst---,1472596,31786264.html","display_url":"fr-online.de\/politik\/suedam\u2026","indices":[64,86]}],"user_mentions":[],"symbols":[]},"favorited":false,"retweeted":false,"possibly_sensitive":false,"filter_level":"low","lang":"de"},"retweet_count":0,"favorite_count":0,"entities":{"hashtags":[{"text":"Santos","indices":[35,42]},{"text":"Venezuela","indices":[45,55]}],"trends":[],"urls":[{"url":"http:\/\/t.co\/ugnnIQa1dT","expanded_url":"http:\/\/www.fr-online.de\/politik\/suedamerika---santos--venezuela-zerstoert-sich-selbst---,1472596,31786264.html","display_url":"fr-online.de\/politik\/suedam\u2026","indices":[78,100]}],"user_mentions":[{"screen_name":"FRonline","name":"FrankfurterRundschau","id":17835938,"id_str":"17835938","indices":[3,12]}],"symbols":[]},"favorited":false,"retweeted":false,"possibly_sensitive":false,"filter_level":"low","lang":"de","timestamp_ms":"1442015165584"}
