{"created_at":"Fri Sep 11 23:48:08 +0000 2015","id":642484804513071104,"id_str":"642484804513071104","text":"@Flipsiy Tja, interessant schon... aber ansonsten werde ich die Politik in der T\u00fcrkei noch weniger verstehen als die in Deutschland","source":"\u003ca href=\"http:\/\/twitter.com\/download\/android\" rel=\"nofollow\"\u003eTwitter for Android\u003c\/a\u003e","truncated":false,"in_reply_to_status_id":642482966015410176,"in_reply_to_status_id_str":"642482966015410176","in_reply_to_user_id":1577485416,"in_reply_to_user_id_str":"1577485416","in_reply_to_screen_name":"Flipsiy","user":{"id":418088115,"id_str":"418088115","name":"Paul","screen_name":"PaulTomasPeter","location":"NRW und in der Welt zu Hause","url":null,"description":"Die Neugier ist f\u00fcr mich der Sinn des Lebens.","protected":false,"verified":false,"followers_count":1316,"friends_count":948,"listed_count":63,"favourites_count":446826,"statuses_count":15059,"created_at":"Mon Nov 21 18:55:27 +0000 2011","utc_offset":7200,"time_zone":"Berlin","geo_enabled":false,"lang":"de","contributors_enabled":false,"is_translator":false,"profile_background_color":"C0DEED","profile_background_image_url":"http:\/\/abs.twimg.com\/images\/themes\/theme1\/bg.png","profile_background_image_url_https":"https:\/\/abs.twimg.com\/images\/themes\/theme1\/bg.png","profile_background_tile":false,"profile_link_color":"0084B4","profile_sidebar_border_color":"C0DEED","profile_sidebar_fill_color":"DDEEF6","profile_text_color":"333333","profile_use_background_image":true,"profile_image_url":"http:\/\/pbs.twimg.com\/profile_images\/378800000770186829\/1b7ead24c31ecd49d1d2b4216a40b3ec_normal.jpeg","profile_image_url_https":"https:\/\/pbs.twimg.com\/profile_images\/378800000770186829\/1b7ead24c31ecd49d1d2b4216a40b3ec_normal.jpeg","profile_banner_url":"https:\/\/pbs.twimg.com\/profile_banners\/418088115\/1382911850","default_profile":true,"default_profile_image":false,"following":null,"follow_request_sent":null,"notifications":null},"geo":null,"coordinates":null,"place":null,"contributors":null,"retweet_count":0,"favorite_count":0,"entities":{"hashtags":[],"trends":[],"urls":[],"user_mentions":[{"screen_name":"Flipsiy","name":"Alltagsprisma","id":1577485416,"id_str":"1577485416","indices":[0,8]}],"symbols":[]},"favorited":false,"retweeted":false,"possibly_sensitive":false,"filter_level":"low","lang":"de","timestamp_ms":"1442015288843"}
