{"created_at":"Thu Sep 10 20:29:03 +0000 2015","id":642072313609986048,"id_str":"642072313609986048","text":"USA nehmen 10.000 Fl\u00fcchtlinge auf http:\/\/t.co\/TTvmKtY4Le via @WEBDEMagazine","source":"\u003ca href=\"http:\/\/twitter.com\" rel=\"nofollow\"\u003eTwitter Web Client\u003c\/a\u003e","truncated":false,"in_reply_to_status_id":null,"in_reply_to_status_id_str":null,"in_reply_to_user_id":null,"in_reply_to_user_id_str":null,"in_reply_to_screen_name":null,"user":{"id":2893887310,"id_str":"2893887310","name":"Andreas Leu","screen_name":"andreasleu1","location":"25451 Quickborn","url":"http:\/\/andreasleu.de.to","description":"seit 1970 Gladbach-FAN und ein Trekkie!!!!","protected":false,"verified":false,"followers_count":133,"friends_count":325,"listed_count":5,"favourites_count":2831,"statuses_count":1424,"created_at":"Wed Nov 26 20:52:03 +0000 2014","utc_offset":null,"time_zone":null,"geo_enabled":true,"lang":"de","contributors_enabled":false,"is_translator":false,"profile_background_color":"131516","profile_background_image_url":"http:\/\/pbs.twimg.com\/profile_background_images\/540596428687409152\/ybIgafM8.jpeg","profile_background_image_url_https":"https:\/\/pbs.twimg.com\/profile_background_images\/540596428687409152\/ybIgafM8.jpeg","profile_background_tile":false,"profile_link_color":"4A913C","profile_sidebar_border_color":"EEEEEE","profile_sidebar_fill_color":"EFEFEF","profile_text_color":"333333","profile_use_background_image":true,"profile_image_url":"http:\/\/pbs.twimg.com\/profile_images\/537712865080119296\/VwcGqcTq_normal.jpeg","profile_image_url_https":"https:\/\/pbs.twimg.com\/profile_images\/537712865080119296\/VwcGqcTq_normal.jpeg","profile_banner_url":"https:\/\/pbs.twimg.com\/profile_banners\/2893887310\/1417724468","default_profile":false,"default_profile_image":false,"following":null,"follow_request_sent":null,"notifications":null},"geo":null,"coordinates":null,"place":null,"contributors":null,"retweet_count":0,"favorite_count":0,"entities":{"hashtags":[],"trends":[],"urls":[{"url":"http:\/\/t.co\/TTvmKtY4Le","expanded_url":"http:\/\/web.de\/magazine\/politik\/fluechtlingskrise-in-europa\/fluechtlingskrise-usa-kommenden-jahr-10-000-syrer-30909368","display_url":"web.de\/magazine\/polit\u2026","indices":[34,56]}],"user_mentions":[{"screen_name":"WEBDEMagazine","name":"WEB.DE Magazine","id":68724671,"id_str":"68724671","indices":[61,75]}],"symbols":[]},"favorited":false,"retweeted":false,"possibly_sensitive":false,"filter_level":"low","lang":"de","timestamp_ms":"1441916943348"}
