{"created_at":"Thu Sep 10 20:20:44 +0000 2015","id":642070222648832000,"id_str":"642070222648832000","text":"RT @szonline: #Heidenau: Fl\u00fcchtlinge protestieren gegen die Zust\u00e4nde in der Unterkunft http:\/\/t.co\/vgAqMauKjN http:\/\/t.co\/Nds2HpygXZ","source":"\u003ca href=\"http:\/\/twitter.com\/download\/iphone\" rel=\"nofollow\"\u003eTwitter for iPhone\u003c\/a\u003e","truncated":false,"in_reply_to_status_id":null,"in_reply_to_status_id_str":null,"in_reply_to_user_id":null,"in_reply_to_user_id_str":null,"in_reply_to_screen_name":null,"user":{"id":2985486263,"id_str":"2985486263","name":"Buntes Dresden","screen_name":"BuntesDresden","location":"Dresden","url":"http:\/\/goo.gl\/WA4Czb","description":"B\u00fcndnis f\u00fcr ein offenes Dresden \u00bb Es twittern \u00b0hg und \u00b0bsm. \u00bb Impressum: http:\/\/www.dresden-place-to-be.de\/","protected":false,"verified":false,"followers_count":1874,"friends_count":390,"listed_count":61,"favourites_count":2557,"statuses_count":3928,"created_at":"Mon Jan 19 10:03:51 +0000 2015","utc_offset":7200,"time_zone":"Berlin","geo_enabled":true,"lang":"de","contributors_enabled":false,"is_translator":false,"profile_background_color":"000000","profile_background_image_url":"http:\/\/abs.twimg.com\/images\/themes\/theme1\/bg.png","profile_background_image_url_https":"https:\/\/abs.twimg.com\/images\/themes\/theme1\/bg.png","profile_background_tile":false,"profile_link_color":"3B94D9","profile_sidebar_border_color":"000000","profile_sidebar_fill_color":"000000","profile_text_color":"000000","profile_use_background_image":false,"profile_image_url":"http:\/\/pbs.twimg.com\/profile_images\/581719176924000256\/onBZ4Ty5_normal.png","profile_image_url_https":"https:\/\/pbs.twimg.com\/profile_images\/581719176924000256\/onBZ4Ty5_normal.png","profile_banner_url":"https:\/\/pbs.twimg.com\/profile_banners\/2985486263\/1427701550","default_profile":false,"default_profile_image":false,"following":null,"follow_request_sent":null,"notifications":null},"geo":null,"coordinates":null,"place":null,"contributors":null,"retweeted_status":{"created_at":"Thu Sep 10 18:31:03 +0000 2015","id":642042619351068672,"id_str":"642042619351068672","text":"#Heidenau: Fl\u00fcchtlinge protestieren gegen die Zust\u00e4nde in der Unterkunft http:\/\/t.co\/vgAqMauKjN http:\/\/t.co\/Nds2HpygXZ","source":"\u003ca href=\"https:\/\/about.twitter.com\/products\/tweetdeck\" rel=\"nofollow\"\u003eTweetDeck\u003c\/a\u003e","truncated":false,"in_reply_to_status_id":null,"in_reply_to_status_id_str":null,"in_reply_to_user_id":null,"in_reply_to_user_id_str":null,"in_reply_to_screen_name":null,"user":{"id":22401662,"id_str":"22401662","name":"sz-online.de","screen_name":"szonline","location":"\u00dcT: 51.056958,13.723433","url":"http:\/\/sz-online.de","description":"Hier twittert die Onlineredaktion der S\u00e4chsischen Zeitung aktuelle News aus Dresden und Sachsen. \r\nImpressum: http:\/\/szlink.de\/impressum","protected":false,"verified":true,"followers_count":9153,"friends_count":174,"listed_count":338,"favourites_count":403,"statuses_count":39511,"created_at":"Sun Mar 01 20:20:40 +0000 2009","utc_offset":7200,"time_zone":"Berlin","geo_enabled":false,"lang":"de","contributors_enabled":false,"is_translator":false,"profile_background_color":"CDCDCD","profile_background_image_url":"http:\/\/pbs.twimg.com\/profile_background_images\/764452028\/e8c0aea6e5ed3ca31e3b82381369d270.jpeg","profile_background_image_url_https":"https:\/\/pbs.twimg.com\/profile_background_images\/764452028\/e8c0aea6e5ed3ca31e3b82381369d270.jpeg","profile_background_tile":false,"profile_link_color":"005825","profile_sidebar_border_color":"FFFFFF","profile_sidebar_fill_color":"E3E2DE","profile_text_color":"636363","profile_use_background_image":true,"profile_image_url":"http:\/\/pbs.twimg.com\/profile_images\/3111809477\/313441c0153c08a84b5f64ba5ce9edfd_normal.png","profile_image_url_https":"https:\/\/pbs.twimg.com\/profile_images\/3111809477\/313441c0153c08a84b5f64ba5ce9edfd_normal.png","profile_banner_url":"https:\/\/pbs.twimg.com\/profile_banners\/22401662\/1352465845","default_profile":false,"default_profile_image":false,"following":null,"follow_request_sent":null,"notifications":null},"geo":null,"coordinates":null,"place":null,"contributors":null,"retweet_count":32,"favorite_count":4,"entities":{"hashtags":[{"text":"Heidenau","indices":[0,9]}],"trends":[],"urls":[{"url":"http:\/\/t.co\/vgAqMauKjN","expanded_url":"http:\/\/bit.ly\/1J07mWT","display_url":"bit.ly\/1J07mWT","indices":[73,95]}],"user_mentions":[],"symbols":[],"media":[{"id":641993426288910336,"id_str":"641993426288910336","indices":[96,118],"media_url":"http:\/\/pbs.twimg.com\/media\/COjRnqoWIAAMQuo.jpg","media_url_https":"https:\/\/pbs.twimg.com\/media\/COjRnqoWIAAMQuo.jpg","url":"http:\/\/t.co\/Nds2HpygXZ","display_url":"pic.twitter.com\/Nds2HpygXZ","expanded_url":"http:\/\/twitter.com\/szonline\/status\/642042619351068672\/photo\/1","type":"photo","sizes":{"small":{"w":340,"h":255,"resize":"fit"},"medium":{"w":600,"h":450,"resize":"fit"},"thumb":{"w":150,"h":150,"resize":"crop"},"large":{"w":950,"h":713,"resize":"fit"}}}]},"extended_entities":{"media":[{"id":641993426288910336,"id_str":"641993426288910336","indices":[96,118],"media_url":"http:\/\/pbs.twimg.com\/media\/COjRnqoWIAAMQuo.jpg","media_url_https":"https:\/\/pbs.twimg.com\/media\/COjRnqoWIAAMQuo.jpg","url":"http:\/\/t.co\/Nds2HpygXZ","display_url":"pic.twitter.com\/Nds2HpygXZ","expanded_url":"http:\/\/twitter.com\/szonline\/status\/642042619351068672\/photo\/1","type":"photo","sizes":{"small":{"w":340,"h":255,"resize":"fit"},"medium":{"w":600,"h":450,"resize":"fit"},"thumb":{"w":150,"h":150,"resize":"crop"},"large":{"w":950,"h":713,"resize":"fit"}}}]},"favorited":false,"retweeted":false,"possibly_sensitive":false,"filter_level":"low","lang":"de"},"retweet_count":0,"favorite_count":0,"entities":{"hashtags":[{"text":"Heidenau","indices":[14,23]}],"trends":[],"urls":[{"url":"http:\/\/t.co\/vgAqMauKjN","expanded_url":"http:\/\/bit.ly\/1J07mWT","display_url":"bit.ly\/1J07mWT","indices":[87,109]}],"user_mentions":[{"screen_name":"szonline","name":"sz-online.de","id":22401662,"id_str":"22401662","indices":[3,12]}],"symbols":[],"media":[{"id":641993426288910336,"id_str":"641993426288910336","indices":[110,132],"media_url":"http:\/\/pbs.twimg.com\/media\/COjRnqoWIAAMQuo.jpg","media_url_https":"https:\/\/pbs.twimg.com\/media\/COjRnqoWIAAMQuo.jpg","url":"http:\/\/t.co\/Nds2HpygXZ","display_url":"pic.twitter.com\/Nds2HpygXZ","expanded_url":"http:\/\/twitter.com\/szonline\/status\/642042619351068672\/photo\/1","type":"photo","sizes":{"small":{"w":340,"h":255,"resize":"fit"},"medium":{"w":600,"h":450,"resize":"fit"},"thumb":{"w":150,"h":150,"resize":"crop"},"large":{"w":950,"h":713,"resize":"fit"}},"source_status_id":642042619351068672,"source_status_id_str":"642042619351068672"}]},"extended_entities":{"media":[{"id":641993426288910336,"id_str":"641993426288910336","indices":[110,132],"media_url":"http:\/\/pbs.twimg.com\/media\/COjRnqoWIAAMQuo.jpg","media_url_https":"https:\/\/pbs.twimg.com\/media\/COjRnqoWIAAMQuo.jpg","url":"http:\/\/t.co\/Nds2HpygXZ","display_url":"pic.twitter.com\/Nds2HpygXZ","expanded_url":"http:\/\/twitter.com\/szonline\/status\/642042619351068672\/photo\/1","type":"photo","sizes":{"small":{"w":340,"h":255,"resize":"fit"},"medium":{"w":600,"h":450,"resize":"fit"},"thumb":{"w":150,"h":150,"resize":"crop"},"large":{"w":950,"h":713,"resize":"fit"}},"source_status_id":642042619351068672,"source_status_id_str":"642042619351068672"}]},"favorited":false,"retweeted":false,"possibly_sensitive":false,"filter_level":"low","lang":"de","timestamp_ms":"1441916444824"}
