{"created_at":"Thu Sep 10 20:21:52 +0000 2015","id":642070506347327489,"id_str":"642070506347327489","text":"ooch, wenn er jetzt nicht gewinnt, wie soll er dann die Bedingungen nachverhandeln, betteln und uns betr\u00fcgen?   http:\/\/t.co\/SAInrj6Bz2","source":"\u003ca href=\"http:\/\/twitter.com\" rel=\"nofollow\"\u003eTwitter Web Client\u003c\/a\u003e","truncated":false,"in_reply_to_status_id":null,"in_reply_to_status_id_str":null,"in_reply_to_user_id":null,"in_reply_to_user_id_str":null,"in_reply_to_screen_name":null,"user":{"id":3345924561,"id_str":"3345924561","name":"HonigumdenBart","screen_name":"HonigumdenBart","location":"","url":null,"description":"Wutb\u00fcrger, Steuerzahler, Pessimist, Ironist und Sarkasmatiker","protected":false,"verified":false,"followers_count":27,"friends_count":53,"listed_count":2,"favourites_count":238,"statuses_count":2445,"created_at":"Thu Jun 25 21:16:06 +0000 2015","utc_offset":7200,"time_zone":"Berlin","geo_enabled":false,"lang":"de","contributors_enabled":false,"is_translator":false,"profile_background_color":"000000","profile_background_image_url":"http:\/\/abs.twimg.com\/images\/themes\/theme1\/bg.png","profile_background_image_url_https":"https:\/\/abs.twimg.com\/images\/themes\/theme1\/bg.png","profile_background_tile":false,"profile_link_color":"89C9FA","profile_sidebar_border_color":"000000","profile_sidebar_fill_color":"000000","profile_text_color":"000000","profile_use_background_image":false,"profile_image_url":"http:\/\/pbs.twimg.com\/profile_images\/614893472408014848\/uFHK9dKx_normal.jpg","profile_image_url_https":"https:\/\/pbs.twimg.com\/profile_images\/614893472408014848\/uFHK9dKx_normal.jpg","profile_banner_url":"https:\/\/pbs.twimg.com\/profile_banners\/3345924561\/1435436905","default_profile":false,"default_profile_image":false,"following":null,"follow_request_sent":null,"notifications":null},"geo":null,"coordinates":null,"place":null,"contributors":null,"retweet_count":0,"favorite_count":0,"entities":{"hashtags":[],"trends":[],"urls":[{"url":"http:\/\/t.co\/SAInrj6Bz2","expanded_url":"http:\/\/www.bild.de\/politik\/ausland\/alexis-tsipras\/tsipras-macht-varoufakis-zum-suendenbock-42521274.bild.html","display_url":"bild.de\/politik\/auslan\u2026","indices":[112,134]}],"user_mentions":[],"symbols":[]},"favorited":false,"retweeted":false,"possibly_sensitive":false,"filter_level":"low","lang":"de","timestamp_ms":"1441916512463"}
