{"created_at":"Thu Sep 10 20:27:30 +0000 2015","id":642071925892714496,"id_str":"642071925892714496","text":"RT @BestOfPispers: Sie bekommen in diesem Land niemals eine Mehrheit auf eine Politik, von der 80% der Menschen profitieren w\u00fcrden [...] ht\u2026","source":"\u003ca href=\"https:\/\/about.twitter.com\/products\/tweetdeck\" rel=\"nofollow\"\u003eTweetDeck\u003c\/a\u003e","truncated":false,"in_reply_to_status_id":null,"in_reply_to_status_id_str":null,"in_reply_to_user_id":null,"in_reply_to_user_id_str":null,"in_reply_to_screen_name":null,"user":{"id":1087406648,"id_str":"1087406648","name":"-Lars-","screen_name":"Sergeant_Hero","location":"Hier! ","url":null,"description":"vergeben an @AkAynora \u2665 | Musik-, Serien-, Doku-, Filmjunkie | Gamer | audiophil | I'm not anti-government, government's anti-me!","protected":false,"verified":false,"followers_count":437,"friends_count":266,"listed_count":41,"favourites_count":50193,"statuses_count":71329,"created_at":"Sun Jan 13 22:37:02 +0000 2013","utc_offset":7200,"time_zone":"Berlin","geo_enabled":true,"lang":"de","contributors_enabled":false,"is_translator":false,"profile_background_color":"000000","profile_background_image_url":"http:\/\/pbs.twimg.com\/profile_background_images\/598584607970201601\/cQTiM5W0.jpg","profile_background_image_url_https":"https:\/\/pbs.twimg.com\/profile_background_images\/598584607970201601\/cQTiM5W0.jpg","profile_background_tile":false,"profile_link_color":"000000","profile_sidebar_border_color":"000000","profile_sidebar_fill_color":"000000","profile_text_color":"000000","profile_use_background_image":true,"profile_image_url":"http:\/\/pbs.twimg.com\/profile_images\/641315394226102272\/2Zf2k0Mc_normal.jpg","profile_image_url_https":"https:\/\/pbs.twimg.com\/profile_images\/641315394226102272\/2Zf2k0Mc_normal.jpg","profile_banner_url":"https:\/\/pbs.twimg.com\/profile_banners\/1087406648\/1434751294","default_profile":false,"default_profile_image":false,"following":null,"follow_request_sent":null,"notifications":null},"geo":null,"coordinates":null,"place":null,"contributors":null,"retweeted_status":{"created_at":"Wed Jun 10 12:47:15 +0000 2015","id":608616414036029441,"id_str":"608616414036029441","text":"Sie bekommen in diesem Land niemals eine Mehrheit auf eine Politik, von der 80% der Menschen profitieren w\u00fcrden [...] http:\/\/t.co\/iVfo72H3Df","source":"\u003ca href=\"http:\/\/twitter.com\/download\/iphone\" rel=\"nofollow\"\u003eTwitter for iPhone\u003c\/a\u003e","truncated":false,"in_reply_to_status_id":null,"in_reply_to_status_id_str":null,"in_reply_to_user_id":null,"in_reply_to_user_id_str":null,"in_reply_to_screen_name":null,"user":{"id":2770509641,"id_str":"2770509641","name":"Volker Pispers","screen_name":"BestOfPispers","location":"","url":"http:\/\/www.volker-pispers.de","description":"Was daran komisch ist? Sehen sie, der Witz daran ist, da\u00df das kein Scherz ist! [Volker Pispers] \u2014 Zitate aus 30 Jahren Kabarett in Bildern und 140 Zeichen.","protected":false,"verified":false,"followers_count":16021,"friends_count":16,"listed_count":233,"favourites_count":0,"statuses_count":106,"created_at":"Sun Sep 14 22:07:23 +0000 2014","utc_offset":null,"time_zone":null,"geo_enabled":false,"lang":"de","contributors_enabled":false,"is_translator":false,"profile_background_color":"C0DEED","profile_background_image_url":"http:\/\/abs.twimg.com\/images\/themes\/theme1\/bg.png","profile_background_image_url_https":"https:\/\/abs.twimg.com\/images\/themes\/theme1\/bg.png","profile_background_tile":false,"profile_link_color":"0084B4","profile_sidebar_border_color":"C0DEED","profile_sidebar_fill_color":"DDEEF6","profile_text_color":"333333","profile_use_background_image":true,"profile_image_url":"http:\/\/pbs.twimg.com\/profile_images\/539981784386371584\/iCl_ml-7_normal.jpeg","profile_image_url_https":"https:\/\/pbs.twimg.com\/profile_images\/539981784386371584\/iCl_ml-7_normal.jpeg","profile_banner_url":"https:\/\/pbs.twimg.com\/profile_banners\/2770509641\/1410764757","default_profile":true,"default_profile_image":false,"following":null,"follow_request_sent":null,"notifications":null},"geo":null,"coordinates":null,"place":null,"contributors":null,"retweet_count":569,"favorite_count":583,"entities":{"hashtags":[],"trends":[],"urls":[],"user_mentions":[],"symbols":[],"media":[{"id":608616387662221313,"id_str":"608616387662221313","indices":[118,140],"media_url":"http:\/\/pbs.twimg.com\/media\/CHI9YUcWkAEVA1C.jpg","media_url_https":"https:\/\/pbs.twimg.com\/media\/CHI9YUcWkAEVA1C.jpg","url":"http:\/\/t.co\/iVfo72H3Df","display_url":"pic.twitter.com\/iVfo72H3Df","expanded_url":"http:\/\/twitter.com\/BestOfPispers\/status\/608616414036029441\/photo\/1","type":"photo","sizes":{"medium":{"w":600,"h":399,"resize":"fit"},"small":{"w":340,"h":226,"resize":"fit"},"thumb":{"w":150,"h":150,"resize":"crop"},"large":{"w":1024,"h":682,"resize":"fit"}}}]},"extended_entities":{"media":[{"id":608616387662221313,"id_str":"608616387662221313","indices":[118,140],"media_url":"http:\/\/pbs.twimg.com\/media\/CHI9YUcWkAEVA1C.jpg","media_url_https":"https:\/\/pbs.twimg.com\/media\/CHI9YUcWkAEVA1C.jpg","url":"http:\/\/t.co\/iVfo72H3Df","display_url":"pic.twitter.com\/iVfo72H3Df","expanded_url":"http:\/\/twitter.com\/BestOfPispers\/status\/608616414036029441\/photo\/1","type":"photo","sizes":{"medium":{"w":600,"h":399,"resize":"fit"},"small":{"w":340,"h":226,"resize":"fit"},"thumb":{"w":150,"h":150,"resize":"crop"},"large":{"w":1024,"h":682,"resize":"fit"}}}]},"favorited":false,"retweeted":false,"possibly_sensitive":false,"filter_level":"low","lang":"de"},"retweet_count":0,"favorite_count":0,"entities":{"hashtags":[],"trends":[],"urls":[],"user_mentions":[{"screen_name":"BestOfPispers","name":"Volker Pispers","id":2770509641,"id_str":"2770509641","indices":[3,17]}],"symbols":[],"media":[{"id":608616387662221313,"id_str":"608616387662221313","indices":[139,140],"media_url":"http:\/\/pbs.twimg.com\/media\/CHI9YUcWkAEVA1C.jpg","media_url_https":"https:\/\/pbs.twimg.com\/media\/CHI9YUcWkAEVA1C.jpg","url":"http:\/\/t.co\/iVfo72H3Df","display_url":"pic.twitter.com\/iVfo72H3Df","expanded_url":"http:\/\/twitter.com\/BestOfPispers\/status\/608616414036029441\/photo\/1","type":"photo","sizes":{"medium":{"w":600,"h":399,"resize":"fit"},"small":{"w":340,"h":226,"resize":"fit"},"thumb":{"w":150,"h":150,"resize":"crop"},"large":{"w":1024,"h":682,"resize":"fit"}},"source_status_id":608616414036029441,"source_status_id_str":"608616414036029441"}]},"extended_entities":{"media":[{"id":608616387662221313,"id_str":"608616387662221313","indices":[139,140],"media_url":"http:\/\/pbs.twimg.com\/media\/CHI9YUcWkAEVA1C.jpg","media_url_https":"https:\/\/pbs.twimg.com\/media\/CHI9YUcWkAEVA1C.jpg","url":"http:\/\/t.co\/iVfo72H3Df","display_url":"pic.twitter.com\/iVfo72H3Df","expanded_url":"http:\/\/twitter.com\/BestOfPispers\/status\/608616414036029441\/photo\/1","type":"photo","sizes":{"medium":{"w":600,"h":399,"resize":"fit"},"small":{"w":340,"h":226,"resize":"fit"},"thumb":{"w":150,"h":150,"resize":"crop"},"large":{"w":1024,"h":682,"resize":"fit"}},"source_status_id":608616414036029441,"source_status_id_str":"608616414036029441"}]},"favorited":false,"retweeted":false,"possibly_sensitive":false,"filter_level":"low","lang":"de","timestamp_ms":"1441916850909"}
