{"created_at":"Thu Sep 10 20:29:24 +0000 2015","id":642072401040277504,"id_str":"642072401040277504","text":"RT @EmilyMoja2010: @HBF_Vie @WEST_Vie Rechtliche Infos von @buerstmayr  https:\/\/t.co\/lNc5UOThi4","source":"\u003ca href=\"http:\/\/twitter.com\" rel=\"nofollow\"\u003eTwitter Web Client\u003c\/a\u003e","truncated":false,"in_reply_to_status_id":null,"in_reply_to_status_id_str":null,"in_reply_to_user_id":null,"in_reply_to_user_id_str":null,"in_reply_to_screen_name":null,"user":{"id":3575974395,"id_str":"3575974395","name":"Westbhf Volunteers","screen_name":"WEST_Vie","location":"Westbahnhof Wien Bahnsteig 8","url":"https:\/\/www.facebook.com\/pages\/Westbhf-Volunteers\/136759956670536?notif_t=page_new_likes","description":"Wir sind eine Gruppe freiwilliger HelferInnen am Wiener Westbahnhof bei Bahnsteig 8 und sammeln Spenden, um Zugtickets f\u00fcr Refugees zu kaufen. #RefugeesWelcome","protected":false,"verified":false,"followers_count":533,"friends_count":90,"listed_count":5,"favourites_count":89,"statuses_count":167,"created_at":"Mon Sep 07 10:39:24 +0000 2015","utc_offset":null,"time_zone":null,"geo_enabled":false,"lang":"de","contributors_enabled":false,"is_translator":false,"profile_background_color":"000000","profile_background_image_url":"http:\/\/abs.twimg.com\/images\/themes\/theme1\/bg.png","profile_background_image_url_https":"https:\/\/abs.twimg.com\/images\/themes\/theme1\/bg.png","profile_background_tile":false,"profile_link_color":"4A913C","profile_sidebar_border_color":"000000","profile_sidebar_fill_color":"000000","profile_text_color":"000000","profile_use_background_image":false,"profile_image_url":"http:\/\/pbs.twimg.com\/profile_images\/640912959057727488\/RURx1oY6_normal.jpg","profile_image_url_https":"https:\/\/pbs.twimg.com\/profile_images\/640912959057727488\/RURx1oY6_normal.jpg","profile_banner_url":"https:\/\/pbs.twimg.com\/profile_banners\/3575974395\/1441640557","default_profile":false,"default_profile_image":false,"following":null,"follow_request_sent":null,"notifications":null},"geo":null,"coordinates":null,"place":null,"contributors":null,"retweeted_status":{"created_at":"Thu Sep 10 20:08:53 +0000 2015","id":642067239068413952,"id_str":"642067239068413952","text":"@HBF_Vie @WEST_Vie Rechtliche Infos von @buerstmayr  https:\/\/t.co\/lNc5UOThi4","source":"\u003ca href=\"http:\/\/twitter.com\/download\/iphone\" rel=\"nofollow\"\u003eTwitter for iPhone\u003c\/a\u003e","truncated":false,"in_reply_to_status_id":null,"in_reply_to_status_id_str":null,"in_reply_to_user_id":3527587037,"in_reply_to_user_id_str":"3527587037","in_reply_to_screen_name":"HBF_Vie","user":{"id":3538298235,"id_str":"3538298235","name":"Moja","screen_name":"EmilyMoja2010","location":"Vienna","url":null,"description":null,"protected":false,"verified":false,"followers_count":0,"friends_count":71,"listed_count":0,"favourites_count":13,"statuses_count":31,"created_at":"Thu Sep 03 22:22:14 +0000 2015","utc_offset":null,"time_zone":null,"geo_enabled":false,"lang":"de","contributors_enabled":false,"is_translator":false,"profile_background_color":"C0DEED","profile_background_image_url":"http:\/\/abs.twimg.com\/images\/themes\/theme1\/bg.png","profile_background_image_url_https":"https:\/\/abs.twimg.com\/images\/themes\/theme1\/bg.png","profile_background_tile":false,"profile_link_color":"0084B4","profile_sidebar_border_color":"C0DEED","profile_sidebar_fill_color":"DDEEF6","profile_text_color":"333333","profile_use_background_image":true,"profile_image_url":"http:\/\/abs.twimg.com\/sticky\/default_profile_images\/default_profile_3_normal.png","profile_image_url_https":"https:\/\/abs.twimg.com\/sticky\/default_profile_images\/default_profile_3_normal.png","default_profile":true,"default_profile_image":true,"following":null,"follow_request_sent":null,"notifications":null},"geo":null,"coordinates":null,"place":null,"contributors":null,"quoted_status_id":641942825823784960,"quoted_status_id_str":"641942825823784960","quoted_status":{"created_at":"Thu Sep 10 11:54:31 +0000 2015","id":641942825823784960,"id_str":"641942825823784960","text":"f\u00fcr jene, die aktuell #fluechtlinge beraten: \u00dcberlegungen z Frage: \"da bleiben oder weiterziehen?\"  #refugeeswelcome https:\/\/t.co\/CptzLUsMAr","source":"\u003ca href=\"http:\/\/twitter.com\" rel=\"nofollow\"\u003eTwitter Web Client\u003c\/a\u003e","truncated":false,"in_reply_to_status_id":null,"in_reply_to_status_id_str":null,"in_reply_to_user_id":null,"in_reply_to_user_id_str":null,"in_reply_to_screen_name":null,"user":{"id":2364568520,"id_str":"2364568520","name":"Georg Buerstmayr","screen_name":"buerstmayr","location":"Vienna","url":"http:\/\/www.buerstmayr.at","description":"Rechtsanwalt in Wien. Gr\u00fcn. Twittert privat","protected":false,"verified":false,"followers_count":1222,"friends_count":299,"listed_count":21,"favourites_count":2155,"statuses_count":3805,"created_at":"Thu Feb 27 19:15:06 +0000 2014","utc_offset":null,"time_zone":null,"geo_enabled":false,"lang":"de","contributors_enabled":false,"is_translator":false,"profile_background_color":"C0DEED","profile_background_image_url":"http:\/\/abs.twimg.com\/images\/themes\/theme1\/bg.png","profile_background_image_url_https":"https:\/\/abs.twimg.com\/images\/themes\/theme1\/bg.png","profile_background_tile":false,"profile_link_color":"0084B4","profile_sidebar_border_color":"C0DEED","profile_sidebar_fill_color":"DDEEF6","profile_text_color":"333333","profile_use_background_image":true,"profile_image_url":"http:\/\/pbs.twimg.com\/profile_images\/439118410614439936\/anhEYFgO_normal.jpeg","profile_image_url_https":"https:\/\/pbs.twimg.com\/profile_images\/439118410614439936\/anhEYFgO_normal.jpeg","default_profile":true,"default_profile_image":false,"following":null,"follow_request_sent":null,"notifications":null},"geo":null,"coordinates":null,"place":null,"contributors":null,"retweet_count":0,"favorite_count":0,"entities":{"hashtags":[{"text":"fluechtlinge","indices":[22,35]},{"text":"refugeeswelcome","indices":[100,116]}],"trends":[],"urls":[{"url":"https:\/\/t.co\/CptzLUsMAr","expanded_url":"https:\/\/www.facebook.com\/georg.buerstmayr\/posts\/998670620174983?notif_t=like","display_url":"facebook.com\/georg.buerstma\u2026","indices":[117,140]}],"user_mentions":[],"symbols":[]},"favorited":false,"retweeted":false,"possibly_sensitive":false,"filter_level":"low","lang":"de"},"retweet_count":1,"favorite_count":0,"entities":{"hashtags":[],"trends":[],"urls":[{"url":"https:\/\/t.co\/lNc5UOThi4","expanded_url":"https:\/\/twitter.com\/buerstmayr\/status\/641942825823784960","display_url":"twitter.com\/buerstmayr\/sta\u2026","indices":[53,76]}],"user_mentions":[{"screen_name":"HBF_Vie","name":"trainofhope HBF Wien","id":3527587037,"id_str":"3527587037","indices":[0,8]},{"screen_name":"WEST_Vie","name":"Westbhf Volunteers","id":3575974395,"id_str":"3575974395","indices":[9,18]},{"screen_name":"buerstmayr","name":"Georg Buerstmayr","id":2364568520,"id_str":"2364568520","indices":[40,51]}],"symbols":[]},"favorited":false,"retweeted":false,"possibly_sensitive":false,"filter_level":"low","lang":"de"},"retweet_count":0,"favorite_count":0,"entities":{"hashtags":[],"trends":[],"urls":[{"url":"https:\/\/t.co\/lNc5UOThi4","expanded_url":"https:\/\/twitter.com\/buerstmayr\/status\/641942825823784960","display_url":"twitter.com\/buerstmayr\/sta\u2026","indices":[72,95]}],"user_mentions":[{"screen_name":"EmilyMoja2010","name":"Moja","id":3538298235,"id_str":"3538298235","indices":[3,17]},{"screen_name":"HBF_Vie","name":"trainofhope HBF Wien","id":3527587037,"id_str":"3527587037","indices":[19,27]},{"screen_name":"WEST_Vie","name":"Westbhf Volunteers","id":3575974395,"id_str":"3575974395","indices":[28,37]},{"screen_name":"buerstmayr","name":"Georg Buerstmayr","id":2364568520,"id_str":"2364568520","indices":[59,70]}],"symbols":[]},"favorited":false,"retweeted":false,"possibly_sensitive":false,"filter_level":"low","lang":"de","timestamp_ms":"1441916964193"}
