{"created_at":"Thu Sep 10 20:28:09 +0000 2015","id":642072086169669632,"id_str":"642072086169669632","text":"RT @TrainofHope_B: DRINGEND:Support f\u00fcr 24 unbegleitete minderj\u00e4hrige Fl\u00fcchtlinge gesucht!-&gt; https:\/\/t.co\/hvKcTAYK3H #trainofhopeb #moabith\u2026","source":"\u003ca href=\"http:\/\/twitter.com\" rel=\"nofollow\"\u003eTwitter Web Client\u003c\/a\u003e","truncated":false,"in_reply_to_status_id":null,"in_reply_to_status_id_str":null,"in_reply_to_user_id":null,"in_reply_to_user_id_str":null,"in_reply_to_screen_name":null,"user":{"id":184517401,"id_str":"184517401","name":"\u30c3","screen_name":"newborl","location":"\u00b7 \u00b7 Schuttgart\u00b7\u00b7  DE   \u00b7 \u00b7 \u00b7 ","url":null,"description":"Leute die Rassisten folgen oder Nazismus relativieren, ficken sich bitte ins Knie, aber folgen mir nicht, danke!","protected":false,"verified":false,"followers_count":581,"friends_count":554,"listed_count":74,"favourites_count":44752,"statuses_count":61941,"created_at":"Sun Aug 29 19:37:30 +0000 2010","utc_offset":7200,"time_zone":"Amsterdam","geo_enabled":true,"lang":"de","contributors_enabled":false,"is_translator":false,"profile_background_color":"C6E2EE","profile_background_image_url":"http:\/\/pbs.twimg.com\/profile_background_images\/616749606613962753\/baNChIuz.jpg","profile_background_image_url_https":"https:\/\/pbs.twimg.com\/profile_background_images\/616749606613962753\/baNChIuz.jpg","profile_background_tile":false,"profile_link_color":"4A913C","profile_sidebar_border_color":"FFFFFF","profile_sidebar_fill_color":"DAECF4","profile_text_color":"663B12","profile_use_background_image":true,"profile_image_url":"http:\/\/pbs.twimg.com\/profile_images\/635926237043642369\/a8vwTwyR_normal.jpg","profile_image_url_https":"https:\/\/pbs.twimg.com\/profile_images\/635926237043642369\/a8vwTwyR_normal.jpg","profile_banner_url":"https:\/\/pbs.twimg.com\/profile_banners\/184517401\/1441843733","default_profile":false,"default_profile_image":false,"following":null,"follow_request_sent":null,"notifications":null},"geo":null,"coordinates":null,"place":null,"contributors":null,"retweeted_status":{"created_at":"Wed Sep 09 00:44:44 +0000 2015","id":641411882734252032,"id_str":"641411882734252032","text":"DRINGEND:Support f\u00fcr 24 unbegleitete minderj\u00e4hrige Fl\u00fcchtlinge gesucht!-&gt; https:\/\/t.co\/hvKcTAYK3H #trainofhopeb #moabithilft #lageso #berlin","source":"\u003ca href=\"http:\/\/twitter.com\" rel=\"nofollow\"\u003eTwitter Web Client\u003c\/a\u003e","truncated":false,"in_reply_to_status_id":null,"in_reply_to_status_id_str":null,"in_reply_to_user_id":null,"in_reply_to_user_id_str":null,"in_reply_to_screen_name":null,"user":{"id":3532837343,"id_str":"3532837343","name":"Train of Hope Berlin","screen_name":"TrainofHope_B","location":"","url":"http:\/\/www.trainofhopeberlin.wordpress.com","description":"Infochannel about situation of refugees at berlin train stations - Infokanal zur Situation Gefl\u00fcchteter an Berliner Bahnh\u00f6fen Hashtag: #hbfberlin","protected":false,"verified":false,"followers_count":936,"friends_count":59,"listed_count":24,"favourites_count":50,"statuses_count":168,"created_at":"Thu Sep 03 10:03:04 +0000 2015","utc_offset":-25200,"time_zone":"Pacific Time (US & Canada)","geo_enabled":false,"lang":"de","contributors_enabled":false,"is_translator":false,"profile_background_color":"C0DEED","profile_background_image_url":"http:\/\/abs.twimg.com\/images\/themes\/theme1\/bg.png","profile_background_image_url_https":"https:\/\/abs.twimg.com\/images\/themes\/theme1\/bg.png","profile_background_tile":false,"profile_link_color":"0084B4","profile_sidebar_border_color":"C0DEED","profile_sidebar_fill_color":"DDEEF6","profile_text_color":"333333","profile_use_background_image":true,"profile_image_url":"http:\/\/pbs.twimg.com\/profile_images\/639381296389713920\/4jYuiD7F_normal.jpg","profile_image_url_https":"https:\/\/pbs.twimg.com\/profile_images\/639381296389713920\/4jYuiD7F_normal.jpg","default_profile":true,"default_profile_image":false,"following":null,"follow_request_sent":null,"notifications":null},"geo":null,"coordinates":null,"place":null,"contributors":null,"retweet_count":45,"favorite_count":4,"entities":{"hashtags":[{"text":"trainofhopeb","indices":[101,114]},{"text":"moabithilft","indices":[115,127]},{"text":"lageso","indices":[128,135]},{"text":"berlin","indices":[136,143]}],"trends":[],"urls":[{"url":"https:\/\/t.co\/hvKcTAYK3H","expanded_url":"https:\/\/trainofhopeberlin.wordpress.com\/2015\/09\/09\/dringend-support-fuer-24-unbegleitete-minderjaehrige-fluechtlinge-gesucht\/","display_url":"trainofhopeberlin.wordpress.com\/2015\/09\/09\/dri\u2026","indices":[77,100]}],"user_mentions":[],"symbols":[]},"favorited":false,"retweeted":false,"possibly_sensitive":false,"filter_level":"low","lang":"de"},"retweet_count":0,"favorite_count":0,"entities":{"hashtags":[{"text":"trainofhopeb","indices":[120,133]},{"text":"moabithilft","indices":[134,143]},{"text":"lageso","indices":[142,143]},{"text":"berlin","indices":[142,143]}],"trends":[],"urls":[{"url":"https:\/\/t.co\/hvKcTAYK3H","expanded_url":"https:\/\/trainofhopeberlin.wordpress.com\/2015\/09\/09\/dringend-support-fuer-24-unbegleitete-minderjaehrige-fluechtlinge-gesucht\/","display_url":"trainofhopeberlin.wordpress.com\/2015\/09\/09\/dri\u2026","indices":[96,119]}],"user_mentions":[{"screen_name":"TrainofHope_B","name":"Train of Hope Berlin","id":3532837343,"id_str":"3532837343","indices":[3,17]}],"symbols":[]},"favorited":false,"retweeted":false,"possibly_sensitive":false,"filter_level":"low","lang":"de","timestamp_ms":"1441916889122"}
