{"created_at":"Sat Sep 12 19:53:18 +0000 2015","id":642788093465071616,"id_str":"642788093465071616","text":"#refugeeswelcome zehntausende demonstrieren in #London \nhttps:\/\/t.co\/kb5NsZKn0w","source":"\u003ca href=\"http:\/\/twitter.com\" rel=\"nofollow\"\u003eTwitter Web Client\u003c\/a\u003e","truncated":false,"in_reply_to_status_id":null,"in_reply_to_status_id_str":null,"in_reply_to_user_id":null,"in_reply_to_user_id_str":null,"in_reply_to_screen_name":null,"user":{"id":2901432519,"id_str":"2901432519","name":"ScherbenKlang","screen_name":"Scherben_Klang","location":"Deutschland","url":"https:\/\/www.facebook.com\/pages\/Projekt-ScherbenKlang\/443033869077631","description":null,"protected":false,"verified":false,"followers_count":72,"friends_count":169,"listed_count":9,"favourites_count":222,"statuses_count":558,"created_at":"Mon Dec 01 23:25:06 +0000 2014","utc_offset":-25200,"time_zone":"Pacific Time (US & Canada)","geo_enabled":false,"lang":"de","contributors_enabled":false,"is_translator":false,"profile_background_color":"000000","profile_background_image_url":"http:\/\/pbs.twimg.com\/profile_background_images\/539585292248707072\/CYb00CEo.jpeg","profile_background_image_url_https":"https:\/\/pbs.twimg.com\/profile_background_images\/539585292248707072\/CYb00CEo.jpeg","profile_background_tile":false,"profile_link_color":"190707","profile_sidebar_border_color":"000000","profile_sidebar_fill_color":"000000","profile_text_color":"000000","profile_use_background_image":true,"profile_image_url":"http:\/\/pbs.twimg.com\/profile_images\/579355580181135360\/wCbbW36A_normal.jpg","profile_image_url_https":"https:\/\/pbs.twimg.com\/profile_images\/579355580181135360\/wCbbW36A_normal.jpg","profile_banner_url":"https:\/\/pbs.twimg.com\/profile_banners\/2901432519\/1417481107","default_profile":false,"default_profile_image":false,"following":null,"follow_request_sent":null,"notifications":null},"geo":null,"coordinates":null,"place":null,"contributors":null,"retweet_count":0,"favorite_count":0,"entities":{"hashtags":[{"text":"refugeeswelcome","indices":[0,16]},{"text":"London","indices":[47,54]}],"trends":[],"urls":[{"url":"https:\/\/t.co\/kb5NsZKn0w","expanded_url":"https:\/\/www.youtube.com\/watch?v=ws-xiZRt9p0","display_url":"youtube.com\/watch?v=ws-xiZ\u2026","indices":[56,79]}],"user_mentions":[],"symbols":[]},"favorited":false,"retweeted":false,"possibly_sensitive":false,"filter_level":"low","lang":"de","timestamp_ms":"1442087598564"}
