{"created_at":"Sat Sep 12 00:06:10 +0000 2015","id":642489342087274496,"id_str":"642489342087274496","text":"Corporate Job Bank is #hiring HR Generalist in Phoenix, AZ http:\/\/t.co\/Rcfroc2GHf #jobs #Phoenix #Government","source":"\u003ca href=\"https:\/\/www.ziprecruiter.com\/\" rel=\"nofollow\"\u003eZipRecruiter Tweeter 07\u003c\/a\u003e","truncated":false,"in_reply_to_status_id":null,"in_reply_to_status_id_str":null,"in_reply_to_user_id":null,"in_reply_to_user_id_str":null,"in_reply_to_screen_name":null,"user":{"id":2975019466,"id_str":"2975019466","name":"ZipRecruiter Jobs","screen_name":"ZRJobs07","location":"Santa Monica, CA","url":"http:\/\/ziprecruiter.com\/jobs","description":"Get the freshest jobs in the U.S. posted through ZipRecruiter, the #1 job distribution service on the web. Sign up for free at http:\/\/bit.ly\/1xAfuJl","protected":false,"verified":false,"followers_count":1121,"friends_count":4,"listed_count":627,"favourites_count":0,"statuses_count":318310,"created_at":"Mon Jan 12 17:16:26 +0000 2015","utc_offset":null,"time_zone":null,"geo_enabled":false,"lang":"en","contributors_enabled":false,"is_translator":false,"profile_background_color":"000000","profile_background_image_url":"http:\/\/abs.twimg.com\/images\/themes\/theme1\/bg.png","profile_background_image_url_https":"https:\/\/abs.twimg.com\/images\/themes\/theme1\/bg.png","profile_background_tile":false,"profile_link_color":"2E2E2E","profile_sidebar_border_color":"000000","profile_sidebar_fill_color":"000000","profile_text_color":"000000","profile_use_background_image":false,"profile_image_url":"http:\/\/pbs.twimg.com\/profile_images\/554688516928438272\/b9IpHSGy_normal.png","profile_image_url_https":"https:\/\/pbs.twimg.com\/profile_images\/554688516928438272\/b9IpHSGy_normal.png","default_profile":false,"default_profile_image":false,"following":null,"follow_request_sent":null,"notifications":null},"geo":null,"coordinates":null,"place":null,"contributors":null,"retweet_count":0,"favorite_count":0,"entities":{"hashtags":[{"text":"hiring","indices":[22,29]},{"text":"jobs","indices":[82,87]},{"text":"Phoenix","indices":[88,96]},{"text":"Government","indices":[97,108]}],"trends":[],"urls":[{"url":"http:\/\/t.co\/Rcfroc2GHf","expanded_url":"http:\/\/ziprecruiter.com\/tj\/ef19398f","display_url":"ziprecruiter.com\/tj\/ef19398f","indices":[59,81]}],"user_mentions":[],"symbols":[]},"favorited":false,"retweeted":false,"possibly_sensitive":false,"filter_level":"low","lang":"de","timestamp_ms":"1442016370685"}
