{"created_at":"Sat Sep 12 19:51:59 +0000 2015","id":642787760328323072,"id_str":"642787760328323072","text":"RT @haut_drauf: Saudi-Arabiens Zeltstadt k\u00f6nnte 3 Mio. Fl\u00fcchtlinge aufnehmen\nhttp:\/\/t.co\/DFswXR2fnt\nDie wollen aber keine reinlassen.","source":"\u003ca href=\"http:\/\/twitter.com\/download\/iphone\" rel=\"nofollow\"\u003eTwitter for iPhone\u003c\/a\u003e","truncated":false,"in_reply_to_status_id":null,"in_reply_to_status_id_str":null,"in_reply_to_user_id":null,"in_reply_to_user_id_str":null,"in_reply_to_screen_name":null,"user":{"id":2164099659,"id_str":"2164099659","name":"Franklin","screen_name":"F_S_Berlin","location":"Iphone: 52.482844,13.385189","url":null,"description":"Ein Patriot ist jemand, der sein Land liebt und daf\u00fcr sorgt, dass es auch sein Land bleibt! #bluehand","protected":false,"verified":false,"followers_count":1248,"friends_count":1901,"listed_count":15,"favourites_count":5283,"statuses_count":5445,"created_at":"Sat Nov 02 00:29:02 +0000 2013","utc_offset":7200,"time_zone":"Amsterdam","geo_enabled":false,"lang":"de","contributors_enabled":false,"is_translator":false,"profile_background_color":"000000","profile_background_image_url":"http:\/\/abs.twimg.com\/images\/themes\/theme14\/bg.gif","profile_background_image_url_https":"https:\/\/abs.twimg.com\/images\/themes\/theme14\/bg.gif","profile_background_tile":false,"profile_link_color":"000099","profile_sidebar_border_color":"000000","profile_sidebar_fill_color":"000000","profile_text_color":"000000","profile_use_background_image":false,"profile_image_url":"http:\/\/pbs.twimg.com\/profile_images\/637300665690292224\/Tvd9SACy_normal.jpg","profile_image_url_https":"https:\/\/pbs.twimg.com\/profile_images\/637300665690292224\/Tvd9SACy_normal.jpg","profile_banner_url":"https:\/\/pbs.twimg.com\/profile_banners\/2164099659\/1440673288","default_profile":false,"default_profile_image":false,"following":null,"follow_request_sent":null,"notifications":null},"geo":null,"coordinates":null,"place":null,"contributors":null,"retweeted_status":{"created_at":"Sat Sep 12 15:16:50 +0000 2015","id":642718519595954178,"id_str":"642718519595954178","text":"Saudi-Arabiens Zeltstadt k\u00f6nnte 3 Mio. Fl\u00fcchtlinge aufnehmen\nhttp:\/\/t.co\/DFswXR2fnt\nDie wollen aber keine reinlassen.","source":"\u003ca href=\"http:\/\/twitter.com\" rel=\"nofollow\"\u003eTwitter Web Client\u003c\/a\u003e","truncated":false,"in_reply_to_status_id":null,"in_reply_to_status_id_str":null,"in_reply_to_user_id":null,"in_reply_to_user_id_str":null,"in_reply_to_screen_name":null,"user":{"id":870200407,"id_str":"870200407","name":"Eastside","screen_name":"haut_drauf","location":"","url":null,"description":"Der gr\u00f6\u00dfte Lump im ganzen Land,\nist und bleibt der Antifant.  \nWer den Faschismus besiegen will,mu\u00df die Antifa ausrotten.    NSDAP + SS + SA = ANTIFA","protected":false,"verified":false,"followers_count":1565,"friends_count":170,"listed_count":80,"favourites_count":20205,"statuses_count":98121,"created_at":"Tue Oct 09 16:33:29 +0000 2012","utc_offset":7200,"time_zone":"Amsterdam","geo_enabled":false,"lang":"de","contributors_enabled":false,"is_translator":false,"profile_background_color":"022330","profile_background_image_url":"http:\/\/pbs.twimg.com\/profile_background_images\/632169837179985920\/xxVOGrfB.jpg","profile_background_image_url_https":"https:\/\/pbs.twimg.com\/profile_background_images\/632169837179985920\/xxVOGrfB.jpg","profile_background_tile":false,"profile_link_color":"0084B4","profile_sidebar_border_color":"000000","profile_sidebar_fill_color":"000000","profile_text_color":"000000","profile_use_background_image":true,"profile_image_url":"http:\/\/pbs.twimg.com\/profile_images\/3475948635\/65fff397647dde580c331907bc3b9d0b_normal.jpeg","profile_image_url_https":"https:\/\/pbs.twimg.com\/profile_images\/3475948635\/65fff397647dde580c331907bc3b9d0b_normal.jpeg","profile_banner_url":"https:\/\/pbs.twimg.com\/profile_banners\/870200407\/1407241301","default_profile":false,"default_profile_image":false,"following":null,"follow_request_sent":null,"notifications":null},"geo":null,"coordinates":null,"place":null,"contributors":null,"retweet_count":19,"favorite_count":9,"entities":{"hashtags":[],"trends":[],"urls":[{"url":"http:\/\/t.co\/DFswXR2fnt","expanded_url":"http:\/\/www.epochtimes.de\/welt\/saudi-arabiens-zeltstadt-koennte-3-mio-fluechtlinge-aufnehmen-arabien-a1268304.html","display_url":"epochtimes.de\/welt\/saudi-ara\u2026","indices":[61,83]}],"user_mentions":[],"symbols":[]},"favorited":false,"retweeted":false,"possibly_sensitive":false,"filter_level":"low","lang":"de"},"retweet_count":0,"favorite_count":0,"entities":{"hashtags":[],"trends":[],"urls":[{"url":"http:\/\/t.co\/DFswXR2fnt","expanded_url":"http:\/\/www.epochtimes.de\/welt\/saudi-arabiens-zeltstadt-koennte-3-mio-fluechtlinge-aufnehmen-arabien-a1268304.html","display_url":"epochtimes.de\/welt\/saudi-ara\u2026","indices":[77,99]}],"user_mentions":[{"screen_name":"haut_drauf","name":"Eastside","id":870200407,"id_str":"870200407","indices":[3,14]}],"symbols":[]},"favorited":false,"retweeted":false,"possibly_sensitive":false,"filter_level":"low","lang":"de","timestamp_ms":"1442087519138"}
