{"created_at":"Thu Sep 10 20:24:02 +0000 2015","id":642071053469138944,"id_str":"642071053469138944","text":"RT @BR24: Fl\u00fcchtlingen helfen in #M\u00fcnchen: \nNeue Webseite informiert, wie Sie helfen k\u00f6nnen.\n#Fl\u00fcchtlinge @MunchenHilft\nhttp:\/\/t.co\/3E8A6qM\u2026","source":"\u003ca href=\"http:\/\/twitter.com\/download\/iphone\" rel=\"nofollow\"\u003eTwitter for iPhone\u003c\/a\u003e","truncated":false,"in_reply_to_status_id":null,"in_reply_to_status_id_str":null,"in_reply_to_user_id":null,"in_reply_to_user_id_str":null,"in_reply_to_screen_name":null,"user":{"id":16954775,"id_str":"16954775","name":"Matthias J. Lange","screen_name":"redaktion42","location":"Munich, Bavaria","url":"http:\/\/redaktion42.com\/","description":"Blogger, Autor, Publizist und Journalist zudem stolzer Vater, Ehemann und eigensinnig \n\nDu bestimmst allein, wer dich \u00e4rgert!","protected":false,"verified":false,"followers_count":1973,"friends_count":1191,"listed_count":160,"favourites_count":6454,"statuses_count":67623,"created_at":"Fri Oct 24 19:11:05 +0000 2008","utc_offset":7200,"time_zone":"Berlin","geo_enabled":false,"lang":"de","contributors_enabled":false,"is_translator":false,"profile_background_color":"9AE4E8","profile_background_image_url":"http:\/\/pbs.twimg.com\/profile_background_images\/378800000122278592\/d4e8d400db126725c01cb433188279db.jpeg","profile_background_image_url_https":"https:\/\/pbs.twimg.com\/profile_background_images\/378800000122278592\/d4e8d400db126725c01cb433188279db.jpeg","profile_background_tile":false,"profile_link_color":"0084B4","profile_sidebar_border_color":"FFFFFF","profile_sidebar_fill_color":"DDFFCC","profile_text_color":"333333","profile_use_background_image":true,"profile_image_url":"http:\/\/pbs.twimg.com\/profile_images\/562702276574183424\/biB5WjjP_normal.jpeg","profile_image_url_https":"https:\/\/pbs.twimg.com\/profile_images\/562702276574183424\/biB5WjjP_normal.jpeg","profile_banner_url":"https:\/\/pbs.twimg.com\/profile_banners\/16954775\/1429942110","default_profile":false,"default_profile_image":false,"following":null,"follow_request_sent":null,"notifications":null},"geo":null,"coordinates":null,"place":null,"contributors":null,"retweeted_status":{"created_at":"Thu Sep 10 19:36:46 +0000 2015","id":642059158360096768,"id_str":"642059158360096768","text":"Fl\u00fcchtlingen helfen in #M\u00fcnchen: \nNeue Webseite informiert, wie Sie helfen k\u00f6nnen.\n#Fl\u00fcchtlinge @MunchenHilft\nhttp:\/\/t.co\/3E8A6qMAgn","source":"\u003ca href=\"https:\/\/about.twitter.com\/products\/tweetdeck\" rel=\"nofollow\"\u003eTweetDeck\u003c\/a\u003e","truncated":false,"in_reply_to_status_id":null,"in_reply_to_status_id_str":null,"in_reply_to_user_id":null,"in_reply_to_user_id_str":null,"in_reply_to_screen_name":null,"user":{"id":90524645,"id_str":"90524645","name":"BR24","screen_name":"BR24","location":"","url":"http:\/\/www.br.de\/nachrichten\/index.html","description":"Nachrichten aus meiner Welt. Powered by B5 aktuell & Rundschau. Heute: @AntjeDoerfner","protected":false,"verified":true,"followers_count":6267,"friends_count":674,"listed_count":310,"favourites_count":1031,"statuses_count":33338,"created_at":"Tue Nov 17 00:37:00 +0000 2009","utc_offset":7200,"time_zone":"Berlin","geo_enabled":false,"lang":"de","contributors_enabled":false,"is_translator":false,"profile_background_color":"FFFFFF","profile_background_image_url":"http:\/\/pbs.twimg.com\/profile_background_images\/613775171514695680\/uKQRlZfD.png","profile_background_image_url_https":"https:\/\/pbs.twimg.com\/profile_background_images\/613775171514695680\/uKQRlZfD.png","profile_background_tile":false,"profile_link_color":"0084B4","profile_sidebar_border_color":"000000","profile_sidebar_fill_color":"DDEEF6","profile_text_color":"333333","profile_use_background_image":true,"profile_image_url":"http:\/\/pbs.twimg.com\/profile_images\/613750996104314880\/z1US8y0x_normal.png","profile_image_url_https":"https:\/\/pbs.twimg.com\/profile_images\/613750996104314880\/z1US8y0x_normal.png","profile_banner_url":"https:\/\/pbs.twimg.com\/profile_banners\/90524645\/1435676158","default_profile":false,"default_profile_image":false,"following":null,"follow_request_sent":null,"notifications":null},"geo":null,"coordinates":null,"place":null,"contributors":null,"retweet_count":11,"favorite_count":8,"entities":{"hashtags":[{"text":"M\u00fcnchen","indices":[23,31]},{"text":"Fl\u00fcchtlinge","indices":[83,95]}],"trends":[],"urls":[{"url":"http:\/\/t.co\/3E8A6qMAgn","expanded_url":"http:\/\/fluechtlingshilfemuenchen.de\/","display_url":"fluechtlingshilfemuenchen.de","indices":[110,132]}],"user_mentions":[{"screen_name":"MunchenHilft","name":"Fl\u00fcchtlingshilfeMUC","id":3585194309,"id_str":"3585194309","indices":[96,109]}],"symbols":[]},"favorited":false,"retweeted":false,"possibly_sensitive":false,"filter_level":"low","lang":"de"},"retweet_count":0,"favorite_count":0,"entities":{"hashtags":[{"text":"M\u00fcnchen","indices":[33,41]},{"text":"Fl\u00fcchtlinge","indices":[93,105]}],"trends":[],"urls":[{"url":"http:\/\/t.co\/3E8A6qMAgn","expanded_url":"http:\/\/fluechtlingshilfemuenchen.de\/","display_url":"fluechtlingshilfemuenchen.de","indices":[120,140]}],"user_mentions":[{"screen_name":"BR24","name":"BR24","id":90524645,"id_str":"90524645","indices":[3,8]},{"screen_name":"MunchenHilft","name":"Fl\u00fcchtlingshilfeMUC","id":3585194309,"id_str":"3585194309","indices":[106,119]}],"symbols":[]},"favorited":false,"retweeted":false,"possibly_sensitive":false,"filter_level":"low","lang":"de","timestamp_ms":"1441916642907"}
