{"created_at":"Sat Sep 12 00:15:18 +0000 2015","id":642491638439387137,"id_str":"642491638439387137","text":"@saddfdsff https:\/\/t.co\/DiYD3XlJP0  retweet libtissam hna plllz","source":"\u003ca href=\"http:\/\/twitter.com\" rel=\"nofollow\"\u003eTwitter Web Client\u003c\/a\u003e","truncated":false,"in_reply_to_status_id":642487422257864704,"in_reply_to_status_id_str":"642487422257864704","in_reply_to_user_id":2478536546,"in_reply_to_user_id_str":"2478536546","in_reply_to_screen_name":"saddfdsff","user":{"id":1499422009,"id_str":"1499422009","name":"Hania","screen_name":"ELISSHania","location":"Casablanca Maroc ","url":null,"description":"..\u0623\u0646\u0627\u0633 \u064a\u0632\u0631\u0639\u0648\u0646 \u0641\u064a \u0646\u0641\u0648\u0633\u0646\u0627 \u0645\u0639\u0627\u0646\u064a \u0635\u0627\u062f\u0642\u0629 \u0648\u0623\u062e\u0644\u0627\u0642 \u0646\u064a\u0631\u0629 \u062a\u0636\u064a\u0626\u0647\u0627 \u0643\u0644\u0645\u0627\u062a\u0647\u0645 ..\u0623\u0646\u0627\u0633 \u062a\u0634\u0639\u0631 \u0628\u0642\u0631\u0628\u0647\u0645 \u0631\u063a\u0645 \u0627\u0644\u0628\u0639\u0627\u062f ..\u0627\u062d\u0628\u0643 \u0627\u0645\u0648\u0648\u0646\u062a\u064a @aminatttttta23 \u0648\u0627\u062d\u0628\u0628\u062a \u0627\u0644\u062c\u0632\u0627\u0626\u0631 \u0645\u0646 \u062e\u0644\u0627\u0644\u0643","protected":false,"verified":false,"followers_count":2868,"friends_count":2348,"listed_count":8,"favourites_count":31753,"statuses_count":34984,"created_at":"Mon Jun 10 21:12:14 +0000 2013","utc_offset":null,"time_zone":null,"geo_enabled":true,"lang":"fr","contributors_enabled":false,"is_translator":false,"profile_background_color":"000000","profile_background_image_url":"http:\/\/abs.twimg.com\/images\/themes\/theme1\/bg.png","profile_background_image_url_https":"https:\/\/abs.twimg.com\/images\/themes\/theme1\/bg.png","profile_background_tile":false,"profile_link_color":"3B94D9","profile_sidebar_border_color":"000000","profile_sidebar_fill_color":"000000","profile_text_color":"000000","profile_use_background_image":false,"profile_image_url":"http:\/\/pbs.twimg.com\/profile_images\/640983934415671296\/uGcdSjqX_normal.jpg","profile_image_url_https":"https:\/\/pbs.twimg.com\/profile_images\/640983934415671296\/uGcdSjqX_normal.jpg","profile_banner_url":"https:\/\/pbs.twimg.com\/profile_banners\/1499422009\/1441657423","default_profile":false,"default_profile_image":false,"following":null,"follow_request_sent":null,"notifications":null},"geo":null,"coordinates":null,"place":null,"contributors":null,"quoted_status_id":642106075173548033,"quoted_status_id_str":"642106075173548033","quoted_status":{"created_at":"Thu Sep 10 22:43:12 +0000 2015","id":642106075173548033,"id_str":"642106075173548033","text":"#FinalRound #2015GlamFemale #Elections\n#RT Ibtissam Tiskat #Morocco\n#FAV Kenza Morsli #Algeria\nEnds 13\/9 \ud83c\udfc1 #FoxMusic http:\/\/t.co\/BXA6UPrIVk","source":"\u003ca href=\"http:\/\/twitter.com\" rel=\"nofollow\"\u003eTwitter Web Client\u003c\/a\u003e","truncated":false,"in_reply_to_status_id":null,"in_reply_to_status_id_str":null,"in_reply_to_user_id":null,"in_reply_to_user_id_str":null,"in_reply_to_screen_name":null,"user":{"id":3225631354,"id_str":"3225631354","name":"Fox Music","screen_name":"FoxMusicME","location":"","url":null,"description":null,"protected":false,"verified":false,"followers_count":4745,"friends_count":82,"listed_count":4,"favourites_count":2777,"statuses_count":454,"created_at":"Fri May 01 00:10:56 +0000 2015","utc_offset":-25200,"time_zone":"Pacific Time (US & Canada)","geo_enabled":true,"lang":"en","contributors_enabled":false,"is_translator":false,"profile_background_color":"C0DEED","profile_background_image_url":"http:\/\/abs.twimg.com\/images\/themes\/theme1\/bg.png","profile_background_image_url_https":"https:\/\/abs.twimg.com\/images\/themes\/theme1\/bg.png","profile_background_tile":false,"profile_link_color":"FFCC4D","profile_sidebar_border_color":"000000","profile_sidebar_fill_color":"000000","profile_text_color":"000000","profile_use_background_image":true,"profile_image_url":"http:\/\/pbs.twimg.com\/profile_images\/622420732065284096\/fU2UBo2b_normal.jpg","profile_image_url_https":"https:\/\/pbs.twimg.com\/profile_images\/622420732065284096\/fU2UBo2b_normal.jpg","profile_banner_url":"https:\/\/pbs.twimg.com\/profile_banners\/3225631354\/1441932386","default_profile":false,"default_profile_image":false,"following":null,"follow_request_sent":null,"notifications":null},"geo":null,"coordinates":null,"place":null,"contributors":null,"retweet_count":0,"favorite_count":0,"entities":{"hashtags":[{"text":"FinalRound","indices":[0,11]},{"text":"2015GlamFemale","indices":[12,27]},{"text":"Elections","indices":[28,38]},{"text":"RT","indices":[39,42]},{"text":"Morocco","indices":[59,67]},{"text":"FAV","indices":[68,72]},{"text":"Algeria","indices":[86,94]},{"text":"FoxMusic","indices":[107,116]}],"trends":[],"urls":[],"user_mentions":[],"symbols":[],"media":[{"id":642106073751638016,"id_str":"642106073751638016","indices":[117,139],"media_url":"http:\/\/pbs.twimg.com\/media\/COk4EnIWUAAS8xr.jpg","media_url_https":"https:\/\/pbs.twimg.com\/media\/COk4EnIWUAAS8xr.jpg","url":"http:\/\/t.co\/BXA6UPrIVk","display_url":"pic.twitter.com\/BXA6UPrIVk","expanded_url":"http:\/\/twitter.com\/FoxMusicME\/status\/642106075173548033\/photo\/1","type":"photo","sizes":{"large":{"w":671,"h":537,"resize":"fit"},"small":{"w":340,"h":272,"resize":"fit"},"thumb":{"w":150,"h":150,"resize":"crop"},"medium":{"w":600,"h":480,"resize":"fit"}}}]},"extended_entities":{"media":[{"id":642106073751638016,"id_str":"642106073751638016","indices":[117,139],"media_url":"http:\/\/pbs.twimg.com\/media\/COk4EnIWUAAS8xr.jpg","media_url_https":"https:\/\/pbs.twimg.com\/media\/COk4EnIWUAAS8xr.jpg","url":"http:\/\/t.co\/BXA6UPrIVk","display_url":"pic.twitter.com\/BXA6UPrIVk","expanded_url":"http:\/\/twitter.com\/FoxMusicME\/status\/642106075173548033\/photo\/1","type":"photo","sizes":{"large":{"w":671,"h":537,"resize":"fit"},"small":{"w":340,"h":272,"resize":"fit"},"thumb":{"w":150,"h":150,"resize":"crop"},"medium":{"w":600,"h":480,"resize":"fit"}}}]},"favorited":false,"retweeted":false,"possibly_sensitive":false,"filter_level":"low","lang":"sv"},"retweet_count":0,"favorite_count":0,"entities":{"hashtags":[],"trends":[],"urls":[{"url":"https:\/\/t.co\/DiYD3XlJP0","expanded_url":"https:\/\/twitter.com\/FoxMusicME\/status\/642106075173548033","display_url":"twitter.com\/FoxMusicME\/sta\u2026","indices":[11,34]}],"user_mentions":[{"screen_name":"saddfdsff","name":"**\u0645\u0644\u0643\u0629 \u0642\u0644\u0628\u064a \u0628\u0633\u0648\u0645\u0629**","id":2478536546,"id_str":"2478536546","indices":[0,10]}],"symbols":[]},"favorited":false,"retweeted":false,"possibly_sensitive":false,"filter_level":"low","lang":"de","timestamp_ms":"1442016918178"}
