{"created_at":"Fri Sep 11 23:56:20 +0000 2015","id":642486866210627584,"id_str":"642486866210627584","text":"RT @srfnews: Schweizer Wirtschaft vor grossen Herausforderungen: Regeln einf\u00fchren oder abbauen? Die Debatte in der #srfarena. http:\/\/t.co\/F\u2026","source":"\u003ca href=\"http:\/\/twitter.com\/download\/iphone\" rel=\"nofollow\"\u003eTwitter for iPhone\u003c\/a\u003e","truncated":false,"in_reply_to_status_id":null,"in_reply_to_status_id_str":null,"in_reply_to_user_id":null,"in_reply_to_user_id_str":null,"in_reply_to_screen_name":null,"user":{"id":492113869,"id_str":"492113869","name":"Jonas Projer","screen_name":"jonasprojer","location":"Zurich","url":null,"description":"Moderator & Redaktionsleiter #srfarena.","protected":false,"verified":true,"followers_count":2363,"friends_count":86,"listed_count":59,"favourites_count":552,"statuses_count":560,"created_at":"Tue Feb 14 11:03:26 +0000 2012","utc_offset":10800,"time_zone":"Athens","geo_enabled":false,"lang":"en","contributors_enabled":false,"is_translator":false,"profile_background_color":"C0DEED","profile_background_image_url":"http:\/\/abs.twimg.com\/images\/themes\/theme1\/bg.png","profile_background_image_url_https":"https:\/\/abs.twimg.com\/images\/themes\/theme1\/bg.png","profile_background_tile":false,"profile_link_color":"0084B4","profile_sidebar_border_color":"C0DEED","profile_sidebar_fill_color":"DDEEF6","profile_text_color":"333333","profile_use_background_image":true,"profile_image_url":"http:\/\/pbs.twimg.com\/profile_images\/599286033386229760\/SeyKHRjy_normal.jpg","profile_image_url_https":"https:\/\/pbs.twimg.com\/profile_images\/599286033386229760\/SeyKHRjy_normal.jpg","profile_banner_url":"https:\/\/pbs.twimg.com\/profile_banners\/492113869\/1430832106","default_profile":true,"default_profile_image":false,"following":null,"follow_request_sent":null,"notifications":null},"geo":null,"coordinates":null,"place":null,"contributors":null,"retweeted_status":{"created_at":"Fri Sep 11 23:44:31 +0000 2015","id":642483893858381824,"id_str":"642483893858381824","text":"Schweizer Wirtschaft vor grossen Herausforderungen: Regeln einf\u00fchren oder abbauen? Die Debatte in der #srfarena. http:\/\/t.co\/F3ZgDdUV9c ^red","source":"\u003ca href=\"https:\/\/about.twitter.com\/products\/tweetdeck\" rel=\"nofollow\"\u003eTweetDeck\u003c\/a\u003e","truncated":false,"in_reply_to_status_id":null,"in_reply_to_status_id_str":null,"in_reply_to_user_id":null,"in_reply_to_user_id_str":null,"in_reply_to_screen_name":null,"user":{"id":17864468,"id_str":"17864468","name":"SRF News","screen_name":"srfnews","location":"Switzerland","url":"http:\/\/www.srf.ch\/news","description":"V. B\u00fchr ^vb, F. Frey ^ff, C. Gall ^cg, S. H\u00fcbner ^sh, A. Kr\u00fcger ^ak, U. Mai ^um, M. Meyer ^mm, N. Ruffo ^nr, C. Schubert ^cs, K. Weber ^kw, Newsredaktion ^red","protected":false,"verified":true,"followers_count":103026,"friends_count":21,"listed_count":773,"favourites_count":307,"statuses_count":86578,"created_at":"Thu Dec 04 09:55:34 +0000 2008","utc_offset":7200,"time_zone":"Bern","geo_enabled":false,"lang":"de","contributors_enabled":false,"is_translator":false,"profile_background_color":"E60909","profile_background_image_url":"http:\/\/pbs.twimg.com\/profile_background_images\/739271170\/0f99f36bce7e89f0f142d14fec4af302.jpeg","profile_background_image_url_https":"https:\/\/pbs.twimg.com\/profile_background_images\/739271170\/0f99f36bce7e89f0f142d14fec4af302.jpeg","profile_background_tile":false,"profile_link_color":"E60909","profile_sidebar_border_color":"FFFFFF","profile_sidebar_fill_color":"DEDEDE","profile_text_color":"333333","profile_use_background_image":true,"profile_image_url":"http:\/\/pbs.twimg.com\/profile_images\/471294691783098369\/x9C02baa_normal.png","profile_image_url_https":"https:\/\/pbs.twimg.com\/profile_images\/471294691783098369\/x9C02baa_normal.png","profile_banner_url":"https:\/\/pbs.twimg.com\/profile_banners\/17864468\/1401200407","default_profile":false,"default_profile_image":false,"following":null,"follow_request_sent":null,"notifications":null},"geo":null,"coordinates":null,"place":null,"contributors":null,"retweet_count":1,"favorite_count":0,"entities":{"hashtags":[{"text":"srfarena","indices":[102,111]}],"trends":[],"urls":[{"url":"http:\/\/t.co\/F3ZgDdUV9c","expanded_url":"http:\/\/srf.ch\/news\/wahlen\/wahl-lokal\/wahl-arena-wir-muessen-die-wirtschaft-integral-verstehen","display_url":"srf.ch\/news\/wahlen\/wa\u2026","indices":[113,135]}],"user_mentions":[],"symbols":[]},"favorited":false,"retweeted":false,"possibly_sensitive":false,"filter_level":"low","lang":"de"},"retweet_count":0,"favorite_count":0,"entities":{"hashtags":[{"text":"srfarena","indices":[115,124]}],"trends":[],"urls":[{"url":"http:\/\/t.co\/F3ZgDdUV9c","expanded_url":"http:\/\/srf.ch\/news\/wahlen\/wahl-lokal\/wahl-arena-wir-muessen-die-wirtschaft-integral-verstehen","display_url":"srf.ch\/news\/wahlen\/wa\u2026","indices":[126,140]}],"user_mentions":[{"screen_name":"srfnews","name":"SRF News","id":17864468,"id_str":"17864468","indices":[3,11]}],"symbols":[]},"favorited":false,"retweeted":false,"possibly_sensitive":false,"filter_level":"low","lang":"de","timestamp_ms":"1442015780390"}
