{"created_at":"Thu Sep 10 20:29:43 +0000 2015","id":642072480396509184,"id_str":"642072480396509184","text":"#Bamberg  Samstag 12.9 12:30 gegen\u00fcber Bahnhofsvorplatz \"Nazis vertreiben \u2013 Fl\u00fcchtlinge bleiben\" Gegenkundgebung... http:\/\/t.co\/JRxlRe2EbH","source":"\u003ca href=\"http:\/\/www.facebook.com\/twitter\" rel=\"nofollow\"\u003eFacebook\u003c\/a\u003e","truncated":false,"in_reply_to_status_id":null,"in_reply_to_status_id_str":null,"in_reply_to_user_id":null,"in_reply_to_user_id_str":null,"in_reply_to_screen_name":null,"user":{"id":2941978445,"id_str":"2941978445","name":"NOn\u00fcgida","screen_name":"NOnuegida","location":"","url":"https:\/\/www.facebook.com\/NOnueglda","description":"NOn\u00fcgida - N\u00fcrnberg gegen N\u00fcgida!\nWir sind N\u00fcrnberg!\nWir sind bunt!\nFl\u00fcchtlinge sind bei uns willkommen - Pegidioten nicht","protected":false,"verified":false,"followers_count":388,"friends_count":100,"listed_count":17,"favourites_count":1482,"statuses_count":3129,"created_at":"Fri Dec 26 10:43:16 +0000 2014","utc_offset":7200,"time_zone":"Ljubljana","geo_enabled":false,"lang":"de","contributors_enabled":false,"is_translator":false,"profile_background_color":"C0DEED","profile_background_image_url":"http:\/\/abs.twimg.com\/images\/themes\/theme1\/bg.png","profile_background_image_url_https":"https:\/\/abs.twimg.com\/images\/themes\/theme1\/bg.png","profile_background_tile":false,"profile_link_color":"0084B4","profile_sidebar_border_color":"C0DEED","profile_sidebar_fill_color":"DDEEF6","profile_text_color":"333333","profile_use_background_image":true,"profile_image_url":"http:\/\/pbs.twimg.com\/profile_images\/640200788149669888\/etqGzdQI_normal.jpg","profile_image_url_https":"https:\/\/pbs.twimg.com\/profile_images\/640200788149669888\/etqGzdQI_normal.jpg","profile_banner_url":"https:\/\/pbs.twimg.com\/profile_banners\/2941978445\/1419591793","default_profile":true,"default_profile_image":false,"following":null,"follow_request_sent":null,"notifications":null},"geo":null,"coordinates":null,"place":null,"contributors":null,"retweet_count":0,"favorite_count":0,"entities":{"hashtags":[{"text":"Bamberg","indices":[0,8]}],"trends":[],"urls":[{"url":"http:\/\/t.co\/JRxlRe2EbH","expanded_url":"http:\/\/fb.me\/4ImyHSAEq","display_url":"fb.me\/4ImyHSAEq","indices":[116,138]}],"user_mentions":[],"symbols":[]},"favorited":false,"retweeted":false,"possibly_sensitive":false,"filter_level":"low","lang":"de","timestamp_ms":"1441916983113"}
