{"created_at":"Fri Sep 11 23:55:40 +0000 2015","id":642486699273097216,"id_str":"642486699273097216","text":"Wagenknecht: USA m\u00fcssen Kosten f\u00fcr Fl\u00fcchtlingskrise in Europa mittragen http:\/\/t.co\/aJcNU49hlZ - USA muss auch aufnehmen ,nicht nur Zahlen!","source":"\u003ca href=\"http:\/\/twitter.com\/#!\/download\/ipad\" rel=\"nofollow\"\u003eTwitter for iPad\u003c\/a\u003e","truncated":false,"in_reply_to_status_id":null,"in_reply_to_status_id_str":null,"in_reply_to_user_id":null,"in_reply_to_user_id_str":null,"in_reply_to_screen_name":null,"user":{"id":60985838,"id_str":"60985838","name":"Astrid Haessig","screen_name":"Spriggel","location":"W\u00e4denswil, Schweiz","url":null,"description":"Fachlehrer Handarbeit+Werken \u2013Vielf\u00e4ltige Hobbys\u2013#Nationalratkandidat #DU ZH http\/\/:http:\/\/www.dieunpolitischen.ch #AHV#SCHULE#SCHUTZ #5 #Generationen #Liste#24","protected":false,"verified":false,"followers_count":1528,"friends_count":1951,"listed_count":64,"favourites_count":8201,"statuses_count":8567,"created_at":"Tue Jul 28 18:47:46 +0000 2009","utc_offset":null,"time_zone":null,"geo_enabled":true,"lang":"en","contributors_enabled":false,"is_translator":false,"profile_background_color":"C0DEED","profile_background_image_url":"http:\/\/abs.twimg.com\/images\/themes\/theme1\/bg.png","profile_background_image_url_https":"https:\/\/abs.twimg.com\/images\/themes\/theme1\/bg.png","profile_background_tile":false,"profile_link_color":"0084B4","profile_sidebar_border_color":"C0DEED","profile_sidebar_fill_color":"DDEEF6","profile_text_color":"333333","profile_use_background_image":true,"profile_image_url":"http:\/\/pbs.twimg.com\/profile_images\/636186231957778432\/NTw5IoTY_normal.jpg","profile_image_url_https":"https:\/\/pbs.twimg.com\/profile_images\/636186231957778432\/NTw5IoTY_normal.jpg","profile_banner_url":"https:\/\/pbs.twimg.com\/profile_banners\/60985838\/1440608754","default_profile":true,"default_profile_image":false,"following":null,"follow_request_sent":null,"notifications":null},"geo":null,"coordinates":null,"place":{"id":"0f6a8507966ade3f","url":"https:\/\/api.twitter.com\/1.1\/geo\/id\/0f6a8507966ade3f.json","place_type":"city","name":"W\u00e4denswil","full_name":"W\u00e4denswil, Z\u00fcrich","country_code":"CH","country":"Schweiz","bounding_box":{"type":"Polygon","coordinates":[[[8.617058,47.200221],[8.617058,47.257951],[8.703449,47.257951],[8.703449,47.200221]]]},"attributes":{}},"contributors":null,"retweet_count":0,"favorite_count":0,"entities":{"hashtags":[],"trends":[],"urls":[{"url":"http:\/\/t.co\/aJcNU49hlZ","expanded_url":"http:\/\/de.sputniknews.com\/politik\/20150910\/304251817.html","display_url":"de.sputniknews.com\/politik\/201509\u2026","indices":[72,94]}],"user_mentions":[],"symbols":[]},"favorited":false,"retweeted":false,"possibly_sensitive":false,"filter_level":"low","lang":"de","timestamp_ms":"1442015740589"}
