{"created_at":"Sat Sep 12 19:53:27 +0000 2015","id":642788128965660672,"id_str":"642788128965660672","text":"PANOPTIKUS BLOG: \n\n&gt;&gt; Die Asylflut soll Europa destabilisieren &lt;&lt;  http:\/\/t.co\/0A3EZZOr4m \u2026 \n#refugeescrisis #refugeeswelcome #Gesellschaft","source":"\u003ca href=\"http:\/\/twitter.com\" rel=\"nofollow\"\u003eTwitter Web Client\u003c\/a\u003e","truncated":false,"in_reply_to_status_id":null,"in_reply_to_status_id_str":null,"in_reply_to_user_id":null,"in_reply_to_user_id_str":null,"in_reply_to_screen_name":null,"user":{"id":181836777,"id_str":"181836777","name":"Der Meinungsmacher","screen_name":"Zombiekinghouse","location":"Eisenh\u00fcttenstadt","url":"http:\/\/zombiekingshouse.blogspot.com\/","description":"Autor, Blogger. Folgt mir, denn eine eigene Meinung ist v\u00f6llig \u00fcberbewertet :D Blogger. Follow me, the opinion is totally overrated.","protected":false,"verified":false,"followers_count":2471,"friends_count":1987,"listed_count":147,"favourites_count":2794,"statuses_count":49893,"created_at":"Mon Aug 23 04:53:28 +0000 2010","utc_offset":-7200,"time_zone":"Greenland","geo_enabled":true,"lang":"de","contributors_enabled":false,"is_translator":false,"profile_background_color":"C0DEED","profile_background_image_url":"http:\/\/pbs.twimg.com\/profile_background_images\/343412511\/61343_157772717575351_100000278718362_433148_2330027_n.jpg","profile_background_image_url_https":"https:\/\/pbs.twimg.com\/profile_background_images\/343412511\/61343_157772717575351_100000278718362_433148_2330027_n.jpg","profile_background_tile":true,"profile_link_color":"0084B4","profile_sidebar_border_color":"C0DEED","profile_sidebar_fill_color":"DDEEF6","profile_text_color":"333333","profile_use_background_image":true,"profile_image_url":"http:\/\/pbs.twimg.com\/profile_images\/539110132236316672\/kJiW1W7q_normal.jpeg","profile_image_url_https":"https:\/\/pbs.twimg.com\/profile_images\/539110132236316672\/kJiW1W7q_normal.jpeg","profile_banner_url":"https:\/\/pbs.twimg.com\/profile_banners\/181836777\/1423649459","default_profile":false,"default_profile_image":false,"following":null,"follow_request_sent":null,"notifications":null},"geo":null,"coordinates":null,"place":{"id":"dab9f41fc2d9b20a","url":"https:\/\/api.twitter.com\/1.1\/geo\/id\/dab9f41fc2d9b20a.json","place_type":"city","name":"Eisenh\u00fcttenstadt","full_name":"Eisenh\u00fcttenstadt, Brandenburg","country_code":"DE","country":"Deutschland","bounding_box":{"type":"Polygon","coordinates":[[[14.565439,52.09572],[14.565439,52.227928],[14.705402,52.227928],[14.705402,52.09572]]]},"attributes":{}},"contributors":null,"retweet_count":0,"favorite_count":0,"entities":{"hashtags":[{"text":"refugeescrisis","indices":[105,120]},{"text":"refugeeswelcome","indices":[121,137]},{"text":"Gesellschaft","indices":[138,151]}],"trends":[],"urls":[{"url":"http:\/\/t.co\/0A3EZZOr4m","expanded_url":"http:\/\/ln.is\/blogspot.com\/xNmpE","display_url":"ln.is\/blogspot.com\/x\u2026","indices":[79,101]}],"user_mentions":[],"symbols":[]},"favorited":false,"retweeted":false,"possibly_sensitive":false,"filter_level":"low","lang":"de","timestamp_ms":"1442087607028"}
