{"created_at":"Thu Sep 10 20:28:41 +0000 2015","id":642072222761357312,"id_str":"642072222761357312","text":"Spanien gewinnt mit einem Punkt Unterschied? Eine nie da gewesene Effizienz! Schuld ist klar die deutsche Politik \ud83d\ude2b #GERESP #EuroBasket2015","source":"\u003ca href=\"http:\/\/twitter.com\/download\/iphone\" rel=\"nofollow\"\u003eTwitter for iPhone\u003c\/a\u003e","truncated":false,"in_reply_to_status_id":null,"in_reply_to_status_id_str":null,"in_reply_to_user_id":null,"in_reply_to_user_id_str":null,"in_reply_to_screen_name":null,"user":{"id":3021495261,"id_str":"3021495261","name":"Judith Beck","screen_name":"bout_ju","location":"Stephanskirchen, Bayern","url":null,"description":"Press Officer and Communications Manager at SUPERBIKE*IDM - Sports Writer - Rasende Reporterin - Karla Kolumna","protected":false,"verified":false,"followers_count":45,"friends_count":91,"listed_count":6,"favourites_count":11,"statuses_count":116,"created_at":"Fri Feb 06 14:26:51 +0000 2015","utc_offset":null,"time_zone":null,"geo_enabled":false,"lang":"de","contributors_enabled":false,"is_translator":false,"profile_background_color":"000000","profile_background_image_url":"http:\/\/abs.twimg.com\/images\/themes\/theme1\/bg.png","profile_background_image_url_https":"https:\/\/abs.twimg.com\/images\/themes\/theme1\/bg.png","profile_background_tile":false,"profile_link_color":"9495CC","profile_sidebar_border_color":"000000","profile_sidebar_fill_color":"000000","profile_text_color":"000000","profile_use_background_image":false,"profile_image_url":"http:\/\/pbs.twimg.com\/profile_images\/606831111549939712\/XB2diz8E_normal.jpg","profile_image_url_https":"https:\/\/pbs.twimg.com\/profile_images\/606831111549939712\/XB2diz8E_normal.jpg","profile_banner_url":"https:\/\/pbs.twimg.com\/profile_banners\/3021495261\/1436795680","default_profile":false,"default_profile_image":false,"following":null,"follow_request_sent":null,"notifications":null},"geo":null,"coordinates":null,"place":null,"contributors":null,"retweet_count":0,"favorite_count":0,"entities":{"hashtags":[{"text":"GERESP","indices":[116,123]},{"text":"EuroBasket2015","indices":[124,139]}],"trends":[],"urls":[],"user_mentions":[],"symbols":[]},"favorited":false,"retweeted":false,"possibly_sensitive":false,"filter_level":"low","lang":"de","timestamp_ms":"1441916921688"}
