{"created_at":"Thu Sep 10 20:29:59 +0000 2015","id":642072549791268865,"id_str":"642072549791268865","text":"RT @streifi82: was war das???? ein mann mit einem KIND und keinem smartphone in der hand - sicher ein \"fake-fl\u00fcchtling\" ... #zib2 #refugees\u2026","source":"\u003ca href=\"http:\/\/twitter.com\/download\/android\" rel=\"nofollow\"\u003eTwitter for Android\u003c\/a\u003e","truncated":false,"in_reply_to_status_id":null,"in_reply_to_status_id_str":null,"in_reply_to_user_id":null,"in_reply_to_user_id_str":null,"in_reply_to_screen_name":null,"user":{"id":979233865,"id_str":"979233865","name":"Unbesorgter B\u00fcrger","screen_name":"Catman_66","location":"","url":null,"description":"Sport, Kunst, Kultur, Politik, Wissenschaft, Technik, Fremdsprachen, Beziehungen - und vieles mehr von dem ich keine Ahnung habe","protected":false,"verified":false,"followers_count":100,"friends_count":274,"listed_count":9,"favourites_count":3818,"statuses_count":2557,"created_at":"Thu Nov 29 21:50:00 +0000 2012","utc_offset":null,"time_zone":null,"geo_enabled":false,"lang":"de","contributors_enabled":false,"is_translator":false,"profile_background_color":"C0DEED","profile_background_image_url":"http:\/\/abs.twimg.com\/images\/themes\/theme1\/bg.png","profile_background_image_url_https":"https:\/\/abs.twimg.com\/images\/themes\/theme1\/bg.png","profile_background_tile":false,"profile_link_color":"0084B4","profile_sidebar_border_color":"C0DEED","profile_sidebar_fill_color":"DDEEF6","profile_text_color":"333333","profile_use_background_image":true,"profile_image_url":"http:\/\/pbs.twimg.com\/profile_images\/2990755247\/1481866b0fc00fa257c77cab06709e5f_normal.jpeg","profile_image_url_https":"https:\/\/pbs.twimg.com\/profile_images\/2990755247\/1481866b0fc00fa257c77cab06709e5f_normal.jpeg","profile_banner_url":"https:\/\/pbs.twimg.com\/profile_banners\/979233865\/1431794460","default_profile":true,"default_profile_image":false,"following":null,"follow_request_sent":null,"notifications":null},"geo":null,"coordinates":null,"place":null,"contributors":null,"retweeted_status":{"created_at":"Thu Sep 10 20:27:06 +0000 2015","id":642071825204293632,"id_str":"642071825204293632","text":"was war das???? ein mann mit einem KIND und keinem smartphone in der hand - sicher ein \"fake-fl\u00fcchtling\" ... #zib2 #refugeeswelcome","source":"\u003ca href=\"http:\/\/twitter.com\" rel=\"nofollow\"\u003eTwitter Web Client\u003c\/a\u003e","truncated":false,"in_reply_to_status_id":null,"in_reply_to_status_id_str":null,"in_reply_to_user_id":null,"in_reply_to_user_id_str":null,"in_reply_to_screen_name":null,"user":{"id":226968415,"id_str":"226968415","name":"Thomas Streif","screen_name":"streifi82","location":"Ried im Innkreis","url":"http:\/\/www.nachrichten.at","description":"Journalist bei den Ober\u00f6sterreichischen Nachrichten \u2013 Interessiert vor allem an Sport, Politik, Chronik ... Gezwitschert wird privat!","protected":false,"verified":false,"followers_count":1052,"friends_count":1000,"listed_count":37,"favourites_count":2947,"statuses_count":8544,"created_at":"Wed Dec 15 15:20:20 +0000 2010","utc_offset":7200,"time_zone":"Vienna","geo_enabled":true,"lang":"de","contributors_enabled":false,"is_translator":false,"profile_background_color":"ABB8C2","profile_background_image_url":"http:\/\/pbs.twimg.com\/profile_background_images\/181890580\/Hintergrund_Twitter.jpg","profile_background_image_url_https":"https:\/\/pbs.twimg.com\/profile_background_images\/181890580\/Hintergrund_Twitter.jpg","profile_background_tile":false,"profile_link_color":"4A913C","profile_sidebar_border_color":"A8C7F7","profile_sidebar_fill_color":"C0DFEC","profile_text_color":"333333","profile_use_background_image":false,"profile_image_url":"http:\/\/pbs.twimg.com\/profile_images\/578671313641955328\/myLrNolZ_normal.jpeg","profile_image_url_https":"https:\/\/pbs.twimg.com\/profile_images\/578671313641955328\/myLrNolZ_normal.jpeg","profile_banner_url":"https:\/\/pbs.twimg.com\/profile_banners\/226968415\/1399577481","default_profile":false,"default_profile_image":false,"following":null,"follow_request_sent":null,"notifications":null},"geo":null,"coordinates":null,"place":null,"contributors":null,"retweet_count":1,"favorite_count":1,"entities":{"hashtags":[{"text":"zib2","indices":[109,114]},{"text":"refugeeswelcome","indices":[115,131]}],"trends":[],"urls":[],"user_mentions":[],"symbols":[]},"favorited":false,"retweeted":false,"possibly_sensitive":false,"filter_level":"low","lang":"de"},"retweet_count":0,"favorite_count":0,"entities":{"hashtags":[{"text":"zib2","indices":[124,129]},{"text":"refugeeswelcome","indices":[130,140]}],"trends":[],"urls":[],"user_mentions":[{"screen_name":"streifi82","name":"Thomas Streif","id":226968415,"id_str":"226968415","indices":[3,13]}],"symbols":[]},"favorited":false,"retweeted":false,"possibly_sensitive":false,"filter_level":"low","lang":"de","timestamp_ms":"1441916999658"}
