{"created_at":"Sat Sep 12 00:07:36 +0000 2015","id":642489700054355968,"id_str":"642489700054355968","text":"@HeldenDieb 26,06 \u20ac f\u00fcr Fl\u00fcchtlinge gespendet, WOW.","source":"\u003ca href=\"http:\/\/twitter.com\/download\/android\" rel=\"nofollow\"\u003eTwitter for Android\u003c\/a\u003e","truncated":false,"in_reply_to_status_id":642488792725721092,"in_reply_to_status_id_str":"642488792725721092","in_reply_to_user_id":702012942,"in_reply_to_user_id_str":"702012942","in_reply_to_screen_name":"HeldenDieb","user":{"id":517983252,"id_str":"517983252","name":"Trash~L\u00e4ufer-(W)irr\u2122","screen_name":"benedetusmc","location":"NRW","url":"http:\/\/www.HaltDieFresse.tv","description":"Bonkers! ra ra ra ra ra ra - ra ra ra around the world ~ I'd give it to you! ~ domian ~ effzeh ~ Trashtv ~ HACKFLEISCH! Tweetet P\u00e4rchenschei\u00dfe mit @motte1985de","protected":false,"verified":false,"followers_count":1293,"friends_count":884,"listed_count":33,"favourites_count":58784,"statuses_count":19441,"created_at":"Wed Mar 07 22:16:17 +0000 2012","utc_offset":7200,"time_zone":"Ljubljana","geo_enabled":true,"lang":"de","contributors_enabled":false,"is_translator":false,"profile_background_color":"000000","profile_background_image_url":"http:\/\/abs.twimg.com\/images\/themes\/theme1\/bg.png","profile_background_image_url_https":"https:\/\/abs.twimg.com\/images\/themes\/theme1\/bg.png","profile_background_tile":false,"profile_link_color":"3B94D9","profile_sidebar_border_color":"000000","profile_sidebar_fill_color":"000000","profile_text_color":"000000","profile_use_background_image":false,"profile_image_url":"http:\/\/pbs.twimg.com\/profile_images\/639606900678598656\/UHCWGI_B_normal.jpg","profile_image_url_https":"https:\/\/pbs.twimg.com\/profile_images\/639606900678598656\/UHCWGI_B_normal.jpg","profile_banner_url":"https:\/\/pbs.twimg.com\/profile_banners\/517983252\/1441329543","default_profile":false,"default_profile_image":false,"following":null,"follow_request_sent":null,"notifications":null},"geo":null,"coordinates":null,"place":null,"contributors":null,"retweet_count":0,"favorite_count":0,"entities":{"hashtags":[],"trends":[],"urls":[],"user_mentions":[{"screen_name":"HeldenDieb","name":"Lars Fillmore","id":702012942,"id_str":"702012942","indices":[0,11]}],"symbols":[]},"favorited":false,"retweeted":false,"possibly_sensitive":false,"filter_level":"low","lang":"de","timestamp_ms":"1442016456031"}
