{"created_at":"Sat Sep 12 00:09:11 +0000 2015","id":642490100442656768,"id_str":"642490100442656768","text":"Schlussendlich: F\u00fcr einen friedlicheren Nahen Osten brauchen wir einen unab. kurd. Staat, eine t\u00fcrkische Politik,die die PKK nicht bek\u00e4mpft.","source":"\u003ca href=\"http:\/\/twitter.com\" rel=\"nofollow\"\u003eTwitter Web Client\u003c\/a\u003e","truncated":false,"in_reply_to_status_id":null,"in_reply_to_status_id_str":null,"in_reply_to_user_id":null,"in_reply_to_user_id_str":null,"in_reply_to_screen_name":null,"user":{"id":184443877,"id_str":"184443877","name":"Emre","screen_name":"emrethenose","location":"Berlin","url":null,"description":"Eline vereyim mi?  \/ Luft- und Raumfahrttechnik","protected":false,"verified":false,"followers_count":79,"friends_count":42,"listed_count":0,"favourites_count":153,"statuses_count":5223,"created_at":"Sun Aug 29 15:34:56 +0000 2010","utc_offset":7200,"time_zone":"Berlin","geo_enabled":true,"lang":"en","contributors_enabled":false,"is_translator":false,"profile_background_color":"131516","profile_background_image_url":"http:\/\/abs.twimg.com\/images\/themes\/theme14\/bg.gif","profile_background_image_url_https":"https:\/\/abs.twimg.com\/images\/themes\/theme14\/bg.gif","profile_background_tile":false,"profile_link_color":"131516","profile_sidebar_border_color":"FFFFFF","profile_sidebar_fill_color":"EFEFEF","profile_text_color":"333333","profile_use_background_image":false,"profile_image_url":"http:\/\/pbs.twimg.com\/profile_images\/585340576645644288\/QoyxUuIA_normal.jpg","profile_image_url_https":"https:\/\/pbs.twimg.com\/profile_images\/585340576645644288\/QoyxUuIA_normal.jpg","profile_banner_url":"https:\/\/pbs.twimg.com\/profile_banners\/184443877\/1416169214","default_profile":false,"default_profile_image":false,"following":null,"follow_request_sent":null,"notifications":null},"geo":null,"coordinates":null,"place":{"id":"3078869807f9dd36","url":"https:\/\/api.twitter.com\/1.1\/geo\/id\/3078869807f9dd36.json","place_type":"city","name":"Berlin","full_name":"Berlin, Germany","country_code":"DE","country":"Deutschland","bounding_box":{"type":"Polygon","coordinates":[[[13.088304,52.338079],[13.088304,52.675323],[13.760909,52.675323],[13.760909,52.338079]]]},"attributes":{}},"contributors":null,"retweet_count":0,"favorite_count":0,"entities":{"hashtags":[],"trends":[],"urls":[],"user_mentions":[],"symbols":[]},"favorited":false,"retweeted":false,"possibly_sensitive":false,"filter_level":"low","lang":"de","timestamp_ms":"1442016551491"}
