{"created_at":"Fri Sep 11 23:56:44 +0000 2015","id":642486966064410624,"id_str":"642486966064410624","text":"#refugeeswelcome wir ben\u00f6tigen JETZT dringend einen ernsthaften Masterplan wie es weitergehen soll mit der EU https:\/\/t.co\/GJ2bKhBFDy","source":"\u003ca href=\"http:\/\/twitter.com\/download\/iphone\" rel=\"nofollow\"\u003eTwitter for iPhone\u003c\/a\u003e","truncated":false,"in_reply_to_status_id":null,"in_reply_to_status_id_str":null,"in_reply_to_user_id":null,"in_reply_to_user_id_str":null,"in_reply_to_screen_name":null,"user":{"id":627633441,"id_str":"627633441","name":"Naked Truth","screen_name":"michaelprause","location":"on planet earth","url":null,"description":"Offen, direkt, unzensiert! Freiheit beginnt im Kopf nicht im Plenarsaal...","protected":false,"verified":false,"followers_count":7,"friends_count":39,"listed_count":0,"favourites_count":12,"statuses_count":116,"created_at":"Thu Jul 05 17:14:39 +0000 2012","utc_offset":7200,"time_zone":"Brussels","geo_enabled":false,"lang":"de","contributors_enabled":false,"is_translator":false,"profile_background_color":"C0DEED","profile_background_image_url":"http:\/\/abs.twimg.com\/images\/themes\/theme1\/bg.png","profile_background_image_url_https":"https:\/\/abs.twimg.com\/images\/themes\/theme1\/bg.png","profile_background_tile":false,"profile_link_color":"0084B4","profile_sidebar_border_color":"C0DEED","profile_sidebar_fill_color":"DDEEF6","profile_text_color":"333333","profile_use_background_image":true,"profile_image_url":"http:\/\/pbs.twimg.com\/profile_images\/2754476648\/9bc6ef308d21a491d5d387e3b73f4746_normal.jpeg","profile_image_url_https":"https:\/\/pbs.twimg.com\/profile_images\/2754476648\/9bc6ef308d21a491d5d387e3b73f4746_normal.jpeg","profile_banner_url":"https:\/\/pbs.twimg.com\/profile_banners\/627633441\/1439279370","default_profile":true,"default_profile_image":false,"following":null,"follow_request_sent":null,"notifications":null},"geo":null,"coordinates":null,"place":null,"contributors":null,"quoted_status_id":641549366029783040,"quoted_status_id_str":"641549366029783040","quoted_status":{"created_at":"Wed Sep 09 09:51:02 +0000 2015","id":641549366029783040,"id_str":"641549366029783040","text":"Kanzlerin #Merkel zu Fl\u00fcchtlingskrise: Wir m\u00fcssen jetzt alle anpacken und Hindernisse aus dem Weg r\u00e4umen\nhttps:\/\/t.co\/MkGmAjXTWG","source":"\u003ca href=\"http:\/\/twitter.com\" rel=\"nofollow\"\u003eTwitter Web Client\u003c\/a\u003e","truncated":false,"in_reply_to_status_id":null,"in_reply_to_status_id_str":null,"in_reply_to_user_id":null,"in_reply_to_user_id_str":null,"in_reply_to_screen_name":null,"user":{"id":234343491,"id_str":"234343491","name":"Steffen Seibert","screen_name":"RegSprecher","location":"Berlin","url":"http:\/\/www.bundesregierung.de","description":"Hier twittert Steffen Seibert, Sprecher der Bundesregierung und Chef des Bundespresseamtes (BPA). \r\nTweets seiner Mitarbeiter\/innen enden mit dem K\u00fcrzel (BPA).","protected":false,"verified":true,"followers_count":406434,"friends_count":97,"listed_count":3499,"favourites_count":35,"statuses_count":6933,"created_at":"Wed Jan 05 12:33:25 +0000 2011","utc_offset":7200,"time_zone":"Berlin","geo_enabled":true,"lang":"de","contributors_enabled":false,"is_translator":false,"profile_background_color":"CFDCE5","profile_background_image_url":"http:\/\/pbs.twimg.com\/profile_background_images\/189407728\/wp1.JPG","profile_background_image_url_https":"https:\/\/pbs.twimg.com\/profile_background_images\/189407728\/wp1.JPG","profile_background_tile":true,"profile_link_color":"0084B4","profile_sidebar_border_color":"C0DEED","profile_sidebar_fill_color":"DDEEF6","profile_text_color":"333333","profile_use_background_image":false,"profile_image_url":"http:\/\/pbs.twimg.com\/profile_images\/572360620519878656\/tMFYl1Re_normal.jpeg","profile_image_url_https":"https:\/\/pbs.twimg.com\/profile_images\/572360620519878656\/tMFYl1Re_normal.jpeg","profile_banner_url":"https:\/\/pbs.twimg.com\/profile_banners\/234343491\/1425376722","default_profile":false,"default_profile_image":false,"following":null,"follow_request_sent":null,"notifications":null},"geo":null,"coordinates":null,"place":null,"contributors":null,"retweet_count":0,"favorite_count":0,"entities":{"hashtags":[{"text":"Merkel","indices":[10,17]}],"trends":[],"urls":[{"url":"https:\/\/t.co\/MkGmAjXTWG","expanded_url":"https:\/\/amp.twimg.com\/v\/e57a98f1-870c-4071-ab82-e92d775dc345","display_url":"amp.twimg.com\/v\/e57a98f1-870\u2026","indices":[105,128]}],"user_mentions":[],"symbols":[]},"favorited":false,"retweeted":false,"possibly_sensitive":false,"filter_level":"low","lang":"de"},"retweet_count":0,"favorite_count":0,"entities":{"hashtags":[{"text":"refugeeswelcome","indices":[0,16]}],"trends":[],"urls":[{"url":"https:\/\/t.co\/GJ2bKhBFDy","expanded_url":"https:\/\/twitter.com\/regsprecher\/status\/641549366029783040","display_url":"twitter.com\/regsprecher\/st\u2026","indices":[110,133]}],"user_mentions":[],"symbols":[]},"favorited":false,"retweeted":false,"possibly_sensitive":false,"filter_level":"low","lang":"de","timestamp_ms":"1442015804197"}
