{"created_at":"Fri Sep 11 23:43:08 +0000 2015","id":642483545450127360,"id_str":"642483545450127360","text":"RT @trainofhope_do: 2 Z\u00fcge sind bereits angekommen, ein 3. wird gegen 2 Uhr erwartet. Show support. #trainofhopedo #refugeeswelcome","source":"\u003ca href=\"http:\/\/twitter.com\/download\/iphone\" rel=\"nofollow\"\u003eTwitter for iPhone\u003c\/a\u003e","truncated":false,"in_reply_to_status_id":null,"in_reply_to_status_id_str":null,"in_reply_to_user_id":null,"in_reply_to_user_id_str":null,"in_reply_to_screen_name":null,"user":{"id":21327555,"id_str":"21327555","name":"Tobias Gro\u00dfekemper","screen_name":"tgkms","location":"M\u00fcnster\/ Dortmund","url":"http:\/\/tobeas.wordpress.com","description":"Trennen Sie eigentlich ihren M\u00fcll? - Nicht, wenn's um Sprache geht.","protected":false,"verified":false,"followers_count":728,"friends_count":633,"listed_count":57,"favourites_count":214,"statuses_count":2839,"created_at":"Thu Feb 19 18:59:27 +0000 2009","utc_offset":7200,"time_zone":"Berlin","geo_enabled":false,"lang":"de","contributors_enabled":false,"is_translator":false,"profile_background_color":"F08A1D","profile_background_image_url":"http:\/\/pbs.twimg.com\/profile_background_images\/64315600\/IMG_1473.JPG","profile_background_image_url_https":"https:\/\/pbs.twimg.com\/profile_background_images\/64315600\/IMG_1473.JPG","profile_background_tile":true,"profile_link_color":"43AD28","profile_sidebar_border_color":"A37024","profile_sidebar_fill_color":"8F5E08","profile_text_color":"060669","profile_use_background_image":true,"profile_image_url":"http:\/\/pbs.twimg.com\/profile_images\/631127802864115713\/ptVRvTUH_normal.jpg","profile_image_url_https":"https:\/\/pbs.twimg.com\/profile_images\/631127802864115713\/ptVRvTUH_normal.jpg","profile_banner_url":"https:\/\/pbs.twimg.com\/profile_banners\/21327555\/1401721963","default_profile":false,"default_profile_image":false,"following":null,"follow_request_sent":null,"notifications":null},"geo":null,"coordinates":null,"place":null,"contributors":null,"retweeted_status":{"created_at":"Fri Sep 11 22:41:46 +0000 2015","id":642468101427232768,"id_str":"642468101427232768","text":"2 Z\u00fcge sind bereits angekommen, ein 3. wird gegen 2 Uhr erwartet. Show support. #trainofhopedo #refugeeswelcome","source":"\u003ca href=\"http:\/\/twitter.com\/download\/android\" rel=\"nofollow\"\u003eTwitter for Android\u003c\/a\u003e","truncated":false,"in_reply_to_status_id":null,"in_reply_to_status_id_str":null,"in_reply_to_user_id":null,"in_reply_to_user_id_str":null,"in_reply_to_screen_name":null,"user":{"id":3558523096,"id_str":"3558523096","name":"TrainOfHope Dortmund","screen_name":"trainofhope_do","location":"","url":null,"description":null,"protected":false,"verified":false,"followers_count":1149,"friends_count":34,"listed_count":22,"favourites_count":20,"statuses_count":312,"created_at":"Sat Sep 05 19:22:48 +0000 2015","utc_offset":null,"time_zone":null,"geo_enabled":false,"lang":"de","contributors_enabled":false,"is_translator":false,"profile_background_color":"C0DEED","profile_background_image_url":"http:\/\/abs.twimg.com\/images\/themes\/theme1\/bg.png","profile_background_image_url_https":"https:\/\/abs.twimg.com\/images\/themes\/theme1\/bg.png","profile_background_tile":false,"profile_link_color":"0084B4","profile_sidebar_border_color":"C0DEED","profile_sidebar_fill_color":"DDEEF6","profile_text_color":"333333","profile_use_background_image":true,"profile_image_url":"http:\/\/pbs.twimg.com\/profile_images\/640285657978507265\/maDVpyIq_normal.jpg","profile_image_url_https":"https:\/\/pbs.twimg.com\/profile_images\/640285657978507265\/maDVpyIq_normal.jpg","profile_banner_url":"https:\/\/pbs.twimg.com\/profile_banners\/3558523096\/1441491358","default_profile":true,"default_profile_image":false,"following":null,"follow_request_sent":null,"notifications":null},"geo":null,"coordinates":null,"place":null,"contributors":null,"retweet_count":3,"favorite_count":1,"entities":{"hashtags":[{"text":"trainofhopedo","indices":[80,94]},{"text":"refugeeswelcome","indices":[95,111]}],"trends":[],"urls":[],"user_mentions":[],"symbols":[]},"favorited":false,"retweeted":false,"possibly_sensitive":false,"filter_level":"low","lang":"de"},"retweet_count":0,"favorite_count":0,"entities":{"hashtags":[{"text":"trainofhopedo","indices":[100,114]},{"text":"refugeeswelcome","indices":[115,131]}],"trends":[],"urls":[],"user_mentions":[{"screen_name":"trainofhope_do","name":"TrainOfHope Dortmund","id":3558523096,"id_str":"3558523096","indices":[3,18]}],"symbols":[]},"favorited":false,"retweeted":false,"possibly_sensitive":false,"filter_level":"low","lang":"de","timestamp_ms":"1442014988659"}
