{"created_at":"Fri Sep 11 23:57:23 +0000 2015","id":642487132121092096,"id_str":"642487132121092096","text":"@mcbonnes naja einmal noch Fl\u00fcchtlinge zwischen packen ;)","source":"\u003ca href=\"http:\/\/www.tweetcaster.com\" rel=\"nofollow\"\u003eTweetCaster for Android\u003c\/a\u003e","truncated":false,"in_reply_to_status_id":642485588193636352,"in_reply_to_status_id_str":"642485588193636352","in_reply_to_user_id":105580868,"in_reply_to_user_id_str":"105580868","in_reply_to_screen_name":"mcbonnes","user":{"id":115040619,"id_str":"115040619","name":"Nachtw\u00e4chterin","screen_name":"Nachtgedacht","location":"Around the world","url":null,"description":"Uni, reisen, Domian, Tv-Twittern und was mir sonst grade so \u00fcber den Weg l\u00e4uft (zB ein 2-j\u00e4hriges Kleinkind)","protected":false,"verified":false,"followers_count":1216,"friends_count":543,"listed_count":73,"favourites_count":8212,"statuses_count":104943,"created_at":"Wed Feb 17 12:23:33 +0000 2010","utc_offset":7200,"time_zone":"Berlin","geo_enabled":true,"lang":"de","contributors_enabled":false,"is_translator":false,"profile_background_color":"C0DEED","profile_background_image_url":"http:\/\/pbs.twimg.com\/profile_background_images\/75965779\/DSC_0494.jpg","profile_background_image_url_https":"https:\/\/pbs.twimg.com\/profile_background_images\/75965779\/DSC_0494.jpg","profile_background_tile":true,"profile_link_color":"0084B4","profile_sidebar_border_color":"C0DEED","profile_sidebar_fill_color":"DDEEF6","profile_text_color":"333333","profile_use_background_image":true,"profile_image_url":"http:\/\/pbs.twimg.com\/profile_images\/605118101978497024\/Tv6jnngh_normal.jpg","profile_image_url_https":"https:\/\/pbs.twimg.com\/profile_images\/605118101978497024\/Tv6jnngh_normal.jpg","profile_banner_url":"https:\/\/pbs.twimg.com\/profile_banners\/115040619\/1439326536","default_profile":false,"default_profile_image":false,"following":null,"follow_request_sent":null,"notifications":null},"geo":null,"coordinates":null,"place":null,"contributors":null,"retweet_count":0,"favorite_count":0,"entities":{"hashtags":[],"trends":[],"urls":[],"user_mentions":[{"screen_name":"mcbonnes","name":"Matt","id":105580868,"id_str":"105580868","indices":[0,9]}],"symbols":[]},"favorited":false,"retweeted":false,"possibly_sensitive":false,"filter_level":"low","lang":"de","timestamp_ms":"1442015843788"}
