{"created_at":"Sat Sep 12 19:51:12 +0000 2015","id":642787565989416960,"id_str":"642787565989416960","text":"RT @BR24: Bis zu 5.000 #Fl\u00fcchtlinge m\u00fcssen im Hauptbahnhof die Nacht auf dem Boden verbringen. http:\/\/t.co\/Jbx4gw6eGd","source":"\u003ca href=\"http:\/\/twitter.com\/download\/iphone\" rel=\"nofollow\"\u003eTwitter for iPhone\u003c\/a\u003e","truncated":false,"in_reply_to_status_id":null,"in_reply_to_status_id_str":null,"in_reply_to_user_id":null,"in_reply_to_user_id_str":null,"in_reply_to_screen_name":null,"user":{"id":140074228,"id_str":"140074228","name":"report M\u00fcnchen","screen_name":"reportmuenchen","location":"M\u00fcnchen, Deutschland","url":"http:\/\/www.report.de","description":"Aktuelles zu unseren Stories. Feedback. Nachgehakt: Was haben unsere Beitr\u00e4ge bewegt? Spannendes aus der Politik. Hier twittert die report M\u00dcNCHEN-Redaktion.","protected":false,"verified":true,"followers_count":3525,"friends_count":894,"listed_count":153,"favourites_count":92,"statuses_count":3011,"created_at":"Tue May 04 14:00:48 +0000 2010","utc_offset":-7200,"time_zone":"Greenland","geo_enabled":true,"lang":"de","contributors_enabled":false,"is_translator":false,"profile_background_color":"F1F1EF","profile_background_image_url":"http:\/\/pbs.twimg.com\/profile_background_images\/378800000001819617\/84a07eb640af0cf7a000f2d840182fb7.jpeg","profile_background_image_url_https":"https:\/\/pbs.twimg.com\/profile_background_images\/378800000001819617\/84a07eb640af0cf7a000f2d840182fb7.jpeg","profile_background_tile":false,"profile_link_color":"0081C6","profile_sidebar_border_color":"FFFFFF","profile_sidebar_fill_color":"E5F2F9","profile_text_color":"004182","profile_use_background_image":true,"profile_image_url":"http:\/\/pbs.twimg.com\/profile_images\/460751615587135492\/4fScKSda_normal.png","profile_image_url_https":"https:\/\/pbs.twimg.com\/profile_images\/460751615587135492\/4fScKSda_normal.png","profile_banner_url":"https:\/\/pbs.twimg.com\/profile_banners\/140074228\/1398686709","default_profile":false,"default_profile_image":false,"following":null,"follow_request_sent":null,"notifications":null},"geo":null,"coordinates":null,"place":null,"contributors":null,"retweeted_status":{"created_at":"Sat Sep 12 19:49:20 +0000 2015","id":642787092960018432,"id_str":"642787092960018432","text":"Bis zu 5.000 #Fl\u00fcchtlinge m\u00fcssen im Hauptbahnhof die Nacht auf dem Boden verbringen. http:\/\/t.co\/Jbx4gw6eGd","source":"\u003ca href=\"https:\/\/about.twitter.com\/products\/tweetdeck\" rel=\"nofollow\"\u003eTweetDeck\u003c\/a\u003e","truncated":false,"in_reply_to_status_id":null,"in_reply_to_status_id_str":null,"in_reply_to_user_id":null,"in_reply_to_user_id_str":null,"in_reply_to_screen_name":null,"user":{"id":90524645,"id_str":"90524645","name":"BR24","screen_name":"BR24","location":"","url":"http:\/\/www.br.de\/nachrichten\/index.html","description":"Nachrichten aus meiner Welt. Powered by B5 aktuell & Rundschau. Heute: @DPossoch","protected":false,"verified":true,"followers_count":6301,"friends_count":676,"listed_count":310,"favourites_count":1048,"statuses_count":33508,"created_at":"Tue Nov 17 00:37:00 +0000 2009","utc_offset":7200,"time_zone":"Berlin","geo_enabled":false,"lang":"de","contributors_enabled":false,"is_translator":false,"profile_background_color":"FFFFFF","profile_background_image_url":"http:\/\/pbs.twimg.com\/profile_background_images\/613775171514695680\/uKQRlZfD.png","profile_background_image_url_https":"https:\/\/pbs.twimg.com\/profile_background_images\/613775171514695680\/uKQRlZfD.png","profile_background_tile":false,"profile_link_color":"0084B4","profile_sidebar_border_color":"000000","profile_sidebar_fill_color":"DDEEF6","profile_text_color":"333333","profile_use_background_image":true,"profile_image_url":"http:\/\/pbs.twimg.com\/profile_images\/613750996104314880\/z1US8y0x_normal.png","profile_image_url_https":"https:\/\/pbs.twimg.com\/profile_images\/613750996104314880\/z1US8y0x_normal.png","profile_banner_url":"https:\/\/pbs.twimg.com\/profile_banners\/90524645\/1435676158","default_profile":false,"default_profile_image":false,"following":null,"follow_request_sent":null,"notifications":null},"geo":null,"coordinates":null,"place":null,"contributors":null,"retweet_count":5,"favorite_count":1,"entities":{"hashtags":[{"text":"Fl\u00fcchtlinge","indices":[13,25]}],"trends":[],"urls":[{"url":"http:\/\/t.co\/Jbx4gw6eGd","expanded_url":"http:\/\/br24.de\/nachrichten\/Das%20Wichtigste\/bis-zu-5000-fluechtlinge-muessen-auf-bahnhofsboden-schlafen","display_url":"br24.de\/nachrichten\/Da\u2026","indices":[85,107]}],"user_mentions":[],"symbols":[]},"favorited":false,"retweeted":false,"possibly_sensitive":false,"filter_level":"low","lang":"de"},"retweet_count":0,"favorite_count":0,"entities":{"hashtags":[{"text":"Fl\u00fcchtlinge","indices":[23,35]}],"trends":[],"urls":[{"url":"http:\/\/t.co\/Jbx4gw6eGd","expanded_url":"http:\/\/br24.de\/nachrichten\/Das%20Wichtigste\/bis-zu-5000-fluechtlinge-muessen-auf-bahnhofsboden-schlafen","display_url":"br24.de\/nachrichten\/Da\u2026","indices":[95,117]}],"user_mentions":[{"screen_name":"BR24","name":"BR24","id":90524645,"id_str":"90524645","indices":[3,8]}],"symbols":[]},"favorited":false,"retweeted":false,"possibly_sensitive":false,"filter_level":"low","lang":"de","timestamp_ms":"1442087472804"}
