{"created_at":"Sat Sep 12 00:11:39 +0000 2015","id":642490721627426816,"id_str":"642490721627426816","text":"Jetzt werden Zwangsvermietungen f\u00fcr Fl\u00fcchtlinge gepr\u00fcft. Gute Nacht #Freiheit, guten Morgen #Diktatur. #Fluechtlinge #faschismus #merkel","source":"\u003ca href=\"http:\/\/twitter.com\/download\/android\" rel=\"nofollow\"\u003eTwitter for Android\u003c\/a\u003e","truncated":false,"in_reply_to_status_id":null,"in_reply_to_status_id_str":null,"in_reply_to_user_id":null,"in_reply_to_user_id_str":null,"in_reply_to_screen_name":null,"user":{"id":1220210221,"id_str":"1220210221","name":"Gedankencoach\u00ae","screen_name":"Gedankencoach","location":"Hennef","url":"http:\/\/www.youtube.com\/user\/Gedankencoach","description":"http:\/\/www.dergedankencoach.de Impressum:http:\/\/www.dergedankencoach.de\/?cat=3","protected":false,"verified":false,"followers_count":2561,"friends_count":116,"listed_count":9,"favourites_count":1222,"statuses_count":4427,"created_at":"Tue Feb 26 01:42:53 +0000 2013","utc_offset":10800,"time_zone":"Athens","geo_enabled":false,"lang":"de","contributors_enabled":false,"is_translator":false,"profile_background_color":"FFF04D","profile_background_image_url":"http:\/\/abs.twimg.com\/images\/themes\/theme19\/bg.gif","profile_background_image_url_https":"https:\/\/abs.twimg.com\/images\/themes\/theme19\/bg.gif","profile_background_tile":false,"profile_link_color":"0099CC","profile_sidebar_border_color":"FFF8AD","profile_sidebar_fill_color":"F6FFD1","profile_text_color":"333333","profile_use_background_image":true,"profile_image_url":"http:\/\/pbs.twimg.com\/profile_images\/432594527249915904\/R3sVxhZt_normal.jpeg","profile_image_url_https":"https:\/\/pbs.twimg.com\/profile_images\/432594527249915904\/R3sVxhZt_normal.jpeg","profile_banner_url":"https:\/\/pbs.twimg.com\/profile_banners\/1220210221\/1367999108","default_profile":false,"default_profile_image":false,"following":null,"follow_request_sent":null,"notifications":null},"geo":null,"coordinates":null,"place":null,"contributors":null,"retweet_count":0,"favorite_count":0,"entities":{"hashtags":[{"text":"Freiheit","indices":[68,77]},{"text":"Diktatur","indices":[92,101]},{"text":"Fluechtlinge","indices":[103,116]},{"text":"faschismus","indices":[117,128]},{"text":"merkel","indices":[129,136]}],"trends":[],"urls":[],"user_mentions":[],"symbols":[]},"favorited":false,"retweeted":false,"possibly_sensitive":false,"filter_level":"low","lang":"de","timestamp_ms":"1442016699593"}
