{"created_at":"Thu Sep 10 20:28:45 +0000 2015","id":642072240083734528,"id_str":"642072240083734528","text":"[Morgenpost] Fl\u00fcchtlinge: Fl\u00fcchtlinge - Berlins SPD macht Druck auf die Bezirke http:\/\/t.co\/RUMI5lZhVP [Germany]","source":"\u003ca href=\"http:\/\/twitterfeed.com\" rel=\"nofollow\"\u003etwitterfeed\u003c\/a\u003e","truncated":false,"in_reply_to_status_id":null,"in_reply_to_status_id_str":null,"in_reply_to_user_id":null,"in_reply_to_user_id_str":null,"in_reply_to_screen_name":null,"user":{"id":614634742,"id_str":"614634742","name":"worldwide RSS","screen_name":"worldwideRSS","location":"","url":null,"description":"World News | Tech | Business | SEO | Photography | Science | Environment | Sport | Video | Cinema | Blogs | ONGs","protected":false,"verified":false,"followers_count":777,"friends_count":3,"listed_count":98,"favourites_count":7,"statuses_count":356127,"created_at":"Thu Jun 21 22:30:16 +0000 2012","utc_offset":3600,"time_zone":"London","geo_enabled":false,"lang":"en","contributors_enabled":false,"is_translator":false,"profile_background_color":"131516","profile_background_image_url":"http:\/\/abs.twimg.com\/images\/themes\/theme14\/bg.gif","profile_background_image_url_https":"https:\/\/abs.twimg.com\/images\/themes\/theme14\/bg.gif","profile_background_tile":true,"profile_link_color":"009999","profile_sidebar_border_color":"EEEEEE","profile_sidebar_fill_color":"EFEFEF","profile_text_color":"333333","profile_use_background_image":true,"profile_image_url":"http:\/\/pbs.twimg.com\/profile_images\/3056248800\/e4464225db37bb1fb2c03167b2d5634d_normal.png","profile_image_url_https":"https:\/\/pbs.twimg.com\/profile_images\/3056248800\/e4464225db37bb1fb2c03167b2d5634d_normal.png","profile_banner_url":"https:\/\/pbs.twimg.com\/profile_banners\/614634742\/1397426312","default_profile":false,"default_profile_image":false,"following":null,"follow_request_sent":null,"notifications":null},"geo":null,"coordinates":null,"place":null,"contributors":null,"retweet_count":0,"favorite_count":0,"entities":{"hashtags":[],"trends":[],"urls":[{"url":"http:\/\/t.co\/RUMI5lZhVP","expanded_url":"http:\/\/bit.ly\/1Og9a5g","display_url":"bit.ly\/1Og9a5g","indices":[80,102]}],"user_mentions":[],"symbols":[]},"favorited":false,"retweeted":false,"possibly_sensitive":false,"filter_level":"low","lang":"de","timestamp_ms":"1441916925818"}
