{"created_at":"Thu Sep 10 20:23:18 +0000 2015","id":642070865752944640,"id_str":"642070865752944640","text":"#MicrosoftCorp #Government \u2013 Microsoft Urges US Court\u2026 http:\/\/t.co\/CwWp8vqKeT #AllAboutMicrosoft #Aol #Apple #CiscoSystems #GannettCoInc","source":"\u003ca href=\"http:\/\/dlvr.it\" rel=\"nofollow\"\u003edlvr.it\u003c\/a\u003e","truncated":false,"in_reply_to_status_id":null,"in_reply_to_status_id_str":null,"in_reply_to_user_id":null,"in_reply_to_user_id_str":null,"in_reply_to_screen_name":null,"user":{"id":3235258674,"id_str":"3235258674","name":"koplokpeople","screen_name":"koplokpeople","location":"United States - Los Angeles","url":"http:\/\/bgr.com","description":"The Last #Technology #News \/ Articles \/ Trend Tech \/ World News \/ And More","protected":false,"verified":false,"followers_count":211,"friends_count":38,"listed_count":463,"favourites_count":0,"statuses_count":79408,"created_at":"Wed Jun 03 18:07:46 +0000 2015","utc_offset":null,"time_zone":null,"geo_enabled":false,"lang":"en","contributors_enabled":false,"is_translator":false,"profile_background_color":"000000","profile_background_image_url":"http:\/\/abs.twimg.com\/images\/themes\/theme1\/bg.png","profile_background_image_url_https":"https:\/\/abs.twimg.com\/images\/themes\/theme1\/bg.png","profile_background_tile":false,"profile_link_color":"DD2E44","profile_sidebar_border_color":"000000","profile_sidebar_fill_color":"000000","profile_text_color":"000000","profile_use_background_image":false,"profile_image_url":"http:\/\/pbs.twimg.com\/profile_images\/606182348363689985\/fFyq5HgA_normal.png","profile_image_url_https":"https:\/\/pbs.twimg.com\/profile_images\/606182348363689985\/fFyq5HgA_normal.png","profile_banner_url":"https:\/\/pbs.twimg.com\/profile_banners\/3235258674\/1433360128","default_profile":false,"default_profile_image":false,"following":null,"follow_request_sent":null,"notifications":null},"geo":null,"coordinates":null,"place":null,"contributors":null,"retweet_count":0,"favorite_count":0,"entities":{"hashtags":[{"text":"MicrosoftCorp","indices":[0,14]},{"text":"Government","indices":[15,26]},{"text":"AllAboutMicrosoft","indices":[78,96]},{"text":"Aol","indices":[97,101]},{"text":"Apple","indices":[102,108]},{"text":"CiscoSystems","indices":[109,122]},{"text":"GannettCoInc","indices":[123,136]}],"trends":[],"urls":[{"url":"http:\/\/t.co\/CwWp8vqKeT","expanded_url":"http:\/\/dlvr.it\/C6ffq6","display_url":"dlvr.it\/C6ffq6","indices":[55,77]}],"user_mentions":[],"symbols":[]},"favorited":false,"retweeted":false,"possibly_sensitive":false,"filter_level":"low","lang":"de","timestamp_ms":"1441916598152"}
