{"created_at":"Thu Sep 10 20:26:16 +0000 2015","id":642071613593128960,"id_str":"642071613593128960","text":"\u201c@SZ_TopNews: Warum es so viele Fl\u00fcchtlinge nach Schweden zieht, und warum D\u00e4nemark H\u00e4rte zeigt\u201d - DK ist zwar etwas zu radikal dennoch: \ud83d\udc4d\ud83c\udffb","source":"\u003ca href=\"http:\/\/twitter.com\/#!\/download\/ipad\" rel=\"nofollow\"\u003eTwitter for iPad\u003c\/a\u003e","truncated":false,"in_reply_to_status_id":641927575409963008,"in_reply_to_status_id_str":"641927575409963008","in_reply_to_user_id":17803524,"in_reply_to_user_id_str":"17803524","in_reply_to_screen_name":"SZ_TopNews","user":{"id":255625773,"id_str":"255625773","name":"Standard Lines","screen_name":"standard_lines","location":"","url":"http:\/\/standardlines.org","description":null,"protected":false,"verified":false,"followers_count":11,"friends_count":28,"listed_count":1,"favourites_count":3,"statuses_count":2078,"created_at":"Mon Feb 21 19:03:29 +0000 2011","utc_offset":7200,"time_zone":"Amsterdam","geo_enabled":false,"lang":"en","contributors_enabled":false,"is_translator":false,"profile_background_color":"F58CA0","profile_background_image_url":"http:\/\/pbs.twimg.com\/profile_background_images\/480437661195190273\/1f2gCY_b.png","profile_background_image_url_https":"https:\/\/pbs.twimg.com\/profile_background_images\/480437661195190273\/1f2gCY_b.png","profile_background_tile":true,"profile_link_color":"F9BDB4","profile_sidebar_border_color":"FBF1D8","profile_sidebar_fill_color":"B7CFC1","profile_text_color":"FCE4C1","profile_use_background_image":false,"profile_image_url":"http:\/\/pbs.twimg.com\/profile_images\/1839256693\/45803_628045_normal.png","profile_image_url_https":"https:\/\/pbs.twimg.com\/profile_images\/1839256693\/45803_628045_normal.png","default_profile":false,"default_profile_image":false,"following":null,"follow_request_sent":null,"notifications":null},"geo":null,"coordinates":null,"place":null,"contributors":null,"retweet_count":0,"favorite_count":0,"entities":{"hashtags":[],"trends":[],"urls":[],"user_mentions":[{"screen_name":"SZ_TopNews","name":"SZ Top-News","id":17803524,"id_str":"17803524","indices":[1,12]}],"symbols":[]},"favorited":false,"retweeted":false,"possibly_sensitive":false,"filter_level":"low","lang":"de","timestamp_ms":"1441916776451"}
