{"created_at":"Fri Sep 11 23:44:17 +0000 2015","id":642483834559275008,"id_str":"642483834559275008","text":"\"Ins Maritim-Hotel Halle k\u00f6nnten 700 Fl\u00fcchtlinge einziehen\"\nhttp:\/\/t.co\/HdR3FA8WyK","source":"\u003ca href=\"http:\/\/twitter.com\" rel=\"nofollow\"\u003eTwitter Web Client\u003c\/a\u003e","truncated":false,"in_reply_to_status_id":null,"in_reply_to_status_id_str":null,"in_reply_to_user_id":null,"in_reply_to_user_id_str":null,"in_reply_to_screen_name":null,"user":{"id":2964402359,"id_str":"2964402359","name":"Nobias Tweet","screen_name":"NoBiTwt","location":"Bavaria, Germany","url":null,"description":"Hinterfrage das was Du h\u00f6rst, bis Du die Gr\u00fcnde dahinter verstehst - hinterfrage immer wieder auch Dich selbst.","protected":false,"verified":false,"followers_count":326,"friends_count":385,"listed_count":23,"favourites_count":1898,"statuses_count":8193,"created_at":"Tue Jan 06 16:00:27 +0000 2015","utc_offset":7200,"time_zone":"Rome","geo_enabled":false,"lang":"de","contributors_enabled":false,"is_translator":false,"profile_background_color":"C0DEED","profile_background_image_url":"http:\/\/abs.twimg.com\/images\/themes\/theme1\/bg.png","profile_background_image_url_https":"https:\/\/abs.twimg.com\/images\/themes\/theme1\/bg.png","profile_background_tile":false,"profile_link_color":"0084B4","profile_sidebar_border_color":"C0DEED","profile_sidebar_fill_color":"DDEEF6","profile_text_color":"333333","profile_use_background_image":true,"profile_image_url":"http:\/\/pbs.twimg.com\/profile_images\/554805911844184065\/vhw1LlXM_normal.jpeg","profile_image_url_https":"https:\/\/pbs.twimg.com\/profile_images\/554805911844184065\/vhw1LlXM_normal.jpeg","default_profile":true,"default_profile_image":false,"following":null,"follow_request_sent":null,"notifications":null},"geo":null,"coordinates":null,"place":null,"contributors":null,"retweet_count":0,"favorite_count":0,"entities":{"hashtags":[],"trends":[],"urls":[{"url":"http:\/\/t.co\/HdR3FA8WyK","expanded_url":"http:\/\/www.mdr.de\/sachsen-anhalt\/aussenstelle-zast-halberstadt-maritim-in-halle100_cpage-4_zc-6f39e734_zs-ae30b3e4.html","display_url":"mdr.de\/sachsen-anhalt\u2026","indices":[60,82]}],"user_mentions":[],"symbols":[]},"favorited":false,"retweeted":false,"possibly_sensitive":false,"filter_level":"low","lang":"de","timestamp_ms":"1442015057588"}
