{"created_at":"Thu Sep 10 20:24:35 +0000 2015","id":642071189490397184,"id_str":"642071189490397184","text":"Dieser Moderator hat den Begriff \"Kontrollierte Einwanderung\" nicht verstanden. Helft ihm bitte! https:\/\/t.co\/gBnl4hvdw0","source":"\u003ca href=\"http:\/\/twitter.com\" rel=\"nofollow\"\u003eTwitter Web Client\u003c\/a\u003e","truncated":false,"in_reply_to_status_id":null,"in_reply_to_status_id_str":null,"in_reply_to_user_id":null,"in_reply_to_user_id_str":null,"in_reply_to_screen_name":null,"user":{"id":1915139947,"id_str":"1915139947","name":"Matthias B\u00e4rthel","screen_name":"MatthiasB1963","location":"Leipzig","url":null,"description":"Matthias - Jahrgang 63 - Handwerker - Fotograf - Von 2004 - 2009 Redakteur DCRS - Online und 2009 - 2011 Redakteur Netplosiv.\r\nARD-TATORT - Fan (Seit 1974)","protected":false,"verified":false,"followers_count":278,"friends_count":145,"listed_count":21,"favourites_count":3504,"statuses_count":13321,"created_at":"Sat Sep 28 19:33:57 +0000 2013","utc_offset":7200,"time_zone":"Brussels","geo_enabled":true,"lang":"de","contributors_enabled":false,"is_translator":false,"profile_background_color":"9E2336","profile_background_image_url":"http:\/\/pbs.twimg.com\/profile_background_images\/634860723659800577\/FGv6W3rq.jpg","profile_background_image_url_https":"https:\/\/pbs.twimg.com\/profile_background_images\/634860723659800577\/FGv6W3rq.jpg","profile_background_tile":false,"profile_link_color":"00008B","profile_sidebar_border_color":"FFFFFF","profile_sidebar_fill_color":"DDEEF6","profile_text_color":"333333","profile_use_background_image":true,"profile_image_url":"http:\/\/pbs.twimg.com\/profile_images\/378800000523099453\/12ffa6e4327ab9b53eb3e8947f6274ad_normal.jpeg","profile_image_url_https":"https:\/\/pbs.twimg.com\/profile_images\/378800000523099453\/12ffa6e4327ab9b53eb3e8947f6274ad_normal.jpeg","profile_banner_url":"https:\/\/pbs.twimg.com\/profile_banners\/1915139947\/1409231986","default_profile":false,"default_profile_image":false,"following":null,"follow_request_sent":null,"notifications":null},"geo":null,"coordinates":null,"place":null,"contributors":null,"quoted_status_id":642069561018347520,"quoted_status_id_str":"642069561018347520","quoted_status":{"created_at":"Thu Sep 10 20:18:07 +0000 2015","id":642069561018347520,"id_str":"642069561018347520","text":"Die #USA wollen syrische #Fl\u00fcchtlinge aufnehmen. 10.000. Reicht das? Nein, sagt @doktordab http:\/\/t.co\/hApMfrl4w5","source":"\u003ca href=\"https:\/\/about.twitter.com\/products\/tweetdeck\" rel=\"nofollow\"\u003eTweetDeck\u003c\/a\u003e","truncated":false,"in_reply_to_status_id":null,"in_reply_to_status_id_str":null,"in_reply_to_user_id":null,"in_reply_to_user_id_str":null,"in_reply_to_screen_name":null,"user":{"id":1597756754,"id_str":"1597756754","name":"ZDF heuteplus","screen_name":"heuteplus","location":"Mainz","url":"http:\/\/heuteplus.zdf.de","description":"News online, on air, zum Mitreden | @doktordab, @dielemke, @miriamsteimer, C. Dammann, @fannyfacsar, @GregorBurkhardt, S. Resch | Impr.: http:\/\/ly.zdf.de\/V3Gu","protected":false,"verified":true,"followers_count":7955,"friends_count":339,"listed_count":169,"favourites_count":2663,"statuses_count":2651,"created_at":"Tue Jul 16 07:07:21 +0000 2013","utc_offset":7200,"time_zone":"Berlin","geo_enabled":true,"lang":"de","contributors_enabled":false,"is_translator":false,"profile_background_color":"000000","profile_background_image_url":"http:\/\/pbs.twimg.com\/profile_background_images\/378800000024924207\/211a057219e03b5de6ff0234b23df2a6.jpeg","profile_background_image_url_https":"https:\/\/pbs.twimg.com\/profile_background_images\/378800000024924207\/211a057219e03b5de6ff0234b23df2a6.jpeg","profile_background_tile":false,"profile_link_color":"3B94D9","profile_sidebar_border_color":"000000","profile_sidebar_fill_color":"000000","profile_text_color":"000000","profile_use_background_image":false,"profile_image_url":"http:\/\/pbs.twimg.com\/profile_images\/598406901475495937\/VEBwO3lT_normal.png","profile_image_url_https":"https:\/\/pbs.twimg.com\/profile_images\/598406901475495937\/VEBwO3lT_normal.png","profile_banner_url":"https:\/\/pbs.twimg.com\/profile_banners\/1597756754\/1431506307","default_profile":false,"default_profile_image":false,"following":null,"follow_request_sent":null,"notifications":null},"geo":null,"coordinates":null,"place":null,"contributors":null,"retweet_count":0,"favorite_count":0,"entities":{"hashtags":[{"text":"USA","indices":[4,8]},{"text":"Fl\u00fcchtlinge","indices":[25,37]}],"trends":[],"urls":[],"user_mentions":[{"screen_name":"doktordab","name":"Daniel Br\u00f6ckerhoff","id":15048846,"id_str":"15048846","indices":[80,90]}],"symbols":[],"media":[{"id":642069100991250432,"id_str":"642069100991250432","indices":[91,113],"media_url":"http:\/\/pbs.twimg.com\/media\/COkWcg3WgAAG4fF.jpg","media_url_https":"https:\/\/pbs.twimg.com\/media\/COkWcg3WgAAG4fF.jpg","url":"http:\/\/t.co\/hApMfrl4w5","display_url":"pic.twitter.com\/hApMfrl4w5","expanded_url":"http:\/\/twitter.com\/heuteplus\/status\/642069561018347520\/photo\/1","type":"photo","sizes":{"thumb":{"w":150,"h":150,"resize":"crop"},"small":{"w":340,"h":191,"resize":"fit"},"medium":{"w":600,"h":337,"resize":"fit"},"large":{"w":1024,"h":576,"resize":"fit"}}}]},"extended_entities":{"media":[{"id":642069100991250432,"id_str":"642069100991250432","indices":[91,113],"media_url":"http:\/\/pbs.twimg.com\/media\/COkWcg3WgAAG4fF.jpg","media_url_https":"https:\/\/pbs.twimg.com\/media\/COkWcg3WgAAG4fF.jpg","url":"http:\/\/t.co\/hApMfrl4w5","display_url":"pic.twitter.com\/hApMfrl4w5","expanded_url":"http:\/\/twitter.com\/heuteplus\/status\/642069561018347520\/photo\/1","type":"photo","sizes":{"thumb":{"w":150,"h":150,"resize":"crop"},"small":{"w":340,"h":191,"resize":"fit"},"medium":{"w":600,"h":337,"resize":"fit"},"large":{"w":1024,"h":576,"resize":"fit"}}}]},"favorited":false,"retweeted":false,"possibly_sensitive":false,"filter_level":"low","lang":"de"},"retweet_count":0,"favorite_count":0,"entities":{"hashtags":[],"trends":[],"urls":[{"url":"https:\/\/t.co\/gBnl4hvdw0","expanded_url":"https:\/\/twitter.com\/heuteplus\/status\/642069561018347520","display_url":"twitter.com\/heuteplus\/stat\u2026","indices":[97,120]}],"user_mentions":[],"symbols":[]},"favorited":false,"retweeted":false,"possibly_sensitive":false,"filter_level":"low","lang":"de","timestamp_ms":"1441916675337"}
