{"created_at":"Sat Sep 12 19:51:47 +0000 2015","id":642787711108161536,"id_str":"642787711108161536","text":"RT @BR24: Bis zu 5.000 #Fl\u00fcchtlinge m\u00fcssen im Hauptbahnhof die Nacht auf dem Boden verbringen. http:\/\/t.co\/Jbx4gw6eGd","source":"\u003ca href=\"http:\/\/twitter.com\/download\/android\" rel=\"nofollow\"\u003eTwitter for Android\u003c\/a\u003e","truncated":false,"in_reply_to_status_id":null,"in_reply_to_status_id_str":null,"in_reply_to_user_id":null,"in_reply_to_user_id_str":null,"in_reply_to_screen_name":null,"user":{"id":24892259,"id_str":"24892259","name":"DontSwitch","screen_name":"DontSwitch","location":"Landkreis Pfaffenhofen, Bayern","url":null,"description":"ITler, Anpacker + Antreiber, Politisch, THWler, Echter Rot-Kreuzler, Hundehaartr\u00e4ger, Biker, Metaller, Linuxer. Own Tweets and Pics CC BY-NC-SA 4.0 Licence","protected":false,"verified":false,"followers_count":1184,"friends_count":1358,"listed_count":103,"favourites_count":9164,"statuses_count":55999,"created_at":"Tue Mar 17 14:50:59 +0000 2009","utc_offset":7200,"time_zone":"Berlin","geo_enabled":true,"lang":"en","contributors_enabled":false,"is_translator":false,"profile_background_color":"000000","profile_background_image_url":"http:\/\/pbs.twimg.com\/profile_background_images\/37841403\/PiratenIN.png","profile_background_image_url_https":"https:\/\/pbs.twimg.com\/profile_background_images\/37841403\/PiratenIN.png","profile_background_tile":false,"profile_link_color":"000000","profile_sidebar_border_color":"FFFFFF","profile_sidebar_fill_color":"FF8800","profile_text_color":"333333","profile_use_background_image":false,"profile_image_url":"http:\/\/pbs.twimg.com\/profile_images\/472404753213689856\/n5B9fFkj_normal.png","profile_image_url_https":"https:\/\/pbs.twimg.com\/profile_images\/472404753213689856\/n5B9fFkj_normal.png","default_profile":false,"default_profile_image":false,"following":null,"follow_request_sent":null,"notifications":null},"geo":null,"coordinates":null,"place":null,"contributors":null,"retweeted_status":{"created_at":"Sat Sep 12 19:49:20 +0000 2015","id":642787092960018432,"id_str":"642787092960018432","text":"Bis zu 5.000 #Fl\u00fcchtlinge m\u00fcssen im Hauptbahnhof die Nacht auf dem Boden verbringen. http:\/\/t.co\/Jbx4gw6eGd","source":"\u003ca href=\"https:\/\/about.twitter.com\/products\/tweetdeck\" rel=\"nofollow\"\u003eTweetDeck\u003c\/a\u003e","truncated":false,"in_reply_to_status_id":null,"in_reply_to_status_id_str":null,"in_reply_to_user_id":null,"in_reply_to_user_id_str":null,"in_reply_to_screen_name":null,"user":{"id":90524645,"id_str":"90524645","name":"BR24","screen_name":"BR24","location":"","url":"http:\/\/www.br.de\/nachrichten\/index.html","description":"Nachrichten aus meiner Welt. Powered by B5 aktuell & Rundschau. Heute: @DPossoch","protected":false,"verified":true,"followers_count":6301,"friends_count":676,"listed_count":310,"favourites_count":1048,"statuses_count":33508,"created_at":"Tue Nov 17 00:37:00 +0000 2009","utc_offset":7200,"time_zone":"Berlin","geo_enabled":false,"lang":"de","contributors_enabled":false,"is_translator":false,"profile_background_color":"FFFFFF","profile_background_image_url":"http:\/\/pbs.twimg.com\/profile_background_images\/613775171514695680\/uKQRlZfD.png","profile_background_image_url_https":"https:\/\/pbs.twimg.com\/profile_background_images\/613775171514695680\/uKQRlZfD.png","profile_background_tile":false,"profile_link_color":"0084B4","profile_sidebar_border_color":"000000","profile_sidebar_fill_color":"DDEEF6","profile_text_color":"333333","profile_use_background_image":true,"profile_image_url":"http:\/\/pbs.twimg.com\/profile_images\/613750996104314880\/z1US8y0x_normal.png","profile_image_url_https":"https:\/\/pbs.twimg.com\/profile_images\/613750996104314880\/z1US8y0x_normal.png","profile_banner_url":"https:\/\/pbs.twimg.com\/profile_banners\/90524645\/1435676158","default_profile":false,"default_profile_image":false,"following":null,"follow_request_sent":null,"notifications":null},"geo":null,"coordinates":null,"place":null,"contributors":null,"retweet_count":6,"favorite_count":1,"entities":{"hashtags":[{"text":"Fl\u00fcchtlinge","indices":[13,25]}],"trends":[],"urls":[{"url":"http:\/\/t.co\/Jbx4gw6eGd","expanded_url":"http:\/\/br24.de\/nachrichten\/Das%20Wichtigste\/bis-zu-5000-fluechtlinge-muessen-auf-bahnhofsboden-schlafen","display_url":"br24.de\/nachrichten\/Da\u2026","indices":[85,107]}],"user_mentions":[],"symbols":[]},"favorited":false,"retweeted":false,"possibly_sensitive":false,"filter_level":"low","lang":"de"},"retweet_count":0,"favorite_count":0,"entities":{"hashtags":[{"text":"Fl\u00fcchtlinge","indices":[23,35]}],"trends":[],"urls":[{"url":"http:\/\/t.co\/Jbx4gw6eGd","expanded_url":"http:\/\/br24.de\/nachrichten\/Das%20Wichtigste\/bis-zu-5000-fluechtlinge-muessen-auf-bahnhofsboden-schlafen","display_url":"br24.de\/nachrichten\/Da\u2026","indices":[95,117]}],"user_mentions":[{"screen_name":"BR24","name":"BR24","id":90524645,"id_str":"90524645","indices":[3,8]}],"symbols":[]},"favorited":false,"retweeted":false,"possibly_sensitive":false,"filter_level":"low","lang":"de","timestamp_ms":"1442087507403"}
