{"created_at":"Sat Sep 12 19:52:47 +0000 2015","id":642787962992857088,"id_str":"642787962992857088","text":"RT @timluedde: Am #Alex in #Berlin haben ca. 150 Leute \"Schrei nach Liebe\" gesungen #AAFlashmob #RefugeesWelcome #AktionArschloch http:\/\/t.\u2026","source":"\u003ca href=\"http:\/\/twitter.com\/download\/android\" rel=\"nofollow\"\u003eTwitter for Android\u003c\/a\u003e","truncated":false,"in_reply_to_status_id":null,"in_reply_to_status_id_str":null,"in_reply_to_user_id":null,"in_reply_to_user_id_str":null,"in_reply_to_screen_name":null,"user":{"id":271985657,"id_str":"271985657","name":"Mika","screen_name":"mikadomania","location":"","url":null,"description":null,"protected":false,"verified":false,"followers_count":93,"friends_count":399,"listed_count":4,"favourites_count":853,"statuses_count":993,"created_at":"Fri Mar 25 15:45:49 +0000 2011","utc_offset":7200,"time_zone":"Berlin","geo_enabled":false,"lang":"de","contributors_enabled":false,"is_translator":false,"profile_background_color":"6D787A","profile_background_image_url":"http:\/\/pbs.twimg.com\/profile_background_images\/761815821\/34c05ba8089a55b776a3e25ab681c832.jpeg","profile_background_image_url_https":"https:\/\/pbs.twimg.com\/profile_background_images\/761815821\/34c05ba8089a55b776a3e25ab681c832.jpeg","profile_background_tile":true,"profile_link_color":"0099B9","profile_sidebar_border_color":"000000","profile_sidebar_fill_color":"95E8EC","profile_text_color":"3C3940","profile_use_background_image":true,"profile_image_url":"http:\/\/pbs.twimg.com\/profile_images\/1964497794\/IMG_3163_normal.JPG","profile_image_url_https":"https:\/\/pbs.twimg.com\/profile_images\/1964497794\/IMG_3163_normal.JPG","profile_banner_url":"https:\/\/pbs.twimg.com\/profile_banners\/271985657\/1357982750","default_profile":false,"default_profile_image":false,"following":null,"follow_request_sent":null,"notifications":null},"geo":null,"coordinates":null,"place":null,"contributors":null,"retweeted_status":{"created_at":"Sat Sep 12 17:14:06 +0000 2015","id":642748027678105601,"id_str":"642748027678105601","text":"Am #Alex in #Berlin haben ca. 150 Leute \"Schrei nach Liebe\" gesungen #AAFlashmob #RefugeesWelcome #AktionArschloch http:\/\/t.co\/POqogvGuMT","source":"\u003ca href=\"http:\/\/twitter.com\" rel=\"nofollow\"\u003eTwitter Web Client\u003c\/a\u003e","truncated":false,"in_reply_to_status_id":null,"in_reply_to_status_id_str":null,"in_reply_to_user_id":null,"in_reply_to_user_id_str":null,"in_reply_to_screen_name":null,"user":{"id":127638213,"id_str":"127638213","name":"Tim L\u00fcddemann","screen_name":"timluedde","location":"Berlin","url":"http:\/\/www.tim-lueddemann.de","description":"Politikaktivist\/Journalist | Fotos:http:\/\/flickr.com\/timlueddemann","protected":false,"verified":false,"followers_count":482,"friends_count":689,"listed_count":34,"favourites_count":285,"statuses_count":1165,"created_at":"Mon Mar 29 20:40:35 +0000 2010","utc_offset":-7200,"time_zone":"Greenland","geo_enabled":true,"lang":"de","contributors_enabled":false,"is_translator":false,"profile_background_color":"C0DEED","profile_background_image_url":"http:\/\/pbs.twimg.com\/profile_background_images\/87484616\/IMAG0001.jpg","profile_background_image_url_https":"https:\/\/pbs.twimg.com\/profile_background_images\/87484616\/IMAG0001.jpg","profile_background_tile":true,"profile_link_color":"0084B4","profile_sidebar_border_color":"C0DEED","profile_sidebar_fill_color":"DDEEF6","profile_text_color":"333333","profile_use_background_image":true,"profile_image_url":"http:\/\/pbs.twimg.com\/profile_images\/785422291\/Ichabstrakt03_normal.jpg","profile_image_url_https":"https:\/\/pbs.twimg.com\/profile_images\/785422291\/Ichabstrakt03_normal.jpg","profile_banner_url":"https:\/\/pbs.twimg.com\/profile_banners\/127638213\/1435221957","default_profile":false,"default_profile_image":false,"following":null,"follow_request_sent":null,"notifications":null},"geo":null,"coordinates":null,"place":null,"contributors":null,"retweet_count":9,"favorite_count":5,"entities":{"hashtags":[{"text":"Alex","indices":[3,8]},{"text":"Berlin","indices":[12,19]},{"text":"AAFlashmob","indices":[69,80]},{"text":"RefugeesWelcome","indices":[81,97]},{"text":"AktionArschloch","indices":[98,114]}],"trends":[],"urls":[],"user_mentions":[],"symbols":[],"media":[{"id":642748004231946241,"id_str":"642748004231946241","indices":[115,137],"media_url":"http:\/\/pbs.twimg.com\/media\/COt_54hWIAEUCwR.jpg","media_url_https":"https:\/\/pbs.twimg.com\/media\/COt_54hWIAEUCwR.jpg","url":"http:\/\/t.co\/POqogvGuMT","display_url":"pic.twitter.com\/POqogvGuMT","expanded_url":"http:\/\/twitter.com\/timluedde\/status\/642748027678105601\/photo\/1","type":"photo","sizes":{"small":{"w":340,"h":226,"resize":"fit"},"thumb":{"w":150,"h":150,"resize":"crop"},"medium":{"w":600,"h":400,"resize":"fit"},"large":{"w":1024,"h":682,"resize":"fit"}}}]},"extended_entities":{"media":[{"id":642748004231946241,"id_str":"642748004231946241","indices":[115,137],"media_url":"http:\/\/pbs.twimg.com\/media\/COt_54hWIAEUCwR.jpg","media_url_https":"https:\/\/pbs.twimg.com\/media\/COt_54hWIAEUCwR.jpg","url":"http:\/\/t.co\/POqogvGuMT","display_url":"pic.twitter.com\/POqogvGuMT","expanded_url":"http:\/\/twitter.com\/timluedde\/status\/642748027678105601\/photo\/1","type":"photo","sizes":{"small":{"w":340,"h":226,"resize":"fit"},"thumb":{"w":150,"h":150,"resize":"crop"},"medium":{"w":600,"h":400,"resize":"fit"},"large":{"w":1024,"h":682,"resize":"fit"}}},{"id":642747992110460929,"id_str":"642747992110460929","indices":[115,137],"media_url":"http:\/\/pbs.twimg.com\/media\/COt_5LXW8AEb8r1.jpg","media_url_https":"https:\/\/pbs.twimg.com\/media\/COt_5LXW8AEb8r1.jpg","url":"http:\/\/t.co\/POqogvGuMT","display_url":"pic.twitter.com\/POqogvGuMT","expanded_url":"http:\/\/twitter.com\/timluedde\/status\/642748027678105601\/photo\/1","type":"photo","sizes":{"medium":{"w":600,"h":388,"resize":"fit"},"thumb":{"w":150,"h":150,"resize":"crop"},"large":{"w":1024,"h":662,"resize":"fit"},"small":{"w":340,"h":219,"resize":"fit"}}},{"id":642748018635243520,"id_str":"642748018635243520","indices":[115,137],"media_url":"http:\/\/pbs.twimg.com\/media\/COt_6uLXAAAoZJO.jpg","media_url_https":"https:\/\/pbs.twimg.com\/media\/COt_6uLXAAAoZJO.jpg","url":"http:\/\/t.co\/POqogvGuMT","display_url":"pic.twitter.com\/POqogvGuMT","expanded_url":"http:\/\/twitter.com\/timluedde\/status\/642748027678105601\/photo\/1","type":"photo","sizes":{"large":{"w":1024,"h":675,"resize":"fit"},"small":{"w":340,"h":224,"resize":"fit"},"thumb":{"w":150,"h":150,"resize":"crop"},"medium":{"w":600,"h":395,"resize":"fit"}}},{"id":642748025920729088,"id_str":"642748025920729088","indices":[115,137],"media_url":"http:\/\/pbs.twimg.com\/media\/COt_7JUWsAAB9eS.jpg","media_url_https":"https:\/\/pbs.twimg.com\/media\/COt_7JUWsAAB9eS.jpg","url":"http:\/\/t.co\/POqogvGuMT","display_url":"pic.twitter.com\/POqogvGuMT","expanded_url":"http:\/\/twitter.com\/timluedde\/status\/642748027678105601\/photo\/1","type":"photo","sizes":{"small":{"w":340,"h":226,"resize":"fit"},"thumb":{"w":150,"h":150,"resize":"crop"},"medium":{"w":600,"h":400,"resize":"fit"},"large":{"w":1024,"h":682,"resize":"fit"}}}]},"favorited":false,"retweeted":false,"possibly_sensitive":false,"filter_level":"low","lang":"de"},"retweet_count":0,"favorite_count":0,"entities":{"hashtags":[{"text":"Alex","indices":[18,23]},{"text":"Berlin","indices":[27,34]},{"text":"AAFlashmob","indices":[84,95]},{"text":"RefugeesWelcome","indices":[96,112]},{"text":"AktionArschloch","indices":[113,129]}],"trends":[],"urls":[],"user_mentions":[{"screen_name":"timluedde","name":"Tim L\u00fcddemann","id":127638213,"id_str":"127638213","indices":[3,13]}],"symbols":[],"media":[{"id":642748004231946241,"id_str":"642748004231946241","indices":[139,140],"media_url":"http:\/\/pbs.twimg.com\/media\/COt_54hWIAEUCwR.jpg","media_url_https":"https:\/\/pbs.twimg.com\/media\/COt_54hWIAEUCwR.jpg","url":"http:\/\/t.co\/POqogvGuMT","display_url":"pic.twitter.com\/POqogvGuMT","expanded_url":"http:\/\/twitter.com\/timluedde\/status\/642748027678105601\/photo\/1","type":"photo","sizes":{"small":{"w":340,"h":226,"resize":"fit"},"thumb":{"w":150,"h":150,"resize":"crop"},"medium":{"w":600,"h":400,"resize":"fit"},"large":{"w":1024,"h":682,"resize":"fit"}},"source_status_id":642748027678105601,"source_status_id_str":"642748027678105601"}]},"extended_entities":{"media":[{"id":642748004231946241,"id_str":"642748004231946241","indices":[139,140],"media_url":"http:\/\/pbs.twimg.com\/media\/COt_54hWIAEUCwR.jpg","media_url_https":"https:\/\/pbs.twimg.com\/media\/COt_54hWIAEUCwR.jpg","url":"http:\/\/t.co\/POqogvGuMT","display_url":"pic.twitter.com\/POqogvGuMT","expanded_url":"http:\/\/twitter.com\/timluedde\/status\/642748027678105601\/photo\/1","type":"photo","sizes":{"small":{"w":340,"h":226,"resize":"fit"},"thumb":{"w":150,"h":150,"resize":"crop"},"medium":{"w":600,"h":400,"resize":"fit"},"large":{"w":1024,"h":682,"resize":"fit"}},"source_status_id":642748027678105601,"source_status_id_str":"642748027678105601"},{"id":642747992110460929,"id_str":"642747992110460929","indices":[139,140],"media_url":"http:\/\/pbs.twimg.com\/media\/COt_5LXW8AEb8r1.jpg","media_url_https":"https:\/\/pbs.twimg.com\/media\/COt_5LXW8AEb8r1.jpg","url":"http:\/\/t.co\/POqogvGuMT","display_url":"pic.twitter.com\/POqogvGuMT","expanded_url":"http:\/\/twitter.com\/timluedde\/status\/642748027678105601\/photo\/1","type":"photo","sizes":{"medium":{"w":600,"h":388,"resize":"fit"},"thumb":{"w":150,"h":150,"resize":"crop"},"large":{"w":1024,"h":662,"resize":"fit"},"small":{"w":340,"h":219,"resize":"fit"}},"source_status_id":642748027678105601,"source_status_id_str":"642748027678105601"},{"id":642748018635243520,"id_str":"642748018635243520","indices":[139,140],"media_url":"http:\/\/pbs.twimg.com\/media\/COt_6uLXAAAoZJO.jpg","media_url_https":"https:\/\/pbs.twimg.com\/media\/COt_6uLXAAAoZJO.jpg","url":"http:\/\/t.co\/POqogvGuMT","display_url":"pic.twitter.com\/POqogvGuMT","expanded_url":"http:\/\/twitter.com\/timluedde\/status\/642748027678105601\/photo\/1","type":"photo","sizes":{"large":{"w":1024,"h":675,"resize":"fit"},"small":{"w":340,"h":224,"resize":"fit"},"thumb":{"w":150,"h":150,"resize":"crop"},"medium":{"w":600,"h":395,"resize":"fit"}},"source_status_id":642748027678105601,"source_status_id_str":"642748027678105601"},{"id":642748025920729088,"id_str":"642748025920729088","indices":[139,140],"media_url":"http:\/\/pbs.twimg.com\/media\/COt_7JUWsAAB9eS.jpg","media_url_https":"https:\/\/pbs.twimg.com\/media\/COt_7JUWsAAB9eS.jpg","url":"http:\/\/t.co\/POqogvGuMT","display_url":"pic.twitter.com\/POqogvGuMT","expanded_url":"http:\/\/twitter.com\/timluedde\/status\/642748027678105601\/photo\/1","type":"photo","sizes":{"small":{"w":340,"h":226,"resize":"fit"},"thumb":{"w":150,"h":150,"resize":"crop"},"medium":{"w":600,"h":400,"resize":"fit"},"large":{"w":1024,"h":682,"resize":"fit"}},"source_status_id":642748027678105601,"source_status_id_str":"642748027678105601"}]},"favorited":false,"retweeted":false,"possibly_sensitive":false,"filter_level":"low","lang":"de","timestamp_ms":"1442087567457"}
