{"created_at":"Sat Sep 12 00:08:39 +0000 2015","id":642489967009243137,"id_str":"642489967009243137","text":"RT @quontrabuzz: Nach wie vor DRINGEND ben\u00f6tigt: Turnschuhe in allen Gr\u00f6\u00dfen und regenfeste Jacken! Gern Retweet! #dresden #ZeltstaaDD #fl\u00fcc\u2026","source":"\u003ca href=\"http:\/\/twitter.com\/download\/android\" rel=\"nofollow\"\u003eTwitter for Android\u003c\/a\u003e","truncated":false,"in_reply_to_status_id":null,"in_reply_to_status_id_str":null,"in_reply_to_user_id":null,"in_reply_to_user_id_str":null,"in_reply_to_screen_name":null,"user":{"id":431025705,"id_str":"431025705","name":"Potzblitz","screen_name":"Schlmpf","location":"","url":null,"description":"Im urbanen Moloch kann jedweder Dreck f\u00fcr Bares erworben werden","protected":false,"verified":false,"followers_count":62,"friends_count":285,"listed_count":5,"favourites_count":951,"statuses_count":3000,"created_at":"Wed Dec 07 20:50:21 +0000 2011","utc_offset":7200,"time_zone":"Ljubljana","geo_enabled":true,"lang":"de","contributors_enabled":false,"is_translator":false,"profile_background_color":"020812","profile_background_image_url":"http:\/\/pbs.twimg.com\/profile_background_images\/727468862\/6e05a48d548fcc6a2ebda6658d7ea447.jpeg","profile_background_image_url_https":"https:\/\/pbs.twimg.com\/profile_background_images\/727468862\/6e05a48d548fcc6a2ebda6658d7ea447.jpeg","profile_background_tile":false,"profile_link_color":"17406C","profile_sidebar_border_color":"2280A9","profile_sidebar_fill_color":"020812","profile_text_color":"2280A9","profile_use_background_image":true,"profile_image_url":"http:\/\/pbs.twimg.com\/profile_images\/2665781484\/fba21b4566ea7eef11217afafefa6508_normal.jpeg","profile_image_url_https":"https:\/\/pbs.twimg.com\/profile_images\/2665781484\/fba21b4566ea7eef11217afafefa6508_normal.jpeg","default_profile":false,"default_profile_image":false,"following":null,"follow_request_sent":null,"notifications":null},"geo":null,"coordinates":null,"place":null,"contributors":null,"retweeted_status":{"created_at":"Fri Sep 11 22:16:03 +0000 2015","id":642461628638867457,"id_str":"642461628638867457","text":"Nach wie vor DRINGEND ben\u00f6tigt: Turnschuhe in allen Gr\u00f6\u00dfen und regenfeste Jacken! Gern Retweet! #dresden #ZeltstaaDD #fl\u00fcchtlinge #Asyl","source":"\u003ca href=\"http:\/\/itunes.apple.com\/us\/app\/twitter\/id409789998?mt=12\" rel=\"nofollow\"\u003eTwitter for Mac\u003c\/a\u003e","truncated":false,"in_reply_to_status_id":null,"in_reply_to_status_id_str":null,"in_reply_to_user_id":null,"in_reply_to_user_id_str":null,"in_reply_to_screen_name":null,"user":{"id":39790899,"id_str":"39790899","name":"plums","screen_name":"quontrabuzz","location":"Flopzig","url":null,"description":"Die rasierte Perserkatze auf @sophie_veggie s Sofa.","protected":false,"verified":false,"followers_count":864,"friends_count":132,"listed_count":41,"favourites_count":45,"statuses_count":760,"created_at":"Wed May 13 16:56:51 +0000 2009","utc_offset":-36000,"time_zone":"Hawaii","geo_enabled":true,"lang":"de","contributors_enabled":false,"is_translator":false,"profile_background_color":"C0DEED","profile_background_image_url":"http:\/\/abs.twimg.com\/images\/themes\/theme1\/bg.png","profile_background_image_url_https":"https:\/\/abs.twimg.com\/images\/themes\/theme1\/bg.png","profile_background_tile":false,"profile_link_color":"0084B4","profile_sidebar_border_color":"C0DEED","profile_sidebar_fill_color":"DDEEF6","profile_text_color":"333333","profile_use_background_image":true,"profile_image_url":"http:\/\/pbs.twimg.com\/profile_images\/554717887563186176\/wQiWVao3_normal.jpeg","profile_image_url_https":"https:\/\/pbs.twimg.com\/profile_images\/554717887563186176\/wQiWVao3_normal.jpeg","profile_banner_url":"https:\/\/pbs.twimg.com\/profile_banners\/39790899\/1438869724","default_profile":true,"default_profile_image":false,"following":null,"follow_request_sent":null,"notifications":null},"geo":null,"coordinates":null,"place":null,"contributors":null,"retweet_count":2,"favorite_count":0,"entities":{"hashtags":[{"text":"dresden","indices":[96,104]},{"text":"ZeltstaaDD","indices":[105,116]},{"text":"fl\u00fcchtlinge","indices":[117,129]},{"text":"Asyl","indices":[130,135]}],"trends":[],"urls":[],"user_mentions":[],"symbols":[]},"favorited":false,"retweeted":false,"possibly_sensitive":false,"filter_level":"low","lang":"de"},"retweet_count":0,"favorite_count":0,"entities":{"hashtags":[{"text":"dresden","indices":[113,121]},{"text":"ZeltstaaDD","indices":[122,133]},{"text":"fl\u00fcchtlinge","indices":[134,140]},{"text":"Asyl","indices":[139,140]}],"trends":[],"urls":[],"user_mentions":[{"screen_name":"quontrabuzz","name":"plums","id":39790899,"id_str":"39790899","indices":[3,15]}],"symbols":[]},"favorited":false,"retweeted":false,"possibly_sensitive":false,"filter_level":"low","lang":"de","timestamp_ms":"1442016519678"}
