{"created_at":"Thu Sep 10 20:21:28 +0000 2015","id":642070404509605888,"id_str":"642070404509605888","text":"RT @MatthiasMeisner: Fernsehtipp! Heute 21.45 Uhr in @DasErste: #Kontraste. Ausl\u00e4nderfeindliche Krawalle in #Sachsen, das jahrelange Versag\u2026","source":"\u003ca href=\"http:\/\/twitter.com\" rel=\"nofollow\"\u003eTwitter Web Client\u003c\/a\u003e","truncated":false,"in_reply_to_status_id":null,"in_reply_to_status_id_str":null,"in_reply_to_user_id":null,"in_reply_to_user_id_str":null,"in_reply_to_screen_name":null,"user":{"id":771636168,"id_str":"771636168","name":"Veronika Harz","screen_name":"VeronikaHarz","location":"Berlin-Staaken","url":null,"description":"Ich habe mal auf unser Grundgesetz geschworen - was ist aus unserem Land geworden?","protected":false,"verified":false,"followers_count":34,"friends_count":103,"listed_count":6,"favourites_count":1731,"statuses_count":824,"created_at":"Tue Aug 21 14:45:05 +0000 2012","utc_offset":null,"time_zone":null,"geo_enabled":true,"lang":"de","contributors_enabled":false,"is_translator":false,"profile_background_color":"C0DEED","profile_background_image_url":"http:\/\/abs.twimg.com\/images\/themes\/theme1\/bg.png","profile_background_image_url_https":"https:\/\/abs.twimg.com\/images\/themes\/theme1\/bg.png","profile_background_tile":false,"profile_link_color":"0084B4","profile_sidebar_border_color":"C0DEED","profile_sidebar_fill_color":"DDEEF6","profile_text_color":"333333","profile_use_background_image":true,"profile_image_url":"http:\/\/pbs.twimg.com\/profile_images\/2528150926\/un0m97tj4mbdsud9d1ic_normal.jpeg","profile_image_url_https":"https:\/\/pbs.twimg.com\/profile_images\/2528150926\/un0m97tj4mbdsud9d1ic_normal.jpeg","default_profile":true,"default_profile_image":false,"following":null,"follow_request_sent":null,"notifications":null},"geo":null,"coordinates":null,"place":null,"contributors":null,"retweeted_status":{"created_at":"Thu Sep 10 19:11:54 +0000 2015","id":642052896838840324,"id_str":"642052896838840324","text":"Fernsehtipp! Heute 21.45 Uhr in @DasErste: #Kontraste. Ausl\u00e4nderfeindliche Krawalle in #Sachsen, das jahrelange Versagen der #CDU-Regierung","source":"\u003ca href=\"http:\/\/twitter.com\/#!\/download\/ipad\" rel=\"nofollow\"\u003eTwitter for iPad\u003c\/a\u003e","truncated":false,"in_reply_to_status_id":null,"in_reply_to_status_id_str":null,"in_reply_to_user_id":null,"in_reply_to_user_id_str":null,"in_reply_to_screen_name":null,"user":{"id":2180031792,"id_str":"2180031792","name":"Matthias Meisner","screen_name":"MatthiasMeisner","location":"Berlin \u0411\u0435\u0440\u043b\u0438\u043d \u67cf\u6797 \u0628\u0631\u0644\u064a\u0646","url":"http:\/\/www.tagesspiegel.de\/5264588.html","description":"Korrespondent beim @tagesspiegel in #Berlin \u2022 Hauptstadtredaktion \u2022 #Innenpolitik #nopegida #Fl\u00fcchtlinge #Bundestag #Linke #r2g Ex-#DDR #Osteuropa #Medien","protected":false,"verified":true,"followers_count":8734,"friends_count":2484,"listed_count":329,"favourites_count":30580,"statuses_count":29823,"created_at":"Thu Nov 07 12:45:17 +0000 2013","utc_offset":7200,"time_zone":"Prague","geo_enabled":true,"lang":"de","contributors_enabled":false,"is_translator":false,"profile_background_color":"1A1B1F","profile_background_image_url":"http:\/\/pbs.twimg.com\/profile_background_images\/378800000116081319\/09575ce91bc2a2475eba3c0247132d77.jpeg","profile_background_image_url_https":"https:\/\/pbs.twimg.com\/profile_background_images\/378800000116081319\/09575ce91bc2a2475eba3c0247132d77.jpeg","profile_background_tile":true,"profile_link_color":"2FC2EF","profile_sidebar_border_color":"FFFFFF","profile_sidebar_fill_color":"252429","profile_text_color":"666666","profile_use_background_image":true,"profile_image_url":"http:\/\/pbs.twimg.com\/profile_images\/497545866492665857\/zUvK4hKr_normal.jpeg","profile_image_url_https":"https:\/\/pbs.twimg.com\/profile_images\/497545866492665857\/zUvK4hKr_normal.jpeg","profile_banner_url":"https:\/\/pbs.twimg.com\/profile_banners\/2180031792\/1407429812","default_profile":false,"default_profile_image":false,"following":null,"follow_request_sent":null,"notifications":null},"geo":null,"coordinates":null,"place":null,"contributors":null,"retweet_count":25,"favorite_count":22,"entities":{"hashtags":[{"text":"Kontraste","indices":[43,53]},{"text":"Sachsen","indices":[87,95]},{"text":"CDU","indices":[125,129]}],"trends":[],"urls":[],"user_mentions":[{"screen_name":"DasErste","name":"Das Erste","id":28964208,"id_str":"28964208","indices":[32,41]}],"symbols":[]},"favorited":false,"retweeted":false,"possibly_sensitive":false,"filter_level":"low","lang":"de"},"retweet_count":0,"favorite_count":0,"entities":{"hashtags":[{"text":"Kontraste","indices":[64,74]},{"text":"Sachsen","indices":[108,116]},{"text":"CDU","indices":[139,140]}],"trends":[],"urls":[],"user_mentions":[{"screen_name":"MatthiasMeisner","name":"Matthias Meisner","id":2180031792,"id_str":"2180031792","indices":[3,19]},{"screen_name":"DasErste","name":"Das Erste","id":28964208,"id_str":"28964208","indices":[53,62]}],"symbols":[]},"favorited":false,"retweeted":false,"possibly_sensitive":false,"filter_level":"low","lang":"de","timestamp_ms":"1441916488183"}
