{"created_at":"Thu Sep 10 20:25:42 +0000 2015","id":642071470093561856,"id_str":"642071470093561856","text":"RT @PQimple: Guckst du, so bedanken sich Syrier h\u00f6chst pers\u00f6nlich.\n#Willkommenskultur\n#Asyl\n#Fl\u00fcchtlinge\n#Krimigranten\nhttps:\/\/t.co\/Nzy8RYz\u2026","source":"\u003ca href=\"http:\/\/twitter.com\/download\/iphone\" rel=\"nofollow\"\u003eTwitter for iPhone\u003c\/a\u003e","truncated":false,"in_reply_to_status_id":null,"in_reply_to_status_id_str":null,"in_reply_to_user_id":null,"in_reply_to_user_id_str":null,"in_reply_to_screen_name":null,"user":{"id":3335526323,"id_str":"3335526323","name":"WilleUndKraft","screen_name":"HeimatHilfswerk","location":"Deutschland","url":null,"description":"IchBinNochJungAnJahrenIchBinNochWeitVomTodUndHabDochSchonErfahrenDesVolkesBittreNotUndObMeinGl\u00fcckMichFreueMeinHerzVergi\u00dftDichNieIchDieneDirInTreueHeimatKompanie","protected":false,"verified":false,"followers_count":110,"friends_count":184,"listed_count":3,"favourites_count":542,"statuses_count":2686,"created_at":"Fri Jun 19 20:52:46 +0000 2015","utc_offset":7200,"time_zone":"Berlin","geo_enabled":false,"lang":"de","contributors_enabled":false,"is_translator":false,"profile_background_color":"FFFFFF","profile_background_image_url":"http:\/\/abs.twimg.com\/images\/themes\/theme1\/bg.png","profile_background_image_url_https":"https:\/\/abs.twimg.com\/images\/themes\/theme1\/bg.png","profile_background_tile":false,"profile_link_color":"000000","profile_sidebar_border_color":"000000","profile_sidebar_fill_color":"000000","profile_text_color":"000000","profile_use_background_image":false,"profile_image_url":"http:\/\/pbs.twimg.com\/profile_images\/634735890947014656\/FJ6SOeKN_normal.png","profile_image_url_https":"https:\/\/pbs.twimg.com\/profile_images\/634735890947014656\/FJ6SOeKN_normal.png","profile_banner_url":"https:\/\/pbs.twimg.com\/profile_banners\/3335526323\/1440149884","default_profile":false,"default_profile_image":false,"following":null,"follow_request_sent":null,"notifications":null},"geo":null,"coordinates":null,"place":null,"contributors":null,"retweeted_status":{"created_at":"Thu Sep 10 19:50:03 +0000 2015","id":642062498007527424,"id_str":"642062498007527424","text":"Guckst du, so bedanken sich Syrier h\u00f6chst pers\u00f6nlich.\n#Willkommenskultur\n#Asyl\n#Fl\u00fcchtlinge\n#Krimigranten\nhttps:\/\/t.co\/Nzy8RYzn6X","source":"\u003ca href=\"http:\/\/twitter.com\" rel=\"nofollow\"\u003eTwitter Web Client\u003c\/a\u003e","truncated":false,"in_reply_to_status_id":null,"in_reply_to_status_id_str":null,"in_reply_to_user_id":null,"in_reply_to_user_id_str":null,"in_reply_to_screen_name":null,"user":{"id":2738587607,"id_str":"2738587607","name":"Pierre ! (Qimple)","screen_name":"PQimple","location":"Jenseits des Gutmenschentums","url":null,"description":"Bei jeder Wahl geben wir unser Souver\u00e4n an die Volksverr\u00e4ter ab, und beschweren uns dar\u00fcber. Selber Schuld!\n#Widerstand #Souver\u00e4nit\u00e4t","protected":false,"verified":false,"followers_count":182,"friends_count":62,"listed_count":3,"favourites_count":663,"statuses_count":6706,"created_at":"Sun Aug 10 00:33:51 +0000 2014","utc_offset":7200,"time_zone":"Berlin","geo_enabled":false,"lang":"de","contributors_enabled":false,"is_translator":false,"profile_background_color":"C0DEED","profile_background_image_url":"http:\/\/abs.twimg.com\/images\/themes\/theme1\/bg.png","profile_background_image_url_https":"https:\/\/abs.twimg.com\/images\/themes\/theme1\/bg.png","profile_background_tile":false,"profile_link_color":"0084B4","profile_sidebar_border_color":"C0DEED","profile_sidebar_fill_color":"DDEEF6","profile_text_color":"333333","profile_use_background_image":true,"profile_image_url":"http:\/\/pbs.twimg.com\/profile_images\/609643761916882944\/5zO5ufRC_normal.jpg","profile_image_url_https":"https:\/\/pbs.twimg.com\/profile_images\/609643761916882944\/5zO5ufRC_normal.jpg","profile_banner_url":"https:\/\/pbs.twimg.com\/profile_banners\/2738587607\/1420741901","default_profile":true,"default_profile_image":false,"following":null,"follow_request_sent":null,"notifications":null},"geo":null,"coordinates":null,"place":null,"contributors":null,"retweet_count":8,"favorite_count":4,"entities":{"hashtags":[{"text":"Willkommenskultur","indices":[54,72]},{"text":"Asyl","indices":[73,78]},{"text":"Fl\u00fcchtlinge","indices":[79,91]},{"text":"Krimigranten","indices":[92,105]}],"trends":[],"urls":[{"url":"https:\/\/t.co\/Nzy8RYzn6X","expanded_url":"https:\/\/youtu.be\/LxQCXINoxCM","display_url":"youtu.be\/LxQCXINoxCM","indices":[106,129]}],"user_mentions":[],"symbols":[]},"favorited":false,"retweeted":false,"possibly_sensitive":false,"filter_level":"low","lang":"de"},"retweet_count":0,"favorite_count":0,"entities":{"hashtags":[{"text":"Willkommenskultur","indices":[67,85]},{"text":"Asyl","indices":[86,91]},{"text":"Fl\u00fcchtlinge","indices":[92,104]},{"text":"Krimigranten","indices":[105,118]}],"trends":[],"urls":[{"url":"https:\/\/t.co\/Nzy8RYzn6X","expanded_url":"https:\/\/youtu.be\/LxQCXINoxCM","display_url":"youtu.be\/LxQCXINoxCM","indices":[119,140]}],"user_mentions":[{"screen_name":"PQimple","name":"Pierre ! (Qimple)","id":2738587607,"id_str":"2738587607","indices":[3,11]}],"symbols":[]},"favorited":false,"retweeted":false,"possibly_sensitive":false,"filter_level":"low","lang":"de","timestamp_ms":"1441916742238"}
