{"created_at":"Sat Sep 12 19:52:17 +0000 2015","id":642787838048739328,"id_str":"642787838048739328","text":"RT @S_Schwarzkopf: #Fl\u00fcchtlinge berichten von Geheimcamps der ungarischen Polizei. \"7 Tage in der H\u00f6lle\". Misshandlungen und Drohungen. #re\u2026","source":"\u003ca href=\"http:\/\/twitter.com\/download\/android\" rel=\"nofollow\"\u003eTwitter for Android\u003c\/a\u003e","truncated":false,"in_reply_to_status_id":null,"in_reply_to_status_id_str":null,"in_reply_to_user_id":null,"in_reply_to_user_id_str":null,"in_reply_to_screen_name":null,"user":{"id":622133299,"id_str":"622133299","name":"Holger Nohr","screen_name":"holgernohr","location":"Wedel (Holstein)","url":"http:\/\/holgernohr.net","description":"Medienpolitik & Netzpolitik. Gr\u00fcn. Links. Norddeutsch. B\u00fccherfan. SciFi","protected":false,"verified":false,"followers_count":389,"friends_count":609,"listed_count":42,"favourites_count":2299,"statuses_count":13790,"created_at":"Fri Jun 29 18:28:56 +0000 2012","utc_offset":7200,"time_zone":"Berlin","geo_enabled":true,"lang":"de","contributors_enabled":false,"is_translator":false,"profile_background_color":"EBEBEB","profile_background_image_url":"http:\/\/abs.twimg.com\/images\/themes\/theme7\/bg.gif","profile_background_image_url_https":"https:\/\/abs.twimg.com\/images\/themes\/theme7\/bg.gif","profile_background_tile":false,"profile_link_color":"990000","profile_sidebar_border_color":"DFDFDF","profile_sidebar_fill_color":"F3F3F3","profile_text_color":"333333","profile_use_background_image":true,"profile_image_url":"http:\/\/pbs.twimg.com\/profile_images\/615244133750411264\/EKzXMLcX_normal.jpg","profile_image_url_https":"https:\/\/pbs.twimg.com\/profile_images\/615244133750411264\/EKzXMLcX_normal.jpg","profile_banner_url":"https:\/\/pbs.twimg.com\/profile_banners\/622133299\/1441846939","default_profile":false,"default_profile_image":false,"following":null,"follow_request_sent":null,"notifications":null},"geo":null,"coordinates":null,"place":null,"contributors":null,"retweeted_status":{"created_at":"Sat Sep 12 12:01:52 +0000 2015","id":642669455168937984,"id_str":"642669455168937984","text":"#Fl\u00fcchtlinge berichten von Geheimcamps der ungarischen Polizei. \"7 Tage in der H\u00f6lle\". Misshandlungen und Drohungen. #refugees","source":"\u003ca href=\"http:\/\/twitter.com\/download\/iphone\" rel=\"nofollow\"\u003eTwitter for iPhone\u003c\/a\u003e","truncated":false,"in_reply_to_status_id":null,"in_reply_to_status_id_str":null,"in_reply_to_user_id":null,"in_reply_to_user_id_str":null,"in_reply_to_screen_name":null,"user":{"id":3523191203,"id_str":"3523191203","name":"Steffen Schwarzkopf","screen_name":"S_Schwarzkopf","location":"","url":null,"description":null,"protected":false,"verified":false,"followers_count":82,"friends_count":13,"listed_count":11,"favourites_count":0,"statuses_count":35,"created_at":"Wed Sep 02 12:28:41 +0000 2015","utc_offset":null,"time_zone":null,"geo_enabled":false,"lang":"de","contributors_enabled":false,"is_translator":false,"profile_background_color":"C0DEED","profile_background_image_url":"http:\/\/abs.twimg.com\/images\/themes\/theme1\/bg.png","profile_background_image_url_https":"https:\/\/abs.twimg.com\/images\/themes\/theme1\/bg.png","profile_background_tile":false,"profile_link_color":"0084B4","profile_sidebar_border_color":"C0DEED","profile_sidebar_fill_color":"DDEEF6","profile_text_color":"333333","profile_use_background_image":true,"profile_image_url":"http:\/\/pbs.twimg.com\/profile_images\/639055808739835904\/YlBo1w8Z_normal.jpg","profile_image_url_https":"https:\/\/pbs.twimg.com\/profile_images\/639055808739835904\/YlBo1w8Z_normal.jpg","profile_banner_url":"https:\/\/pbs.twimg.com\/profile_banners\/3523191203\/1441198268","default_profile":true,"default_profile_image":false,"following":null,"follow_request_sent":null,"notifications":null},"geo":null,"coordinates":null,"place":null,"contributors":null,"retweet_count":29,"favorite_count":2,"entities":{"hashtags":[{"text":"Fl\u00fcchtlinge","indices":[0,12]},{"text":"refugees","indices":[117,126]}],"trends":[],"urls":[],"user_mentions":[],"symbols":[]},"favorited":false,"retweeted":false,"possibly_sensitive":false,"filter_level":"low","lang":"de"},"retweet_count":0,"favorite_count":0,"entities":{"hashtags":[{"text":"Fl\u00fcchtlinge","indices":[19,31]},{"text":"refugees","indices":[136,140]}],"trends":[],"urls":[],"user_mentions":[{"screen_name":"S_Schwarzkopf","name":"Steffen Schwarzkopf","id":3523191203,"id_str":"3523191203","indices":[3,17]}],"symbols":[]},"favorited":false,"retweeted":false,"possibly_sensitive":false,"filter_level":"low","lang":"de","timestamp_ms":"1442087537668"}
