{"created_at":"Thu Sep 10 20:26:13 +0000 2015","id":642071602130128896,"id_str":"642071602130128896","text":"Sinan-G, Ali As und Staiger setzen sich f\u00fcr Fl\u00fcchtlinge ein http:\/\/t.co\/Mc8a5JEJ3b http:\/\/t.co\/OFtKXh55vP","source":"\u003ca href=\"http:\/\/dlvr.it\" rel=\"nofollow\"\u003edlvr.it\u003c\/a\u003e","truncated":false,"in_reply_to_status_id":null,"in_reply_to_status_id_str":null,"in_reply_to_user_id":null,"in_reply_to_user_id_str":null,"in_reply_to_screen_name":null,"user":{"id":247279597,"id_str":"247279597","name":"Curtis Miller","screen_name":"goodcurtis","location":"","url":null,"description":null,"protected":false,"verified":false,"followers_count":69,"friends_count":232,"listed_count":0,"favourites_count":16,"statuses_count":11814,"created_at":"Fri Feb 04 13:33:16 +0000 2011","utc_offset":7200,"time_zone":"Berlin","geo_enabled":false,"lang":"de","contributors_enabled":false,"is_translator":false,"profile_background_color":"022330","profile_background_image_url":"http:\/\/abs.twimg.com\/images\/themes\/theme15\/bg.png","profile_background_image_url_https":"https:\/\/abs.twimg.com\/images\/themes\/theme15\/bg.png","profile_background_tile":false,"profile_link_color":"0084B4","profile_sidebar_border_color":"A8C7F7","profile_sidebar_fill_color":"C0DFEC","profile_text_color":"333333","profile_use_background_image":true,"profile_image_url":"http:\/\/pbs.twimg.com\/profile_images\/1701987226\/thumbsup_normal.png","profile_image_url_https":"https:\/\/pbs.twimg.com\/profile_images\/1701987226\/thumbsup_normal.png","default_profile":false,"default_profile_image":false,"following":null,"follow_request_sent":null,"notifications":null},"geo":null,"coordinates":null,"place":null,"contributors":null,"retweet_count":0,"favorite_count":0,"entities":{"hashtags":[],"trends":[],"urls":[{"url":"http:\/\/t.co\/Mc8a5JEJ3b","expanded_url":"http:\/\/dlvr.it\/C6fm9r","display_url":"dlvr.it\/C6fm9r","indices":[60,82]}],"user_mentions":[],"symbols":[],"media":[{"id":642071602033651712,"id_str":"642071602033651712","indices":[83,105],"media_url":"http:\/\/pbs.twimg.com\/media\/COkYuF-U8AA69Uq.jpg","media_url_https":"https:\/\/pbs.twimg.com\/media\/COkYuF-U8AA69Uq.jpg","url":"http:\/\/t.co\/OFtKXh55vP","display_url":"pic.twitter.com\/OFtKXh55vP","expanded_url":"http:\/\/twitter.com\/goodcurtis\/status\/642071602130128896\/photo\/1","type":"photo","sizes":{"thumb":{"w":150,"h":150,"resize":"crop"},"small":{"w":340,"h":191,"resize":"fit"},"large":{"w":800,"h":450,"resize":"fit"},"medium":{"w":600,"h":337,"resize":"fit"}}}]},"extended_entities":{"media":[{"id":642071602033651712,"id_str":"642071602033651712","indices":[83,105],"media_url":"http:\/\/pbs.twimg.com\/media\/COkYuF-U8AA69Uq.jpg","media_url_https":"https:\/\/pbs.twimg.com\/media\/COkYuF-U8AA69Uq.jpg","url":"http:\/\/t.co\/OFtKXh55vP","display_url":"pic.twitter.com\/OFtKXh55vP","expanded_url":"http:\/\/twitter.com\/goodcurtis\/status\/642071602130128896\/photo\/1","type":"photo","sizes":{"thumb":{"w":150,"h":150,"resize":"crop"},"small":{"w":340,"h":191,"resize":"fit"},"large":{"w":800,"h":450,"resize":"fit"},"medium":{"w":600,"h":337,"resize":"fit"}}}]},"favorited":false,"retweeted":false,"possibly_sensitive":false,"filter_level":"low","lang":"de","timestamp_ms":"1441916773718"}
