{"created_at":"Thu Sep 10 20:23:49 +0000 2015","id":642070996237725696,"id_str":"642070996237725696","text":"Z\u00fcrcher Regierung lanciert fast 3 Millionen Franken teures Aktionsprogramm: Wie der Staat Suizide v... http:\/\/t.co\/UMmhQlGtpc (via @nzz)","source":"\u003ca href=\"http:\/\/twitterfeed.com\" rel=\"nofollow\"\u003etwitterfeed\u003c\/a\u003e","truncated":false,"in_reply_to_status_id":null,"in_reply_to_status_id_str":null,"in_reply_to_user_id":null,"in_reply_to_user_id_str":null,"in_reply_to_screen_name":null,"user":{"id":245564605,"id_str":"245564605","name":"raufhandel","screen_name":"Raufhandel","location":"","url":"http:\/\/letthegliedcontrolyourbody.com","description":"kann mir mal kurz einer das wasser reichen?","protected":false,"verified":false,"followers_count":4414,"friends_count":4630,"listed_count":167,"favourites_count":38319,"statuses_count":509056,"created_at":"Tue Feb 01 00:05:26 +0000 2011","utc_offset":-36000,"time_zone":"Hawaii","geo_enabled":true,"lang":"de","contributors_enabled":false,"is_translator":false,"profile_background_color":"C0DEED","profile_background_image_url":"http:\/\/abs.twimg.com\/images\/themes\/theme1\/bg.png","profile_background_image_url_https":"https:\/\/abs.twimg.com\/images\/themes\/theme1\/bg.png","profile_background_tile":false,"profile_link_color":"0084B4","profile_sidebar_border_color":"C0DEED","profile_sidebar_fill_color":"DDEEF6","profile_text_color":"333333","profile_use_background_image":true,"profile_image_url":"http:\/\/pbs.twimg.com\/profile_images\/1676853924\/256051_1991089346953_1534962552_3905622_2900368_o_normal.jpg","profile_image_url_https":"https:\/\/pbs.twimg.com\/profile_images\/1676853924\/256051_1991089346953_1534962552_3905622_2900368_o_normal.jpg","default_profile":true,"default_profile_image":false,"following":null,"follow_request_sent":null,"notifications":null},"geo":null,"coordinates":null,"place":null,"contributors":null,"retweet_count":0,"favorite_count":0,"entities":{"hashtags":[],"trends":[],"urls":[{"url":"http:\/\/t.co\/UMmhQlGtpc","expanded_url":"http:\/\/bit.ly\/1ODOL8f","display_url":"bit.ly\/1ODOL8f","indices":[103,125]}],"user_mentions":[{"screen_name":"NZZ","name":"Neue Z\u00fcrcher Zeitung","id":14273050,"id_str":"14273050","indices":[131,135]}],"symbols":[]},"favorited":false,"retweeted":false,"possibly_sensitive":false,"filter_level":"low","lang":"de","timestamp_ms":"1441916629262"}
