{"created_at":"Fri Sep 11 23:41:50 +0000 2015","id":642483218986475520,"id_str":"642483218986475520","text":"Wenn die Fl\u00fcchtlinge untergehen, dann doch eher vor Europa #domian","source":"\u003ca href=\"https:\/\/about.twitter.com\/products\/tweetdeck\" rel=\"nofollow\"\u003eTweetDeck\u003c\/a\u003e","truncated":false,"in_reply_to_status_id":null,"in_reply_to_status_id_str":null,"in_reply_to_user_id":null,"in_reply_to_user_id_str":null,"in_reply_to_screen_name":null,"user":{"id":16070123,"id_str":"16070123","name":"Nicht Dieter Moor","screen_name":"_maeander","location":"Im Exil, wo die So\ufb05 B\u0479s wohnen","url":"http:\/\/ungefaehres.tumblr.com\/ego","description":"Graf Balduin Maria von Lantanelienberg-Isetskis Ornamente & Verbrechen seit 10:43 Uhr. Superfantastisch, trinkt Schampus & #Lachsfisch. Heimatlos liberal, Aspie","protected":false,"verified":false,"followers_count":1095,"friends_count":130,"listed_count":106,"favourites_count":1394,"statuses_count":198322,"created_at":"Sun Aug 31 20:11:48 +0000 2008","utc_offset":7200,"time_zone":"Berlin","geo_enabled":false,"lang":"en","contributors_enabled":false,"is_translator":false,"profile_background_color":"EBEBEB","profile_background_image_url":"http:\/\/abs.twimg.com\/images\/themes\/theme7\/bg.gif","profile_background_image_url_https":"https:\/\/abs.twimg.com\/images\/themes\/theme7\/bg.gif","profile_background_tile":false,"profile_link_color":"990000","profile_sidebar_border_color":"DFDFDF","profile_sidebar_fill_color":"F3F3F3","profile_text_color":"333333","profile_use_background_image":true,"profile_image_url":"http:\/\/pbs.twimg.com\/profile_images\/1227347646\/Icke_normal.png","profile_image_url_https":"https:\/\/pbs.twimg.com\/profile_images\/1227347646\/Icke_normal.png","profile_banner_url":"https:\/\/pbs.twimg.com\/profile_banners\/16070123\/1355263597","default_profile":false,"default_profile_image":false,"following":null,"follow_request_sent":null,"notifications":null},"geo":null,"coordinates":null,"place":null,"contributors":null,"retweet_count":0,"favorite_count":0,"entities":{"hashtags":[{"text":"domian","indices":[59,66]}],"trends":[],"urls":[],"user_mentions":[],"symbols":[]},"favorited":false,"retweeted":false,"possibly_sensitive":false,"filter_level":"low","lang":"de","timestamp_ms":"1442014910824"}
