{"created_at":"Thu Sep 10 20:28:04 +0000 2015","id":642072066288652288,"id_str":"642072066288652288","text":"RT @TrainofHope_B: Wir haben Respekt vor Menschen,die f\u00fcr #Refugees leer stehende Geb\u00e4ude besetzen.Schade,dass es nicht von Dauer war. http\u2026","source":"\u003ca href=\"http:\/\/twitter.com\/download\/iphone\" rel=\"nofollow\"\u003eTwitter for iPhone\u003c\/a\u003e","truncated":false,"in_reply_to_status_id":null,"in_reply_to_status_id_str":null,"in_reply_to_user_id":null,"in_reply_to_user_id_str":null,"in_reply_to_screen_name":null,"user":{"id":52719758,"id_str":"52719758","name":"Tj\u00f6rn","screen_name":"tjoern","location":"Germany","url":null,"description":"Physiotherapeut. Physical therapist.\nPirate. Vegan.\nVegan Pirate!","protected":false,"verified":false,"followers_count":19,"friends_count":149,"listed_count":3,"favourites_count":19,"statuses_count":270,"created_at":"Wed Jul 01 13:07:11 +0000 2009","utc_offset":-7200,"time_zone":"Greenland","geo_enabled":false,"lang":"en","contributors_enabled":false,"is_translator":false,"profile_background_color":"C0DEED","profile_background_image_url":"http:\/\/abs.twimg.com\/images\/themes\/theme1\/bg.png","profile_background_image_url_https":"https:\/\/abs.twimg.com\/images\/themes\/theme1\/bg.png","profile_background_tile":false,"profile_link_color":"0084B4","profile_sidebar_border_color":"C0DEED","profile_sidebar_fill_color":"DDEEF6","profile_text_color":"333333","profile_use_background_image":true,"profile_image_url":"http:\/\/pbs.twimg.com\/profile_images\/640455921571885056\/gmq2JKza_normal.jpg","profile_image_url_https":"https:\/\/pbs.twimg.com\/profile_images\/640455921571885056\/gmq2JKza_normal.jpg","default_profile":true,"default_profile_image":false,"following":null,"follow_request_sent":null,"notifications":null},"geo":null,"coordinates":null,"place":null,"contributors":null,"retweeted_status":{"created_at":"Thu Sep 10 18:36:22 +0000 2015","id":642043957522903040,"id_str":"642043957522903040","text":"Wir haben Respekt vor Menschen,die f\u00fcr #Refugees leer stehende Geb\u00e4ude besetzen.Schade,dass es nicht von Dauer war. http:\/\/t.co\/M3noQSmew0","source":"\u003ca href=\"http:\/\/twitter.com\/download\/android\" rel=\"nofollow\"\u003eTwitter for Android\u003c\/a\u003e","truncated":false,"in_reply_to_status_id":null,"in_reply_to_status_id_str":null,"in_reply_to_user_id":null,"in_reply_to_user_id_str":null,"in_reply_to_screen_name":null,"user":{"id":3532837343,"id_str":"3532837343","name":"Train of Hope Berlin","screen_name":"TrainofHope_B","location":"","url":"http:\/\/www.trainofhopeberlin.wordpress.com","description":"Infochannel about situation of refugees at berlin train stations - Infokanal zur Situation Gefl\u00fcchteter an Berliner Bahnh\u00f6fen Hashtag: #hbfberlin","protected":false,"verified":false,"followers_count":936,"friends_count":59,"listed_count":24,"favourites_count":50,"statuses_count":168,"created_at":"Thu Sep 03 10:03:04 +0000 2015","utc_offset":-25200,"time_zone":"Pacific Time (US & Canada)","geo_enabled":false,"lang":"de","contributors_enabled":false,"is_translator":false,"profile_background_color":"C0DEED","profile_background_image_url":"http:\/\/abs.twimg.com\/images\/themes\/theme1\/bg.png","profile_background_image_url_https":"https:\/\/abs.twimg.com\/images\/themes\/theme1\/bg.png","profile_background_tile":false,"profile_link_color":"0084B4","profile_sidebar_border_color":"C0DEED","profile_sidebar_fill_color":"DDEEF6","profile_text_color":"333333","profile_use_background_image":true,"profile_image_url":"http:\/\/pbs.twimg.com\/profile_images\/639381296389713920\/4jYuiD7F_normal.jpg","profile_image_url_https":"https:\/\/pbs.twimg.com\/profile_images\/639381296389713920\/4jYuiD7F_normal.jpg","default_profile":true,"default_profile_image":false,"following":null,"follow_request_sent":null,"notifications":null},"geo":null,"coordinates":null,"place":null,"contributors":null,"retweet_count":8,"favorite_count":10,"entities":{"hashtags":[{"text":"Refugees","indices":[39,48]}],"trends":[],"urls":[{"url":"http:\/\/t.co\/M3noQSmew0","expanded_url":"http:\/\/www.rbb-online.de\/politik\/thema\/fluechtlinge\/berlin\/2015\/09\/hausbesetzung-fuer-fluechtlinge-in-charlottenburg.html","display_url":"rbb-online.de\/politik\/thema\/\u2026","indices":[116,138]}],"user_mentions":[],"symbols":[]},"favorited":false,"retweeted":false,"possibly_sensitive":false,"filter_level":"low","lang":"de"},"retweet_count":0,"favorite_count":0,"entities":{"hashtags":[{"text":"Refugees","indices":[58,67]}],"trends":[],"urls":[{"url":"http:\/\/t.co\/M3noQSmew0","expanded_url":"http:\/\/www.rbb-online.de\/politik\/thema\/fluechtlinge\/berlin\/2015\/09\/hausbesetzung-fuer-fluechtlinge-in-charlottenburg.html","display_url":"rbb-online.de\/politik\/thema\/\u2026","indices":[139,140]}],"user_mentions":[{"screen_name":"TrainofHope_B","name":"Train of Hope Berlin","id":3532837343,"id_str":"3532837343","indices":[3,17]}],"symbols":[]},"favorited":false,"retweeted":false,"possibly_sensitive":false,"filter_level":"low","lang":"de","timestamp_ms":"1441916884382"}
