{"created_at":"Sat Sep 12 19:51:40 +0000 2015","id":642787681798352896,"id_str":"642787681798352896","text":"RT @BrunoGertKramm: Reminder: Wof\u00fcr das C in @csu steht? \"Alle sind Kinder Gottes, egal von wo\" Und jetzt? Ganz einfach: #refugeeswelcome","source":"\u003ca href=\"https:\/\/about.twitter.com\/products\/tweetdeck\" rel=\"nofollow\"\u003eTweetDeck\u003c\/a\u003e","truncated":false,"in_reply_to_status_id":null,"in_reply_to_status_id_str":null,"in_reply_to_user_id":null,"in_reply_to_user_id_str":null,"in_reply_to_screen_name":null,"user":{"id":286361635,"id_str":"286361635","name":"Scih\u00f6rnchen","screen_name":"MTaege","location":"Brandenburg","url":"http:\/\/malkurznachgedacht.blogspot.de\/","description":"Scih\u00f6rnchen mit Herz und Schnauze, Flauscheria der Piraten, Linksliberal 2.V des KV PM https:\/\/wiki.piratenbrandenburg.de\/Benutzer:Mtaege","protected":false,"verified":false,"followers_count":1957,"friends_count":2146,"listed_count":221,"favourites_count":152839,"statuses_count":160810,"created_at":"Fri Apr 22 21:12:32 +0000 2011","utc_offset":7200,"time_zone":"Amsterdam","geo_enabled":true,"lang":"de","contributors_enabled":false,"is_translator":false,"profile_background_color":"C0DEED","profile_background_image_url":"http:\/\/abs.twimg.com\/images\/themes\/theme1\/bg.png","profile_background_image_url_https":"https:\/\/abs.twimg.com\/images\/themes\/theme1\/bg.png","profile_background_tile":false,"profile_link_color":"0084B4","profile_sidebar_border_color":"C0DEED","profile_sidebar_fill_color":"DDEEF6","profile_text_color":"333333","profile_use_background_image":true,"profile_image_url":"http:\/\/pbs.twimg.com\/profile_images\/3521856347\/8c75ce2126a506515c396c10a62175a6_normal.jpeg","profile_image_url_https":"https:\/\/pbs.twimg.com\/profile_images\/3521856347\/8c75ce2126a506515c396c10a62175a6_normal.jpeg","profile_banner_url":"https:\/\/pbs.twimg.com\/profile_banners\/286361635\/1436712407","default_profile":true,"default_profile_image":false,"following":null,"follow_request_sent":null,"notifications":null},"geo":null,"coordinates":null,"place":null,"contributors":null,"retweeted_status":{"created_at":"Sat Sep 12 19:51:15 +0000 2015","id":642787577213374464,"id_str":"642787577213374464","text":"Reminder: Wof\u00fcr das C in @csu steht? \"Alle sind Kinder Gottes, egal von wo\" Und jetzt? Ganz einfach: #refugeeswelcome","source":"\u003ca href=\"http:\/\/twitter.com\/download\/android\" rel=\"nofollow\"\u003eTwitter for Android\u003c\/a\u003e","truncated":false,"in_reply_to_status_id":null,"in_reply_to_status_id_str":null,"in_reply_to_user_id":null,"in_reply_to_user_id_str":null,"in_reply_to_screen_name":null,"user":{"id":73597791,"id_str":"73597791","name":"Bruno Kramm","screen_name":"BrunoGertKramm","location":"Berlin, Brandenburg, Bayern","url":"http:\/\/www.bruno-kramm.de","description":"Papa, Labelchef, Musiker, Postmaterialist, Commonist, Postmarxist #TTIP #CETA #TISA Kritiker. Foto: @bartjez","protected":false,"verified":false,"followers_count":6950,"friends_count":1098,"listed_count":290,"favourites_count":8884,"statuses_count":21132,"created_at":"Sat Sep 12 07:58:08 +0000 2009","utc_offset":7200,"time_zone":"Amsterdam","geo_enabled":false,"lang":"de","contributors_enabled":false,"is_translator":false,"profile_background_color":"131516","profile_background_image_url":"http:\/\/abs.twimg.com\/images\/themes\/theme14\/bg.gif","profile_background_image_url_https":"https:\/\/abs.twimg.com\/images\/themes\/theme14\/bg.gif","profile_background_tile":true,"profile_link_color":"009999","profile_sidebar_border_color":"EEEEEE","profile_sidebar_fill_color":"EFEFEF","profile_text_color":"333333","profile_use_background_image":true,"profile_image_url":"http:\/\/pbs.twimg.com\/profile_images\/553394047876730881\/yH_Q4pYJ_normal.jpeg","profile_image_url_https":"https:\/\/pbs.twimg.com\/profile_images\/553394047876730881\/yH_Q4pYJ_normal.jpeg","profile_banner_url":"https:\/\/pbs.twimg.com\/profile_banners\/73597791\/1382876824","default_profile":false,"default_profile_image":false,"following":null,"follow_request_sent":null,"notifications":null},"geo":null,"coordinates":null,"place":null,"contributors":null,"retweet_count":1,"favorite_count":1,"entities":{"hashtags":[{"text":"refugeeswelcome","indices":[101,117]}],"trends":[],"urls":[],"user_mentions":[{"screen_name":"CSU","name":"CSU","id":21107582,"id_str":"21107582","indices":[25,29]}],"symbols":[]},"favorited":false,"retweeted":false,"possibly_sensitive":false,"filter_level":"low","lang":"de"},"retweet_count":0,"favorite_count":0,"entities":{"hashtags":[{"text":"refugeeswelcome","indices":[121,137]}],"trends":[],"urls":[],"user_mentions":[{"screen_name":"BrunoGertKramm","name":"Bruno Kramm","id":73597791,"id_str":"73597791","indices":[3,18]},{"screen_name":"CSU","name":"CSU","id":21107582,"id_str":"21107582","indices":[45,49]}],"symbols":[]},"favorited":false,"retweeted":false,"possibly_sensitive":false,"filter_level":"low","lang":"de","timestamp_ms":"1442087500415"}
