{"created_at":"Fri Sep 11 23:58:30 +0000 2015","id":642487409863733248,"id_str":"642487409863733248","text":"Tolle Sendung .... 5 ma Sex ... 1 ma Fl\u00fcchtlinge ... und ein Kurierfahrer ... Klasse... #Domian","source":"\u003ca href=\"http:\/\/twitter.com\/download\/android\" rel=\"nofollow\"\u003eTwitter for Android\u003c\/a\u003e","truncated":false,"in_reply_to_status_id":null,"in_reply_to_status_id_str":null,"in_reply_to_user_id":null,"in_reply_to_user_id_str":null,"in_reply_to_screen_name":null,"user":{"id":173985784,"id_str":"173985784","name":"VIP-Lounge (Germany)","screen_name":"GermanMVPFan","location":"Magdeburg\/Deutschland","url":"http:\/\/facebook.com\/GermanMVPFan","description":"Danny...24 Years & LOVE the @WWE ...My all time Favorite is @the305mvp ... He's not there anymore,but he always will be my Fav.My Fav in @wwe right now is Dean","protected":false,"verified":false,"followers_count":860,"friends_count":569,"listed_count":30,"favourites_count":1456,"statuses_count":80038,"created_at":"Mon Aug 02 21:01:38 +0000 2010","utc_offset":-7200,"time_zone":"Greenland","geo_enabled":false,"lang":"de","contributors_enabled":false,"is_translator":false,"profile_background_color":"1A1B1F","profile_background_image_url":"http:\/\/pbs.twimg.com\/profile_background_images\/327195221\/MVP_-_Ballin_Elbow2_gek_rzt__128x96_.gif","profile_background_image_url_https":"https:\/\/pbs.twimg.com\/profile_background_images\/327195221\/MVP_-_Ballin_Elbow2_gek_rzt__128x96_.gif","profile_background_tile":true,"profile_link_color":"2FC2EF","profile_sidebar_border_color":"FFFFFF","profile_sidebar_fill_color":"252429","profile_text_color":"666666","profile_use_background_image":true,"profile_image_url":"http:\/\/pbs.twimg.com\/profile_images\/639808907192307716\/WUR5gV4M_normal.png","profile_image_url_https":"https:\/\/pbs.twimg.com\/profile_images\/639808907192307716\/WUR5gV4M_normal.png","profile_banner_url":"https:\/\/pbs.twimg.com\/profile_banners\/173985784\/1372021934","default_profile":false,"default_profile_image":false,"following":null,"follow_request_sent":null,"notifications":null},"geo":null,"coordinates":null,"place":null,"contributors":null,"retweet_count":0,"favorite_count":0,"entities":{"hashtags":[{"text":"Domian","indices":[88,95]}],"trends":[],"urls":[],"user_mentions":[],"symbols":[]},"favorited":false,"retweeted":false,"possibly_sensitive":false,"filter_level":"low","lang":"de","timestamp_ms":"1442015910007"}
