{"created_at":"Fri Sep 11 23:44:16 +0000 2015","id":642483830155153408,"id_str":"642483830155153408","text":"Fl\u00fcchtlinge an Europa: Wenn der Krieg zu uns kommt, kommen wir zu\u00a0Euch http:\/\/t.co\/o5xzHbfx1d","source":"\u003ca href=\"http:\/\/publicize.wp.com\/\" rel=\"nofollow\"\u003eWordPress.com\u003c\/a\u003e","truncated":false,"in_reply_to_status_id":null,"in_reply_to_status_id_str":null,"in_reply_to_user_id":null,"in_reply_to_user_id_str":null,"in_reply_to_screen_name":null,"user":{"id":168355110,"id_str":"168355110","name":"Heinz Duthel, Author","screen_name":"HeinzDuthel","location":"Vaduz - Koeln","url":"http:\/\/www.heinzduthel.de","description":"Press Release, Breaking News, http:\/\/Pressebank.com!\nWelcome to Fair Jobs. Europe's best microjob marketplace\nhttp:\/\/fairjobs.info","protected":false,"verified":false,"followers_count":412388,"friends_count":2392,"listed_count":224,"favourites_count":2131,"statuses_count":1089457,"created_at":"Mon Jul 19 03:23:44 +0000 2010","utc_offset":7200,"time_zone":"Bern","geo_enabled":false,"lang":"de","contributors_enabled":false,"is_translator":false,"profile_background_color":"000000","profile_background_image_url":"http:\/\/abs.twimg.com\/images\/themes\/theme2\/bg.gif","profile_background_image_url_https":"https:\/\/abs.twimg.com\/images\/themes\/theme2\/bg.gif","profile_background_tile":false,"profile_link_color":"3B94D9","profile_sidebar_border_color":"000000","profile_sidebar_fill_color":"000000","profile_text_color":"000000","profile_use_background_image":false,"profile_image_url":"http:\/\/pbs.twimg.com\/profile_images\/599887044287037442\/-o-95hgg_normal.jpg","profile_image_url_https":"https:\/\/pbs.twimg.com\/profile_images\/599887044287037442\/-o-95hgg_normal.jpg","profile_banner_url":"https:\/\/pbs.twimg.com\/profile_banners\/168355110\/1438078720","default_profile":false,"default_profile_image":false,"following":null,"follow_request_sent":null,"notifications":null},"geo":null,"coordinates":null,"place":null,"contributors":null,"retweet_count":0,"favorite_count":0,"entities":{"hashtags":[],"trends":[],"urls":[{"url":"http:\/\/t.co\/o5xzHbfx1d","expanded_url":"http:\/\/fairnews.pressebank.com\/fluchtlinge-an-europa-wenn-der-krieg-zu-uns-kommt-kommen-wir-zu-euch\/","display_url":"fairnews.pressebank.com\/fluchtlinge-an\u2026","indices":[71,93]}],"user_mentions":[],"symbols":[]},"favorited":false,"retweeted":false,"possibly_sensitive":false,"filter_level":"low","lang":"de","timestamp_ms":"1442015056538"}
