{"created_at":"Fri Sep 11 23:50:44 +0000 2015","id":642485457574563841,"id_str":"642485457574563841","text":"Sammelunterk\u00fcnfte - Sorge vor sexueller Gewalt gegen Fl\u00fcchtlingskinder http:\/\/t.co\/LfnQf8Q8sZ via @welt","source":"\u003ca href=\"http:\/\/twitter.com\" rel=\"nofollow\"\u003eTwitter Web Client\u003c\/a\u003e","truncated":false,"in_reply_to_status_id":null,"in_reply_to_status_id_str":null,"in_reply_to_user_id":null,"in_reply_to_user_id_str":null,"in_reply_to_screen_name":null,"user":{"id":3246082967,"id_str":"3246082967","name":"Zartbitter e.V.","screen_name":"Zartbitter_eV","location":"K\u00f6ln, Nordrhein-Westfalen","url":"http:\/\/www.zartbitter.de","description":"Fachberatungsstelle gegen #sexuellen #Missbrauch: #Pr\u00e4vention, #Beratung, #Fortbildung, '#Aufarbeitung,#Pr\u00e4ventionstheater,","protected":false,"verified":false,"followers_count":34,"friends_count":44,"listed_count":1,"favourites_count":21,"statuses_count":58,"created_at":"Mon May 11 09:51:24 +0000 2015","utc_offset":-25200,"time_zone":"Pacific Time (US & Canada)","geo_enabled":false,"lang":"de","contributors_enabled":false,"is_translator":false,"profile_background_color":"000000","profile_background_image_url":"http:\/\/abs.twimg.com\/images\/themes\/theme1\/bg.png","profile_background_image_url_https":"https:\/\/abs.twimg.com\/images\/themes\/theme1\/bg.png","profile_background_tile":false,"profile_link_color":"89C9FA","profile_sidebar_border_color":"000000","profile_sidebar_fill_color":"000000","profile_text_color":"000000","profile_use_background_image":false,"profile_image_url":"http:\/\/pbs.twimg.com\/profile_images\/597727052914110464\/doaxiP0W_normal.png","profile_image_url_https":"https:\/\/pbs.twimg.com\/profile_images\/597727052914110464\/doaxiP0W_normal.png","default_profile":false,"default_profile_image":false,"following":null,"follow_request_sent":null,"notifications":null},"geo":null,"coordinates":null,"place":null,"contributors":null,"retweet_count":0,"favorite_count":0,"entities":{"hashtags":[],"trends":[],"urls":[{"url":"http:\/\/t.co\/LfnQf8Q8sZ","expanded_url":"http:\/\/www.welt.de\/politik\/deutschland\/article146246883\/Sorge-vor-sexueller-Gewalt-gegen-Fluechtlingskinder.html","display_url":"welt.de\/politik\/deutsc\u2026","indices":[71,93]}],"user_mentions":[{"screen_name":"welt","name":"DIE WELT","id":8720562,"id_str":"8720562","indices":[98,103]}],"symbols":[]},"favorited":false,"retweeted":false,"possibly_sensitive":false,"filter_level":"low","lang":"de","timestamp_ms":"1442015444545"}
