{"created_at":"Thu Sep 10 20:23:37 +0000 2015","id":642070948770893824,"id_str":"642070948770893824","text":"#Fl\u00fcchtlinge Aunfahmeeinrichtungen bald voll? Kommt dann der Katastrophenschutz? Was denkt sich die Polit-Elite dabei? #CDU #Merkel","source":"\u003ca href=\"http:\/\/bufferapp.com\" rel=\"nofollow\"\u003eBuffer\u003c\/a\u003e","truncated":false,"in_reply_to_status_id":null,"in_reply_to_status_id_str":null,"in_reply_to_user_id":null,"in_reply_to_user_id_str":null,"in_reply_to_screen_name":null,"user":{"id":40532269,"id_str":"40532269","name":"Flensburg online","screen_name":"FlensburgOnline","location":"Flensburg, Germany","url":"http:\/\/www.flensburg-online.de\/blog\/","description":"Zeitung war gestern. Internet ist heute. Bibel ist immer.\r\nhttp:\/\/www.flensburg-online.de\/impressum.html","protected":false,"verified":false,"followers_count":5298,"friends_count":5614,"listed_count":87,"favourites_count":0,"statuses_count":189002,"created_at":"Sat May 16 20:07:58 +0000 2009","utc_offset":7200,"time_zone":"Berlin","geo_enabled":false,"lang":"de","contributors_enabled":false,"is_translator":false,"profile_background_color":"FFFFFF","profile_background_image_url":"http:\/\/pbs.twimg.com\/profile_background_images\/23289230\/flensburg.gif","profile_background_image_url_https":"https:\/\/pbs.twimg.com\/profile_background_images\/23289230\/flensburg.gif","profile_background_tile":false,"profile_link_color":"0099B9","profile_sidebar_border_color":"F5F5F5","profile_sidebar_fill_color":"F5F5F5","profile_text_color":"3C3940","profile_use_background_image":true,"profile_image_url":"http:\/\/pbs.twimg.com\/profile_images\/1760237451\/flo-twitter-buchstaben_normal.jpg","profile_image_url_https":"https:\/\/pbs.twimg.com\/profile_images\/1760237451\/flo-twitter-buchstaben_normal.jpg","default_profile":false,"default_profile_image":false,"following":null,"follow_request_sent":null,"notifications":null},"geo":null,"coordinates":null,"place":null,"contributors":null,"retweet_count":0,"favorite_count":0,"entities":{"hashtags":[{"text":"Fl\u00fcchtlinge","indices":[0,12]},{"text":"CDU","indices":[119,123]},{"text":"Merkel","indices":[124,131]}],"trends":[],"urls":[],"user_mentions":[],"symbols":[]},"favorited":false,"retweeted":false,"possibly_sensitive":false,"filter_level":"low","lang":"de","timestamp_ms":"1441916617945"}
