{"created_at":"Thu Sep 10 20:21:41 +0000 2015","id":642070458792312832,"id_str":"642070458792312832","text":"RT @freundeskreisv: Video (underdok): Haus Englische Str20 als Notunterkunft f Fl\u00fcchtlinge besetzt&amp;ger\u00e4umt #sc4a #sm4a http:\/\/t.co\/XL7uwABV\u2026","source":"\u003ca href=\"https:\/\/roundteam.co\" rel=\"nofollow\"\u003eRoundTeam\u003c\/a\u003e","truncated":false,"in_reply_to_status_id":null,"in_reply_to_status_id_str":null,"in_reply_to_user_id":null,"in_reply_to_user_id_str":null,"in_reply_to_screen_name":null,"user":{"id":1644837019,"id_str":"1644837019","name":"Frau Ksavera","screen_name":"cubist150","location":"Baden-W\u00fcrttemberg, Deutschland","url":"http:\/\/www.etsy.com\/shop\/KsaveraART","description":"K\u00fcnstlerin Ksavera. Gro\u00dfformat Malerei bis 160x160cm - schauen Sie bitte hier http:\/\/www.ksaveraart.etsy.com","protected":false,"verified":false,"followers_count":2390,"friends_count":2563,"listed_count":120,"favourites_count":28,"statuses_count":107624,"created_at":"Sun Aug 04 09:17:48 +0000 2013","utc_offset":null,"time_zone":null,"geo_enabled":false,"lang":"ru","contributors_enabled":false,"is_translator":false,"profile_background_color":"C0DEED","profile_background_image_url":"http:\/\/pbs.twimg.com\/profile_background_images\/378800000123440162\/f97f155d0d3cb3cbe79afa937c9b3260.jpeg","profile_background_image_url_https":"https:\/\/pbs.twimg.com\/profile_background_images\/378800000123440162\/f97f155d0d3cb3cbe79afa937c9b3260.jpeg","profile_background_tile":false,"profile_link_color":"0084B4","profile_sidebar_border_color":"FFFFFF","profile_sidebar_fill_color":"DDEEF6","profile_text_color":"333333","profile_use_background_image":true,"profile_image_url":"http:\/\/pbs.twimg.com\/profile_images\/378800000239210030\/c16d7378dc5ad952a6a69a555248dd76_normal.jpeg","profile_image_url_https":"https:\/\/pbs.twimg.com\/profile_images\/378800000239210030\/c16d7378dc5ad952a6a69a555248dd76_normal.jpeg","profile_banner_url":"https:\/\/pbs.twimg.com\/profile_banners\/1644837019\/1375608351","default_profile":false,"default_profile_image":false,"following":null,"follow_request_sent":null,"notifications":null},"geo":null,"coordinates":null,"place":null,"contributors":null,"retweeted_status":{"created_at":"Thu Sep 10 20:04:28 +0000 2015","id":642066125904347136,"id_str":"642066125904347136","text":"Video (underdok): Haus Englische Str20 als Notunterkunft f Fl\u00fcchtlinge besetzt&amp;ger\u00e4umt #sc4a #sm4a http:\/\/t.co\/XL7uwABVZR #refugeeswelcome","source":"\u003ca href=\"http:\/\/twitter.com\" rel=\"nofollow\"\u003eTwitter Web Client\u003c\/a\u003e","truncated":false,"in_reply_to_status_id":null,"in_reply_to_status_id_str":null,"in_reply_to_user_id":null,"in_reply_to_user_id_str":null,"in_reply_to_screen_name":null,"user":{"id":37414820,"id_str":"37414820","name":"freundeskreis videos","screen_name":"freundeskreisv","location":"Berlin","url":"https:\/\/www.youtube.com\/freundeskreisvideo","description":"Videokollektiv Freundeskreis Videoclips. Doku &  Info seid 2003: emanzipatorische soziale Bewegungen. #Videoaktivismus","protected":false,"verified":false,"followers_count":403,"friends_count":209,"listed_count":38,"favourites_count":2932,"statuses_count":5169,"created_at":"Sun May 03 13:16:29 +0000 2009","utc_offset":7200,"time_zone":"Berlin","geo_enabled":false,"lang":"de","contributors_enabled":false,"is_translator":false,"profile_background_color":"000000","profile_background_image_url":"http:\/\/abs.twimg.com\/images\/themes\/theme18\/bg.gif","profile_background_image_url_https":"https:\/\/abs.twimg.com\/images\/themes\/theme18\/bg.gif","profile_background_tile":false,"profile_link_color":"3B94D9","profile_sidebar_border_color":"000000","profile_sidebar_fill_color":"000000","profile_text_color":"000000","profile_use_background_image":false,"profile_image_url":"http:\/\/pbs.twimg.com\/profile_images\/585481233137819650\/JhZSvXra_normal.jpg","profile_image_url_https":"https:\/\/pbs.twimg.com\/profile_images\/585481233137819650\/JhZSvXra_normal.jpg","profile_banner_url":"https:\/\/pbs.twimg.com\/profile_banners\/37414820\/1438556335","default_profile":false,"default_profile_image":false,"following":null,"follow_request_sent":null,"notifications":null},"geo":null,"coordinates":null,"place":null,"contributors":null,"retweet_count":2,"favorite_count":0,"entities":{"hashtags":[{"text":"sc4a","indices":[91,96]},{"text":"sm4a","indices":[97,102]},{"text":"refugeeswelcome","indices":[126,142]}],"trends":[],"urls":[{"url":"http:\/\/t.co\/XL7uwABVZR","expanded_url":"http:\/\/bit.ly\/1O49rsN","display_url":"bit.ly\/1O49rsN","indices":[103,125]}],"user_mentions":[],"symbols":[]},"favorited":false,"retweeted":false,"possibly_sensitive":false,"filter_level":"low","lang":"de"},"retweet_count":0,"favorite_count":0,"entities":{"hashtags":[{"text":"sc4a","indices":[111,116]},{"text":"sm4a","indices":[117,122]},{"text":"refugeeswelcome","indices":[143,144]}],"trends":[],"urls":[{"url":"http:\/\/t.co\/XL7uwABVZR","expanded_url":"http:\/\/bit.ly\/1O49rsN","display_url":"bit.ly\/1O49rsN","indices":[123,144]}],"user_mentions":[{"screen_name":"freundeskreisv","name":"freundeskreis videos","id":37414820,"id_str":"37414820","indices":[3,18]}],"symbols":[]},"favorited":false,"retweeted":false,"possibly_sensitive":false,"filter_level":"low","lang":"de","timestamp_ms":"1441916501125"}
