{"created_at":"Fri Sep 11 23:59:17 +0000 2015","id":642487610712195072,"id_str":"642487610712195072","text":"RT @twitairline: Auch wenn wir viel jammern: zu hohe Steuern, Politik, alles wird teurer usw. - Wir wissen gar nicht wie gut es uns in Deut\u2026","source":"\u003ca href=\"http:\/\/twitter.com\" rel=\"nofollow\"\u003eTwitter Web Client\u003c\/a\u003e","truncated":false,"in_reply_to_status_id":null,"in_reply_to_status_id_str":null,"in_reply_to_user_id":null,"in_reply_to_user_id_str":null,"in_reply_to_screen_name":null,"user":{"id":462968208,"id_str":"462968208","name":"R031N","screen_name":"the_necrosis","location":"Europa","url":"https:\/\/pad.selfnet.de\/p\/public-Bezirksbeirat_Vaihingen","description":"+F\u00fcr @Piraten_S im Bezirksbeirat+Student+Freifunk+ADHD+ Deaf+ Cypherpunk+Technischer Biologe+Following or RTing doesn't constitute endorsement.+","protected":false,"verified":false,"followers_count":849,"friends_count":2001,"listed_count":128,"favourites_count":49626,"statuses_count":49371,"created_at":"Fri Jan 13 15:34:09 +0000 2012","utc_offset":7200,"time_zone":"Berlin","geo_enabled":true,"lang":"de","contributors_enabled":false,"is_translator":false,"profile_background_color":"000000","profile_background_image_url":"http:\/\/pbs.twimg.com\/profile_background_images\/615269162517164032\/lV3ECVgt.jpg","profile_background_image_url_https":"https:\/\/pbs.twimg.com\/profile_background_images\/615269162517164032\/lV3ECVgt.jpg","profile_background_tile":true,"profile_link_color":"000000","profile_sidebar_border_color":"000000","profile_sidebar_fill_color":"FFFFFF","profile_text_color":"F58700","profile_use_background_image":false,"profile_image_url":"http:\/\/pbs.twimg.com\/profile_images\/638017793556877312\/BWMEUAor_normal.jpg","profile_image_url_https":"https:\/\/pbs.twimg.com\/profile_images\/638017793556877312\/BWMEUAor_normal.jpg","profile_banner_url":"https:\/\/pbs.twimg.com\/profile_banners\/462968208\/1439741384","default_profile":false,"default_profile_image":false,"following":null,"follow_request_sent":null,"notifications":null},"geo":null,"coordinates":null,"place":null,"contributors":null,"retweeted_status":{"created_at":"Mon Sep 07 15:25:07 +0000 2015","id":640908661490077696,"id_str":"640908661490077696","text":"Auch wenn wir viel jammern: zu hohe Steuern, Politik, alles wird teurer usw. - Wir wissen gar nicht wie gut es uns in Deutschland geht!","source":"\u003ca href=\"http:\/\/twitter.com\/#!\/download\/ipad\" rel=\"nofollow\"\u003eTwitter for iPad\u003c\/a\u003e","truncated":false,"in_reply_to_status_id":null,"in_reply_to_status_id_str":null,"in_reply_to_user_id":null,"in_reply_to_user_id_str":null,"in_reply_to_screen_name":null,"user":{"id":600337886,"id_str":"600337886","name":"Polytrauma","screen_name":"twitairline","location":"OP-Saal","url":"http:\/\/privatsprechstunde.wordpress.com","description":"Facharzt f\u00fcr Satiremedizin und Bierologie","protected":false,"verified":false,"followers_count":7002,"friends_count":993,"listed_count":198,"favourites_count":57433,"statuses_count":6058,"created_at":"Tue Jun 05 19:07:32 +0000 2012","utc_offset":7200,"time_zone":"Berlin","geo_enabled":false,"lang":"de","contributors_enabled":false,"is_translator":false,"profile_background_color":"C0DEED","profile_background_image_url":"http:\/\/abs.twimg.com\/images\/themes\/theme1\/bg.png","profile_background_image_url_https":"https:\/\/abs.twimg.com\/images\/themes\/theme1\/bg.png","profile_background_tile":false,"profile_link_color":"0084B4","profile_sidebar_border_color":"C0DEED","profile_sidebar_fill_color":"DDEEF6","profile_text_color":"333333","profile_use_background_image":true,"profile_image_url":"http:\/\/pbs.twimg.com\/profile_images\/378800000649095784\/7edc670949431f9c64f72323975fdf56_normal.jpeg","profile_image_url_https":"https:\/\/pbs.twimg.com\/profile_images\/378800000649095784\/7edc670949431f9c64f72323975fdf56_normal.jpeg","profile_banner_url":"https:\/\/pbs.twimg.com\/profile_banners\/600337886\/1439063170","default_profile":true,"default_profile_image":false,"following":null,"follow_request_sent":null,"notifications":null},"geo":null,"coordinates":null,"place":null,"contributors":null,"retweet_count":14,"favorite_count":81,"entities":{"hashtags":[],"trends":[],"urls":[],"user_mentions":[],"symbols":[]},"favorited":false,"retweeted":false,"possibly_sensitive":false,"filter_level":"low","lang":"de"},"retweet_count":0,"favorite_count":0,"entities":{"hashtags":[],"trends":[],"urls":[],"user_mentions":[{"screen_name":"twitairline","name":"Polytrauma","id":600337886,"id_str":"600337886","indices":[3,15]}],"symbols":[]},"favorited":false,"retweeted":false,"possibly_sensitive":false,"filter_level":"low","lang":"de","timestamp_ms":"1442015957893"}
