{"created_at":"Thu Sep 10 20:22:34 +0000 2015","id":642070683158249473,"id_str":"642070683158249473","text":"Wenn sich alle Aufmerksamkeit auf dich konzentriert, ist das die beste Zeit um Wunder zu vollbringen. #refugeeswelcome #refugeescrisis","source":"\u003ca href=\"http:\/\/twitter.com\/download\/android\" rel=\"nofollow\"\u003eTwitter for Android\u003c\/a\u003e","truncated":false,"in_reply_to_status_id":null,"in_reply_to_status_id_str":null,"in_reply_to_user_id":null,"in_reply_to_user_id_str":null,"in_reply_to_screen_name":null,"user":{"id":2279684072,"id_str":"2279684072","name":"Frieder Kirsch","screen_name":"ChristPirat","location":"","url":null,"description":"Christ.Pirat.Vater.Ehemann.Sohn.Bruder.Familienmensch.Segler...","protected":false,"verified":false,"followers_count":70,"friends_count":141,"listed_count":9,"favourites_count":99,"statuses_count":1054,"created_at":"Mon Jan 06 22:45:54 +0000 2014","utc_offset":null,"time_zone":null,"geo_enabled":false,"lang":"de","contributors_enabled":false,"is_translator":false,"profile_background_color":"C0DEED","profile_background_image_url":"http:\/\/pbs.twimg.com\/profile_background_images\/450534201373102080\/0XJGxWvR.png","profile_background_image_url_https":"https:\/\/pbs.twimg.com\/profile_background_images\/450534201373102080\/0XJGxWvR.png","profile_background_tile":false,"profile_link_color":"0084B4","profile_sidebar_border_color":"FFFFFF","profile_sidebar_fill_color":"DDEEF6","profile_text_color":"333333","profile_use_background_image":true,"profile_image_url":"http:\/\/pbs.twimg.com\/profile_images\/421555728315215872\/L62F_Rul_normal.jpeg","profile_image_url_https":"https:\/\/pbs.twimg.com\/profile_images\/421555728315215872\/L62F_Rul_normal.jpeg","profile_banner_url":"https:\/\/pbs.twimg.com\/profile_banners\/2279684072\/1396251034","default_profile":false,"default_profile_image":false,"following":null,"follow_request_sent":null,"notifications":null},"geo":null,"coordinates":null,"place":null,"contributors":null,"retweet_count":0,"favorite_count":0,"entities":{"hashtags":[{"text":"refugeeswelcome","indices":[102,118]},{"text":"refugeescrisis","indices":[119,134]}],"trends":[],"urls":[],"user_mentions":[],"symbols":[]},"favorited":false,"retweeted":false,"possibly_sensitive":false,"filter_level":"low","lang":"de","timestamp_ms":"1441916554618"}
