{"created_at":"Fri Sep 11 23:47:33 +0000 2015","id":642484655711760384,"id_str":"642484655711760384","text":"RT @OomenBerlin: Aktuelle Bedarfsliste f\u00fcr die Fl\u00fcchtlingsunterkunft im Rathaus #Wilmersdorf: https:\/\/t.co\/hLRKQRR4xb \n\n#Berlin #CityWest #\u2026","source":"\u003ca href=\"http:\/\/twitter.com\" rel=\"nofollow\"\u003eTwitter Web Client\u003c\/a\u003e","truncated":false,"in_reply_to_status_id":null,"in_reply_to_status_id_str":null,"in_reply_to_user_id":null,"in_reply_to_user_id_str":null,"in_reply_to_screen_name":null,"user":{"id":101324953,"id_str":"101324953","name":"Markus Knau\u00df","screen_name":"knaussi","location":"Schladming (AUT) - Berlin","url":"http:\/\/dreamk.at","description":"writer | founder @aredaktion | journalism and PR @fh_joanneum | blogger | sport | ads | PGP: http:\/\/bit.ly\/pgpmk00","protected":false,"verified":false,"followers_count":848,"friends_count":822,"listed_count":63,"favourites_count":9,"statuses_count":8607,"created_at":"Sat Jan 02 22:05:28 +0000 2010","utc_offset":7200,"time_zone":"Berlin","geo_enabled":true,"lang":"en","contributors_enabled":false,"is_translator":false,"profile_background_color":"022330","profile_background_image_url":"http:\/\/abs.twimg.com\/images\/themes\/theme15\/bg.png","profile_background_image_url_https":"https:\/\/abs.twimg.com\/images\/themes\/theme15\/bg.png","profile_background_tile":false,"profile_link_color":"0084B4","profile_sidebar_border_color":"A8C7F7","profile_sidebar_fill_color":"C0DFEC","profile_text_color":"333333","profile_use_background_image":true,"profile_image_url":"http:\/\/pbs.twimg.com\/profile_images\/2730237155\/fafa7cd7f40aa9e8e01273b083e823e7_normal.jpeg","profile_image_url_https":"https:\/\/pbs.twimg.com\/profile_images\/2730237155\/fafa7cd7f40aa9e8e01273b083e823e7_normal.jpeg","profile_banner_url":"https:\/\/pbs.twimg.com\/profile_banners\/101324953\/1350499792","default_profile":false,"default_profile_image":false,"following":null,"follow_request_sent":null,"notifications":null},"geo":null,"coordinates":null,"place":null,"contributors":null,"retweeted_status":{"created_at":"Fri Sep 11 23:41:17 +0000 2015","id":642483080368910336,"id_str":"642483080368910336","text":"Aktuelle Bedarfsliste f\u00fcr die Fl\u00fcchtlingsunterkunft im Rathaus #Wilmersdorf: https:\/\/t.co\/hLRKQRR4xb \n\n#Berlin #CityWest #refugeeswelcome","source":"\u003ca href=\"http:\/\/tweetoo.de\" rel=\"nofollow\"\u003eTweeToo.de\u003c\/a\u003e","truncated":false,"in_reply_to_status_id":null,"in_reply_to_status_id_str":null,"in_reply_to_user_id":null,"in_reply_to_user_id_str":null,"in_reply_to_screen_name":null,"user":{"id":75067369,"id_str":"75067369","name":"Matthias Oomen","screen_name":"OomenBerlin","location":"Wilmersdorf, Berlin","url":"http:\/\/www.oomen.berlin","description":"Gr\u00fcner, geb. 1981 in Baden, lebt in #Berlin-#CityWest, macht Mobilit\u00e4tspolitik. Agenda: #Gr\u00fcne, #Mobilit\u00e4t, #Verkehr, #Infrastruktur, #BVG, #Bahn, #Tatort, #SCF","protected":false,"verified":false,"followers_count":40631,"friends_count":22885,"listed_count":286,"favourites_count":39997,"statuses_count":44708,"created_at":"Thu Sep 17 17:36:48 +0000 2009","utc_offset":7200,"time_zone":"Ljubljana","geo_enabled":true,"lang":"de","contributors_enabled":false,"is_translator":false,"profile_background_color":"000000","profile_background_image_url":"http:\/\/abs.twimg.com\/images\/themes\/theme1\/bg.png","profile_background_image_url_https":"https:\/\/abs.twimg.com\/images\/themes\/theme1\/bg.png","profile_background_tile":false,"profile_link_color":"4A913C","profile_sidebar_border_color":"000000","profile_sidebar_fill_color":"000000","profile_text_color":"000000","profile_use_background_image":false,"profile_image_url":"http:\/\/pbs.twimg.com\/profile_images\/618798558242865152\/UcjupCFV_normal.jpg","profile_image_url_https":"https:\/\/pbs.twimg.com\/profile_images\/618798558242865152\/UcjupCFV_normal.jpg","profile_banner_url":"https:\/\/pbs.twimg.com\/profile_banners\/75067369\/1435787126","default_profile":false,"default_profile_image":false,"following":null,"follow_request_sent":null,"notifications":null},"geo":null,"coordinates":null,"place":null,"contributors":null,"retweet_count":2,"favorite_count":0,"entities":{"hashtags":[{"text":"Wilmersdorf","indices":[63,75]},{"text":"Berlin","indices":[103,110]},{"text":"CityWest","indices":[111,120]},{"text":"refugeeswelcome","indices":[121,137]}],"trends":[],"urls":[{"url":"https:\/\/t.co\/hLRKQRR4xb","expanded_url":"https:\/\/goo.gl\/pXOxQu","display_url":"goo.gl\/pXOxQu","indices":[77,100]}],"user_mentions":[],"symbols":[]},"favorited":false,"retweeted":false,"possibly_sensitive":false,"filter_level":"low","lang":"de"},"retweet_count":0,"favorite_count":0,"entities":{"hashtags":[{"text":"Wilmersdorf","indices":[80,92]},{"text":"Berlin","indices":[120,127]},{"text":"CityWest","indices":[128,137]},{"text":"refugeeswelcome","indices":[139,140]}],"trends":[],"urls":[{"url":"https:\/\/t.co\/hLRKQRR4xb","expanded_url":"https:\/\/goo.gl\/pXOxQu","display_url":"goo.gl\/pXOxQu","indices":[94,117]}],"user_mentions":[{"screen_name":"OomenBerlin","name":"Matthias Oomen","id":75067369,"id_str":"75067369","indices":[3,15]}],"symbols":[]},"favorited":false,"retweeted":false,"possibly_sensitive":false,"filter_level":"low","lang":"de","timestamp_ms":"1442015253366"}
