{"created_at":"Fri Sep 11 23:44:55 +0000 2015","id":642483992802033665,"id_str":"642483992802033665","text":"RT @Triererin: MP #Dreyer fordert Min De Maizi\u00e8re auf, mit Ergebnissen von #EU-Innenministerkonferenz zur\u00fcckzukommen #Fl\u00fcchtlinge http:\/\/t.\u2026","source":"\u003ca href=\"http:\/\/twitter.com\/download\/android\" rel=\"nofollow\"\u003eTwitter for Android\u003c\/a\u003e","truncated":false,"in_reply_to_status_id":null,"in_reply_to_status_id_str":null,"in_reply_to_user_id":null,"in_reply_to_user_id_str":null,"in_reply_to_screen_name":null,"user":{"id":134405375,"id_str":"134405375","name":"J. Sch\u00f6lch-Mundorf","screen_name":"JoSchMu","location":"Trier","url":"http:\/\/www.schoelch.eu","description":"Medienp\u00e4dagoge, Erwachsenenbildner, Dipl. Soz. Arb. FH und Sozialdemokrat,","protected":false,"verified":false,"followers_count":327,"friends_count":632,"listed_count":45,"favourites_count":5260,"statuses_count":12507,"created_at":"Sun Apr 18 09:35:36 +0000 2010","utc_offset":7200,"time_zone":"Berlin","geo_enabled":true,"lang":"de","contributors_enabled":false,"is_translator":false,"profile_background_color":"DBE9ED","profile_background_image_url":"http:\/\/pbs.twimg.com\/profile_background_images\/842827650\/ac5e43ff69639b85462f44f728f79ba1.png","profile_background_image_url_https":"https:\/\/pbs.twimg.com\/profile_background_images\/842827650\/ac5e43ff69639b85462f44f728f79ba1.png","profile_background_tile":true,"profile_link_color":"D11453","profile_sidebar_border_color":"FFFFFF","profile_sidebar_fill_color":"DDEEF6","profile_text_color":"333333","profile_use_background_image":false,"profile_image_url":"http:\/\/pbs.twimg.com\/profile_images\/595679987165978624\/eXUsxZhz_normal.jpg","profile_image_url_https":"https:\/\/pbs.twimg.com\/profile_images\/595679987165978624\/eXUsxZhz_normal.jpg","profile_banner_url":"https:\/\/pbs.twimg.com\/profile_banners\/134405375\/1400225136","default_profile":false,"default_profile_image":false,"following":null,"follow_request_sent":null,"notifications":null},"geo":null,"coordinates":null,"place":null,"contributors":null,"retweeted_status":{"created_at":"Fri Sep 11 23:36:16 +0000 2015","id":642481815693996032,"id_str":"642481815693996032","text":"MP #Dreyer fordert Min De Maizi\u00e8re auf, mit Ergebnissen von #EU-Innenministerkonferenz zur\u00fcckzukommen #Fl\u00fcchtlinge http:\/\/t.co\/STp0LEpRan","source":"\u003ca href=\"http:\/\/twitter.com\" rel=\"nofollow\"\u003eTwitter Web Client\u003c\/a\u003e","truncated":false,"in_reply_to_status_id":null,"in_reply_to_status_id_str":null,"in_reply_to_user_id":null,"in_reply_to_user_id_str":null,"in_reply_to_screen_name":null,"user":{"id":3296230803,"id_str":"3296230803","name":"Triererin","screen_name":"Triererin","location":"Trier, Rheinland-Pfalz","url":null,"description":"Rote Privatmeinung aus Trier, Im Bild: MP+Trierer MdL Malu Dreyer (http:\/\/t.co\/qDWiH5Qdqv, https:\/\/t.co\/MaGUFbdfQ2)+S.Teuber, Danke @joschmu f\u00fcr Bild von Trier","protected":false,"verified":false,"followers_count":70,"friends_count":175,"listed_count":8,"favourites_count":2023,"statuses_count":978,"created_at":"Sun May 24 08:31:43 +0000 2015","utc_offset":null,"time_zone":null,"geo_enabled":false,"lang":"de","contributors_enabled":false,"is_translator":false,"profile_background_color":"C0DEED","profile_background_image_url":"http:\/\/abs.twimg.com\/images\/themes\/theme1\/bg.png","profile_background_image_url_https":"https:\/\/abs.twimg.com\/images\/themes\/theme1\/bg.png","profile_background_tile":false,"profile_link_color":"0084B4","profile_sidebar_border_color":"C0DEED","profile_sidebar_fill_color":"DDEEF6","profile_text_color":"333333","profile_use_background_image":true,"profile_image_url":"http:\/\/pbs.twimg.com\/profile_images\/626107741841526784\/UndNPVkC_normal.jpg","profile_image_url_https":"https:\/\/pbs.twimg.com\/profile_images\/626107741841526784\/UndNPVkC_normal.jpg","profile_banner_url":"https:\/\/pbs.twimg.com\/profile_banners\/3296230803\/1438886490","default_profile":true,"default_profile_image":false,"following":null,"follow_request_sent":null,"notifications":null},"geo":null,"coordinates":null,"place":null,"contributors":null,"retweet_count":1,"favorite_count":0,"entities":{"hashtags":[{"text":"Dreyer","indices":[3,10]},{"text":"EU","indices":[60,63]},{"text":"Fl\u00fcchtlinge","indices":[102,114]}],"trends":[],"urls":[{"url":"http:\/\/t.co\/STp0LEpRan","expanded_url":"http:\/\/www.tagesschau.de\/multimedia\/video\/video-116009.html","display_url":"tagesschau.de\/multimedia\/vid\u2026","indices":[115,137]}],"user_mentions":[],"symbols":[]},"favorited":false,"retweeted":false,"possibly_sensitive":false,"filter_level":"low","lang":"de"},"retweet_count":0,"favorite_count":0,"entities":{"hashtags":[{"text":"Dreyer","indices":[18,25]},{"text":"EU","indices":[75,78]},{"text":"Fl\u00fcchtlinge","indices":[117,129]}],"trends":[],"urls":[{"url":"http:\/\/t.co\/STp0LEpRan","expanded_url":"http:\/\/www.tagesschau.de\/multimedia\/video\/video-116009.html","display_url":"tagesschau.de\/multimedia\/vid\u2026","indices":[139,140]}],"user_mentions":[{"screen_name":"Triererin","name":"Triererin","id":3296230803,"id_str":"3296230803","indices":[3,13]}],"symbols":[]},"favorited":false,"retweeted":false,"possibly_sensitive":false,"filter_level":"low","lang":"de","timestamp_ms":"1442015095316"}
