{"created_at":"Sat Sep 12 00:07:51 +0000 2015","id":642489763795193856,"id_str":"642489763795193856","text":"Politische \u00d6konomie\nZusammenbruchstheorie\nvon Heinz Duthel http:\/\/t.co\/jHKX6fSnUi http:\/\/t.co\/hNLHq2Q2xF","source":"\u003ca href=\"https:\/\/www.socialoomph.com\" rel=\"nofollow\"\u003eSocialOomph\u003c\/a\u003e","truncated":false,"in_reply_to_status_id":null,"in_reply_to_status_id_str":null,"in_reply_to_user_id":null,"in_reply_to_user_id_str":null,"in_reply_to_screen_name":null,"user":{"id":168355110,"id_str":"168355110","name":"Heinz Duthel, Author","screen_name":"HeinzDuthel","location":"Vaduz - Koeln","url":"http:\/\/www.heinzduthel.de","description":"Press Release, Breaking News, http:\/\/Pressebank.com!\nWelcome to Fair Jobs. Europe's best microjob marketplace\nhttp:\/\/fairjobs.info","protected":false,"verified":false,"followers_count":412394,"friends_count":2403,"listed_count":224,"favourites_count":2133,"statuses_count":1089504,"created_at":"Mon Jul 19 03:23:44 +0000 2010","utc_offset":7200,"time_zone":"Bern","geo_enabled":false,"lang":"de","contributors_enabled":false,"is_translator":false,"profile_background_color":"000000","profile_background_image_url":"http:\/\/abs.twimg.com\/images\/themes\/theme2\/bg.gif","profile_background_image_url_https":"https:\/\/abs.twimg.com\/images\/themes\/theme2\/bg.gif","profile_background_tile":false,"profile_link_color":"3B94D9","profile_sidebar_border_color":"000000","profile_sidebar_fill_color":"000000","profile_text_color":"000000","profile_use_background_image":false,"profile_image_url":"http:\/\/pbs.twimg.com\/profile_images\/599887044287037442\/-o-95hgg_normal.jpg","profile_image_url_https":"https:\/\/pbs.twimg.com\/profile_images\/599887044287037442\/-o-95hgg_normal.jpg","profile_banner_url":"https:\/\/pbs.twimg.com\/profile_banners\/168355110\/1438078720","default_profile":false,"default_profile_image":false,"following":null,"follow_request_sent":null,"notifications":null},"geo":null,"coordinates":null,"place":null,"contributors":null,"retweet_count":0,"favorite_count":0,"entities":{"hashtags":[],"trends":[],"urls":[{"url":"http:\/\/t.co\/jHKX6fSnUi","expanded_url":"http:\/\/dld.bz\/dNEg7","display_url":"dld.bz\/dNEg7","indices":[59,81]}],"user_mentions":[],"symbols":[],"media":[{"id":642489763325419520,"id_str":"642489763325419520","indices":[82,104],"media_url":"http:\/\/pbs.twimg.com\/media\/COqVCSLWIAAjum4.jpg","media_url_https":"https:\/\/pbs.twimg.com\/media\/COqVCSLWIAAjum4.jpg","url":"http:\/\/t.co\/hNLHq2Q2xF","display_url":"pic.twitter.com\/hNLHq2Q2xF","expanded_url":"http:\/\/twitter.com\/HeinzDuthel\/status\/642489763795193856\/photo\/1","type":"photo","sizes":{"small":{"w":340,"h":482,"resize":"fit"},"large":{"w":387,"h":549,"resize":"fit"},"thumb":{"w":150,"h":150,"resize":"crop"},"medium":{"w":387,"h":549,"resize":"fit"}}}]},"extended_entities":{"media":[{"id":642489763325419520,"id_str":"642489763325419520","indices":[82,104],"media_url":"http:\/\/pbs.twimg.com\/media\/COqVCSLWIAAjum4.jpg","media_url_https":"https:\/\/pbs.twimg.com\/media\/COqVCSLWIAAjum4.jpg","url":"http:\/\/t.co\/hNLHq2Q2xF","display_url":"pic.twitter.com\/hNLHq2Q2xF","expanded_url":"http:\/\/twitter.com\/HeinzDuthel\/status\/642489763795193856\/photo\/1","type":"photo","sizes":{"small":{"w":340,"h":482,"resize":"fit"},"large":{"w":387,"h":549,"resize":"fit"},"thumb":{"w":150,"h":150,"resize":"crop"},"medium":{"w":387,"h":549,"resize":"fit"}}}]},"favorited":false,"retweeted":false,"possibly_sensitive":false,"filter_level":"low","lang":"de","timestamp_ms":"1442016471228"}
