{"created_at":"Sat Sep 12 00:10:23 +0000 2015","id":642490402776424448,"id_str":"642490402776424448","text":"Fl\u00fcchtlinge in Deutschland: Innenminister: Wir schaffen es nicht mehr - Tagesspiegel http:\/\/t.co\/6T3gDmG1fm","source":"\u003ca href=\"http:\/\/ifttt.com\" rel=\"nofollow\"\u003eIFTTT\u003c\/a\u003e","truncated":false,"in_reply_to_status_id":null,"in_reply_to_status_id_str":null,"in_reply_to_user_id":null,"in_reply_to_user_id_str":null,"in_reply_to_screen_name":null,"user":{"id":1852136804,"id_str":"1852136804","name":"Asep Sumaryana","screen_name":"Asep_Sumaryana","location":"Garut, Jawa Barat","url":null,"description":"Deruan Angin Pantai, Merangsangku Teriak Tentang Kebesaran Tuhan","protected":false,"verified":false,"followers_count":193,"friends_count":69,"listed_count":4,"favourites_count":0,"statuses_count":35085,"created_at":"Tue Sep 10 18:02:46 +0000 2013","utc_offset":25200,"time_zone":"Bangkok","geo_enabled":false,"lang":"en","contributors_enabled":false,"is_translator":false,"profile_background_color":"C0DEED","profile_background_image_url":"http:\/\/abs.twimg.com\/images\/themes\/theme1\/bg.png","profile_background_image_url_https":"https:\/\/abs.twimg.com\/images\/themes\/theme1\/bg.png","profile_background_tile":false,"profile_link_color":"0084B4","profile_sidebar_border_color":"C0DEED","profile_sidebar_fill_color":"DDEEF6","profile_text_color":"333333","profile_use_background_image":true,"profile_image_url":"http:\/\/pbs.twimg.com\/profile_images\/438140455226601472\/0lWbWtWy_normal.jpeg","profile_image_url_https":"https:\/\/pbs.twimg.com\/profile_images\/438140455226601472\/0lWbWtWy_normal.jpeg","default_profile":true,"default_profile_image":false,"following":null,"follow_request_sent":null,"notifications":null},"geo":null,"coordinates":null,"place":null,"contributors":null,"retweet_count":0,"favorite_count":0,"entities":{"hashtags":[],"trends":[],"urls":[{"url":"http:\/\/t.co\/6T3gDmG1fm","expanded_url":"http:\/\/ift.tt\/1XUW2qf","display_url":"ift.tt\/1XUW2qf","indices":[85,107]}],"user_mentions":[],"symbols":[]},"favorited":false,"retweeted":false,"possibly_sensitive":false,"filter_level":"low","lang":"de","timestamp_ms":"1442016623573"}
