{"created_at":"Fri Sep 11 23:47:56 +0000 2015","id":642484753506115584,"id_str":"642484753506115584","text":"RT @BrunoGertKramm: Eine traurige Allianz mauert gegen Fl\u00fcchtlinge aus Syrien: Emirate, Kuwait, Katar, Saudi Arabien, Israel http:\/\/t.co\/qC\u2026","source":"\u003ca href=\"http:\/\/twitter.com\" rel=\"nofollow\"\u003eTwitter Web Client\u003c\/a\u003e","truncated":false,"in_reply_to_status_id":null,"in_reply_to_status_id_str":null,"in_reply_to_user_id":null,"in_reply_to_user_id_str":null,"in_reply_to_screen_name":null,"user":{"id":939098714,"id_str":"939098714","name":"Aljoscha Eger","screen_name":"aljoschaeger","location":"Berlin, Germany","url":null,"description":"Freelance writer covering culture, technology and politics in Europe and beyond. Tweets in German and English.","protected":false,"verified":false,"followers_count":97,"friends_count":124,"listed_count":1,"favourites_count":113,"statuses_count":637,"created_at":"Sat Nov 10 13:50:07 +0000 2012","utc_offset":7200,"time_zone":"Amsterdam","geo_enabled":false,"lang":"de","contributors_enabled":false,"is_translator":false,"profile_background_color":"C0DEED","profile_background_image_url":"http:\/\/abs.twimg.com\/images\/themes\/theme1\/bg.png","profile_background_image_url_https":"https:\/\/abs.twimg.com\/images\/themes\/theme1\/bg.png","profile_background_tile":false,"profile_link_color":"0084B4","profile_sidebar_border_color":"C0DEED","profile_sidebar_fill_color":"DDEEF6","profile_text_color":"333333","profile_use_background_image":true,"profile_image_url":"http:\/\/pbs.twimg.com\/profile_images\/2831293526\/3e925627b48e6fc95a36a02df717d282_normal.png","profile_image_url_https":"https:\/\/pbs.twimg.com\/profile_images\/2831293526\/3e925627b48e6fc95a36a02df717d282_normal.png","profile_banner_url":"https:\/\/pbs.twimg.com\/profile_banners\/939098714\/1403892739","default_profile":true,"default_profile_image":false,"following":null,"follow_request_sent":null,"notifications":null},"geo":null,"coordinates":null,"place":null,"contributors":null,"retweeted_status":{"created_at":"Fri Sep 11 22:26:35 +0000 2015","id":642464279459954688,"id_str":"642464279459954688","text":"Eine traurige Allianz mauert gegen Fl\u00fcchtlinge aus Syrien: Emirate, Kuwait, Katar, Saudi Arabien, Israel http:\/\/t.co\/qCUuNPCUtu","source":"\u003ca href=\"http:\/\/twitter.com\" rel=\"nofollow\"\u003eTwitter Web Client\u003c\/a\u003e","truncated":false,"in_reply_to_status_id":null,"in_reply_to_status_id_str":null,"in_reply_to_user_id":null,"in_reply_to_user_id_str":null,"in_reply_to_screen_name":null,"user":{"id":73597791,"id_str":"73597791","name":"Bruno Kramm","screen_name":"BrunoGertKramm","location":"Berlin, Brandenburg, Bayern","url":"http:\/\/www.bruno-kramm.de","description":"Papa, Labelchef, Musiker, Postmaterialist, Commonist, Postmarxist #TTIP #CETA #TISA Kritiker. Foto: @bartjez","protected":false,"verified":false,"followers_count":6960,"friends_count":1097,"listed_count":290,"favourites_count":8875,"statuses_count":21106,"created_at":"Sat Sep 12 07:58:08 +0000 2009","utc_offset":7200,"time_zone":"Amsterdam","geo_enabled":false,"lang":"de","contributors_enabled":false,"is_translator":false,"profile_background_color":"131516","profile_background_image_url":"http:\/\/abs.twimg.com\/images\/themes\/theme14\/bg.gif","profile_background_image_url_https":"https:\/\/abs.twimg.com\/images\/themes\/theme14\/bg.gif","profile_background_tile":true,"profile_link_color":"009999","profile_sidebar_border_color":"EEEEEE","profile_sidebar_fill_color":"EFEFEF","profile_text_color":"333333","profile_use_background_image":true,"profile_image_url":"http:\/\/pbs.twimg.com\/profile_images\/553394047876730881\/yH_Q4pYJ_normal.jpeg","profile_image_url_https":"https:\/\/pbs.twimg.com\/profile_images\/553394047876730881\/yH_Q4pYJ_normal.jpeg","profile_banner_url":"https:\/\/pbs.twimg.com\/profile_banners\/73597791\/1382876824","default_profile":false,"default_profile_image":false,"following":null,"follow_request_sent":null,"notifications":null},"geo":null,"coordinates":null,"place":null,"contributors":null,"retweet_count":2,"favorite_count":0,"entities":{"hashtags":[],"trends":[],"urls":[{"url":"http:\/\/t.co\/qCUuNPCUtu","expanded_url":"http:\/\/www.heise.de\/tp\/artikel\/45\/45908\/1.html","display_url":"heise.de\/tp\/artikel\/45\/\u2026","indices":[105,127]}],"user_mentions":[],"symbols":[]},"favorited":false,"retweeted":false,"possibly_sensitive":false,"filter_level":"low","lang":"de"},"retweet_count":0,"favorite_count":0,"entities":{"hashtags":[],"trends":[],"urls":[{"url":"http:\/\/t.co\/qCUuNPCUtu","expanded_url":"http:\/\/www.heise.de\/tp\/artikel\/45\/45908\/1.html","display_url":"heise.de\/tp\/artikel\/45\/\u2026","indices":[125,140]}],"user_mentions":[{"screen_name":"BrunoGertKramm","name":"Bruno Kramm","id":73597791,"id_str":"73597791","indices":[3,18]}],"symbols":[]},"favorited":false,"retweeted":false,"possibly_sensitive":false,"filter_level":"low","lang":"de","timestamp_ms":"1442015276682"}
