{"created_at":"Sat Sep 12 00:00:32 +0000 2015","id":642487923934294018,"id_str":"642487923934294018","text":"Orban redet Klartext: \"Es gibt kein Grundrecht auf ein besseres Leben\" http:\/\/t.co\/quO91G19Pn #Politik","source":"\u003ca href=\"http:\/\/dlvr.it\" rel=\"nofollow\"\u003edlvr.it\u003c\/a\u003e","truncated":false,"in_reply_to_status_id":null,"in_reply_to_status_id_str":null,"in_reply_to_user_id":null,"in_reply_to_user_id_str":null,"in_reply_to_screen_name":null,"user":{"id":398827540,"id_str":"398827540","name":"einfachfinanzen.de","screen_name":"Finanzwiese","location":"","url":"http:\/\/www.einfachfinanzen.de\/","description":"Die wichtigsten Finanznews f\u00fcr Sie kompakt im \u00dcberlick!\r\n\r\nEure Meinung z\u00e4hlt!\r\n\r\nSchaut doch mal auf unserem Facebook-Account rein:http:\/\/on.fb.me\/upEDjR","protected":false,"verified":false,"followers_count":898,"friends_count":1298,"listed_count":48,"favourites_count":1,"statuses_count":199599,"created_at":"Wed Oct 26 16:10:27 +0000 2011","utc_offset":-7200,"time_zone":"Greenland","geo_enabled":false,"lang":"de","contributors_enabled":false,"is_translator":false,"profile_background_color":"C0DEED","profile_background_image_url":"http:\/\/pbs.twimg.com\/profile_background_images\/353665958\/Fotolia_29129376_S.jpg","profile_background_image_url_https":"https:\/\/pbs.twimg.com\/profile_background_images\/353665958\/Fotolia_29129376_S.jpg","profile_background_tile":true,"profile_link_color":"0084B4","profile_sidebar_border_color":"C0DEED","profile_sidebar_fill_color":"DDEEF6","profile_text_color":"333333","profile_use_background_image":true,"profile_image_url":"http:\/\/pbs.twimg.com\/profile_images\/1608844895\/Fotolia_6620961_XS_normal.jpg","profile_image_url_https":"https:\/\/pbs.twimg.com\/profile_images\/1608844895\/Fotolia_6620961_XS_normal.jpg","default_profile":false,"default_profile_image":false,"following":null,"follow_request_sent":null,"notifications":null},"geo":null,"coordinates":null,"place":null,"contributors":null,"retweet_count":0,"favorite_count":0,"entities":{"hashtags":[{"text":"Politik","indices":[94,102]}],"trends":[],"urls":[{"url":"http:\/\/t.co\/quO91G19Pn","expanded_url":"http:\/\/dlvr.it\/C7GCLj","display_url":"dlvr.it\/C7GCLj","indices":[71,93]}],"user_mentions":[],"symbols":[]},"favorited":false,"retweeted":false,"possibly_sensitive":false,"filter_level":"low","lang":"de","timestamp_ms":"1442016032571"}
