{"created_at":"Sat Sep 12 19:50:49 +0000 2015","id":642787468320866304,"id_str":"642787468320866304","text":"Die wissen wie es geht \ud83d\udc4d\ud83d\udc4d\ud83d\udc4d\ud83d\udc4d\ud83d\udc4d\ud83d\udc4d\ud83d\udc4d\ud83d\udc4d\ud83d\udc4d\ud83d\udc4d#refugeeswelcome https:\/\/t.co\/cJcAQ7jb0Z","source":"\u003ca href=\"http:\/\/twitter.com\/download\/android\" rel=\"nofollow\"\u003eTwitter for Android\u003c\/a\u003e","truncated":false,"in_reply_to_status_id":null,"in_reply_to_status_id_str":null,"in_reply_to_user_id":null,"in_reply_to_user_id_str":null,"in_reply_to_screen_name":null,"user":{"id":156321706,"id_str":"156321706","name":"ZrA24PBF-80","screen_name":"Arrtrad","location":"","url":null,"description":"Photoshopnerd","protected":false,"verified":false,"followers_count":574,"friends_count":816,"listed_count":29,"favourites_count":16246,"statuses_count":43749,"created_at":"Wed Jun 16 16:40:31 +0000 2010","utc_offset":10800,"time_zone":"Athens","geo_enabled":true,"lang":"de","contributors_enabled":false,"is_translator":false,"profile_background_color":"C0DEED","profile_background_image_url":"http:\/\/pbs.twimg.com\/profile_background_images\/378800000114531731\/feb2d1bb0d3b158eb113a12b9ce800fa.jpeg","profile_background_image_url_https":"https:\/\/pbs.twimg.com\/profile_background_images\/378800000114531731\/feb2d1bb0d3b158eb113a12b9ce800fa.jpeg","profile_background_tile":true,"profile_link_color":"0084B4","profile_sidebar_border_color":"FFFFFF","profile_sidebar_fill_color":"DDEEF6","profile_text_color":"333333","profile_use_background_image":true,"profile_image_url":"http:\/\/pbs.twimg.com\/profile_images\/624811407557685248\/oBohFKw6_normal.jpg","profile_image_url_https":"https:\/\/pbs.twimg.com\/profile_images\/624811407557685248\/oBohFKw6_normal.jpg","profile_banner_url":"https:\/\/pbs.twimg.com\/profile_banners\/156321706\/1420429161","default_profile":false,"default_profile_image":false,"following":null,"follow_request_sent":null,"notifications":null},"geo":null,"coordinates":null,"place":null,"contributors":null,"quoted_status_id":642240354469720064,"quoted_status_id_str":"642240354469720064","quoted_status":{"created_at":"Fri Sep 11 07:36:47 +0000 2015","id":642240354469720064,"id_str":"642240354469720064","text":"#Mazedonien erw\u00e4gt in der #Fl\u00fcchtlingskrise nun Bau von #Grenzz\u00e4unen nach Vorbild #Ungarns http:\/\/t.co\/c12fzc1J5i http:\/\/t.co\/AgzBGBie1S","source":"\u003ca href=\"http:\/\/twitter.com\" rel=\"nofollow\"\u003eTwitter Web Client\u003c\/a\u003e","truncated":false,"in_reply_to_status_id":null,"in_reply_to_status_id_str":null,"in_reply_to_user_id":null,"in_reply_to_user_id_str":null,"in_reply_to_screen_name":null,"user":{"id":45800689,"id_str":"45800689","name":"EurActiv.de","screen_name":"EurActivBerlin","location":"Berlin","url":"http:\/\/www.euractiv.de\/","description":"Deutschlands f\u00fchrendes Portal zur Europapolitik \u00b7 Unabh\u00e4ngige Nachrichten, Hintergr\u00fcnde und Politikpositionen \u00b7 Hier twittern @dantost @dariosar @sagener","protected":false,"verified":false,"followers_count":3060,"friends_count":2831,"listed_count":114,"favourites_count":195,"statuses_count":7018,"created_at":"Tue Jun 09 09:15:34 +0000 2009","utc_offset":7200,"time_zone":"Berlin","geo_enabled":true,"lang":"de","contributors_enabled":false,"is_translator":false,"profile_background_color":"184389","profile_background_image_url":"http:\/\/pbs.twimg.com\/profile_background_images\/431748058175401985\/NmUaOJDS.jpeg","profile_background_image_url_https":"https:\/\/pbs.twimg.com\/profile_background_images\/431748058175401985\/NmUaOJDS.jpeg","profile_background_tile":false,"profile_link_color":"89C9FA","profile_sidebar_border_color":"FFFFFF","profile_sidebar_fill_color":"FFFF3B","profile_text_color":"332C8A","profile_use_background_image":false,"profile_image_url":"http:\/\/pbs.twimg.com\/profile_images\/608969212745404416\/o92CsQHc_normal.png","profile_image_url_https":"https:\/\/pbs.twimg.com\/profile_images\/608969212745404416\/o92CsQHc_normal.png","profile_banner_url":"https:\/\/pbs.twimg.com\/profile_banners\/45800689\/1434028273","default_profile":false,"default_profile_image":false,"following":null,"follow_request_sent":null,"notifications":null},"geo":null,"coordinates":null,"place":null,"contributors":null,"retweet_count":0,"favorite_count":0,"entities":{"hashtags":[{"text":"Mazedonien","indices":[0,11]},{"text":"Fl\u00fcchtlingskrise","indices":[26,43]},{"text":"Grenzz\u00e4unen","indices":[56,68]},{"text":"Ungarns","indices":[82,90]}],"trends":[],"urls":[{"url":"http:\/\/t.co\/c12fzc1J5i","expanded_url":"http:\/\/bit.ly\/1FAR5rw","display_url":"bit.ly\/1FAR5rw","indices":[91,113]}],"user_mentions":[],"symbols":[],"media":[{"id":642240353521827840,"id_str":"642240353521827840","indices":[114,136],"media_url":"http:\/\/pbs.twimg.com\/media\/COmyMuQXAAAy550.jpg","media_url_https":"https:\/\/pbs.twimg.com\/media\/COmyMuQXAAAy550.jpg","url":"http:\/\/t.co\/AgzBGBie1S","display_url":"pic.twitter.com\/AgzBGBie1S","expanded_url":"http:\/\/twitter.com\/EurActivBerlin\/status\/642240354469720064\/photo\/1","type":"photo","sizes":{"small":{"w":340,"h":223,"resize":"fit"},"thumb":{"w":150,"h":150,"resize":"crop"},"medium":{"w":600,"h":393,"resize":"fit"},"large":{"w":776,"h":509,"resize":"fit"}}}]},"extended_entities":{"media":[{"id":642240353521827840,"id_str":"642240353521827840","indices":[114,136],"media_url":"http:\/\/pbs.twimg.com\/media\/COmyMuQXAAAy550.jpg","media_url_https":"https:\/\/pbs.twimg.com\/media\/COmyMuQXAAAy550.jpg","url":"http:\/\/t.co\/AgzBGBie1S","display_url":"pic.twitter.com\/AgzBGBie1S","expanded_url":"http:\/\/twitter.com\/EurActivBerlin\/status\/642240354469720064\/photo\/1","type":"photo","sizes":{"small":{"w":340,"h":223,"resize":"fit"},"thumb":{"w":150,"h":150,"resize":"crop"},"medium":{"w":600,"h":393,"resize":"fit"},"large":{"w":776,"h":509,"resize":"fit"}}}]},"favorited":false,"retweeted":false,"possibly_sensitive":false,"filter_level":"low","lang":"de"},"retweet_count":0,"favorite_count":0,"entities":{"hashtags":[{"text":"refugeeswelcome","indices":[33,49]}],"trends":[],"urls":[{"url":"https:\/\/t.co\/cJcAQ7jb0Z","expanded_url":"https:\/\/twitter.com\/EurActivBerlin\/status\/642240354469720064","display_url":"twitter.com\/EurActivBerlin\u2026","indices":[50,73]}],"user_mentions":[],"symbols":[]},"favorited":false,"retweeted":false,"possibly_sensitive":true,"filter_level":"low","lang":"de","timestamp_ms":"1442087449518"}
