{"created_at":"Thu Sep 10 20:20:37 +0000 2015","id":642070192634396672,"id_str":"642070192634396672","text":"Islamischer Staat  - Innenansichten vom Hofstaat des Terrorf\u00fcrsten http:\/\/t.co\/pkYcdYZJF4 via @welt","source":"\u003ca href=\"http:\/\/twitter.com\" rel=\"nofollow\"\u003eTwitter Web Client\u003c\/a\u003e","truncated":false,"in_reply_to_status_id":null,"in_reply_to_status_id_str":null,"in_reply_to_user_id":null,"in_reply_to_user_id_str":null,"in_reply_to_screen_name":null,"user":{"id":74676216,"id_str":"74676216","name":"Whistleblower","screen_name":"MediterrNewsNet","location":"Valletta","url":"http:\/\/twitter.com\/MediterrNewsNet","description":"Investigative journalist fighting Evil, Scientology, Bilderberg, Obama, Merkel\/Gauck, Erdo\u011fan, Netanyahu, Assad, Salman, Rohani, Modi, Kim Jong-un","protected":false,"verified":false,"followers_count":6278,"friends_count":5265,"listed_count":226,"favourites_count":4116,"statuses_count":125069,"created_at":"Wed Sep 16 07:26:00 +0000 2009","utc_offset":7200,"time_zone":"Bern","geo_enabled":false,"lang":"en","contributors_enabled":false,"is_translator":false,"profile_background_color":"C0DEED","profile_background_image_url":"http:\/\/abs.twimg.com\/images\/themes\/theme1\/bg.png","profile_background_image_url_https":"https:\/\/abs.twimg.com\/images\/themes\/theme1\/bg.png","profile_background_tile":false,"profile_link_color":"0084B4","profile_sidebar_border_color":"C0DEED","profile_sidebar_fill_color":"DDEEF6","profile_text_color":"333333","profile_use_background_image":true,"profile_image_url":"http:\/\/pbs.twimg.com\/profile_images\/618079438996017152\/-eJ9Wp5Y_normal.jpg","profile_image_url_https":"https:\/\/pbs.twimg.com\/profile_images\/618079438996017152\/-eJ9Wp5Y_normal.jpg","default_profile":true,"default_profile_image":false,"following":null,"follow_request_sent":null,"notifications":null},"geo":null,"coordinates":null,"place":null,"contributors":null,"retweet_count":0,"favorite_count":0,"entities":{"hashtags":[],"trends":[],"urls":[{"url":"http:\/\/t.co\/pkYcdYZJF4","expanded_url":"http:\/\/www.welt.de\/politik\/ausland\/article146270103\/Innenansichten-vom-Hofstaat-des-Terrorfuersten.html","display_url":"welt.de\/politik\/auslan\u2026","indices":[67,89]}],"user_mentions":[{"screen_name":"welt","name":"DIE WELT","id":8720562,"id_str":"8720562","indices":[94,99]}],"symbols":[]},"favorited":false,"retweeted":false,"possibly_sensitive":false,"filter_level":"low","lang":"de","timestamp_ms":"1441916437668"}
