{"created_at":"Fri Sep 11 23:49:53 +0000 2015","id":642485244881408000,"id_str":"642485244881408000","text":"Fl\u00fcchtlinge und jetzt Verkehr in Hamburg. \nIch w\u00e4hlt immer tolle und spannende Themen aus @Domian #Domian","source":"\u003ca href=\"http:\/\/twitter.com\/download\/iphone\" rel=\"nofollow\"\u003eTwitter for iPhone\u003c\/a\u003e","truncated":false,"in_reply_to_status_id":null,"in_reply_to_status_id_str":null,"in_reply_to_user_id":null,"in_reply_to_user_id_str":null,"in_reply_to_screen_name":null,"user":{"id":252498458,"id_str":"252498458","name":"Tobt","screen_name":"DerTobt","location":"Baden-W\u00fcrttemberg, Deutschland","url":null,"description":"Trash-TV \/\/ Titten \/\/ NFL; NBA \/\/ Tweef mit 12 j\u00e4hrigen Youtube Fangirls \/\/ Tweets unter Garantie schlecht","protected":false,"verified":false,"followers_count":265,"friends_count":188,"listed_count":19,"favourites_count":22605,"statuses_count":19384,"created_at":"Tue Feb 15 09:41:59 +0000 2011","utc_offset":10800,"time_zone":"Athens","geo_enabled":false,"lang":"en","contributors_enabled":false,"is_translator":false,"profile_background_color":"ABB8C2","profile_background_image_url":"http:\/\/pbs.twimg.com\/profile_background_images\/530505723004743680\/rrNr7Lef.jpeg","profile_background_image_url_https":"https:\/\/pbs.twimg.com\/profile_background_images\/530505723004743680\/rrNr7Lef.jpeg","profile_background_tile":false,"profile_link_color":"4A913C","profile_sidebar_border_color":"000000","profile_sidebar_fill_color":"252429","profile_text_color":"666666","profile_use_background_image":true,"profile_image_url":"http:\/\/pbs.twimg.com\/profile_images\/467757280331841536\/HHVsKf4P_normal.jpeg","profile_image_url_https":"https:\/\/pbs.twimg.com\/profile_images\/467757280331841536\/HHVsKf4P_normal.jpeg","profile_banner_url":"https:\/\/pbs.twimg.com\/profile_banners\/252498458\/1404336031","default_profile":false,"default_profile_image":false,"following":null,"follow_request_sent":null,"notifications":null},"geo":null,"coordinates":null,"place":null,"contributors":null,"retweet_count":0,"favorite_count":0,"entities":{"hashtags":[{"text":"Domian","indices":[98,105]}],"trends":[],"urls":[],"user_mentions":[{"screen_name":"domian","name":"J\u00fcrgen Domian","id":23522189,"id_str":"23522189","indices":[90,97]}],"symbols":[]},"favorited":false,"retweeted":false,"possibly_sensitive":false,"filter_level":"low","lang":"de","timestamp_ms":"1442015393835"}
