{"created_at":"Fri Sep 11 23:47:12 +0000 2015","id":642484567119675392,"id_str":"642484567119675392","text":"RT @choolie211: Krim-Vizepremier: Berlusconi \u00f6ffnete f\u00fcr Krim \u201eFenster nach Europa\u201c http:\/\/t.co\/QSAhUnWeQP","source":"\u003ca href=\"http:\/\/twitter.com\/download\/android\" rel=\"nofollow\"\u003eTwitter for Android\u003c\/a\u003e","truncated":false,"in_reply_to_status_id":null,"in_reply_to_status_id_str":null,"in_reply_to_user_id":null,"in_reply_to_user_id_str":null,"in_reply_to_screen_name":null,"user":{"id":13278322,"id_str":"13278322","name":"Community entwickeln","screen_name":"fritzLetsch","location":"M\u00fcnchen, Bayern, S\u00fcdosten","url":"http:\/\/about.me\/fritz.letsch","description":"Forumtheater und Gestalt, befreiende P\u00e4dagogik, Bewegungen, Supervision & Radio, interkultur, sexp\u00e4d, gemeinn\u00fctzige OE zur Beteiligung http:\/\/t.co\/AhvIUKMPI1","protected":false,"verified":false,"followers_count":1384,"friends_count":1980,"listed_count":122,"favourites_count":56753,"statuses_count":38054,"created_at":"Sat Feb 09 10:27:16 +0000 2008","utc_offset":7200,"time_zone":"Berlin","geo_enabled":false,"lang":"de","contributors_enabled":false,"is_translator":false,"profile_background_color":"FFF04D","profile_background_image_url":"http:\/\/pbs.twimg.com\/profile_background_images\/838354710\/cb3384bda795a89c681fbd89c56c5aa3.jpeg","profile_background_image_url_https":"https:\/\/pbs.twimg.com\/profile_background_images\/838354710\/cb3384bda795a89c681fbd89c56c5aa3.jpeg","profile_background_tile":true,"profile_link_color":"103AA3","profile_sidebar_border_color":"000000","profile_sidebar_fill_color":"79ED26","profile_text_color":"66202E","profile_use_background_image":true,"profile_image_url":"http:\/\/pbs.twimg.com\/profile_images\/420529817407066112\/PSDX0Ypb_normal.jpeg","profile_image_url_https":"https:\/\/pbs.twimg.com\/profile_images\/420529817407066112\/PSDX0Ypb_normal.jpeg","profile_banner_url":"https:\/\/pbs.twimg.com\/profile_banners\/13278322\/1389098323","default_profile":false,"default_profile_image":false,"following":null,"follow_request_sent":null,"notifications":null},"geo":null,"coordinates":null,"place":null,"contributors":null,"retweeted_status":{"created_at":"Fri Sep 11 23:23:10 +0000 2015","id":642478521412120582,"id_str":"642478521412120582","text":"Krim-Vizepremier: Berlusconi \u00f6ffnete f\u00fcr Krim \u201eFenster nach Europa\u201c http:\/\/t.co\/QSAhUnWeQP","source":"\u003ca href=\"http:\/\/twitter.com\" rel=\"nofollow\"\u003eTwitter Web Client\u003c\/a\u003e","truncated":false,"in_reply_to_status_id":null,"in_reply_to_status_id_str":null,"in_reply_to_user_id":null,"in_reply_to_user_id_str":null,"in_reply_to_screen_name":null,"user":{"id":270396457,"id_str":"270396457","name":"choo lie","screen_name":"choolie211","location":"","url":null,"description":"Nein! Doch! Ohhh!","protected":false,"verified":false,"followers_count":511,"friends_count":433,"listed_count":35,"favourites_count":15010,"statuses_count":24984,"created_at":"Tue Mar 22 14:58:57 +0000 2011","utc_offset":7200,"time_zone":"Berlin","geo_enabled":false,"lang":"de","contributors_enabled":false,"is_translator":false,"profile_background_color":"C0DEED","profile_background_image_url":"http:\/\/pbs.twimg.com\/profile_background_images\/621711160874782720\/O-kVJh9V.jpg","profile_background_image_url_https":"https:\/\/pbs.twimg.com\/profile_background_images\/621711160874782720\/O-kVJh9V.jpg","profile_background_tile":true,"profile_link_color":"3B94D9","profile_sidebar_border_color":"C0DEED","profile_sidebar_fill_color":"DDEEF6","profile_text_color":"333333","profile_use_background_image":true,"profile_image_url":"http:\/\/pbs.twimg.com\/profile_images\/636306446565687296\/SAGwoGtL_normal.png","profile_image_url_https":"https:\/\/pbs.twimg.com\/profile_images\/636306446565687296\/SAGwoGtL_normal.png","default_profile":false,"default_profile_image":false,"following":null,"follow_request_sent":null,"notifications":null},"geo":null,"coordinates":null,"place":null,"contributors":null,"retweet_count":2,"favorite_count":1,"entities":{"hashtags":[],"trends":[],"urls":[{"url":"http:\/\/t.co\/QSAhUnWeQP","expanded_url":"http:\/\/de.sputniknews.com\/politik\/20150911\/304273239.html","display_url":"de.sputniknews.com\/politik\/201509\u2026","indices":[68,90]}],"user_mentions":[],"symbols":[]},"favorited":false,"retweeted":false,"possibly_sensitive":true,"filter_level":"low","lang":"de"},"retweet_count":0,"favorite_count":0,"entities":{"hashtags":[],"trends":[],"urls":[{"url":"http:\/\/t.co\/QSAhUnWeQP","expanded_url":"http:\/\/de.sputniknews.com\/politik\/20150911\/304273239.html","display_url":"de.sputniknews.com\/politik\/201509\u2026","indices":[84,106]}],"user_mentions":[{"screen_name":"choolie211","name":"choo lie","id":270396457,"id_str":"270396457","indices":[3,14]}],"symbols":[]},"favorited":false,"retweeted":false,"possibly_sensitive":false,"filter_level":"low","lang":"de","timestamp_ms":"1442015232244"}
