{"created_at":"Thu Sep 10 20:28:42 +0000 2015","id":642072224195866625,"id_str":"642072224195866625","text":"RT @zach_andrea: Gutes Beispiel bei #DeutschlandHilft, auch Miriam Betz bildet drei Fl\u00fcchtlinge aus, Firma #Betzchrom im #W\u00fcrmtal \nhttp:\/\/t\u2026","source":"\u003ca href=\"http:\/\/blackberry.com\/twitter\" rel=\"nofollow\"\u003eTwitter for BlackBerry\u00ae\u003c\/a\u003e","truncated":false,"in_reply_to_status_id":null,"in_reply_to_status_id_str":null,"in_reply_to_user_id":null,"in_reply_to_user_id_str":null,"in_reply_to_screen_name":null,"user":{"id":2766367745,"id_str":"2766367745","name":"lynne","screen_name":"lynettewucherp1","location":"","url":null,"description":null,"protected":false,"verified":false,"followers_count":199,"friends_count":125,"listed_count":22,"favourites_count":2456,"statuses_count":24877,"created_at":"Wed Sep 10 14:36:38 +0000 2014","utc_offset":null,"time_zone":null,"geo_enabled":true,"lang":"en","contributors_enabled":false,"is_translator":false,"profile_background_color":"C0DEED","profile_background_image_url":"http:\/\/abs.twimg.com\/images\/themes\/theme1\/bg.png","profile_background_image_url_https":"https:\/\/abs.twimg.com\/images\/themes\/theme1\/bg.png","profile_background_tile":false,"profile_link_color":"0084B4","profile_sidebar_border_color":"C0DEED","profile_sidebar_fill_color":"DDEEF6","profile_text_color":"333333","profile_use_background_image":true,"profile_image_url":"http:\/\/pbs.twimg.com\/profile_images\/628277473529188352\/lIHuEKYL_normal.jpg","profile_image_url_https":"https:\/\/pbs.twimg.com\/profile_images\/628277473529188352\/lIHuEKYL_normal.jpg","profile_banner_url":"https:\/\/pbs.twimg.com\/profile_banners\/2766367745\/1438627948","default_profile":true,"default_profile_image":false,"following":null,"follow_request_sent":null,"notifications":null},"geo":null,"coordinates":null,"place":null,"contributors":null,"retweeted_status":{"created_at":"Thu Sep 10 19:41:38 +0000 2015","id":642060382169886720,"id_str":"642060382169886720","text":"Gutes Beispiel bei #DeutschlandHilft, auch Miriam Betz bildet drei Fl\u00fcchtlinge aus, Firma #Betzchrom im #W\u00fcrmtal \nhttp:\/\/t.co\/CiphpaHcOA","source":"\u003ca href=\"http:\/\/twitter.com\/#!\/download\/ipad\" rel=\"nofollow\"\u003eTwitter for iPad\u003c\/a\u003e","truncated":false,"in_reply_to_status_id":null,"in_reply_to_status_id_str":null,"in_reply_to_user_id":null,"in_reply_to_user_id_str":null,"in_reply_to_screen_name":null,"user":{"id":2674885612,"id_str":"2674885612","name":"Andrea Zach Yoga","screen_name":"zach_andrea","location":"W\u00fcrmtal, M\u00fcnchen, Schwarzwald","url":"http:\/\/www.andreazach.de\/about\/","description":"YOGA - ist doch: 'om' singend rumsitzen, verbiegen und nur Frauen da? Nein! Yogalehrerin | BDY Mitglied | KK Zertifikat | Dipl. Mathematikerin | (Ex)T\u00e4nzerin","protected":false,"verified":false,"followers_count":1260,"friends_count":1988,"listed_count":83,"favourites_count":34281,"statuses_count":14611,"created_at":"Sat Jul 05 06:56:47 +0000 2014","utc_offset":null,"time_zone":null,"geo_enabled":false,"lang":"de","contributors_enabled":false,"is_translator":false,"profile_background_color":"9AE4E8","profile_background_image_url":"http:\/\/abs.twimg.com\/images\/themes\/theme16\/bg.gif","profile_background_image_url_https":"https:\/\/abs.twimg.com\/images\/themes\/theme16\/bg.gif","profile_background_tile":false,"profile_link_color":"0084B4","profile_sidebar_border_color":"BDDCAD","profile_sidebar_fill_color":"DDFFCC","profile_text_color":"333333","profile_use_background_image":true,"profile_image_url":"http:\/\/pbs.twimg.com\/profile_images\/541521614631084032\/DmKAhh8c_normal.jpeg","profile_image_url_https":"https:\/\/pbs.twimg.com\/profile_images\/541521614631084032\/DmKAhh8c_normal.jpeg","profile_banner_url":"https:\/\/pbs.twimg.com\/profile_banners\/2674885612\/1439888586","default_profile":false,"default_profile_image":false,"following":null,"follow_request_sent":null,"notifications":null},"geo":null,"coordinates":null,"place":null,"contributors":null,"retweet_count":3,"favorite_count":5,"entities":{"hashtags":[{"text":"DeutschlandHilft","indices":[19,36]},{"text":"Betzchrom","indices":[90,100]},{"text":"W\u00fcrmtal","indices":[104,112]}],"trends":[],"urls":[{"url":"http:\/\/t.co\/CiphpaHcOA","expanded_url":"http:\/\/www.welt.de\/?homescreen&wtmc=bookmark.safari.tablet.ios..bookmark_safari_ipad","display_url":"welt.de\/?homescreen&wt\u2026","indices":[114,136]}],"user_mentions":[],"symbols":[]},"favorited":false,"retweeted":false,"possibly_sensitive":false,"filter_level":"low","lang":"de"},"retweet_count":0,"favorite_count":0,"entities":{"hashtags":[{"text":"DeutschlandHilft","indices":[36,53]},{"text":"Betzchrom","indices":[107,117]},{"text":"W\u00fcrmtal","indices":[121,129]}],"trends":[],"urls":[{"url":"http:\/\/t.co\/CiphpaHcOA","expanded_url":"http:\/\/www.welt.de\/?homescreen&wtmc=bookmark.safari.tablet.ios..bookmark_safari_ipad","display_url":"welt.de\/?homescreen&wt\u2026","indices":[139,140]}],"user_mentions":[{"screen_name":"zach_andrea","name":"Andrea Zach Yoga","id":2674885612,"id_str":"2674885612","indices":[3,15]}],"symbols":[]},"favorited":false,"retweeted":false,"possibly_sensitive":false,"filter_level":"low","lang":"de","timestamp_ms":"1441916922030"}
