{"created_at":"Sat Sep 12 00:10:25 +0000 2015","id":642490412649701379,"id_str":"642490412649701379","text":"#deai #\u51fa\u4f1a\u3044 #\u30bb\u30d5\u30ec #\u30e1\u30eb\u53cb Orban redet Klartext: \"Es gibt kein Grundrecht auf ein besseres Leben\" - n-tv.de  http:\/\/t.co\/jaBlBVYNxf","source":"\u003ca href=\"http:\/\/twittbot.net\/\" rel=\"nofollow\"\u003etwittbot.net\u003c\/a\u003e","truncated":false,"in_reply_to_status_id":null,"in_reply_to_status_id_str":null,"in_reply_to_user_id":null,"in_reply_to_user_id_str":null,"in_reply_to_screen_name":null,"user":{"id":1731697458,"id_str":"1731697458","name":"\u53cd\u539f\u767a\u30ed\u30dc","screen_name":"three_get_robo","location":"","url":null,"description":"\u3000\u3000\u3000\u3000\u3000\u3000\u3000\u3000\u304c\u3057\u3083\u30fc\u3093\u3000\u3000\u3000\u3000\u3000\u3000\u3000\u3000\u3000\u3000\u3000\u3000\u3000\u3000\u3000\u3000\u3000\u3000\u3000\u3000\u3000\u3000\u3000\u3000\u3000\u3000\u3000\u3000\u3000\u3000\u3000\u3000\u3000\u3000\u3000\u3000\u3000\u3000\u3000\u304c\u3057\u3083\u30fc\u3093\u3000\u3000\u3000\u3000\u3000\u3000\u3000\u3000\u53cd\u539f\u767a\u30ed\u30dc\u3060\u3088\u3000\u3000\u3000\u3000\u3000\u3000\u3000\u3000\u3000\u3000\u3000\u3000\u3000\u3000\u3000\u3000\u3000\u3000\u3000\u3000\u3000 \u81ea\u52d5\u3067\u53cd\u539f\u767a\u3057\u3066\u304f\u308c\u308b\u3059\u3054\u3044\u3084\u3064\u3060\u3088\u3000\u3000\u3000\u3000\u3000\u3000\u3000","protected":false,"verified":false,"followers_count":673,"friends_count":574,"listed_count":14,"favourites_count":0,"statuses_count":170874,"created_at":"Thu Sep 05 12:00:29 +0000 2013","utc_offset":null,"time_zone":null,"geo_enabled":false,"lang":"ja","contributors_enabled":false,"is_translator":false,"profile_background_color":"C0DEED","profile_background_image_url":"http:\/\/pbs.twimg.com\/profile_background_images\/378800000067303638\/a203d7ddf4a9a6b84d016c65484d75f5.gif","profile_background_image_url_https":"https:\/\/pbs.twimg.com\/profile_background_images\/378800000067303638\/a203d7ddf4a9a6b84d016c65484d75f5.gif","profile_background_tile":true,"profile_link_color":"0084B4","profile_sidebar_border_color":"FFFFFF","profile_sidebar_fill_color":"DDEEF6","profile_text_color":"333333","profile_use_background_image":true,"profile_image_url":"http:\/\/pbs.twimg.com\/profile_images\/378800000425458726\/3f1e80acc255fe88f6ae3261cba430e4_normal.jpeg","profile_image_url_https":"https:\/\/pbs.twimg.com\/profile_images\/378800000425458726\/3f1e80acc255fe88f6ae3261cba430e4_normal.jpeg","profile_banner_url":"https:\/\/pbs.twimg.com\/profile_banners\/1731697458\/1378384199","default_profile":false,"default_profile_image":false,"following":null,"follow_request_sent":null,"notifications":null},"geo":null,"coordinates":null,"place":null,"contributors":null,"retweet_count":0,"favorite_count":0,"entities":{"hashtags":[{"text":"deai","indices":[0,5]},{"text":"\u51fa\u4f1a\u3044","indices":[6,10]},{"text":"\u30bb\u30d5\u30ec","indices":[11,15]},{"text":"\u30e1\u30eb\u53cb","indices":[16,20]}],"trends":[],"urls":[{"url":"http:\/\/t.co\/jaBlBVYNxf","expanded_url":"http:\/\/news.google.com\/news\/url?sa=t&fd=R&ct2=de&usg=AFQjCNGeUdJie41RABIH2TcNUxIzV5z5fg&clid=c3a7d30bb8a4878e06b80cf16b898331&cid=52779571833056&ei=cW3zVaCtJYaZ4gLe4amYBg&url=http:\/\/www.n-tv.de\/politik\/Es-gibt-kein-Grundrecht-auf-ein-besseres-Leben-articl","display_url":"news.google.com\/news\/url?sa=t&\u2026","indices":[103,125]}],"user_mentions":[],"symbols":[]},"favorited":false,"retweeted":false,"possibly_sensitive":false,"filter_level":"low","lang":"de","timestamp_ms":"1442016625927"}
