{"created_at":"Thu Sep 10 20:27:35 +0000 2015","id":642071946725838848,"id_str":"642071946725838848","text":"Irre Querfront gegen Wagenknechts Klartext-Papier http:\/\/t.co\/2ZtpBohaQk via @de_sputnik #Fl\u00fcchtlinge #Spiegel #FAZ #DIeWelt #Nato #IS","source":"\u003ca href=\"http:\/\/twitter.com\" rel=\"nofollow\"\u003eTwitter Web Client\u003c\/a\u003e","truncated":false,"in_reply_to_status_id":null,"in_reply_to_status_id_str":null,"in_reply_to_user_id":null,"in_reply_to_user_id_str":null,"in_reply_to_screen_name":null,"user":{"id":3092210625,"id_str":"3092210625","name":"R.M.","screen_name":"Melenis13","location":"Germany","url":null,"description":"critical and cynical observer of the world, against war and for justice without exceptions","protected":false,"verified":false,"followers_count":6,"friends_count":30,"listed_count":3,"favourites_count":19,"statuses_count":327,"created_at":"Mon Mar 16 01:18:17 +0000 2015","utc_offset":7200,"time_zone":"Belgrade","geo_enabled":false,"lang":"de","contributors_enabled":false,"is_translator":false,"profile_background_color":"131516","profile_background_image_url":"http:\/\/abs.twimg.com\/images\/themes\/theme14\/bg.gif","profile_background_image_url_https":"https:\/\/abs.twimg.com\/images\/themes\/theme14\/bg.gif","profile_background_tile":true,"profile_link_color":"009999","profile_sidebar_border_color":"EEEEEE","profile_sidebar_fill_color":"EFEFEF","profile_text_color":"333333","profile_use_background_image":true,"profile_image_url":"http:\/\/pbs.twimg.com\/profile_images\/578206175734300672\/J0iZUhky_normal.jpeg","profile_image_url_https":"https:\/\/pbs.twimg.com\/profile_images\/578206175734300672\/J0iZUhky_normal.jpeg","profile_banner_url":"https:\/\/pbs.twimg.com\/profile_banners\/3092210625\/1426691121","default_profile":false,"default_profile_image":false,"following":null,"follow_request_sent":null,"notifications":null},"geo":null,"coordinates":null,"place":null,"contributors":null,"retweet_count":0,"favorite_count":0,"entities":{"hashtags":[{"text":"Fl\u00fcchtlinge","indices":[89,101]},{"text":"Spiegel","indices":[102,110]},{"text":"FAZ","indices":[111,115]},{"text":"DIeWelt","indices":[116,124]},{"text":"Nato","indices":[125,130]},{"text":"IS","indices":[131,134]}],"trends":[],"urls":[{"url":"http:\/\/t.co\/2ZtpBohaQk","expanded_url":"http:\/\/de.sputniknews.com\/meinungen\/20150908\/304197746.html","display_url":"de.sputniknews.com\/meinungen\/2015\u2026","indices":[50,72]}],"user_mentions":[{"screen_name":"de_sputnik","name":"Sputnik Deutschland","id":253026595,"id_str":"253026595","indices":[77,88]}],"symbols":[]},"favorited":false,"retweeted":false,"possibly_sensitive":false,"filter_level":"low","lang":"de","timestamp_ms":"1441916855876"}
