{"created_at":"Sat Sep 12 00:03:55 +0000 2015","id":642488774153207808,"id_str":"642488774153207808","text":"Nachrichten Sinsheim Fl\u00fcchtlinge in Kaserne http:\/\/t.co\/IfgX2lSBAG","source":"\u003ca href=\"http:\/\/twitterfeed.com\" rel=\"nofollow\"\u003etwitterfeed\u003c\/a\u003e","truncated":false,"in_reply_to_status_id":null,"in_reply_to_status_id_str":null,"in_reply_to_user_id":null,"in_reply_to_user_id_str":null,"in_reply_to_screen_name":null,"user":{"id":117743143,"id_str":"117743143","name":"LocalXXL Sinsheim","screen_name":"Sinsheim_","location":"","url":null,"description":null,"protected":false,"verified":false,"followers_count":9,"friends_count":0,"listed_count":0,"favourites_count":0,"statuses_count":1280,"created_at":"Fri Feb 26 13:28:06 +0000 2010","utc_offset":null,"time_zone":null,"geo_enabled":false,"lang":"en","contributors_enabled":false,"is_translator":false,"profile_background_color":"C0DEED","profile_background_image_url":"http:\/\/abs.twimg.com\/images\/themes\/theme1\/bg.png","profile_background_image_url_https":"https:\/\/abs.twimg.com\/images\/themes\/theme1\/bg.png","profile_background_tile":false,"profile_link_color":"0084B4","profile_sidebar_border_color":"C0DEED","profile_sidebar_fill_color":"DDEEF6","profile_text_color":"333333","profile_use_background_image":true,"profile_image_url":"http:\/\/pbs.twimg.com\/profile_images\/719513423\/localxxl-logo-150_normal.jpg","profile_image_url_https":"https:\/\/pbs.twimg.com\/profile_images\/719513423\/localxxl-logo-150_normal.jpg","default_profile":true,"default_profile_image":false,"following":null,"follow_request_sent":null,"notifications":null},"geo":null,"coordinates":null,"place":null,"contributors":null,"retweet_count":0,"favorite_count":0,"entities":{"hashtags":[],"trends":[],"urls":[{"url":"http:\/\/t.co\/IfgX2lSBAG","expanded_url":"http:\/\/bit.ly\/1Qu2I9W","display_url":"bit.ly\/1Qu2I9W","indices":[44,66]}],"user_mentions":[],"symbols":[]},"favorited":false,"retweeted":false,"possibly_sensitive":false,"filter_level":"low","lang":"de","timestamp_ms":"1442016235279"}
