{"created_at":"Sat Sep 12 19:53:41 +0000 2015","id":642788188466081793,"id_str":"642788188466081793","text":"Das Thema ist zu Ernst f\u00fcr Spott. Meine Thesen zu Syrien aus M\u00e4rz 2011. Es ist alles viel schlimmer gekommen. http:\/\/t.co\/pfMn7E76mT","source":"\u003ca href=\"http:\/\/twitter.com\/#!\/download\/ipad\" rel=\"nofollow\"\u003eTwitter for iPad\u003c\/a\u003e","truncated":false,"in_reply_to_status_id":null,"in_reply_to_status_id_str":null,"in_reply_to_user_id":null,"in_reply_to_user_id_str":null,"in_reply_to_screen_name":null,"user":{"id":835541664,"id_str":"835541664","name":"Armin Laschet","screen_name":"ArminLaschet","location":"Aachen \/ D\u00fcsseldorf","url":"http:\/\/www.armin-laschet.de\/","description":"Landesvorsitzender der CDU Nordrhein-Westfalen und stellv. Bundesvorsitzender der CDU Deutschlands","protected":false,"verified":true,"followers_count":5723,"friends_count":507,"listed_count":188,"favourites_count":98,"statuses_count":6322,"created_at":"Thu Sep 20 13:13:25 +0000 2012","utc_offset":7200,"time_zone":"Berlin","geo_enabled":false,"lang":"de","contributors_enabled":false,"is_translator":false,"profile_background_color":"E4E2D2","profile_background_image_url":"http:\/\/pbs.twimg.com\/profile_background_images\/676414576\/6fd9b83631a8886a158a25e34a9775a0.jpeg","profile_background_image_url_https":"https:\/\/pbs.twimg.com\/profile_background_images\/676414576\/6fd9b83631a8886a158a25e34a9775a0.jpeg","profile_background_tile":false,"profile_link_color":"E95D0F","profile_sidebar_border_color":"FFFFFF","profile_sidebar_fill_color":"DDEEF6","profile_text_color":"333333","profile_use_background_image":false,"profile_image_url":"http:\/\/pbs.twimg.com\/profile_images\/581820655919894528\/dFT2Qrci_normal.jpg","profile_image_url_https":"https:\/\/pbs.twimg.com\/profile_images\/581820655919894528\/dFT2Qrci_normal.jpg","profile_banner_url":"https:\/\/pbs.twimg.com\/profile_banners\/835541664\/1427813887","default_profile":false,"default_profile_image":false,"following":null,"follow_request_sent":null,"notifications":null},"geo":null,"coordinates":null,"place":null,"contributors":null,"retweet_count":0,"favorite_count":0,"entities":{"hashtags":[],"trends":[],"urls":[{"url":"http:\/\/t.co\/pfMn7E76mT","expanded_url":"http:\/\/www.faz.net\/aktuell\/politik\/ausland\/gastbeitrag-winter-statt-fruehling-fuer-syriens-christen-12123338.html","display_url":"faz.net\/aktuell\/politi\u2026","indices":[110,132]}],"user_mentions":[],"symbols":[]},"favorited":false,"retweeted":false,"possibly_sensitive":false,"filter_level":"low","lang":"de","timestamp_ms":"1442087621214"}
