{"created_at":"Thu Sep 10 20:23:02 +0000 2015","id":642070801295015936,"id_str":"642070801295015936","text":"RT @e_doppel_le: Ben\u00f6tigt wird so: Unterk\u00fcnfte f\u00fcr Fl\u00fcchtlinge \nWien so: Wir bauen homosexuelle P\u00e4rchen-Ampel","source":"\u003ca href=\"http:\/\/twitter.com\/download\/android\" rel=\"nofollow\"\u003eTwitter for Android\u003c\/a\u003e","truncated":false,"in_reply_to_status_id":null,"in_reply_to_status_id_str":null,"in_reply_to_user_id":null,"in_reply_to_user_id_str":null,"in_reply_to_screen_name":null,"user":{"id":2802190934,"id_str":"2802190934","name":"Nici Hardy","screen_name":"Nici_12345","location":"\u00d6sterreich","url":"http:\/\/GLP.TV","description":"Depression is like a war you either win or die trying.  \n\n\u2661| GLP | Taddl | Ardy | Unge | Bttv | Rotpilz | Rewi | ApeCrime | Kelly | Melina | Muri | Pewds |\u2661","protected":false,"verified":false,"followers_count":52,"friends_count":200,"listed_count":1,"favourites_count":5636,"statuses_count":4433,"created_at":"Wed Sep 10 17:51:17 +0000 2014","utc_offset":null,"time_zone":null,"geo_enabled":false,"lang":"de","contributors_enabled":false,"is_translator":false,"profile_background_color":"000000","profile_background_image_url":"http:\/\/abs.twimg.com\/images\/themes\/theme1\/bg.png","profile_background_image_url_https":"https:\/\/abs.twimg.com\/images\/themes\/theme1\/bg.png","profile_background_tile":false,"profile_link_color":"ABB8C2","profile_sidebar_border_color":"000000","profile_sidebar_fill_color":"000000","profile_text_color":"000000","profile_use_background_image":false,"profile_image_url":"http:\/\/pbs.twimg.com\/profile_images\/616991197698084864\/RfoqS4IA_normal.jpg","profile_image_url_https":"https:\/\/pbs.twimg.com\/profile_images\/616991197698084864\/RfoqS4IA_normal.jpg","profile_banner_url":"https:\/\/pbs.twimg.com\/profile_banners\/2802190934\/1440460561","default_profile":false,"default_profile_image":false,"following":null,"follow_request_sent":null,"notifications":null},"geo":null,"coordinates":null,"place":null,"contributors":null,"retweeted_status":{"created_at":"Thu Sep 10 19:53:36 +0000 2015","id":642063394720325632,"id_str":"642063394720325632","text":"Ben\u00f6tigt wird so: Unterk\u00fcnfte f\u00fcr Fl\u00fcchtlinge \nWien so: Wir bauen homosexuelle P\u00e4rchen-Ampel","source":"\u003ca href=\"http:\/\/twitter.com\/download\/android\" rel=\"nofollow\"\u003eTwitter for Android\u003c\/a\u003e","truncated":false,"in_reply_to_status_id":null,"in_reply_to_status_id_str":null,"in_reply_to_user_id":null,"in_reply_to_user_id_str":null,"in_reply_to_screen_name":null,"user":{"id":2824926641,"id_str":"2824926641","name":"Du wurdest GEPR\u00c4NKT!","screen_name":"e_doppel_le","location":"Wien, \u00d6sterreich","url":"http:\/\/www.youtube.com\/edoppelle","description":"edoppelle aka. Elle | 15 | YouTube-Enthusiast | Der schwarze Balken unterstreicht meinen Swag | Ich vergifte gerne Tauben im Park | #NoFilter | #LoveWins","protected":false,"verified":false,"followers_count":822,"friends_count":199,"listed_count":6,"favourites_count":22765,"statuses_count":19612,"created_at":"Sun Oct 12 12:18:39 +0000 2014","utc_offset":null,"time_zone":null,"geo_enabled":true,"lang":"de","contributors_enabled":false,"is_translator":false,"profile_background_color":"000000","profile_background_image_url":"http:\/\/abs.twimg.com\/images\/themes\/theme1\/bg.png","profile_background_image_url_https":"https:\/\/abs.twimg.com\/images\/themes\/theme1\/bg.png","profile_background_tile":false,"profile_link_color":"4A913C","profile_sidebar_border_color":"000000","profile_sidebar_fill_color":"000000","profile_text_color":"000000","profile_use_background_image":false,"profile_image_url":"http:\/\/pbs.twimg.com\/profile_images\/640246063283224576\/MvyVGDQX_normal.jpg","profile_image_url_https":"https:\/\/pbs.twimg.com\/profile_images\/640246063283224576\/MvyVGDQX_normal.jpg","profile_banner_url":"https:\/\/pbs.twimg.com\/profile_banners\/2824926641\/1434271382","default_profile":false,"default_profile_image":false,"following":null,"follow_request_sent":null,"notifications":null},"geo":null,"coordinates":null,"place":null,"contributors":null,"retweet_count":2,"favorite_count":6,"entities":{"hashtags":[],"trends":[],"urls":[],"user_mentions":[],"symbols":[]},"favorited":false,"retweeted":false,"possibly_sensitive":false,"filter_level":"low","lang":"de"},"retweet_count":0,"favorite_count":0,"entities":{"hashtags":[],"trends":[],"urls":[],"user_mentions":[{"screen_name":"e_doppel_le","name":"Du wurdest GEPR\u00c4NKT!","id":2824926641,"id_str":"2824926641","indices":[3,15]}],"symbols":[]},"favorited":false,"retweeted":false,"possibly_sensitive":false,"filter_level":"low","lang":"de","timestamp_ms":"1441916582784"}
