{"created_at":"Sat Sep 12 00:09:16 +0000 2015","id":642490122676662276,"id_str":"642490122676662276","text":"Fl\u00fcchtlinge in Deutschland: Innenminister: Wir schaffen es nicht mehr - Tagesspiegel http:\/\/t.co\/kabzS1tMx3","source":"\u003ca href=\"http:\/\/ifttt.com\" rel=\"nofollow\"\u003eIFTTT\u003c\/a\u003e","truncated":false,"in_reply_to_status_id":null,"in_reply_to_status_id_str":null,"in_reply_to_user_id":null,"in_reply_to_user_id_str":null,"in_reply_to_screen_name":null,"user":{"id":1682662404,"id_str":"1682662404","name":"Ari Rukmana","screen_name":"Arie_Rukmana","location":"","url":null,"description":"I will wait for him. not waiting for you!","protected":false,"verified":false,"followers_count":262,"friends_count":120,"listed_count":9,"favourites_count":0,"statuses_count":56492,"created_at":"Mon Aug 19 08:14:58 +0000 2013","utc_offset":25200,"time_zone":"Bangkok","geo_enabled":false,"lang":"en","contributors_enabled":false,"is_translator":false,"profile_background_color":"C0DEED","profile_background_image_url":"http:\/\/abs.twimg.com\/images\/themes\/theme1\/bg.png","profile_background_image_url_https":"https:\/\/abs.twimg.com\/images\/themes\/theme1\/bg.png","profile_background_tile":false,"profile_link_color":"0084B4","profile_sidebar_border_color":"C0DEED","profile_sidebar_fill_color":"DDEEF6","profile_text_color":"333333","profile_use_background_image":true,"profile_image_url":"http:\/\/pbs.twimg.com\/profile_images\/378800000528376771\/2661e73220a388257d8521aeedd33460_normal.jpeg","profile_image_url_https":"https:\/\/pbs.twimg.com\/profile_images\/378800000528376771\/2661e73220a388257d8521aeedd33460_normal.jpeg","default_profile":true,"default_profile_image":false,"following":null,"follow_request_sent":null,"notifications":null},"geo":null,"coordinates":null,"place":null,"contributors":null,"retweet_count":0,"favorite_count":0,"entities":{"hashtags":[],"trends":[],"urls":[{"url":"http:\/\/t.co\/kabzS1tMx3","expanded_url":"http:\/\/ift.tt\/1i4W0LL","display_url":"ift.tt\/1i4W0LL","indices":[85,107]}],"user_mentions":[],"symbols":[]},"favorited":false,"retweeted":false,"possibly_sensitive":false,"filter_level":"low","lang":"de","timestamp_ms":"1442016556792"}
