{"created_at":"Fri Sep 11 23:43:29 +0000 2015","id":642483632490303488,"id_str":"642483632490303488","text":"Die Regierung muss weg \ud83d\ude21 Bund und L\u00e4nder planen Zwangsvermietungen leer stehender H\u00e4user http:\/\/t.co\/5AlEElSOzL via @NewsRepublicDe","source":"\u003ca href=\"http:\/\/www.apple.com\" rel=\"nofollow\"\u003eiOS\u003c\/a\u003e","truncated":false,"in_reply_to_status_id":null,"in_reply_to_status_id_str":null,"in_reply_to_user_id":null,"in_reply_to_user_id_str":null,"in_reply_to_screen_name":null,"user":{"id":2746340867,"id_str":"2746340867","name":"Phil Dejav\u00fa","screen_name":"Nanuk_Nupagadi","location":"Leipzig, Sachsen","url":"http:\/\/www.iss-dresden.de","description":"Rich and Famous - Unternehmer - Finanzwirt und SFA - Snapchat: phil_dejavu","protected":false,"verified":false,"followers_count":188,"friends_count":323,"listed_count":5,"favourites_count":1519,"statuses_count":4805,"created_at":"Mon Aug 18 13:31:46 +0000 2014","utc_offset":7200,"time_zone":"Ljubljana","geo_enabled":true,"lang":"de","contributors_enabled":false,"is_translator":false,"profile_background_color":"C0DEED","profile_background_image_url":"http:\/\/abs.twimg.com\/images\/themes\/theme1\/bg.png","profile_background_image_url_https":"https:\/\/abs.twimg.com\/images\/themes\/theme1\/bg.png","profile_background_tile":false,"profile_link_color":"0084B4","profile_sidebar_border_color":"C0DEED","profile_sidebar_fill_color":"DDEEF6","profile_text_color":"333333","profile_use_background_image":true,"profile_image_url":"http:\/\/pbs.twimg.com\/profile_images\/501367721670754304\/UriBIXmF_normal.jpeg","profile_image_url_https":"https:\/\/pbs.twimg.com\/profile_images\/501367721670754304\/UriBIXmF_normal.jpeg","profile_banner_url":"https:\/\/pbs.twimg.com\/profile_banners\/2746340867\/1431075083","default_profile":true,"default_profile_image":false,"following":null,"follow_request_sent":null,"notifications":null},"geo":null,"coordinates":null,"place":null,"contributors":null,"retweet_count":0,"favorite_count":0,"entities":{"hashtags":[],"trends":[],"urls":[{"url":"http:\/\/t.co\/5AlEElSOzL","expanded_url":"http:\/\/n.mynews.ly\/!kB.C21lw","display_url":"n.mynews.ly\/!kB.C21lw","indices":[89,111]}],"user_mentions":[{"screen_name":"NewsRepublicDE","name":"News Republic DE","id":2994287783,"id_str":"2994287783","indices":[116,131]}],"symbols":[]},"favorited":false,"retweeted":false,"possibly_sensitive":false,"filter_level":"low","lang":"de","timestamp_ms":"1442015009411"}
