{"created_at":"Sat Sep 12 00:03:10 +0000 2015","id":642488585707458560,"id_str":"642488585707458560","text":"Seehofer: \"Ich sehe keine M\u00f6glichkeit, den St\u00f6psel wieder auf die Flasche zu kriegen.\" http:\/\/t.co\/CXxRBoK6oc","source":"\u003ca href=\"http:\/\/twitter.com\" rel=\"nofollow\"\u003eTwitter Web Client\u003c\/a\u003e","truncated":false,"in_reply_to_status_id":null,"in_reply_to_status_id_str":null,"in_reply_to_user_id":null,"in_reply_to_user_id_str":null,"in_reply_to_screen_name":null,"user":{"id":2361247910,"id_str":"2361247910","name":"Andrea B.","screen_name":"Titania0001","location":"","url":null,"description":"Stets auf der Suche nach Wahrheit und im Kampf gegen Ungerechtigkeiten","protected":false,"verified":false,"followers_count":1803,"friends_count":1957,"listed_count":38,"favourites_count":3927,"statuses_count":33919,"created_at":"Tue Feb 25 15:22:43 +0000 2014","utc_offset":7200,"time_zone":"Brussels","geo_enabled":false,"lang":"de","contributors_enabled":false,"is_translator":false,"profile_background_color":"642D8B","profile_background_image_url":"http:\/\/abs.twimg.com\/images\/themes\/theme10\/bg.gif","profile_background_image_url_https":"https:\/\/abs.twimg.com\/images\/themes\/theme10\/bg.gif","profile_background_tile":true,"profile_link_color":"550099","profile_sidebar_border_color":"FFFFFF","profile_sidebar_fill_color":"7AC3EE","profile_text_color":"3D1957","profile_use_background_image":true,"profile_image_url":"http:\/\/pbs.twimg.com\/profile_images\/496474527124037633\/u_hu3bz0_normal.jpeg","profile_image_url_https":"https:\/\/pbs.twimg.com\/profile_images\/496474527124037633\/u_hu3bz0_normal.jpeg","default_profile":false,"default_profile_image":false,"following":null,"follow_request_sent":null,"notifications":null},"geo":null,"coordinates":null,"place":null,"contributors":null,"retweet_count":0,"favorite_count":0,"entities":{"hashtags":[],"trends":[],"urls":[{"url":"http:\/\/t.co\/CXxRBoK6oc","expanded_url":"http:\/\/www.focus.de\/politik\/deutschland\/seehofer-kritisiert-fluechtlingspolitik-csu-chef-laedt-orban-zu-klausurtagung-nach-bayern-ein_id_4941381.html","display_url":"focus.de\/politik\/deutsc\u2026","indices":[87,109]}],"user_mentions":[],"symbols":[]},"favorited":false,"retweeted":false,"possibly_sensitive":false,"filter_level":"low","lang":"de","timestamp_ms":"1442016190350"}
