{"created_at":"Thu Sep 10 20:29:21 +0000 2015","id":642072389241729025,"id_str":"642072389241729025","text":"RT @LizasWelt: Ein Aufruf zur Fl\u00fcchtlingshilfe vor Ort: Support @Wadi_eV! https:\/\/t.co\/zlPB4XkIR6 | f\u00fcr @fischundfleisch","source":"\u003ca href=\"http:\/\/twitter.com\/download\/iphone\" rel=\"nofollow\"\u003eTwitter for iPhone\u003c\/a\u003e","truncated":false,"in_reply_to_status_id":null,"in_reply_to_status_id_str":null,"in_reply_to_user_id":null,"in_reply_to_user_id_str":null,"in_reply_to_screen_name":null,"user":{"id":789538730,"id_str":"789538730","name":"Opa Hans","screen_name":"Hans_Opa","location":"","url":"https:\/\/opahansblog.wordpress.com\/","description":"Was H\u00e4nschen gelernt hat ...","protected":false,"verified":false,"followers_count":433,"friends_count":514,"listed_count":13,"favourites_count":6474,"statuses_count":11798,"created_at":"Wed Aug 29 15:09:39 +0000 2012","utc_offset":7200,"time_zone":"Prague","geo_enabled":false,"lang":"de","contributors_enabled":false,"is_translator":false,"profile_background_color":"C8CBCC","profile_background_image_url":"http:\/\/abs.twimg.com\/images\/themes\/theme14\/bg.gif","profile_background_image_url_https":"https:\/\/abs.twimg.com\/images\/themes\/theme14\/bg.gif","profile_background_tile":false,"profile_link_color":"009999","profile_sidebar_border_color":"FFFFFF","profile_sidebar_fill_color":"DDEEF6","profile_text_color":"333333","profile_use_background_image":true,"profile_image_url":"http:\/\/pbs.twimg.com\/profile_images\/552044506917257216\/3aPXvdw1_normal.png","profile_image_url_https":"https:\/\/pbs.twimg.com\/profile_images\/552044506917257216\/3aPXvdw1_normal.png","profile_banner_url":"https:\/\/pbs.twimg.com\/profile_banners\/789538730\/1401373157","default_profile":false,"default_profile_image":false,"following":null,"follow_request_sent":null,"notifications":null},"geo":null,"coordinates":null,"place":null,"contributors":null,"retweeted_status":{"created_at":"Thu Sep 10 20:14:05 +0000 2015","id":642068546944651264,"id_str":"642068546944651264","text":"Ein Aufruf zur Fl\u00fcchtlingshilfe vor Ort: Support @Wadi_eV! https:\/\/t.co\/zlPB4XkIR6 | f\u00fcr @fischundfleisch","source":"\u003ca href=\"http:\/\/www.echofon.com\/\" rel=\"nofollow\"\u003eEchofon\u003c\/a\u003e","truncated":false,"in_reply_to_status_id":null,"in_reply_to_status_id_str":null,"in_reply_to_user_id":null,"in_reply_to_user_id_str":null,"in_reply_to_screen_name":null,"user":{"id":74443838,"id_str":"74443838","name":"Lizas Welt","screen_name":"LizasWelt","location":"","url":"http:\/\/lizaswelt.net","description":"Gegen den Konsens. F\u00fcr Israel und mehr modernen Fu\u00dfball.","protected":false,"verified":false,"followers_count":8523,"friends_count":359,"listed_count":299,"favourites_count":11864,"statuses_count":37181,"created_at":"Tue Sep 15 13:15:35 +0000 2009","utc_offset":7200,"time_zone":"Amsterdam","geo_enabled":true,"lang":"de","contributors_enabled":false,"is_translator":false,"profile_background_color":"101948","profile_background_image_url":"http:\/\/pbs.twimg.com\/profile_background_images\/43703576\/LWTwitFCBIsrael4.jpg","profile_background_image_url_https":"https:\/\/pbs.twimg.com\/profile_background_images\/43703576\/LWTwitFCBIsrael4.jpg","profile_background_tile":false,"profile_link_color":"015675","profile_sidebar_border_color":"FFFFFF","profile_sidebar_fill_color":"DCE5FA","profile_text_color":"000000","profile_use_background_image":true,"profile_image_url":"http:\/\/pbs.twimg.com\/profile_images\/3742640826\/e2c4a761ccae9040939f87c52a34c54f_normal.jpeg","profile_image_url_https":"https:\/\/pbs.twimg.com\/profile_images\/3742640826\/e2c4a761ccae9040939f87c52a34c54f_normal.jpeg","profile_banner_url":"https:\/\/pbs.twimg.com\/profile_banners\/74443838\/1399505005","default_profile":false,"default_profile_image":false,"following":null,"follow_request_sent":null,"notifications":null},"geo":null,"coordinates":null,"place":null,"contributors":null,"retweet_count":5,"favorite_count":2,"entities":{"hashtags":[],"trends":[],"urls":[{"url":"https:\/\/t.co\/zlPB4XkIR6","expanded_url":"https:\/\/www.fischundfleisch.com\/blogs\/politik\/support-wadi.html","display_url":"fischundfleisch.com\/blogs\/politik\/\u2026","indices":[59,82]}],"user_mentions":[{"screen_name":"Wadi_eV","name":"Wadi","id":335947237,"id_str":"335947237","indices":[49,57]},{"screen_name":"fischundfleisch","name":"fisch+fleisch","id":2800578650,"id_str":"2800578650","indices":[89,105]}],"symbols":[]},"favorited":false,"retweeted":false,"possibly_sensitive":false,"filter_level":"low","lang":"de"},"retweet_count":0,"favorite_count":0,"entities":{"hashtags":[],"trends":[],"urls":[{"url":"https:\/\/t.co\/zlPB4XkIR6","expanded_url":"https:\/\/www.fischundfleisch.com\/blogs\/politik\/support-wadi.html","display_url":"fischundfleisch.com\/blogs\/politik\/\u2026","indices":[74,97]}],"user_mentions":[{"screen_name":"LizasWelt","name":"Lizas Welt","id":74443838,"id_str":"74443838","indices":[3,13]},{"screen_name":"Wadi_eV","name":"Wadi","id":335947237,"id_str":"335947237","indices":[64,72]},{"screen_name":"fischundfleisch","name":"fisch+fleisch","id":2800578650,"id_str":"2800578650","indices":[104,120]}],"symbols":[]},"favorited":false,"retweeted":false,"possibly_sensitive":false,"filter_level":"low","lang":"de","timestamp_ms":"1441916961380"}
