{"created_at":"Thu Sep 10 20:26:22 +0000 2015","id":642071640109662209,"id_str":"642071640109662209","text":"Wer morgen abend in Stralsund sein kann: bitte unterst\u00fctzen.\n#MVf\u00fcralle #refugeeswelcome  https:\/\/t.co\/oJA0hVVd5B","source":"\u003ca href=\"https:\/\/about.twitter.com\/products\/tweetdeck\" rel=\"nofollow\"\u003eTweetDeck\u003c\/a\u003e","truncated":false,"in_reply_to_status_id":null,"in_reply_to_status_id_str":null,"in_reply_to_user_id":null,"in_reply_to_user_id_str":null,"in_reply_to_screen_name":null,"user":{"id":216722160,"id_str":"216722160","name":"GR\u00dcNE VG","screen_name":"GRUENE_VG","location":"Greifswald","url":"http:\/\/www.gruene-vorpommern-greifswald.de","description":"Hier twittern GR\u00dcNE aus dem Landkreis Vorpommern-Greifswald","protected":false,"verified":false,"followers_count":349,"friends_count":105,"listed_count":20,"favourites_count":27,"statuses_count":58,"created_at":"Wed Nov 17 14:50:49 +0000 2010","utc_offset":7200,"time_zone":"Berlin","geo_enabled":false,"lang":"de","contributors_enabled":false,"is_translator":false,"profile_background_color":"C0DEED","profile_background_image_url":"http:\/\/pbs.twimg.com\/profile_background_images\/417942401\/Nazis_nein_danke.jpeg","profile_background_image_url_https":"https:\/\/pbs.twimg.com\/profile_background_images\/417942401\/Nazis_nein_danke.jpeg","profile_background_tile":true,"profile_link_color":"0084B4","profile_sidebar_border_color":"C0DEED","profile_sidebar_fill_color":"DDEEF6","profile_text_color":"333333","profile_use_background_image":true,"profile_image_url":"http:\/\/pbs.twimg.com\/profile_images\/1807963289\/Gruene_Logo_gru_en_RZ_normal.jpg","profile_image_url_https":"https:\/\/pbs.twimg.com\/profile_images\/1807963289\/Gruene_Logo_gru_en_RZ_normal.jpg","default_profile":false,"default_profile_image":false,"following":null,"follow_request_sent":null,"notifications":null},"geo":null,"coordinates":null,"place":null,"contributors":null,"quoted_status_id":642012243044003840,"quoted_status_id_str":"642012243044003840","quoted_status":{"created_at":"Thu Sep 10 16:30:21 +0000 2015","id":642012243044003840,"id_str":"642012243044003840","text":"Unterst\u00fctzung f\u00fcr Infostand anl\u00e4sslich Mahnwache der MV-Patrioten vor der Fl\u00fcchtlingsunterkunft in Gr\u00fcnhufe gesucht https:\/\/t.co\/5srBwvlKJu","source":"\u003ca href=\"http:\/\/twitter.com\" rel=\"nofollow\"\u003eTwitter Web Client\u003c\/a\u003e","truncated":false,"in_reply_to_status_id":null,"in_reply_to_status_id_str":null,"in_reply_to_user_id":null,"in_reply_to_user_id_str":null,"in_reply_to_screen_name":null,"user":{"id":2822209017,"id_str":"2822209017","name":"RGR STRALSUND","screen_name":"rockgegenrecht2","location":"","url":"http:\/\/www.rockgegenrechts.com","description":null,"protected":false,"verified":false,"followers_count":93,"friends_count":69,"listed_count":0,"favourites_count":28,"statuses_count":282,"created_at":"Sat Oct 11 07:01:53 +0000 2014","utc_offset":7200,"time_zone":"Belgrade","geo_enabled":false,"lang":"de","contributors_enabled":false,"is_translator":false,"profile_background_color":"C0DEED","profile_background_image_url":"http:\/\/abs.twimg.com\/images\/themes\/theme1\/bg.png","profile_background_image_url_https":"https:\/\/abs.twimg.com\/images\/themes\/theme1\/bg.png","profile_background_tile":false,"profile_link_color":"0084B4","profile_sidebar_border_color":"C0DEED","profile_sidebar_fill_color":"DDEEF6","profile_text_color":"333333","profile_use_background_image":true,"profile_image_url":"http:\/\/pbs.twimg.com\/profile_images\/586233468792745986\/jujKP9LO_normal.jpg","profile_image_url_https":"https:\/\/pbs.twimg.com\/profile_images\/586233468792745986\/jujKP9LO_normal.jpg","profile_banner_url":"https:\/\/pbs.twimg.com\/profile_banners\/2822209017\/1433011743","default_profile":true,"default_profile_image":false,"following":null,"follow_request_sent":null,"notifications":null},"geo":null,"coordinates":null,"place":null,"contributors":null,"retweet_count":0,"favorite_count":0,"entities":{"hashtags":[],"trends":[],"urls":[{"url":"https:\/\/t.co\/5srBwvlKJu","expanded_url":"https:\/\/www.facebook.com\/events\/1280509515310801\/","display_url":"facebook.com\/events\/1280509\u2026","indices":[116,139]}],"user_mentions":[],"symbols":[]},"favorited":false,"retweeted":false,"possibly_sensitive":false,"filter_level":"low","lang":"de"},"retweet_count":0,"favorite_count":0,"entities":{"hashtags":[{"text":"MVf\u00fcralle","indices":[61,71]},{"text":"refugeeswelcome","indices":[72,88]}],"trends":[],"urls":[{"url":"https:\/\/t.co\/oJA0hVVd5B","expanded_url":"https:\/\/twitter.com\/rockgegenrecht2\/status\/642012243044003840","display_url":"twitter.com\/rockgegenrecht\u2026","indices":[90,113]}],"user_mentions":[],"symbols":[]},"favorited":false,"retweeted":false,"possibly_sensitive":false,"filter_level":"low","lang":"de","timestamp_ms":"1441916782773"}
