{"created_at":"Thu Sep 10 20:26:59 +0000 2015","id":642071794065756160,"id_str":"642071794065756160","text":"Super Auftritt.! \ud83d\udc4d\ud83d\udc4f\n\nhttps:\/\/t.co\/mpk0akDvYS\n\n#refugeeswelcome #DeutschlandHilft","source":"\u003ca href=\"http:\/\/twitter.com\/download\/android\" rel=\"nofollow\"\u003eTwitter for Android\u003c\/a\u003e","truncated":false,"in_reply_to_status_id":null,"in_reply_to_status_id_str":null,"in_reply_to_user_id":null,"in_reply_to_user_id_str":null,"in_reply_to_screen_name":null,"user":{"id":1398242930,"id_str":"1398242930","name":"Harco Minze","screen_name":"HinzeM","location":"","url":null,"description":null,"protected":false,"verified":false,"followers_count":29,"friends_count":161,"listed_count":3,"favourites_count":4556,"statuses_count":2732,"created_at":"Thu May 02 21:30:08 +0000 2013","utc_offset":null,"time_zone":null,"geo_enabled":false,"lang":"de","contributors_enabled":false,"is_translator":false,"profile_background_color":"C0DEED","profile_background_image_url":"http:\/\/abs.twimg.com\/images\/themes\/theme1\/bg.png","profile_background_image_url_https":"https:\/\/abs.twimg.com\/images\/themes\/theme1\/bg.png","profile_background_tile":false,"profile_link_color":"0084B4","profile_sidebar_border_color":"C0DEED","profile_sidebar_fill_color":"DDEEF6","profile_text_color":"333333","profile_use_background_image":true,"profile_image_url":"http:\/\/pbs.twimg.com\/profile_images\/575034889839468544\/x7Pbr6xr_normal.jpeg","profile_image_url_https":"https:\/\/pbs.twimg.com\/profile_images\/575034889839468544\/x7Pbr6xr_normal.jpeg","profile_banner_url":"https:\/\/pbs.twimg.com\/profile_banners\/1398242930\/1367531796","default_profile":true,"default_profile_image":false,"following":null,"follow_request_sent":null,"notifications":null},"geo":null,"coordinates":null,"place":null,"contributors":null,"retweet_count":0,"favorite_count":0,"entities":{"hashtags":[{"text":"refugeeswelcome","indices":[46,62]},{"text":"DeutschlandHilft","indices":[63,80]}],"trends":[],"urls":[{"url":"https:\/\/t.co\/mpk0akDvYS","expanded_url":"https:\/\/www.youtube.com\/watch?v=87YgZmbB7a4","display_url":"youtube.com\/watch?v=87YgZm\u2026","indices":[21,44]}],"user_mentions":[],"symbols":[]},"favorited":false,"retweeted":false,"possibly_sensitive":false,"filter_level":"low","lang":"de","timestamp_ms":"1441916819479"}
