{"created_at":"Sat Sep 12 00:03:54 +0000 2015","id":642488771850571777,"id_str":"642488771850571777","text":"Ddfbnnkkyf https:\/\/t.co\/Q1wzZUeRIx","source":"\u003ca href=\"http:\/\/twitter.com\/download\/android\" rel=\"nofollow\"\u003eTwitter for Android\u003c\/a\u003e","truncated":false,"in_reply_to_status_id":null,"in_reply_to_status_id_str":null,"in_reply_to_user_id":null,"in_reply_to_user_id_str":null,"in_reply_to_screen_name":null,"user":{"id":21353637,"id_str":"21353637","name":"... ","screen_name":"PercivalPenman","location":"Missouri City (The Mo.), Texas","url":"http:\/\/wherekandycoatedreigndrops.wordpress.com","description":"I bring a pen to a gunfight bc I kill sh*t when I write. Ambassador\/PR Director, #LightSkinCoalition. Author in Progress. Staff writer, @Chan_Lo & @DayAndADream","protected":false,"verified":false,"followers_count":2529,"friends_count":2615,"listed_count":90,"favourites_count":2166,"statuses_count":391613,"created_at":"Thu Feb 19 23:44:27 +0000 2009","utc_offset":-21600,"time_zone":"Mountain Time (US & Canada)","geo_enabled":true,"lang":"en","contributors_enabled":false,"is_translator":false,"profile_background_color":"050001","profile_background_image_url":"http:\/\/pbs.twimg.com\/profile_background_images\/32374816\/forrest-gump-2.jpg","profile_background_image_url_https":"https:\/\/pbs.twimg.com\/profile_background_images\/32374816\/forrest-gump-2.jpg","profile_background_tile":true,"profile_link_color":"3B94D9","profile_sidebar_border_color":"000000","profile_sidebar_fill_color":"FCF8F8","profile_text_color":"043D9A","profile_use_background_image":true,"profile_image_url":"http:\/\/pbs.twimg.com\/profile_images\/600065473103953922\/2mrDodCS_normal.jpg","profile_image_url_https":"https:\/\/pbs.twimg.com\/profile_images\/600065473103953922\/2mrDodCS_normal.jpg","profile_banner_url":"https:\/\/pbs.twimg.com\/profile_banners\/21353637\/1429405493","default_profile":false,"default_profile_image":false,"following":null,"follow_request_sent":null,"notifications":null},"geo":null,"coordinates":null,"place":null,"contributors":null,"quoted_status_id":642487710830206977,"quoted_status_id_str":"642487710830206977","quoted_status":{"created_at":"Fri Sep 11 23:59:41 +0000 2015","id":642487710830206977,"id_str":"642487710830206977","text":"People who read Facebook in Lucida Handwriting *ON PURPOSE* do not deserve to have a say in politics, respectability or otherwise.","source":"\u003ca href=\"http:\/\/twitterrific.com\" rel=\"nofollow\"\u003eTwitterrific\u003c\/a\u003e","truncated":false,"in_reply_to_status_id":null,"in_reply_to_status_id_str":null,"in_reply_to_user_id":null,"in_reply_to_user_id_str":null,"in_reply_to_screen_name":null,"user":{"id":2880061885,"id_str":"2880061885","name":"Mmmnohmygod ","screen_name":"_minimehh","location":"sofla","url":null,"description":"Daria is my shero","protected":false,"verified":false,"followers_count":195,"friends_count":151,"listed_count":8,"favourites_count":1617,"statuses_count":27224,"created_at":"Mon Oct 27 21:32:39 +0000 2014","utc_offset":-14400,"time_zone":"Eastern Time (US & Canada)","geo_enabled":true,"lang":"en","contributors_enabled":false,"is_translator":false,"profile_background_color":"C0DEED","profile_background_image_url":"http:\/\/abs.twimg.com\/images\/themes\/theme1\/bg.png","profile_background_image_url_https":"https:\/\/abs.twimg.com\/images\/themes\/theme1\/bg.png","profile_background_tile":false,"profile_link_color":"0084B4","profile_sidebar_border_color":"C0DEED","profile_sidebar_fill_color":"DDEEF6","profile_text_color":"333333","profile_use_background_image":true,"profile_image_url":"http:\/\/pbs.twimg.com\/profile_images\/639673698937499648\/up0Dz17p_normal.png","profile_image_url_https":"https:\/\/pbs.twimg.com\/profile_images\/639673698937499648\/up0Dz17p_normal.png","profile_banner_url":"https:\/\/pbs.twimg.com\/profile_banners\/2880061885\/1440863345","default_profile":true,"default_profile_image":false,"following":null,"follow_request_sent":null,"notifications":null},"geo":null,"coordinates":null,"place":null,"contributors":null,"retweet_count":0,"favorite_count":0,"entities":{"hashtags":[],"trends":[],"urls":[],"user_mentions":[],"symbols":[]},"favorited":false,"retweeted":false,"possibly_sensitive":false,"filter_level":"low","lang":"en"},"retweet_count":0,"favorite_count":0,"entities":{"hashtags":[],"trends":[],"urls":[{"url":"https:\/\/t.co\/Q1wzZUeRIx","expanded_url":"https:\/\/twitter.com\/_minimehh\/status\/642487710830206977","display_url":"twitter.com\/_minimehh\/stat\u2026","indices":[11,34]}],"user_mentions":[],"symbols":[]},"favorited":false,"retweeted":false,"possibly_sensitive":false,"filter_level":"low","lang":"de","timestamp_ms":"1442016234730"}
