{"created_at":"Sat Sep 12 00:07:51 +0000 2015","id":642489764122357764,"id_str":"642489764122357764","text":"Fl\u00fcchtlinge in Deutschland: Innenminister: Wir schaffen es nicht mehr - Tagesspiegel http:\/\/t.co\/T3E5LQTVnp","source":"\u003ca href=\"http:\/\/ifttt.com\" rel=\"nofollow\"\u003eIFTTT\u003c\/a\u003e","truncated":false,"in_reply_to_status_id":null,"in_reply_to_status_id_str":null,"in_reply_to_user_id":null,"in_reply_to_user_id_str":null,"in_reply_to_screen_name":null,"user":{"id":1348442706,"id_str":"1348442706","name":"Bayu Dirgantara","screen_name":"BayuDirgantara_","location":"","url":null,"description":"Percaya diri, semangat, smart, tidak pernah putus asa. suka musik dan baca buku","protected":false,"verified":false,"followers_count":158,"friends_count":107,"listed_count":4,"favourites_count":0,"statuses_count":46349,"created_at":"Sat Apr 13 05:46:12 +0000 2013","utc_offset":25200,"time_zone":"Bangkok","geo_enabled":false,"lang":"en","contributors_enabled":false,"is_translator":false,"profile_background_color":"C0DEED","profile_background_image_url":"http:\/\/abs.twimg.com\/images\/themes\/theme1\/bg.png","profile_background_image_url_https":"https:\/\/abs.twimg.com\/images\/themes\/theme1\/bg.png","profile_background_tile":false,"profile_link_color":"0084B4","profile_sidebar_border_color":"C0DEED","profile_sidebar_fill_color":"DDEEF6","profile_text_color":"333333","profile_use_background_image":true,"profile_image_url":"http:\/\/pbs.twimg.com\/profile_images\/378800000528909886\/4e47f3f5f6a903bb2206b2315bdcc466_normal.jpeg","profile_image_url_https":"https:\/\/pbs.twimg.com\/profile_images\/378800000528909886\/4e47f3f5f6a903bb2206b2315bdcc466_normal.jpeg","default_profile":true,"default_profile_image":false,"following":null,"follow_request_sent":null,"notifications":null},"geo":null,"coordinates":null,"place":null,"contributors":null,"retweet_count":0,"favorite_count":0,"entities":{"hashtags":[],"trends":[],"urls":[{"url":"http:\/\/t.co\/T3E5LQTVnp","expanded_url":"http:\/\/ift.tt\/1M2WjkD","display_url":"ift.tt\/1M2WjkD","indices":[85,107]}],"user_mentions":[],"symbols":[]},"favorited":false,"retweeted":false,"possibly_sensitive":false,"filter_level":"low","lang":"de","timestamp_ms":"1442016471306"}
