{"created_at":"Thu Sep 10 20:24:48 +0000 2015","id":642071244469350401,"id_str":"642071244469350401","text":"RT @BILD_Politik: Irans oberster Anf\u00fchrer Chamenei: \u00bbIsrael wird in 25 Jahren nicht mehr existieren: http:\/\/t.co\/1EFOAGpIlR http:\/\/t.co\/miK\u2026","source":"\u003ca href=\"http:\/\/twitter.com\/download\/android\" rel=\"nofollow\"\u003eTwitter for Android\u003c\/a\u003e","truncated":false,"in_reply_to_status_id":null,"in_reply_to_status_id_str":null,"in_reply_to_user_id":null,"in_reply_to_user_id_str":null,"in_reply_to_screen_name":null,"user":{"id":188681444,"id_str":"188681444","name":"Rens","screen_name":"Stormtroepen","location":"","url":null,"description":null,"protected":false,"verified":false,"followers_count":176,"friends_count":147,"listed_count":57,"favourites_count":7646,"statuses_count":52101,"created_at":"Thu Sep 09 09:53:42 +0000 2010","utc_offset":7200,"time_zone":"Amsterdam","geo_enabled":true,"lang":"nl","contributors_enabled":false,"is_translator":false,"profile_background_color":"C0DEED","profile_background_image_url":"http:\/\/abs.twimg.com\/images\/themes\/theme1\/bg.png","profile_background_image_url_https":"https:\/\/abs.twimg.com\/images\/themes\/theme1\/bg.png","profile_background_tile":false,"profile_link_color":"0084B4","profile_sidebar_border_color":"C0DEED","profile_sidebar_fill_color":"DDEEF6","profile_text_color":"333333","profile_use_background_image":true,"profile_image_url":"http:\/\/pbs.twimg.com\/profile_images\/1135318801\/scope_normal.jpg","profile_image_url_https":"https:\/\/pbs.twimg.com\/profile_images\/1135318801\/scope_normal.jpg","default_profile":true,"default_profile_image":false,"following":null,"follow_request_sent":null,"notifications":null},"geo":null,"coordinates":null,"place":null,"contributors":null,"retweeted_status":{"created_at":"Thu Sep 10 20:00:24 +0000 2015","id":642065104700223488,"id_str":"642065104700223488","text":"Irans oberster Anf\u00fchrer Chamenei: \u00bbIsrael wird in 25 Jahren nicht mehr existieren: http:\/\/t.co\/1EFOAGpIlR http:\/\/t.co\/miKdvMQwHb","source":"\u003ca href=\"https:\/\/about.twitter.com\/products\/tweetdeck\" rel=\"nofollow\"\u003eTweetDeck\u003c\/a\u003e","truncated":false,"in_reply_to_status_id":null,"in_reply_to_status_id_str":null,"in_reply_to_user_id":null,"in_reply_to_user_id_str":null,"in_reply_to_screen_name":null,"user":{"id":236415290,"id_str":"236415290","name":"BILD Politik","screen_name":"BILD_Politik","location":"Berlin","url":"http:\/\/BILD.de","description":"Hier twittert das Ressort Politik und Wirtschaft von BILD \u00b7 Impressum: http:\/\/on.bild.de\/BILDinfo","protected":false,"verified":true,"followers_count":7678,"friends_count":76,"listed_count":160,"favourites_count":50,"statuses_count":21159,"created_at":"Mon Jan 10 14:55:29 +0000 2011","utc_offset":7200,"time_zone":"Berlin","geo_enabled":false,"lang":"de","contributors_enabled":false,"is_translator":false,"profile_background_color":"292929","profile_background_image_url":"http:\/\/pbs.twimg.com\/profile_background_images\/190989891\/431x120--twitter-HG-Text-Kachel-Bild-Aktuell-090407-01.gif","profile_background_image_url_https":"https:\/\/pbs.twimg.com\/profile_background_images\/190989891\/431x120--twitter-HG-Text-Kachel-Bild-Aktuell-090407-01.gif","profile_background_tile":true,"profile_link_color":"E3001B","profile_sidebar_border_color":"FFFFFF","profile_sidebar_fill_color":"DDEEF6","profile_text_color":"333333","profile_use_background_image":false,"profile_image_url":"http:\/\/pbs.twimg.com\/profile_images\/577458296845516800\/tNsYSZtV_normal.jpeg","profile_image_url_https":"https:\/\/pbs.twimg.com\/profile_images\/577458296845516800\/tNsYSZtV_normal.jpeg","profile_banner_url":"https:\/\/pbs.twimg.com\/profile_banners\/236415290\/1411738237","default_profile":false,"default_profile_image":false,"following":null,"follow_request_sent":null,"notifications":null},"geo":null,"coordinates":null,"place":null,"contributors":null,"retweet_count":3,"favorite_count":2,"entities":{"hashtags":[],"trends":[],"urls":[{"url":"http:\/\/t.co\/1EFOAGpIlR","expanded_url":"http:\/\/www.bild.de\/politik\/ausland\/iran\/in-25-jahren-gibt-es-den-staat-nicht-mehr-42529452.bild.html","display_url":"bild.de\/politik\/auslan\u2026","indices":[83,105]}],"user_mentions":[],"symbols":[],"media":[{"id":642048946202918912,"id_str":"642048946202918912","indices":[106,128],"media_url":"http:\/\/pbs.twimg.com\/media\/COkEHWbWwAAvg0h.jpg","media_url_https":"https:\/\/pbs.twimg.com\/media\/COkEHWbWwAAvg0h.jpg","url":"http:\/\/t.co\/miKdvMQwHb","display_url":"pic.twitter.com\/miKdvMQwHb","expanded_url":"http:\/\/twitter.com\/BILD_Politik\/status\/642065104700223488\/photo\/1","type":"photo","sizes":{"thumb":{"w":150,"h":150,"resize":"crop"},"small":{"w":340,"h":191,"resize":"fit"},"large":{"w":650,"h":366,"resize":"fit"},"medium":{"w":600,"h":337,"resize":"fit"}}}]},"extended_entities":{"media":[{"id":642048946202918912,"id_str":"642048946202918912","indices":[106,128],"media_url":"http:\/\/pbs.twimg.com\/media\/COkEHWbWwAAvg0h.jpg","media_url_https":"https:\/\/pbs.twimg.com\/media\/COkEHWbWwAAvg0h.jpg","url":"http:\/\/t.co\/miKdvMQwHb","display_url":"pic.twitter.com\/miKdvMQwHb","expanded_url":"http:\/\/twitter.com\/BILD_Politik\/status\/642065104700223488\/photo\/1","type":"photo","sizes":{"thumb":{"w":150,"h":150,"resize":"crop"},"small":{"w":340,"h":191,"resize":"fit"},"large":{"w":650,"h":366,"resize":"fit"},"medium":{"w":600,"h":337,"resize":"fit"}}}]},"favorited":false,"retweeted":false,"possibly_sensitive":false,"filter_level":"low","lang":"de"},"retweet_count":0,"favorite_count":0,"entities":{"hashtags":[],"trends":[],"urls":[{"url":"http:\/\/t.co\/1EFOAGpIlR","expanded_url":"http:\/\/www.bild.de\/politik\/ausland\/iran\/in-25-jahren-gibt-es-den-staat-nicht-mehr-42529452.bild.html","display_url":"bild.de\/politik\/auslan\u2026","indices":[101,123]}],"user_mentions":[{"screen_name":"BILD_Politik","name":"BILD Politik","id":236415290,"id_str":"236415290","indices":[3,16]}],"symbols":[],"media":[{"id":642048946202918912,"id_str":"642048946202918912","indices":[124,140],"media_url":"http:\/\/pbs.twimg.com\/media\/COkEHWbWwAAvg0h.jpg","media_url_https":"https:\/\/pbs.twimg.com\/media\/COkEHWbWwAAvg0h.jpg","url":"http:\/\/t.co\/miKdvMQwHb","display_url":"pic.twitter.com\/miKdvMQwHb","expanded_url":"http:\/\/twitter.com\/BILD_Politik\/status\/642065104700223488\/photo\/1","type":"photo","sizes":{"thumb":{"w":150,"h":150,"resize":"crop"},"small":{"w":340,"h":191,"resize":"fit"},"large":{"w":650,"h":366,"resize":"fit"},"medium":{"w":600,"h":337,"resize":"fit"}},"source_status_id":642065104700223488,"source_status_id_str":"642065104700223488"}]},"extended_entities":{"media":[{"id":642048946202918912,"id_str":"642048946202918912","indices":[124,140],"media_url":"http:\/\/pbs.twimg.com\/media\/COkEHWbWwAAvg0h.jpg","media_url_https":"https:\/\/pbs.twimg.com\/media\/COkEHWbWwAAvg0h.jpg","url":"http:\/\/t.co\/miKdvMQwHb","display_url":"pic.twitter.com\/miKdvMQwHb","expanded_url":"http:\/\/twitter.com\/BILD_Politik\/status\/642065104700223488\/photo\/1","type":"photo","sizes":{"thumb":{"w":150,"h":150,"resize":"crop"},"small":{"w":340,"h":191,"resize":"fit"},"large":{"w":650,"h":366,"resize":"fit"},"medium":{"w":600,"h":337,"resize":"fit"}},"source_status_id":642065104700223488,"source_status_id_str":"642065104700223488"}]},"favorited":false,"retweeted":false,"possibly_sensitive":false,"filter_level":"low","lang":"de","timestamp_ms":"1441916688445"}
