{"created_at":"Thu Sep 10 20:27:58 +0000 2015","id":642072042041290753,"id_str":"642072042041290753","text":"Fl\u00fcchtlinge sollen Wirtschaft Schwung verleihen http:\/\/t.co\/9e1o1HBUKs Sind wirklich so bl\u00f6d und glauben den Schei\u00df den sie aussondern.","source":"\u003ca href=\"http:\/\/www.apple.com\" rel=\"nofollow\"\u003eiOS\u003c\/a\u003e","truncated":false,"in_reply_to_status_id":null,"in_reply_to_status_id_str":null,"in_reply_to_user_id":null,"in_reply_to_user_id_str":null,"in_reply_to_screen_name":null,"user":{"id":608037041,"id_str":"608037041","name":"Grasshopper","screen_name":"Lauro_Doc","location":"Doischenland","url":null,"description":"Migrant,Christ,studiert,islamkritisch, konservativliberal,Antikommunist","protected":false,"verified":false,"followers_count":349,"friends_count":319,"listed_count":12,"favourites_count":11241,"statuses_count":7284,"created_at":"Thu Jun 14 10:55:20 +0000 2012","utc_offset":null,"time_zone":null,"geo_enabled":false,"lang":"de","contributors_enabled":false,"is_translator":false,"profile_background_color":"0099B9","profile_background_image_url":"http:\/\/abs.twimg.com\/images\/themes\/theme4\/bg.gif","profile_background_image_url_https":"https:\/\/abs.twimg.com\/images\/themes\/theme4\/bg.gif","profile_background_tile":false,"profile_link_color":"0099B9","profile_sidebar_border_color":"5ED4DC","profile_sidebar_fill_color":"95E8EC","profile_text_color":"3C3940","profile_use_background_image":true,"profile_image_url":"http:\/\/pbs.twimg.com\/profile_images\/625604233488936961\/qeJMolZM_normal.jpg","profile_image_url_https":"https:\/\/pbs.twimg.com\/profile_images\/625604233488936961\/qeJMolZM_normal.jpg","profile_banner_url":"https:\/\/pbs.twimg.com\/profile_banners\/608037041\/1431193722","default_profile":false,"default_profile_image":false,"following":null,"follow_request_sent":null,"notifications":null},"geo":null,"coordinates":null,"place":null,"contributors":null,"retweet_count":0,"favorite_count":0,"entities":{"hashtags":[],"trends":[],"urls":[{"url":"http:\/\/t.co\/9e1o1HBUKs","expanded_url":"http:\/\/n.mynews.ly\/!kB.C2g-z","display_url":"n.mynews.ly\/!kB.C2g-z","indices":[48,70]}],"user_mentions":[],"symbols":[]},"favorited":false,"retweeted":false,"possibly_sensitive":false,"filter_level":"low","lang":"de","timestamp_ms":"1441916878601"}
