{"created_at":"Thu Sep 10 20:23:25 +0000 2015","id":642070897793351684,"id_str":"642070897793351684","text":"Der Soli-Zuschlag soll nun f\u00fcr die #Fl\u00fcchtlinge sein, nicht mehr f\u00fcr den Osten  #CDU  #Nazis #Rassismus = #sogehts\u00e4chsisch","source":"\u003ca href=\"http:\/\/twitter.com\/download\/iphone\" rel=\"nofollow\"\u003eTwitter for iPhone\u003c\/a\u003e","truncated":false,"in_reply_to_status_id":null,"in_reply_to_status_id_str":null,"in_reply_to_user_id":null,"in_reply_to_user_id_str":null,"in_reply_to_screen_name":null,"user":{"id":341589133,"id_str":"341589133","name":"uebe","screen_name":"suufnase","location":"","url":null,"description":"Nur f\u00fcr Rot-Weiss, die Farben meiner Heimat, F95 \/ FcWinterthur. \nDer dunkle Turm ruft.","protected":false,"verified":false,"followers_count":69,"friends_count":164,"listed_count":9,"favourites_count":3531,"statuses_count":2524,"created_at":"Sun Jul 24 16:28:12 +0000 2011","utc_offset":7200,"time_zone":"Belgrade","geo_enabled":true,"lang":"de","contributors_enabled":false,"is_translator":false,"profile_background_color":"000000","profile_background_image_url":"http:\/\/abs.twimg.com\/images\/themes\/theme1\/bg.png","profile_background_image_url_https":"https:\/\/abs.twimg.com\/images\/themes\/theme1\/bg.png","profile_background_tile":false,"profile_link_color":"89C9FA","profile_sidebar_border_color":"000000","profile_sidebar_fill_color":"000000","profile_text_color":"000000","profile_use_background_image":false,"profile_image_url":"http:\/\/pbs.twimg.com\/profile_images\/1458674758\/image_normal.jpg","profile_image_url_https":"https:\/\/pbs.twimg.com\/profile_images\/1458674758\/image_normal.jpg","profile_banner_url":"https:\/\/pbs.twimg.com\/profile_banners\/341589133\/1441537322","default_profile":false,"default_profile_image":false,"following":null,"follow_request_sent":null,"notifications":null},"geo":null,"coordinates":null,"place":null,"contributors":null,"retweet_count":0,"favorite_count":0,"entities":{"hashtags":[{"text":"Fl\u00fcchtlinge","indices":[35,47]},{"text":"CDU","indices":[80,84]},{"text":"Nazis","indices":[86,92]},{"text":"Rassismus","indices":[93,103]},{"text":"sogehts\u00e4chsisch","indices":[106,122]}],"trends":[],"urls":[],"user_mentions":[],"symbols":[]},"favorited":false,"retweeted":false,"possibly_sensitive":false,"filter_level":"low","lang":"de","timestamp_ms":"1441916605791"}
