{"created_at":"Thu Sep 10 20:26:38 +0000 2015","id":642071705842810880,"id_str":"642071705842810880","text":"RT @Martin_Sellner: In 20 Jahren werden wir uns zu diesem Herbst fragen - was hast du gemacht als unser Land geflutet wurde?\n#refugeeswelco\u2026","source":"\u003ca href=\"http:\/\/twitter.com\/download\/android\" rel=\"nofollow\"\u003eTwitter for Android\u003c\/a\u003e","truncated":false,"in_reply_to_status_id":null,"in_reply_to_status_id_str":null,"in_reply_to_user_id":null,"in_reply_to_user_id_str":null,"in_reply_to_screen_name":null,"user":{"id":2993778689,"id_str":"2993778689","name":"mate.revolte","screen_name":"MaximilianElbin","location":"","url":null,"description":"Identit\u00e4t. Revolte. Fahnenmeer. Grenzen. Kr\u00e4uterschnaps. Liebe. Bauernkriege. ClubMate. Crew. Dosenbier. Heimat. Hashtags.","protected":false,"verified":false,"followers_count":82,"friends_count":70,"listed_count":3,"favourites_count":75,"statuses_count":70,"created_at":"Fri Jan 23 07:36:57 +0000 2015","utc_offset":null,"time_zone":null,"geo_enabled":false,"lang":"de","contributors_enabled":false,"is_translator":false,"profile_background_color":"C0DEED","profile_background_image_url":"http:\/\/abs.twimg.com\/images\/themes\/theme1\/bg.png","profile_background_image_url_https":"https:\/\/abs.twimg.com\/images\/themes\/theme1\/bg.png","profile_background_tile":false,"profile_link_color":"0084B4","profile_sidebar_border_color":"C0DEED","profile_sidebar_fill_color":"DDEEF6","profile_text_color":"333333","profile_use_background_image":true,"profile_image_url":"http:\/\/pbs.twimg.com\/profile_images\/558535866248085504\/xus6hiV5_normal.jpeg","profile_image_url_https":"https:\/\/pbs.twimg.com\/profile_images\/558535866248085504\/xus6hiV5_normal.jpeg","profile_banner_url":"https:\/\/pbs.twimg.com\/profile_banners\/2993778689\/1435688660","default_profile":true,"default_profile_image":false,"following":null,"follow_request_sent":null,"notifications":null},"geo":null,"coordinates":null,"place":null,"contributors":null,"retweeted_status":{"created_at":"Thu Sep 10 17:07:39 +0000 2015","id":642021630307340288,"id_str":"642021630307340288","text":"In 20 Jahren werden wir uns zu diesem Herbst fragen - was hast du gemacht als unser Land geflutet wurde?\n#refugeeswelcome  #asyl\n#asylwahn","source":"\u003ca href=\"http:\/\/twitter.com\" rel=\"nofollow\"\u003eTwitter Web Client\u003c\/a\u003e","truncated":false,"in_reply_to_status_id":null,"in_reply_to_status_id_str":null,"in_reply_to_user_id":null,"in_reply_to_user_id_str":null,"in_reply_to_screen_name":null,"user":{"id":2510374854,"id_str":"2510374854","name":"Martin Sellner","screen_name":"Martin_Sellner","location":"Wien","url":"https:\/\/www.youtube.com\/user\/VlogIdentitaer","description":"Leiter der Identit\u00e4ren Bewegung Wien pers\u00f6nliche ansichten","protected":false,"verified":false,"followers_count":638,"friends_count":400,"listed_count":16,"favourites_count":1263,"statuses_count":2573,"created_at":"Tue May 20 13:21:20 +0000 2014","utc_offset":7200,"time_zone":"Belgrade","geo_enabled":false,"lang":"de","contributors_enabled":false,"is_translator":false,"profile_background_color":"C0DEED","profile_background_image_url":"http:\/\/pbs.twimg.com\/profile_background_images\/599690961699016704\/Xo4pkVJ3.jpg","profile_background_image_url_https":"https:\/\/pbs.twimg.com\/profile_background_images\/599690961699016704\/Xo4pkVJ3.jpg","profile_background_tile":false,"profile_link_color":"E6CC20","profile_sidebar_border_color":"C0DEED","profile_sidebar_fill_color":"DDEEF6","profile_text_color":"333333","profile_use_background_image":true,"profile_image_url":"http:\/\/pbs.twimg.com\/profile_images\/596641765488197633\/KtTCRyDq_normal.jpg","profile_image_url_https":"https:\/\/pbs.twimg.com\/profile_images\/596641765488197633\/KtTCRyDq_normal.jpg","profile_banner_url":"https:\/\/pbs.twimg.com\/profile_banners\/2510374854\/1433724578","default_profile":false,"default_profile_image":false,"following":null,"follow_request_sent":null,"notifications":null},"geo":null,"coordinates":null,"place":null,"contributors":null,"retweet_count":12,"favorite_count":16,"entities":{"hashtags":[{"text":"refugeeswelcome","indices":[105,121]},{"text":"asyl","indices":[123,128]},{"text":"asylwahn","indices":[129,138]}],"trends":[],"urls":[],"user_mentions":[],"symbols":[]},"favorited":false,"retweeted":false,"possibly_sensitive":false,"filter_level":"low","lang":"de"},"retweet_count":0,"favorite_count":0,"entities":{"hashtags":[{"text":"refugeeswelcome","indices":[125,140]},{"text":"asyl","indices":[139,140]},{"text":"asylwahn","indices":[139,140]}],"trends":[],"urls":[],"user_mentions":[{"screen_name":"Martin_Sellner","name":"Martin Sellner","id":2510374854,"id_str":"2510374854","indices":[3,18]}],"symbols":[]},"favorited":false,"retweeted":false,"possibly_sensitive":false,"filter_level":"low","lang":"de","timestamp_ms":"1441916798445"}
