{"created_at":"Fri Sep 11 23:42:46 +0000 2015","id":642483451761946624,"id_str":"642483451761946624","text":"RT @hapatamast: 200 Fl\u00fcchtlinge aus Asylheim verschwunden https:\/\/t.co\/gN52fUtAoK","source":"\u003ca href=\"https:\/\/roundteam.co\" rel=\"nofollow\"\u003eRoundTeam\u003c\/a\u003e","truncated":false,"in_reply_to_status_id":null,"in_reply_to_status_id_str":null,"in_reply_to_user_id":null,"in_reply_to_user_id_str":null,"in_reply_to_screen_name":null,"user":{"id":1644837019,"id_str":"1644837019","name":"Frau Ksavera","screen_name":"cubist150","location":"Baden-W\u00fcrttemberg, Deutschland","url":"http:\/\/www.etsy.com\/shop\/KsaveraART","description":"K\u00fcnstlerin Ksavera. Gro\u00dfformat Malerei bis 160x160cm - schauen Sie bitte hier http:\/\/www.ksaveraart.etsy.com","protected":false,"verified":false,"followers_count":2397,"friends_count":2562,"listed_count":119,"favourites_count":28,"statuses_count":107806,"created_at":"Sun Aug 04 09:17:48 +0000 2013","utc_offset":null,"time_zone":null,"geo_enabled":false,"lang":"ru","contributors_enabled":false,"is_translator":false,"profile_background_color":"C0DEED","profile_background_image_url":"http:\/\/pbs.twimg.com\/profile_background_images\/378800000123440162\/f97f155d0d3cb3cbe79afa937c9b3260.jpeg","profile_background_image_url_https":"https:\/\/pbs.twimg.com\/profile_background_images\/378800000123440162\/f97f155d0d3cb3cbe79afa937c9b3260.jpeg","profile_background_tile":false,"profile_link_color":"0084B4","profile_sidebar_border_color":"FFFFFF","profile_sidebar_fill_color":"DDEEF6","profile_text_color":"333333","profile_use_background_image":true,"profile_image_url":"http:\/\/pbs.twimg.com\/profile_images\/378800000239210030\/c16d7378dc5ad952a6a69a555248dd76_normal.jpeg","profile_image_url_https":"https:\/\/pbs.twimg.com\/profile_images\/378800000239210030\/c16d7378dc5ad952a6a69a555248dd76_normal.jpeg","profile_banner_url":"https:\/\/pbs.twimg.com\/profile_banners\/1644837019\/1375608351","default_profile":false,"default_profile_image":false,"following":null,"follow_request_sent":null,"notifications":null},"geo":null,"coordinates":null,"place":null,"contributors":null,"retweeted_status":{"created_at":"Fri Sep 11 23:30:17 +0000 2015","id":642480309242568704,"id_str":"642480309242568704","text":"200 Fl\u00fcchtlinge aus Asylheim verschwunden https:\/\/t.co\/gN52fUtAoK","source":"\u003ca href=\"http:\/\/twitter.com\" rel=\"nofollow\"\u003eTwitter Web Client\u003c\/a\u003e","truncated":false,"in_reply_to_status_id":null,"in_reply_to_status_id_str":null,"in_reply_to_user_id":null,"in_reply_to_user_id_str":null,"in_reply_to_screen_name":null,"user":{"id":221732311,"id_str":"221732311","name":"D.HaneW","screen_name":"hapatamast","location":"","url":"https:\/\/waffenbesitz.wordpress.com\/2015\/05\/28\/waffen-legalisierung-fur-deutsche-mundige-unbescholten","description":"Alles was ein Mensch \u00fcber einen anderen aussagt, sagt m\u00f6glichenfalls genau so viel \u00fcber den Redner aus  wer erz\u00e4hlet, spricht \u00fcber sich.","protected":false,"verified":false,"followers_count":1323,"friends_count":1363,"listed_count":15,"favourites_count":83994,"statuses_count":8269,"created_at":"Wed Dec 01 13:18:48 +0000 2010","utc_offset":7200,"time_zone":"Ljubljana","geo_enabled":false,"lang":"de","contributors_enabled":false,"is_translator":false,"profile_background_color":"022330","profile_background_image_url":"http:\/\/abs.twimg.com\/images\/themes\/theme15\/bg.png","profile_background_image_url_https":"https:\/\/abs.twimg.com\/images\/themes\/theme15\/bg.png","profile_background_tile":false,"profile_link_color":"0084B4","profile_sidebar_border_color":"A8C7F7","profile_sidebar_fill_color":"C0DFEC","profile_text_color":"333333","profile_use_background_image":true,"profile_image_url":"http:\/\/pbs.twimg.com\/profile_images\/605533992599883778\/78XOhvWg_normal.jpg","profile_image_url_https":"https:\/\/pbs.twimg.com\/profile_images\/605533992599883778\/78XOhvWg_normal.jpg","profile_banner_url":"https:\/\/pbs.twimg.com\/profile_banners\/221732311\/1433205895","default_profile":false,"default_profile_image":false,"following":null,"follow_request_sent":null,"notifications":null},"geo":null,"coordinates":null,"place":null,"contributors":null,"retweet_count":1,"favorite_count":0,"entities":{"hashtags":[],"trends":[],"urls":[{"url":"https:\/\/t.co\/gN52fUtAoK","expanded_url":"https:\/\/mopo24.de\/nachrichten\/asylbewerber-asylheim-verschwunden-12448","display_url":"mopo24.de\/nachrichten\/as\u2026","indices":[42,65]}],"user_mentions":[],"symbols":[]},"favorited":false,"retweeted":false,"possibly_sensitive":false,"filter_level":"low","lang":"de"},"retweet_count":0,"favorite_count":0,"entities":{"hashtags":[],"trends":[],"urls":[{"url":"https:\/\/t.co\/gN52fUtAoK","expanded_url":"https:\/\/mopo24.de\/nachrichten\/asylbewerber-asylheim-verschwunden-12448","display_url":"mopo24.de\/nachrichten\/as\u2026","indices":[58,81]}],"user_mentions":[{"screen_name":"hapatamast","name":"D.HaneW","id":221732311,"id_str":"221732311","indices":[3,14]}],"symbols":[]},"favorited":false,"retweeted":false,"possibly_sensitive":false,"filter_level":"low","lang":"de","timestamp_ms":"1442014966322"}
