{"created_at":"Thu Sep 10 20:27:56 +0000 2015","id":642072034021908480,"id_str":"642072034021908480","text":"RT @hapatamast: Besuch in Berlin-Spandau: Fl\u00fcchtlinge begr\u00fc\u00dfen Merkel mit Applaus - SPIEGEL ONLINE http:\/\/t.co\/LUO2Fx82tt","source":"\u003ca href=\"http:\/\/twitter.com\" rel=\"nofollow\"\u003eTwitter Web Client\u003c\/a\u003e","truncated":false,"in_reply_to_status_id":null,"in_reply_to_status_id_str":null,"in_reply_to_user_id":null,"in_reply_to_user_id_str":null,"in_reply_to_screen_name":null,"user":{"id":1267060320,"id_str":"1267060320","name":"Anna ","screen_name":"62Steele","location":"","url":"http:\/\/akbb3.de\/demokratie\/","description":"Achte auf Deine Gedanken, denn sie werden Dein Schicksal  (Buddha) \nHom\u00f6opathie http:\/\/www.weltimtropfen.de\/pdf\/vortrag_071107.pdf  @akbb3 Danke @PedHelp","protected":false,"verified":false,"followers_count":3773,"friends_count":2885,"listed_count":193,"favourites_count":79296,"statuses_count":95763,"created_at":"Thu Mar 14 13:27:30 +0000 2013","utc_offset":7200,"time_zone":"Amsterdam","geo_enabled":false,"lang":"de","contributors_enabled":false,"is_translator":false,"profile_background_color":"131516","profile_background_image_url":"http:\/\/abs.twimg.com\/images\/themes\/theme14\/bg.gif","profile_background_image_url_https":"https:\/\/abs.twimg.com\/images\/themes\/theme14\/bg.gif","profile_background_tile":false,"profile_link_color":"990087","profile_sidebar_border_color":"000000","profile_sidebar_fill_color":"EFEFEF","profile_text_color":"333333","profile_use_background_image":true,"profile_image_url":"http:\/\/pbs.twimg.com\/profile_images\/577976186443182080\/cwPrDgGW_normal.jpeg","profile_image_url_https":"https:\/\/pbs.twimg.com\/profile_images\/577976186443182080\/cwPrDgGW_normal.jpeg","profile_banner_url":"https:\/\/pbs.twimg.com\/profile_banners\/1267060320\/1440751602","default_profile":false,"default_profile_image":false,"following":null,"follow_request_sent":null,"notifications":null},"geo":null,"coordinates":null,"place":null,"contributors":null,"retweeted_status":{"created_at":"Thu Sep 10 20:22:00 +0000 2015","id":642070538337300480,"id_str":"642070538337300480","text":"Besuch in Berlin-Spandau: Fl\u00fcchtlinge begr\u00fc\u00dfen Merkel mit Applaus - SPIEGEL ONLINE http:\/\/t.co\/LUO2Fx82tt","source":"\u003ca href=\"http:\/\/twitter.com\" rel=\"nofollow\"\u003eTwitter Web Client\u003c\/a\u003e","truncated":false,"in_reply_to_status_id":null,"in_reply_to_status_id_str":null,"in_reply_to_user_id":null,"in_reply_to_user_id_str":null,"in_reply_to_screen_name":null,"user":{"id":221732311,"id_str":"221732311","name":"D.HaneW","screen_name":"hapatamast","location":"","url":"https:\/\/waffenbesitz.wordpress.com\/2015\/05\/28\/waffen-legalisierung-fur-deutsche-mundige-unbescholten","description":"Alles was ein Mensch \u00fcber einen anderen aussagt, sagt m\u00f6glichenfalls genau so viel \u00fcber den Redner aus  wer erz\u00e4hlet, spricht \u00fcber sich.","protected":false,"verified":false,"followers_count":1315,"friends_count":1361,"listed_count":15,"favourites_count":84011,"statuses_count":8223,"created_at":"Wed Dec 01 13:18:48 +0000 2010","utc_offset":7200,"time_zone":"Ljubljana","geo_enabled":false,"lang":"de","contributors_enabled":false,"is_translator":false,"profile_background_color":"022330","profile_background_image_url":"http:\/\/abs.twimg.com\/images\/themes\/theme15\/bg.png","profile_background_image_url_https":"https:\/\/abs.twimg.com\/images\/themes\/theme15\/bg.png","profile_background_tile":false,"profile_link_color":"0084B4","profile_sidebar_border_color":"A8C7F7","profile_sidebar_fill_color":"C0DFEC","profile_text_color":"333333","profile_use_background_image":true,"profile_image_url":"http:\/\/pbs.twimg.com\/profile_images\/605533992599883778\/78XOhvWg_normal.jpg","profile_image_url_https":"https:\/\/pbs.twimg.com\/profile_images\/605533992599883778\/78XOhvWg_normal.jpg","profile_banner_url":"https:\/\/pbs.twimg.com\/profile_banners\/221732311\/1433205895","default_profile":false,"default_profile_image":false,"following":null,"follow_request_sent":null,"notifications":null},"geo":null,"coordinates":null,"place":null,"contributors":null,"retweet_count":2,"favorite_count":1,"entities":{"hashtags":[],"trends":[],"urls":[{"url":"http:\/\/t.co\/LUO2Fx82tt","expanded_url":"http:\/\/www.spiegel.de\/politik\/deutschland\/fluechtlinge-merkel-fordert-schnelle-vermittlung-in-jobs-a-1052279.html","display_url":"spiegel.de\/politik\/deutsc\u2026","indices":[83,105]}],"user_mentions":[],"symbols":[]},"favorited":false,"retweeted":false,"possibly_sensitive":false,"filter_level":"low","lang":"de"},"retweet_count":0,"favorite_count":0,"entities":{"hashtags":[],"trends":[],"urls":[{"url":"http:\/\/t.co\/LUO2Fx82tt","expanded_url":"http:\/\/www.spiegel.de\/politik\/deutschland\/fluechtlinge-merkel-fordert-schnelle-vermittlung-in-jobs-a-1052279.html","display_url":"spiegel.de\/politik\/deutsc\u2026","indices":[99,121]}],"user_mentions":[{"screen_name":"hapatamast","name":"D.HaneW","id":221732311,"id_str":"221732311","indices":[3,14]}],"symbols":[]},"favorited":false,"retweeted":false,"possibly_sensitive":false,"filter_level":"low","lang":"de","timestamp_ms":"1441916876689"}
