{"created_at":"Thu Sep 10 20:26:56 +0000 2015","id":642071779964514305,"id_str":"642071779964514305","text":"Wenn Du hinter der Schlagzeile \"#Fl\u00fcchtlinge zeigen, wie wenig sie retten konnten\" bei @sternde eine Aktfotoserie vermutest","source":"\u003ca href=\"http:\/\/twitter.com\" rel=\"nofollow\"\u003eTwitter Web Client\u003c\/a\u003e","truncated":false,"in_reply_to_status_id":null,"in_reply_to_status_id_str":null,"in_reply_to_user_id":null,"in_reply_to_user_id_str":null,"in_reply_to_screen_name":null,"user":{"id":94120589,"id_str":"94120589","name":"Twipsy von FK-tv","screen_name":"FKTVTwipsy","location":"","url":"http:\/\/fernsehkritik.tv","description":"Langj\u00e4hriger User von Fernsehkritik.tv und Gegner von Call-in-TV. Nicht der Holger! ;-)","protected":false,"verified":false,"followers_count":440,"friends_count":279,"listed_count":27,"favourites_count":3017,"statuses_count":23356,"created_at":"Wed Dec 02 16:20:55 +0000 2009","utc_offset":7200,"time_zone":"Berlin","geo_enabled":false,"lang":"de","contributors_enabled":false,"is_translator":false,"profile_background_color":"C0DEED","profile_background_image_url":"http:\/\/abs.twimg.com\/images\/themes\/theme1\/bg.png","profile_background_image_url_https":"https:\/\/abs.twimg.com\/images\/themes\/theme1\/bg.png","profile_background_tile":false,"profile_link_color":"0084B4","profile_sidebar_border_color":"C0DEED","profile_sidebar_fill_color":"DDEEF6","profile_text_color":"333333","profile_use_background_image":true,"profile_image_url":"http:\/\/pbs.twimg.com\/profile_images\/555222851\/61_normal.jpg","profile_image_url_https":"https:\/\/pbs.twimg.com\/profile_images\/555222851\/61_normal.jpg","default_profile":true,"default_profile_image":false,"following":null,"follow_request_sent":null,"notifications":null},"geo":null,"coordinates":null,"place":null,"contributors":null,"retweet_count":0,"favorite_count":0,"entities":{"hashtags":[{"text":"Fl\u00fcchtlinge","indices":[32,44]}],"trends":[],"urls":[],"user_mentions":[{"screen_name":"sternde","name":"stern","id":18774524,"id_str":"18774524","indices":[87,95]}],"symbols":[]},"favorited":false,"retweeted":false,"possibly_sensitive":false,"filter_level":"low","lang":"de","timestamp_ms":"1441916816117"}
