{"created_at":"Sat Sep 12 00:08:30 +0000 2015","id":642489930502029313,"id_str":"642489930502029313","text":"RT @fcstpauli: Jubil\u00e4um: Tweet Nr. 10.000! Nur zwei Dinge: #refugeeswelcome und Sonnabend alle zur Demo! #nonazis #fcsp #1209hh http:\/\/t.co\u2026","source":"\u003ca href=\"http:\/\/twitter.com\" rel=\"nofollow\"\u003eTwitter Web Client\u003c\/a\u003e","truncated":false,"in_reply_to_status_id":null,"in_reply_to_status_id_str":null,"in_reply_to_user_id":null,"in_reply_to_user_id_str":null,"in_reply_to_screen_name":null,"user":{"id":2393020010,"id_str":"2393020010","name":"Linje 17 mot rasism","screen_name":"L17MotRasism","location":"","url":null,"description":"Vi arbetar f\u00f6r ett inkluderande samh\u00e4lle, mot rasism och nazism, l\u00e4ngs v\u00e5r tunnelbanelinje och i hela Sverige. https:\/\/www.facebook.com\/linje17motrasism","protected":false,"verified":false,"followers_count":1225,"friends_count":261,"listed_count":7,"favourites_count":614,"statuses_count":1075,"created_at":"Sun Mar 16 17:10:13 +0000 2014","utc_offset":null,"time_zone":null,"geo_enabled":false,"lang":"sv","contributors_enabled":false,"is_translator":false,"profile_background_color":"E81728","profile_background_image_url":"http:\/\/pbs.twimg.com\/profile_background_images\/451470621386354689\/pvnUEs89.jpeg","profile_background_image_url_https":"https:\/\/pbs.twimg.com\/profile_background_images\/451470621386354689\/pvnUEs89.jpeg","profile_background_tile":false,"profile_link_color":"2B2225","profile_sidebar_border_color":"FFFFFF","profile_sidebar_fill_color":"DDEEF6","profile_text_color":"333333","profile_use_background_image":true,"profile_image_url":"http:\/\/pbs.twimg.com\/profile_images\/445589315066662912\/uQ1jqT3a_normal.jpeg","profile_image_url_https":"https:\/\/pbs.twimg.com\/profile_images\/445589315066662912\/uQ1jqT3a_normal.jpeg","profile_banner_url":"https:\/\/pbs.twimg.com\/profile_banners\/2393020010\/1396998494","default_profile":false,"default_profile_image":false,"following":null,"follow_request_sent":null,"notifications":null},"geo":null,"coordinates":null,"place":null,"contributors":null,"retweeted_status":{"created_at":"Wed Sep 09 19:23:43 +0000 2015","id":641693485100331008,"id_str":"641693485100331008","text":"Jubil\u00e4um: Tweet Nr. 10.000! Nur zwei Dinge: #refugeeswelcome und Sonnabend alle zur Demo! #nonazis #fcsp #1209hh http:\/\/t.co\/B77hVK0bhT","source":"\u003ca href=\"http:\/\/twitter.com\/download\/android\" rel=\"nofollow\"\u003eTwitter for Android\u003c\/a\u003e","truncated":false,"in_reply_to_status_id":null,"in_reply_to_status_id_str":null,"in_reply_to_user_id":null,"in_reply_to_user_id_str":null,"in_reply_to_screen_name":null,"user":{"id":1086529322,"id_str":"1086529322","name":"FC St. Pauli","screen_name":"fcstpauli","location":"St. Pauli","url":"http:\/\/fcstpauli.com","description":"+++ Offizieller Twitter-Account des FC St. Pauli +++ #fcsp +++","protected":false,"verified":true,"followers_count":80019,"friends_count":115,"listed_count":590,"favourites_count":400,"statuses_count":10008,"created_at":"Sun Jan 13 16:14:26 +0000 2013","utc_offset":7200,"time_zone":"Amsterdam","geo_enabled":true,"lang":"de","contributors_enabled":false,"is_translator":false,"profile_background_color":"C0DEED","profile_background_image_url":"http:\/\/pbs.twimg.com\/profile_background_images\/456798205896716288\/vXIEzsSA.jpeg","profile_background_image_url_https":"https:\/\/pbs.twimg.com\/profile_background_images\/456798205896716288\/vXIEzsSA.jpeg","profile_background_tile":false,"profile_link_color":"0084B4","profile_sidebar_border_color":"FFFFFF","profile_sidebar_fill_color":"DDEEF6","profile_text_color":"333333","profile_use_background_image":true,"profile_image_url":"http:\/\/pbs.twimg.com\/profile_images\/599879212275769344\/PkEDyNhS_normal.png","profile_image_url_https":"https:\/\/pbs.twimg.com\/profile_images\/599879212275769344\/PkEDyNhS_normal.png","profile_banner_url":"https:\/\/pbs.twimg.com\/profile_banners\/1086529322\/1410875455","default_profile":false,"default_profile_image":false,"following":null,"follow_request_sent":null,"notifications":null},"geo":null,"coordinates":null,"place":null,"contributors":null,"retweet_count":232,"favorite_count":340,"entities":{"hashtags":[{"text":"refugeeswelcome","indices":[44,60]},{"text":"nonazis","indices":[90,98]},{"text":"fcsp","indices":[99,104]},{"text":"1209hh","indices":[105,112]}],"trends":[],"urls":[],"user_mentions":[],"symbols":[],"media":[{"id":641693463227015168,"id_str":"641693463227015168","indices":[113,135],"media_url":"http:\/\/pbs.twimg.com\/media\/COfAzhJWIAAiY8y.jpg","media_url_https":"https:\/\/pbs.twimg.com\/media\/COfAzhJWIAAiY8y.jpg","url":"http:\/\/t.co\/B77hVK0bhT","display_url":"pic.twitter.com\/B77hVK0bhT","expanded_url":"http:\/\/twitter.com\/fcstpauli\/status\/641693485100331008\/photo\/1","type":"photo","sizes":{"medium":{"w":600,"h":291,"resize":"fit"},"large":{"w":1024,"h":497,"resize":"fit"},"thumb":{"w":150,"h":150,"resize":"crop"},"small":{"w":340,"h":165,"resize":"fit"}}}]},"extended_entities":{"media":[{"id":641693463227015168,"id_str":"641693463227015168","indices":[113,135],"media_url":"http:\/\/pbs.twimg.com\/media\/COfAzhJWIAAiY8y.jpg","media_url_https":"https:\/\/pbs.twimg.com\/media\/COfAzhJWIAAiY8y.jpg","url":"http:\/\/t.co\/B77hVK0bhT","display_url":"pic.twitter.com\/B77hVK0bhT","expanded_url":"http:\/\/twitter.com\/fcstpauli\/status\/641693485100331008\/photo\/1","type":"photo","sizes":{"medium":{"w":600,"h":291,"resize":"fit"},"large":{"w":1024,"h":497,"resize":"fit"},"thumb":{"w":150,"h":150,"resize":"crop"},"small":{"w":340,"h":165,"resize":"fit"}}}]},"favorited":false,"retweeted":false,"possibly_sensitive":false,"filter_level":"low","lang":"de"},"retweet_count":0,"favorite_count":0,"entities":{"hashtags":[{"text":"refugeeswelcome","indices":[59,75]},{"text":"nonazis","indices":[105,113]},{"text":"fcsp","indices":[114,119]},{"text":"1209hh","indices":[120,127]}],"trends":[],"urls":[],"user_mentions":[{"screen_name":"fcstpauli","name":"FC St. Pauli","id":1086529322,"id_str":"1086529322","indices":[3,13]}],"symbols":[],"media":[{"id":641693463227015168,"id_str":"641693463227015168","indices":[139,140],"media_url":"http:\/\/pbs.twimg.com\/media\/COfAzhJWIAAiY8y.jpg","media_url_https":"https:\/\/pbs.twimg.com\/media\/COfAzhJWIAAiY8y.jpg","url":"http:\/\/t.co\/B77hVK0bhT","display_url":"pic.twitter.com\/B77hVK0bhT","expanded_url":"http:\/\/twitter.com\/fcstpauli\/status\/641693485100331008\/photo\/1","type":"photo","sizes":{"medium":{"w":600,"h":291,"resize":"fit"},"large":{"w":1024,"h":497,"resize":"fit"},"thumb":{"w":150,"h":150,"resize":"crop"},"small":{"w":340,"h":165,"resize":"fit"}},"source_status_id":641693485100331008,"source_status_id_str":"641693485100331008"}]},"extended_entities":{"media":[{"id":641693463227015168,"id_str":"641693463227015168","indices":[139,140],"media_url":"http:\/\/pbs.twimg.com\/media\/COfAzhJWIAAiY8y.jpg","media_url_https":"https:\/\/pbs.twimg.com\/media\/COfAzhJWIAAiY8y.jpg","url":"http:\/\/t.co\/B77hVK0bhT","display_url":"pic.twitter.com\/B77hVK0bhT","expanded_url":"http:\/\/twitter.com\/fcstpauli\/status\/641693485100331008\/photo\/1","type":"photo","sizes":{"medium":{"w":600,"h":291,"resize":"fit"},"large":{"w":1024,"h":497,"resize":"fit"},"thumb":{"w":150,"h":150,"resize":"crop"},"small":{"w":340,"h":165,"resize":"fit"}},"source_status_id":641693485100331008,"source_status_id_str":"641693485100331008"}]},"favorited":false,"retweeted":false,"possibly_sensitive":false,"filter_level":"low","lang":"de","timestamp_ms":"1442016510974"}
