{"created_at":"Fri Sep 11 23:44:03 +0000 2015","id":642483776635936769,"id_str":"642483776635936769","text":"Freifahrtscheine: Bahn bef\u00f6rdert Fl\u00fcchtlinge und Helfer kostenlos \u2013 SPIEGEL ONLINE http:\/\/t.co\/9Y6gs2lHfs","source":"\u003ca href=\"http:\/\/rivva.de\/\" rel=\"nofollow\"\u003eRivva\u003c\/a\u003e","truncated":false,"in_reply_to_status_id":null,"in_reply_to_status_id_str":null,"in_reply_to_user_id":null,"in_reply_to_user_id_str":null,"in_reply_to_screen_name":null,"user":{"id":10774952,"id_str":"10774952","name":"rivva","screen_name":"rivva","location":"Hamburg, Germany","url":"http:\/\/rivva.de","description":"german twitter\/blog news aggregator \u2014 http:\/\/rivva.de\/impressum","protected":false,"verified":false,"followers_count":13588,"friends_count":7362,"listed_count":923,"favourites_count":3176,"statuses_count":78839,"created_at":"Sat Dec 01 22:44:48 +0000 2007","utc_offset":7200,"time_zone":"Berlin","geo_enabled":false,"lang":"en","contributors_enabled":false,"is_translator":false,"profile_background_color":"FFFFFF","profile_background_image_url":"http:\/\/pbs.twimg.com\/profile_background_images\/2482134\/twitter_bg.png","profile_background_image_url_https":"https:\/\/pbs.twimg.com\/profile_background_images\/2482134\/twitter_bg.png","profile_background_tile":false,"profile_link_color":"0088CC","profile_sidebar_border_color":"CCCCCC","profile_sidebar_fill_color":"FDFDFD","profile_text_color":"000000","profile_use_background_image":false,"profile_image_url":"http:\/\/pbs.twimg.com\/profile_images\/43746592\/rivva_normal.png","profile_image_url_https":"https:\/\/pbs.twimg.com\/profile_images\/43746592\/rivva_normal.png","default_profile":false,"default_profile_image":false,"following":null,"follow_request_sent":null,"notifications":null},"geo":null,"coordinates":null,"place":null,"contributors":null,"retweet_count":0,"favorite_count":0,"entities":{"hashtags":[],"trends":[],"urls":[{"url":"http:\/\/t.co\/9Y6gs2lHfs","expanded_url":"http:\/\/rivva.de\/264977764","display_url":"rivva.de\/264977764","indices":[83,105]}],"user_mentions":[],"symbols":[]},"favorited":false,"retweeted":false,"possibly_sensitive":false,"filter_level":"low","lang":"de","timestamp_ms":"1442015043778"}
