{"created_at":"Thu Sep 10 20:23:16 +0000 2015","id":642070859075747841,"id_str":"642070859075747841","text":"RT @Wahr_Sager: Antifa-Propagandasender @ndr beteiligt s. am Krampf g\u00e4g\u00e4n r\u00e4chts:\n\nhttps:\/\/t.co\/8DlNmVWCSq\n\nhttps:\/\/t.co\/ijYDq06ilk\n\nhttp:\/\u2026","source":"\u003ca href=\"http:\/\/twitter.com\/download\/android\" rel=\"nofollow\"\u003eTwitter for Android\u003c\/a\u003e","truncated":false,"in_reply_to_status_id":null,"in_reply_to_status_id_str":null,"in_reply_to_user_id":null,"in_reply_to_user_id_str":null,"in_reply_to_screen_name":null,"user":{"id":2960721161,"id_str":"2960721161","name":"Freiburger Stimme","screen_name":"VoxFriburgensis","location":"Freiburg im Breisgau","url":null,"description":"Freiheit. Souveranit\u00e4t. Identit\u00e4t. Eine Stimme aus Freiburg.\nRT nicht immer Zustimmung.\nUnd: Johannes 8:32","protected":false,"verified":false,"followers_count":90,"friends_count":192,"listed_count":0,"favourites_count":194,"statuses_count":565,"created_at":"Sun Jan 04 19:00:49 +0000 2015","utc_offset":-25200,"time_zone":"Pacific Time (US & Canada)","geo_enabled":false,"lang":"en","contributors_enabled":false,"is_translator":false,"profile_background_color":"C0DEED","profile_background_image_url":"http:\/\/abs.twimg.com\/images\/themes\/theme1\/bg.png","profile_background_image_url_https":"https:\/\/abs.twimg.com\/images\/themes\/theme1\/bg.png","profile_background_tile":false,"profile_link_color":"0084B4","profile_sidebar_border_color":"C0DEED","profile_sidebar_fill_color":"DDEEF6","profile_text_color":"333333","profile_use_background_image":true,"profile_image_url":"http:\/\/pbs.twimg.com\/profile_images\/634362389706731520\/PAznYZ3U_normal.png","profile_image_url_https":"https:\/\/pbs.twimg.com\/profile_images\/634362389706731520\/PAznYZ3U_normal.png","default_profile":true,"default_profile_image":false,"following":null,"follow_request_sent":null,"notifications":null},"geo":null,"coordinates":null,"place":null,"contributors":null,"retweeted_status":{"created_at":"Thu Sep 10 20:14:24 +0000 2015","id":642068628691660800,"id_str":"642068628691660800","text":"Antifa-Propagandasender @ndr beteiligt s. am Krampf g\u00e4g\u00e4n r\u00e4chts:\n\nhttps:\/\/t.co\/8DlNmVWCSq\n\nhttps:\/\/t.co\/ijYDq06ilk\n\nhttp:\/\/t.co\/XF4XiArEnc","source":"\u003ca href=\"http:\/\/twitter.com\" rel=\"nofollow\"\u003eTwitter Web Client\u003c\/a\u003e","truncated":false,"in_reply_to_status_id":null,"in_reply_to_status_id_str":null,"in_reply_to_user_id":null,"in_reply_to_user_id_str":null,"in_reply_to_screen_name":null,"user":{"id":488018270,"id_str":"488018270","name":"Marko","screen_name":"Wahr_Sager","location":"Takka-Tukka-Land","url":"http:\/\/germarrudolf.com\/2012\/08\/widerstand-ist-pflicht-online\/","description":"freiheitlich, konservativ, eigenst\u00e4ndig denkend, gegen Zionismus, Distanzeritis, Antideutsche\/Antifanten\/Linksfaschisten, Buntparteien und Holocaust-Schuldkult","protected":false,"verified":false,"followers_count":328,"friends_count":77,"listed_count":21,"favourites_count":1590,"statuses_count":41253,"created_at":"Fri Feb 10 00:15:09 +0000 2012","utc_offset":7200,"time_zone":"Ljubljana","geo_enabled":true,"lang":"de","contributors_enabled":false,"is_translator":false,"profile_background_color":"352726","profile_background_image_url":"http:\/\/abs.twimg.com\/images\/themes\/theme5\/bg.gif","profile_background_image_url_https":"https:\/\/abs.twimg.com\/images\/themes\/theme5\/bg.gif","profile_background_tile":false,"profile_link_color":"FA743E","profile_sidebar_border_color":"FFFFFF","profile_sidebar_fill_color":"99CC33","profile_text_color":"3E4415","profile_use_background_image":true,"profile_image_url":"http:\/\/pbs.twimg.com\/profile_images\/593520796846297089\/WoWDrqE3_normal.jpg","profile_image_url_https":"https:\/\/pbs.twimg.com\/profile_images\/593520796846297089\/WoWDrqE3_normal.jpg","default_profile":false,"default_profile_image":false,"following":null,"follow_request_sent":null,"notifications":null},"geo":null,"coordinates":null,"place":null,"contributors":null,"retweet_count":2,"favorite_count":0,"entities":{"hashtags":[],"trends":[],"urls":[{"url":"https:\/\/t.co\/8DlNmVWCSq","expanded_url":"https:\/\/www.ndr.de\/nachrichten\/Norddeutscher-macht-rechte-Konten-dicht,konten100.html","display_url":"ndr.de\/nachrichten\/No\u2026","indices":[67,90]},{"url":"https:\/\/t.co\/ijYDq06ilk","expanded_url":"https:\/\/www.ndr.de\/nachrichten\/hamburg\/Buendnis-ruft-zur-Demo-gegen-Rechts-auf,demo1334.html","display_url":"ndr.de\/nachrichten\/ha\u2026","indices":[92,115]},{"url":"http:\/\/t.co\/XF4XiArEnc","expanded_url":"http:\/\/antaios.de\/gesamtverzeichnis-antaios\/einzeltitel\/3854\/die-sprache-der-brd.-131-unwoerter-und-ihre-politische-bedeutung","display_url":"antaios.de\/gesamtverzeich\u2026","indices":[117,139]}],"user_mentions":[{"screen_name":"ndr","name":"NDR.de","id":132677711,"id_str":"132677711","indices":[24,28]}],"symbols":[]},"favorited":false,"retweeted":false,"possibly_sensitive":false,"filter_level":"low","lang":"de"},"retweet_count":0,"favorite_count":0,"entities":{"hashtags":[],"trends":[],"urls":[{"url":"https:\/\/t.co\/8DlNmVWCSq","expanded_url":"https:\/\/www.ndr.de\/nachrichten\/Norddeutscher-macht-rechte-Konten-dicht,konten100.html","display_url":"ndr.de\/nachrichten\/No\u2026","indices":[83,106]},{"url":"https:\/\/t.co\/ijYDq06ilk","expanded_url":"https:\/\/www.ndr.de\/nachrichten\/hamburg\/Buendnis-ruft-zur-Demo-gegen-Rechts-auf,demo1334.html","display_url":"ndr.de\/nachrichten\/ha\u2026","indices":[108,131]},{"url":"http:\/\/t.co\/XF4XiArEnc","expanded_url":"http:\/\/antaios.de\/gesamtverzeichnis-antaios\/einzeltitel\/3854\/die-sprache-der-brd.-131-unwoerter-und-ihre-politische-bedeutung","display_url":"antaios.de\/gesamtverzeich\u2026","indices":[139,140]}],"user_mentions":[{"screen_name":"Wahr_Sager","name":"Marko","id":488018270,"id_str":"488018270","indices":[3,14]},{"screen_name":"ndr","name":"NDR.de","id":132677711,"id_str":"132677711","indices":[40,44]}],"symbols":[]},"favorited":false,"retweeted":false,"possibly_sensitive":false,"filter_level":"low","lang":"de","timestamp_ms":"1441916596560"}
