{"created_at":"Sat Sep 12 00:00:02 +0000 2015","id":642487799581569024,"id_str":"642487799581569024","text":"OB besucht Fl\u00fcchtlinge: 240 Fl\u00fcchtlinge leben derzeit in der Stadt Lindau. OB Gerhard Ecker hat sich jetzt mit... http:\/\/t.co\/b1jVr5uAIe","source":"\u003ca href=\"http:\/\/twitterfeed.com\" rel=\"nofollow\"\u003etwitterfeed\u003c\/a\u003e","truncated":false,"in_reply_to_status_id":null,"in_reply_to_status_id_str":null,"in_reply_to_user_id":null,"in_reply_to_user_id_str":null,"in_reply_to_screen_name":null,"user":{"id":117067978,"id_str":"117067978","name":"Lindauer Zeitung","screen_name":"LindauerZeitung","location":"Lindau, Germany","url":"http:\/\/www.schwaebische.de\/lokales\/region-lindau.html","description":"Impressum: http:\/\/www.schwaebische.de\/impressum-lokalredaktion-lindau.html \r\nHier twittert die Redaktion der Lindauer Zeitung.","protected":false,"verified":false,"followers_count":559,"friends_count":59,"listed_count":26,"favourites_count":1,"statuses_count":11403,"created_at":"Wed Feb 24 12:45:18 +0000 2010","utc_offset":7200,"time_zone":"Berlin","geo_enabled":true,"lang":"de","contributors_enabled":false,"is_translator":false,"profile_background_color":"FFFFFF","profile_background_image_url":"http:\/\/pbs.twimg.com\/profile_background_images\/222473623\/twitter_hintergrund.jpg","profile_background_image_url_https":"https:\/\/pbs.twimg.com\/profile_background_images\/222473623\/twitter_hintergrund.jpg","profile_background_tile":false,"profile_link_color":"0084B4","profile_sidebar_border_color":"C0DEED","profile_sidebar_fill_color":"FFFFFF","profile_text_color":"333333","profile_use_background_image":true,"profile_image_url":"http:\/\/pbs.twimg.com\/profile_images\/462250694192295936\/HW-KJKGp_normal.jpeg","profile_image_url_https":"https:\/\/pbs.twimg.com\/profile_images\/462250694192295936\/HW-KJKGp_normal.jpeg","profile_banner_url":"https:\/\/pbs.twimg.com\/profile_banners\/117067978\/1406018564","default_profile":false,"default_profile_image":false,"following":null,"follow_request_sent":null,"notifications":null},"geo":null,"coordinates":null,"place":null,"contributors":null,"retweet_count":0,"favorite_count":0,"entities":{"hashtags":[],"trends":[],"urls":[{"url":"http:\/\/t.co\/b1jVr5uAIe","expanded_url":"http:\/\/bit.ly\/1Qu2pfn","display_url":"bit.ly\/1Qu2pfn","indices":[114,136]}],"user_mentions":[],"symbols":[]},"favorited":false,"retweeted":false,"possibly_sensitive":false,"filter_level":"low","lang":"de","timestamp_ms":"1442016002923"}
