{"created_at":"Sat Sep 12 00:09:59 +0000 2015","id":642490303161724928,"id_str":"642490303161724928","text":"Fl\u00fcchtlinge in Deutschland: Innenminister: Wir schaffen es nicht mehr - Tagesspiegel http:\/\/t.co\/F0MOw1wJL1","source":"\u003ca href=\"http:\/\/ifttt.com\" rel=\"nofollow\"\u003eIFTTT\u003c\/a\u003e","truncated":false,"in_reply_to_status_id":null,"in_reply_to_status_id_str":null,"in_reply_to_user_id":null,"in_reply_to_user_id_str":null,"in_reply_to_screen_name":null,"user":{"id":1724818076,"id_str":"1724818076","name":"Bernaliza fuad","screen_name":"Bernalizafuad","location":"Indonesia","url":null,"description":"Harapan adalah tiang yang menyangga dunia. (Pliny the Elder) | FISIP UI","protected":false,"verified":false,"followers_count":359,"friends_count":391,"listed_count":4,"favourites_count":0,"statuses_count":47997,"created_at":"Tue Sep 03 08:21:12 +0000 2013","utc_offset":null,"time_zone":null,"geo_enabled":false,"lang":"en","contributors_enabled":false,"is_translator":false,"profile_background_color":"B2DFDA","profile_background_image_url":"http:\/\/abs.twimg.com\/images\/themes\/theme13\/bg.gif","profile_background_image_url_https":"https:\/\/abs.twimg.com\/images\/themes\/theme13\/bg.gif","profile_background_tile":false,"profile_link_color":"93A644","profile_sidebar_border_color":"EEEEEE","profile_sidebar_fill_color":"FFFFFF","profile_text_color":"333333","profile_use_background_image":true,"profile_image_url":"http:\/\/pbs.twimg.com\/profile_images\/378800000404270559\/73210765d76ba6f30ddedd32604f0140_normal.jpeg","profile_image_url_https":"https:\/\/pbs.twimg.com\/profile_images\/378800000404270559\/73210765d76ba6f30ddedd32604f0140_normal.jpeg","profile_banner_url":"https:\/\/pbs.twimg.com\/profile_banners\/1724818076\/1378196781","default_profile":false,"default_profile_image":false,"following":null,"follow_request_sent":null,"notifications":null},"geo":null,"coordinates":null,"place":null,"contributors":null,"retweet_count":0,"favorite_count":0,"entities":{"hashtags":[],"trends":[],"urls":[{"url":"http:\/\/t.co\/F0MOw1wJL1","expanded_url":"http:\/\/ift.tt\/1ikilFJ","display_url":"ift.tt\/1ikilFJ","indices":[85,107]}],"user_mentions":[],"symbols":[]},"favorited":false,"retweeted":false,"possibly_sensitive":false,"filter_level":"low","lang":"de","timestamp_ms":"1442016599823"}
