{"created_at":"Sat Sep 12 19:52:34 +0000 2015","id":642787909763006465,"id_str":"642787909763006465","text":"RT RAStadler \"RT SZ: Im Wartemodus: Wie sich #M\u00fcnchen auf die Ankunft Zehntausender Fl\u00fcchtlinge vorbereitet. #refu\u2026 http:\/\/t.co\/zg7ObTfP6d\"","source":"\u003ca href=\"http:\/\/ifttt.com\" rel=\"nofollow\"\u003eIFTTT\u003c\/a\u003e","truncated":false,"in_reply_to_status_id":null,"in_reply_to_status_id_str":null,"in_reply_to_user_id":null,"in_reply_to_user_id_str":null,"in_reply_to_screen_name":null,"user":{"id":935427080,"id_str":"935427080","name":"horak. Rechtsanw\u00e4lte","screen_name":"horakanwalt","location":"Hannover, Deutschland","url":"https:\/\/www.bwlh.de","description":"horak . Rechtsanw\u00e4lte\/Fachanw\u00e4lte: Gewerblicher Rechtsschutz, Urheberrecht, Medienrecht, Kartellrecht, IT-Recht, TK-Recht, Lebensmittelrecht, Technikrecht.","protected":false,"verified":false,"followers_count":372,"friends_count":721,"listed_count":105,"favourites_count":0,"statuses_count":16186,"created_at":"Thu Nov 08 21:02:30 +0000 2012","utc_offset":7200,"time_zone":"Amsterdam","geo_enabled":true,"lang":"de","contributors_enabled":false,"is_translator":false,"profile_background_color":"ABB8C2","profile_background_image_url":"http:\/\/pbs.twimg.com\/profile_background_images\/532214912857038849\/1RkWwnb6.jpeg","profile_background_image_url_https":"https:\/\/pbs.twimg.com\/profile_background_images\/532214912857038849\/1RkWwnb6.jpeg","profile_background_tile":false,"profile_link_color":"3B94D9","profile_sidebar_border_color":"FFFFFF","profile_sidebar_fill_color":"A0C5C7","profile_text_color":"333333","profile_use_background_image":true,"profile_image_url":"http:\/\/pbs.twimg.com\/profile_images\/532217080490119168\/JyXe1lk5_normal.jpeg","profile_image_url_https":"https:\/\/pbs.twimg.com\/profile_images\/532217080490119168\/JyXe1lk5_normal.jpeg","profile_banner_url":"https:\/\/pbs.twimg.com\/profile_banners\/935427080\/1415725381","default_profile":false,"default_profile_image":false,"following":null,"follow_request_sent":null,"notifications":null},"geo":null,"coordinates":null,"place":null,"contributors":null,"retweet_count":0,"favorite_count":0,"entities":{"hashtags":[{"text":"M\u00fcnchen","indices":[45,53]},{"text":"refu","indices":[109,114]}],"trends":[],"urls":[{"url":"http:\/\/t.co\/zg7ObTfP6d","expanded_url":"http:\/\/sz.de\/1.2645159","display_url":"sz.de\/1.2645159","indices":[116,138]}],"user_mentions":[],"symbols":[]},"favorited":false,"retweeted":false,"possibly_sensitive":false,"filter_level":"low","lang":"de","timestamp_ms":"1442087554766"}
