{"created_at":"Sat Sep 12 19:51:39 +0000 2015","id":642787677113315328,"id_str":"642787677113315328","text":"RT @trizblog: #m\u00fcnchen du bist heut wieder besonders #sch\u00f6n #refugeeswelcome #streetlife #leopoldstra\u00dfe #siegestor http:\/\/t.co\/M8w2DG1ZMQ","source":"\u003ca href=\"http:\/\/twitter.com\/download\/android\" rel=\"nofollow\"\u003eTwitter for Android\u003c\/a\u003e","truncated":false,"in_reply_to_status_id":null,"in_reply_to_status_id_str":null,"in_reply_to_user_id":null,"in_reply_to_user_id_str":null,"in_reply_to_screen_name":null,"user":{"id":56435807,"id_str":"56435807","name":"Halle","screen_name":"_halle","location":"M\u00fcnchen","url":null,"description":"kjg M\u00fcnchen und Freising, FC Bayern, Volleyballer, auch sonst sportinteressiert, M\u00fcnchen.","protected":false,"verified":false,"followers_count":159,"friends_count":179,"listed_count":5,"favourites_count":90,"statuses_count":677,"created_at":"Mon Jul 13 17:34:18 +0000 2009","utc_offset":7200,"time_zone":"Berlin","geo_enabled":false,"lang":"de","contributors_enabled":false,"is_translator":false,"profile_background_color":"C0DEED","profile_background_image_url":"http:\/\/pbs.twimg.com\/profile_background_images\/431538477\/M_nchenTwitter.jpg","profile_background_image_url_https":"https:\/\/pbs.twimg.com\/profile_background_images\/431538477\/M_nchenTwitter.jpg","profile_background_tile":false,"profile_link_color":"0084B4","profile_sidebar_border_color":"C0DEED","profile_sidebar_fill_color":"DDEEF6","profile_text_color":"333333","profile_use_background_image":true,"profile_image_url":"http:\/\/pbs.twimg.com\/profile_images\/487891497497264128\/lVb24NPG_normal.jpeg","profile_image_url_https":"https:\/\/pbs.twimg.com\/profile_images\/487891497497264128\/lVb24NPG_normal.jpeg","profile_banner_url":"https:\/\/pbs.twimg.com\/profile_banners\/56435807\/1397293751","default_profile":false,"default_profile_image":false,"following":null,"follow_request_sent":null,"notifications":null},"geo":null,"coordinates":null,"place":null,"contributors":null,"retweeted_status":{"created_at":"Sat Sep 12 19:27:06 +0000 2015","id":642781500623192064,"id_str":"642781500623192064","text":"#m\u00fcnchen du bist heut wieder besonders #sch\u00f6n #refugeeswelcome #streetlife #leopoldstra\u00dfe #siegestor http:\/\/t.co\/M8w2DG1ZMQ","source":"\u003ca href=\"http:\/\/www.apple.com\" rel=\"nofollow\"\u003eiOS\u003c\/a\u003e","truncated":false,"in_reply_to_status_id":null,"in_reply_to_status_id_str":null,"in_reply_to_user_id":null,"in_reply_to_user_id_str":null,"in_reply_to_screen_name":null,"user":{"id":15332012,"id_str":"15332012","name":"Triz","screen_name":"trizblog","location":"M \u2665 dich","url":"http:\/\/sinnter.net","description":"spezialisiert in handverlesene RTs und Sterne","protected":false,"verified":false,"followers_count":536,"friends_count":1288,"listed_count":49,"favourites_count":663,"statuses_count":1472,"created_at":"Sun Jul 06 10:49:47 +0000 2008","utc_offset":7200,"time_zone":"Amsterdam","geo_enabled":true,"lang":"de","contributors_enabled":false,"is_translator":false,"profile_background_color":"B565A7","profile_background_image_url":"http:\/\/abs.twimg.com\/images\/themes\/theme18\/bg.gif","profile_background_image_url_https":"https:\/\/abs.twimg.com\/images\/themes\/theme18\/bg.gif","profile_background_tile":false,"profile_link_color":"FFAA00","profile_sidebar_border_color":"FFFFFF","profile_sidebar_fill_color":"000000","profile_text_color":"000000","profile_use_background_image":true,"profile_image_url":"http:\/\/pbs.twimg.com\/profile_images\/595645628887228418\/pXaZuqYh_normal.jpg","profile_image_url_https":"https:\/\/pbs.twimg.com\/profile_images\/595645628887228418\/pXaZuqYh_normal.jpg","profile_banner_url":"https:\/\/pbs.twimg.com\/profile_banners\/15332012\/1402661068","default_profile":false,"default_profile_image":false,"following":null,"follow_request_sent":null,"notifications":null},"geo":null,"coordinates":null,"place":null,"contributors":null,"retweet_count":2,"favorite_count":3,"entities":{"hashtags":[{"text":"m\u00fcnchen","indices":[0,8]},{"text":"sch\u00f6n","indices":[39,45]},{"text":"refugeeswelcome","indices":[46,62]},{"text":"streetlife","indices":[63,74]},{"text":"leopoldstra\u00dfe","indices":[75,89]},{"text":"siegestor","indices":[90,100]}],"trends":[],"urls":[],"user_mentions":[],"symbols":[],"media":[{"id":642781500434456577,"id_str":"642781500434456577","indices":[101,123],"media_url":"http:\/\/pbs.twimg.com\/media\/COueXnmWoAEBFTV.jpg","media_url_https":"https:\/\/pbs.twimg.com\/media\/COueXnmWoAEBFTV.jpg","url":"http:\/\/t.co\/M8w2DG1ZMQ","display_url":"pic.twitter.com\/M8w2DG1ZMQ","expanded_url":"http:\/\/twitter.com\/trizblog\/status\/642781500623192064\/photo\/1","type":"photo","sizes":{"small":{"w":340,"h":340,"resize":"fit"},"thumb":{"w":150,"h":150,"resize":"crop"},"medium":{"w":600,"h":600,"resize":"fit"},"large":{"w":1024,"h":1024,"resize":"fit"}}}]},"extended_entities":{"media":[{"id":642781500434456577,"id_str":"642781500434456577","indices":[101,123],"media_url":"http:\/\/pbs.twimg.com\/media\/COueXnmWoAEBFTV.jpg","media_url_https":"https:\/\/pbs.twimg.com\/media\/COueXnmWoAEBFTV.jpg","url":"http:\/\/t.co\/M8w2DG1ZMQ","display_url":"pic.twitter.com\/M8w2DG1ZMQ","expanded_url":"http:\/\/twitter.com\/trizblog\/status\/642781500623192064\/photo\/1","type":"photo","sizes":{"small":{"w":340,"h":340,"resize":"fit"},"thumb":{"w":150,"h":150,"resize":"crop"},"medium":{"w":600,"h":600,"resize":"fit"},"large":{"w":1024,"h":1024,"resize":"fit"}}}]},"favorited":false,"retweeted":false,"possibly_sensitive":false,"filter_level":"low","lang":"de"},"retweet_count":0,"favorite_count":0,"entities":{"hashtags":[{"text":"m\u00fcnchen","indices":[14,22]},{"text":"sch\u00f6n","indices":[53,59]},{"text":"refugeeswelcome","indices":[60,76]},{"text":"streetlife","indices":[77,88]},{"text":"leopoldstra\u00dfe","indices":[89,103]},{"text":"siegestor","indices":[104,114]}],"trends":[],"urls":[],"user_mentions":[{"screen_name":"trizblog","name":"Triz","id":15332012,"id_str":"15332012","indices":[3,12]}],"symbols":[],"media":[{"id":642781500434456577,"id_str":"642781500434456577","indices":[115,137],"media_url":"http:\/\/pbs.twimg.com\/media\/COueXnmWoAEBFTV.jpg","media_url_https":"https:\/\/pbs.twimg.com\/media\/COueXnmWoAEBFTV.jpg","url":"http:\/\/t.co\/M8w2DG1ZMQ","display_url":"pic.twitter.com\/M8w2DG1ZMQ","expanded_url":"http:\/\/twitter.com\/trizblog\/status\/642781500623192064\/photo\/1","type":"photo","sizes":{"small":{"w":340,"h":340,"resize":"fit"},"thumb":{"w":150,"h":150,"resize":"crop"},"medium":{"w":600,"h":600,"resize":"fit"},"large":{"w":1024,"h":1024,"resize":"fit"}},"source_status_id":642781500623192064,"source_status_id_str":"642781500623192064"}]},"extended_entities":{"media":[{"id":642781500434456577,"id_str":"642781500434456577","indices":[115,137],"media_url":"http:\/\/pbs.twimg.com\/media\/COueXnmWoAEBFTV.jpg","media_url_https":"https:\/\/pbs.twimg.com\/media\/COueXnmWoAEBFTV.jpg","url":"http:\/\/t.co\/M8w2DG1ZMQ","display_url":"pic.twitter.com\/M8w2DG1ZMQ","expanded_url":"http:\/\/twitter.com\/trizblog\/status\/642781500623192064\/photo\/1","type":"photo","sizes":{"small":{"w":340,"h":340,"resize":"fit"},"thumb":{"w":150,"h":150,"resize":"crop"},"medium":{"w":600,"h":600,"resize":"fit"},"large":{"w":1024,"h":1024,"resize":"fit"}},"source_status_id":642781500623192064,"source_status_id_str":"642781500623192064"}]},"favorited":false,"retweeted":false,"possibly_sensitive":false,"filter_level":"low","lang":"de","timestamp_ms":"1442087499298"}
