{"created_at":"Sat Sep 12 19:51:19 +0000 2015","id":642787594133090304,"id_str":"642787594133090304","text":"#fl\u00fcchtlinge wieso fehlen in M\u00fcnchen Schlafpl\u00e4tze. Es gibt doch die Festzelte f\u00fcr die #Wiesn\nnehmt die doch erstmal.Betten rein und fertig","source":"\u003ca href=\"http:\/\/twitter.com\" rel=\"nofollow\"\u003eTwitter Web Client\u003c\/a\u003e","truncated":false,"in_reply_to_status_id":null,"in_reply_to_status_id_str":null,"in_reply_to_user_id":null,"in_reply_to_user_id_str":null,"in_reply_to_screen_name":null,"user":{"id":3432053175,"id_str":"3432053175","name":"Peter Pohlmann","screen_name":"PeterPohlmann3","location":"","url":null,"description":null,"protected":false,"verified":false,"followers_count":2,"friends_count":2,"listed_count":0,"favourites_count":6,"statuses_count":144,"created_at":"Wed Aug 19 22:23:20 +0000 2015","utc_offset":null,"time_zone":null,"geo_enabled":false,"lang":"en","contributors_enabled":false,"is_translator":false,"profile_background_color":"C0DEED","profile_background_image_url":"http:\/\/abs.twimg.com\/images\/themes\/theme1\/bg.png","profile_background_image_url_https":"https:\/\/abs.twimg.com\/images\/themes\/theme1\/bg.png","profile_background_tile":false,"profile_link_color":"0084B4","profile_sidebar_border_color":"C0DEED","profile_sidebar_fill_color":"DDEEF6","profile_text_color":"333333","profile_use_background_image":true,"profile_image_url":"http:\/\/abs.twimg.com\/sticky\/default_profile_images\/default_profile_5_normal.png","profile_image_url_https":"https:\/\/abs.twimg.com\/sticky\/default_profile_images\/default_profile_5_normal.png","default_profile":true,"default_profile_image":true,"following":null,"follow_request_sent":null,"notifications":null},"geo":null,"coordinates":null,"place":null,"contributors":null,"retweet_count":0,"favorite_count":0,"entities":{"hashtags":[{"text":"fl\u00fcchtlinge","indices":[0,12]},{"text":"Wiesn","indices":[86,92]}],"trends":[],"urls":[],"user_mentions":[],"symbols":[]},"favorited":false,"retweeted":false,"possibly_sensitive":false,"filter_level":"low","lang":"de","timestamp_ms":"1442087479514"}
