{"created_at":"Fri Sep 11 23:58:54 +0000 2015","id":642487514557759489,"id_str":"642487514557759489","text":"RT @faz_donalphonso: Oh, ein Horst Case Szenario f\u00fcr die Bundesregierung http:\/\/t.co\/07BxVjMPyb","source":"\u003ca href=\"http:\/\/twitter.com\/download\/android\" rel=\"nofollow\"\u003eTwitter for Android\u003c\/a\u003e","truncated":false,"in_reply_to_status_id":null,"in_reply_to_status_id_str":null,"in_reply_to_user_id":null,"in_reply_to_user_id_str":null,"in_reply_to_screen_name":null,"user":{"id":304572325,"id_str":"304572325","name":"Ajuvo","screen_name":"ajuvo","location":"Baltic & Berlin","url":null,"description":"writer, downshifter, grey beard advisor,\npodcaster; ex banker, consigliere, govt. aide; 2 CV driver, satisfied mind; RT =\/  endorsement","protected":false,"verified":false,"followers_count":615,"friends_count":1948,"listed_count":70,"favourites_count":1723,"statuses_count":10391,"created_at":"Tue May 24 18:57:27 +0000 2011","utc_offset":10800,"time_zone":"Athens","geo_enabled":false,"lang":"de","contributors_enabled":false,"is_translator":false,"profile_background_color":"C0DEED","profile_background_image_url":"http:\/\/abs.twimg.com\/images\/themes\/theme1\/bg.png","profile_background_image_url_https":"https:\/\/abs.twimg.com\/images\/themes\/theme1\/bg.png","profile_background_tile":false,"profile_link_color":"0084B4","profile_sidebar_border_color":"C0DEED","profile_sidebar_fill_color":"DDEEF6","profile_text_color":"333333","profile_use_background_image":true,"profile_image_url":"http:\/\/pbs.twimg.com\/profile_images\/1368375943\/twts_normal.jpg","profile_image_url_https":"https:\/\/pbs.twimg.com\/profile_images\/1368375943\/twts_normal.jpg","default_profile":true,"default_profile_image":false,"following":null,"follow_request_sent":null,"notifications":null},"geo":null,"coordinates":null,"place":null,"contributors":null,"retweeted_status":{"created_at":"Fri Sep 11 13:41:57 +0000 2015","id":642332252605706240,"id_str":"642332252605706240","text":"Oh, ein Horst Case Szenario f\u00fcr die Bundesregierung http:\/\/t.co\/07BxVjMPyb","source":"\u003ca href=\"http:\/\/twitter.com\" rel=\"nofollow\"\u003eTwitter Web Client\u003c\/a\u003e","truncated":false,"in_reply_to_status_id":null,"in_reply_to_status_id_str":null,"in_reply_to_user_id":null,"in_reply_to_user_id_str":null,"in_reply_to_screen_name":null,"user":{"id":99718385,"id_str":"99718385","name":"Don Alphonso","screen_name":"faz_donalphonso","location":"Tegernsee, Mantua, Donau","url":"http:\/\/www.faz.net\/blog-donalphonso","description":"Tortenfreund, Silberliebhaber und jede Menge Stress bei der Beschreibung von professionellem Nichtstun.  Impressum: http:\/\/www.faz.net\/impressum","protected":false,"verified":false,"followers_count":3403,"friends_count":152,"listed_count":108,"favourites_count":2256,"statuses_count":14721,"created_at":"Sun Dec 27 14:35:15 +0000 2009","utc_offset":7200,"time_zone":"Berlin","geo_enabled":false,"lang":"de","contributors_enabled":false,"is_translator":false,"profile_background_color":"333333","profile_background_image_url":"http:\/\/pbs.twimg.com\/profile_background_images\/814639337\/1a378a20f0d578fb91e4ff1c8a72fbf9.png","profile_background_image_url_https":"https:\/\/pbs.twimg.com\/profile_background_images\/814639337\/1a378a20f0d578fb91e4ff1c8a72fbf9.png","profile_background_tile":false,"profile_link_color":"C60000","profile_sidebar_border_color":"000000","profile_sidebar_fill_color":"000000","profile_text_color":"000000","profile_use_background_image":true,"profile_image_url":"http:\/\/pbs.twimg.com\/profile_images\/629006721357324288\/n0La_NEW_normal.jpg","profile_image_url_https":"https:\/\/pbs.twimg.com\/profile_images\/629006721357324288\/n0La_NEW_normal.jpg","profile_banner_url":"https:\/\/pbs.twimg.com\/profile_banners\/99718385\/1389136597","default_profile":false,"default_profile_image":false,"following":null,"follow_request_sent":null,"notifications":null},"geo":null,"coordinates":null,"place":null,"contributors":null,"retweet_count":6,"favorite_count":10,"entities":{"hashtags":[],"trends":[],"urls":[{"url":"http:\/\/t.co\/07BxVjMPyb","expanded_url":"http:\/\/www.spiegel.de\/politik\/deutschland\/horst-seehofer-wettert-gegen-angela-merkel-in-fluechtlingspolitik-a-1052455.html","display_url":"spiegel.de\/politik\/deutsc\u2026","indices":[52,74]}],"user_mentions":[],"symbols":[]},"favorited":false,"retweeted":false,"possibly_sensitive":false,"filter_level":"low","lang":"de"},"retweet_count":0,"favorite_count":0,"entities":{"hashtags":[],"trends":[],"urls":[{"url":"http:\/\/t.co\/07BxVjMPyb","expanded_url":"http:\/\/www.spiegel.de\/politik\/deutschland\/horst-seehofer-wettert-gegen-angela-merkel-in-fluechtlingspolitik-a-1052455.html","display_url":"spiegel.de\/politik\/deutsc\u2026","indices":[73,95]}],"user_mentions":[{"screen_name":"faz_donalphonso","name":"Don Alphonso","id":99718385,"id_str":"99718385","indices":[3,19]}],"symbols":[]},"favorited":false,"retweeted":false,"possibly_sensitive":false,"filter_level":"low","lang":"de","timestamp_ms":"1442015934968"}
