{"created_at":"Sat Sep 12 00:00:24 +0000 2015","id":642487889385930754,"id_str":"642487889385930754","text":"Policy Polity Politics wurde soeben publiziert! http:\/\/t.co\/EgLathlju1","source":"\u003ca href=\"http:\/\/paper.li\" rel=\"nofollow\"\u003ePaper.li\u003c\/a\u003e","truncated":false,"in_reply_to_status_id":null,"in_reply_to_status_id_str":null,"in_reply_to_user_id":null,"in_reply_to_user_id_str":null,"in_reply_to_screen_name":null,"user":{"id":104586404,"id_str":"104586404","name":"Presse Hochbegabung","screen_name":"Presseportal_H","location":"Cologne, K\u00f6ln,  Germany","url":"http:\/\/hochbegabungspresse.blogspot.com\/","description":"#Presseportal f\u00fcr #Hochbegabung \nby Lilli #Cremer-Altgeld (#K\u00f6lsch M\u00e4dche) Press Release\/Pressemitteilung\nLilliCremerAltgeld@t-online.de Photo: Saskia Schulz","protected":false,"verified":false,"followers_count":2067,"friends_count":1955,"listed_count":77,"favourites_count":145,"statuses_count":12876,"created_at":"Wed Jan 13 19:51:18 +0000 2010","utc_offset":7200,"time_zone":"Berlin","geo_enabled":false,"lang":"de","contributors_enabled":false,"is_translator":false,"profile_background_color":"C0DEED","profile_background_image_url":"http:\/\/abs.twimg.com\/images\/themes\/theme1\/bg.png","profile_background_image_url_https":"https:\/\/abs.twimg.com\/images\/themes\/theme1\/bg.png","profile_background_tile":false,"profile_link_color":"0084B4","profile_sidebar_border_color":"C0DEED","profile_sidebar_fill_color":"DDEEF6","profile_text_color":"333333","profile_use_background_image":true,"profile_image_url":"http:\/\/pbs.twimg.com\/profile_images\/556747984193323009\/6NF-_tut_normal.jpeg","profile_image_url_https":"https:\/\/pbs.twimg.com\/profile_images\/556747984193323009\/6NF-_tut_normal.jpeg","profile_banner_url":"https:\/\/pbs.twimg.com\/profile_banners\/104586404\/1421573946","default_profile":true,"default_profile_image":false,"following":null,"follow_request_sent":null,"notifications":null},"geo":null,"coordinates":null,"place":null,"contributors":null,"retweet_count":0,"favorite_count":0,"entities":{"hashtags":[],"trends":[],"urls":[{"url":"http:\/\/t.co\/EgLathlju1","expanded_url":"http:\/\/paper.li\/Presseportal_H\/1425729354?edition_id=42d50210-58e1-11e5-b153-0cc47a0d1609","display_url":"paper.li\/Presseportal_H\u2026","indices":[48,70]}],"user_mentions":[],"symbols":[]},"favorited":false,"retweeted":false,"possibly_sensitive":false,"filter_level":"low","lang":"de","timestamp_ms":"1442016024334"}
