{"created_at":"Sat Sep 12 00:13:37 +0000 2015","id":642491218203643904,"id_str":"642491218203643904","text":"da freut sich aber die @nsaeurope  \u00fcber die aktensammlung der BriD Regierung. .gute nacht.","source":"\u003ca href=\"http:\/\/twitter.com\/download\/android\" rel=\"nofollow\"\u003eTwitter for Android\u003c\/a\u003e","truncated":false,"in_reply_to_status_id":null,"in_reply_to_status_id_str":null,"in_reply_to_user_id":null,"in_reply_to_user_id_str":null,"in_reply_to_screen_name":null,"user":{"id":67750367,"id_str":"67750367","name":"Sebastian Prill","screen_name":"BasixsChristian","location":"Hamburg","url":null,"description":null,"protected":false,"verified":false,"followers_count":988,"friends_count":1592,"listed_count":6,"favourites_count":1296,"statuses_count":14666,"created_at":"Fri Aug 21 23:21:30 +0000 2009","utc_offset":7200,"time_zone":"Berlin","geo_enabled":true,"lang":"de","contributors_enabled":false,"is_translator":false,"profile_background_color":"B2DFDA","profile_background_image_url":"http:\/\/pbs.twimg.com\/profile_background_images\/635790185603706880\/x8xV3H9e.jpg","profile_background_image_url_https":"https:\/\/pbs.twimg.com\/profile_background_images\/635790185603706880\/x8xV3H9e.jpg","profile_background_tile":false,"profile_link_color":"93A644","profile_sidebar_border_color":"FFFFFF","profile_sidebar_fill_color":"EFEFEF","profile_text_color":"333333","profile_use_background_image":true,"profile_image_url":"http:\/\/pbs.twimg.com\/profile_images\/538849286289502208\/42XgKNOL_normal.png","profile_image_url_https":"https:\/\/pbs.twimg.com\/profile_images\/538849286289502208\/42XgKNOL_normal.png","profile_banner_url":"https:\/\/pbs.twimg.com\/profile_banners\/67750367\/1440420216","default_profile":false,"default_profile_image":false,"following":null,"follow_request_sent":null,"notifications":null},"geo":null,"coordinates":null,"place":null,"contributors":null,"retweet_count":0,"favorite_count":0,"entities":{"hashtags":[],"trends":[],"urls":[],"user_mentions":[{"screen_name":"nsaeurope","name":"NSA Europe","id":1568845722,"id_str":"1568845722","indices":[23,33]}],"symbols":[]},"favorited":false,"retweeted":false,"possibly_sensitive":false,"filter_level":"low","lang":"de","timestamp_ms":"1442016817986"}
