{"created_at":"Thu Sep 10 20:26:44 +0000 2015","id":642071729574182912,"id_str":"642071729574182912","text":"RT @MarianKamensky1: WILLKOMMENSKULTUR\nhttp:\/\/t.co\/6kW8IasSpJ\nhttp:\/\/t.co\/WPoBceleGc\n#Europa #Fl\u00fcchtlinge #WILLKOMMENSKULTUR http:\/\/t.co\/N3\u2026","source":"\u003ca href=\"http:\/\/twitter.com\/download\/iphone\" rel=\"nofollow\"\u003eTwitter for iPhone\u003c\/a\u003e","truncated":false,"in_reply_to_status_id":null,"in_reply_to_status_id_str":null,"in_reply_to_user_id":null,"in_reply_to_user_id_str":null,"in_reply_to_screen_name":null,"user":{"id":2867664925,"id_str":"2867664925","name":"liongames2804","screen_name":"LeonRose2804","location":"","url":null,"description":null,"protected":false,"verified":false,"followers_count":5,"friends_count":85,"listed_count":0,"favourites_count":227,"statuses_count":14,"created_at":"Mon Oct 20 16:27:20 +0000 2014","utc_offset":null,"time_zone":null,"geo_enabled":false,"lang":"de","contributors_enabled":false,"is_translator":false,"profile_background_color":"C0DEED","profile_background_image_url":"http:\/\/abs.twimg.com\/images\/themes\/theme1\/bg.png","profile_background_image_url_https":"https:\/\/abs.twimg.com\/images\/themes\/theme1\/bg.png","profile_background_tile":false,"profile_link_color":"0084B4","profile_sidebar_border_color":"C0DEED","profile_sidebar_fill_color":"DDEEF6","profile_text_color":"333333","profile_use_background_image":true,"profile_image_url":"http:\/\/abs.twimg.com\/sticky\/default_profile_images\/default_profile_6_normal.png","profile_image_url_https":"https:\/\/abs.twimg.com\/sticky\/default_profile_images\/default_profile_6_normal.png","default_profile":true,"default_profile_image":true,"following":null,"follow_request_sent":null,"notifications":null},"geo":null,"coordinates":null,"place":null,"contributors":null,"retweeted_status":{"created_at":"Sun Aug 23 10:45:41 +0000 2015","id":635402524112105472,"id_str":"635402524112105472","text":"WILLKOMMENSKULTUR\nhttp:\/\/t.co\/6kW8IasSpJ\nhttp:\/\/t.co\/WPoBceleGc\n#Europa #Fl\u00fcchtlinge #WILLKOMMENSKULTUR http:\/\/t.co\/N3OZHJqMZw","source":"\u003ca href=\"http:\/\/twitter.com\" rel=\"nofollow\"\u003eTwitter Web Client\u003c\/a\u003e","truncated":false,"in_reply_to_status_id":null,"in_reply_to_status_id_str":null,"in_reply_to_user_id":null,"in_reply_to_user_id_str":null,"in_reply_to_screen_name":null,"user":{"id":1591016580,"id_str":"1591016580","name":"Marian Kamensky","screen_name":"MarianKamensky1","location":"","url":null,"description":null,"protected":false,"verified":false,"followers_count":775,"friends_count":234,"listed_count":44,"favourites_count":0,"statuses_count":922,"created_at":"Sat Jul 13 13:41:35 +0000 2013","utc_offset":null,"time_zone":null,"geo_enabled":true,"lang":"cs","contributors_enabled":false,"is_translator":false,"profile_background_color":"C0DEED","profile_background_image_url":"http:\/\/abs.twimg.com\/images\/themes\/theme1\/bg.png","profile_background_image_url_https":"https:\/\/abs.twimg.com\/images\/themes\/theme1\/bg.png","profile_background_tile":false,"profile_link_color":"0084B4","profile_sidebar_border_color":"C0DEED","profile_sidebar_fill_color":"DDEEF6","profile_text_color":"333333","profile_use_background_image":true,"profile_image_url":"http:\/\/pbs.twimg.com\/profile_images\/415564678501117952\/NX8xNLBF_normal.jpeg","profile_image_url_https":"https:\/\/pbs.twimg.com\/profile_images\/415564678501117952\/NX8xNLBF_normal.jpeg","profile_banner_url":"https:\/\/pbs.twimg.com\/profile_banners\/1591016580\/1401350165","default_profile":true,"default_profile_image":false,"following":null,"follow_request_sent":null,"notifications":null},"geo":null,"coordinates":null,"place":{"id":"9f659d51e5c5deae","url":"https:\/\/api.twitter.com\/1.1\/geo\/id\/9f659d51e5c5deae.json","place_type":"city","name":"Wien","full_name":"Wien, \u00d6sterreich","country_code":"AT","country":"\u00d6sterreich","bounding_box":{"type":"Polygon","coordinates":[[[16.18218,48.117666],[16.18218,48.322574],[16.577511,48.322574],[16.577511,48.117666]]]},"attributes":{}},"contributors":null,"retweet_count":290,"favorite_count":342,"entities":{"hashtags":[{"text":"Europa","indices":[64,71]},{"text":"Fl\u00fcchtlinge","indices":[72,84]},{"text":"WILLKOMMENSKULTUR","indices":[85,103]}],"trends":[],"urls":[{"url":"http:\/\/t.co\/6kW8IasSpJ","expanded_url":"http:\/\/www.humor-kamensky.sk","display_url":"humor-kamensky.sk","indices":[18,40]},{"url":"http:\/\/t.co\/WPoBceleGc","expanded_url":"http:\/\/www.facebook.com\/humorkamensky","display_url":"facebook.com\/humorkamensky","indices":[41,63]}],"user_mentions":[],"symbols":[],"media":[{"id":635402522253918208,"id_str":"635402522253918208","indices":[104,126],"media_url":"http:\/\/pbs.twimg.com\/media\/CNFnOjxVAAA2Eka.jpg","media_url_https":"https:\/\/pbs.twimg.com\/media\/CNFnOjxVAAA2Eka.jpg","url":"http:\/\/t.co\/N3OZHJqMZw","display_url":"pic.twitter.com\/N3OZHJqMZw","expanded_url":"http:\/\/twitter.com\/MarianKamensky1\/status\/635402524112105472\/photo\/1","type":"photo","sizes":{"medium":{"w":600,"h":422,"resize":"fit"},"large":{"w":1024,"h":720,"resize":"fit"},"thumb":{"w":150,"h":150,"resize":"crop"},"small":{"w":340,"h":239,"resize":"fit"}}}]},"extended_entities":{"media":[{"id":635402522253918208,"id_str":"635402522253918208","indices":[104,126],"media_url":"http:\/\/pbs.twimg.com\/media\/CNFnOjxVAAA2Eka.jpg","media_url_https":"https:\/\/pbs.twimg.com\/media\/CNFnOjxVAAA2Eka.jpg","url":"http:\/\/t.co\/N3OZHJqMZw","display_url":"pic.twitter.com\/N3OZHJqMZw","expanded_url":"http:\/\/twitter.com\/MarianKamensky1\/status\/635402524112105472\/photo\/1","type":"photo","sizes":{"medium":{"w":600,"h":422,"resize":"fit"},"large":{"w":1024,"h":720,"resize":"fit"},"thumb":{"w":150,"h":150,"resize":"crop"},"small":{"w":340,"h":239,"resize":"fit"}}}]},"favorited":false,"retweeted":false,"possibly_sensitive":false,"filter_level":"low","lang":"de"},"retweet_count":0,"favorite_count":0,"entities":{"hashtags":[{"text":"Europa","indices":[85,92]},{"text":"Fl\u00fcchtlinge","indices":[93,105]},{"text":"WILLKOMMENSKULTUR","indices":[106,124]}],"trends":[],"urls":[{"url":"http:\/\/t.co\/6kW8IasSpJ","expanded_url":"http:\/\/www.humor-kamensky.sk","display_url":"humor-kamensky.sk","indices":[39,61]},{"url":"http:\/\/t.co\/WPoBceleGc","expanded_url":"http:\/\/www.facebook.com\/humorkamensky","display_url":"facebook.com\/humorkamensky","indices":[62,84]}],"user_mentions":[{"screen_name":"MarianKamensky1","name":"Marian Kamensky","id":1591016580,"id_str":"1591016580","indices":[3,19]}],"symbols":[],"media":[{"id":635402522253918208,"id_str":"635402522253918208","indices":[125,140],"media_url":"http:\/\/pbs.twimg.com\/media\/CNFnOjxVAAA2Eka.jpg","media_url_https":"https:\/\/pbs.twimg.com\/media\/CNFnOjxVAAA2Eka.jpg","url":"http:\/\/t.co\/N3OZHJqMZw","display_url":"pic.twitter.com\/N3OZHJqMZw","expanded_url":"http:\/\/twitter.com\/MarianKamensky1\/status\/635402524112105472\/photo\/1","type":"photo","sizes":{"medium":{"w":600,"h":422,"resize":"fit"},"large":{"w":1024,"h":720,"resize":"fit"},"thumb":{"w":150,"h":150,"resize":"crop"},"small":{"w":340,"h":239,"resize":"fit"}},"source_status_id":635402524112105472,"source_status_id_str":"635402524112105472"}]},"extended_entities":{"media":[{"id":635402522253918208,"id_str":"635402522253918208","indices":[125,140],"media_url":"http:\/\/pbs.twimg.com\/media\/CNFnOjxVAAA2Eka.jpg","media_url_https":"https:\/\/pbs.twimg.com\/media\/CNFnOjxVAAA2Eka.jpg","url":"http:\/\/t.co\/N3OZHJqMZw","display_url":"pic.twitter.com\/N3OZHJqMZw","expanded_url":"http:\/\/twitter.com\/MarianKamensky1\/status\/635402524112105472\/photo\/1","type":"photo","sizes":{"medium":{"w":600,"h":422,"resize":"fit"},"large":{"w":1024,"h":720,"resize":"fit"},"thumb":{"w":150,"h":150,"resize":"crop"},"small":{"w":340,"h":239,"resize":"fit"}},"source_status_id":635402524112105472,"source_status_id_str":"635402524112105472"}]},"favorited":false,"retweeted":false,"possibly_sensitive":false,"filter_level":"low","lang":"de","timestamp_ms":"1441916804103"}
