{"created_at":"Thu Sep 10 20:24:24 +0000 2015","id":642071142073769984,"id_str":"642071142073769984","text":"RT @TeamKenFM: #Refugeeswelcome - aber wehe die Fl\u00fcchtlinge sagen warum sie geflohen sind. Zum Beispiel vor Krieg von USA und Israel.","source":"\u003ca href=\"http:\/\/www.tweetcaster.com\" rel=\"nofollow\"\u003eTweetCaster for Android\u003c\/a\u003e","truncated":false,"in_reply_to_status_id":null,"in_reply_to_status_id_str":null,"in_reply_to_user_id":null,"in_reply_to_user_id_str":null,"in_reply_to_screen_name":null,"user":{"id":2907731631,"id_str":"2907731631","name":"Carlo Tweets","screen_name":"verylasttweet","location":"zu Hause","url":null,"description":"Bedrohlich ist das Volk f\u00fcr die Herrschenden, wenn es ohne Furcht ist. (Tacitus)","protected":false,"verified":false,"followers_count":46,"friends_count":78,"listed_count":3,"favourites_count":405,"statuses_count":903,"created_at":"Sat Dec 06 13:57:04 +0000 2014","utc_offset":null,"time_zone":null,"geo_enabled":false,"lang":"de","contributors_enabled":false,"is_translator":false,"profile_background_color":"C0DEED","profile_background_image_url":"http:\/\/abs.twimg.com\/images\/themes\/theme1\/bg.png","profile_background_image_url_https":"https:\/\/abs.twimg.com\/images\/themes\/theme1\/bg.png","profile_background_tile":false,"profile_link_color":"0084B4","profile_sidebar_border_color":"C0DEED","profile_sidebar_fill_color":"DDEEF6","profile_text_color":"333333","profile_use_background_image":true,"profile_image_url":"http:\/\/pbs.twimg.com\/profile_images\/641703201528512513\/aT4t2vts_normal.jpg","profile_image_url_https":"https:\/\/pbs.twimg.com\/profile_images\/641703201528512513\/aT4t2vts_normal.jpg","default_profile":true,"default_profile_image":false,"following":null,"follow_request_sent":null,"notifications":null},"geo":null,"coordinates":null,"place":null,"contributors":null,"retweeted_status":{"created_at":"Thu Sep 10 20:17:34 +0000 2015","id":642069426272120832,"id_str":"642069426272120832","text":"#Refugeeswelcome - aber wehe die Fl\u00fcchtlinge sagen warum sie geflohen sind. Zum Beispiel vor Krieg von USA und Israel.","source":"\u003ca href=\"http:\/\/twitter.com\" rel=\"nofollow\"\u003eTwitter Web Client\u003c\/a\u003e","truncated":false,"in_reply_to_status_id":null,"in_reply_to_status_id_str":null,"in_reply_to_user_id":null,"in_reply_to_user_id_str":null,"in_reply_to_screen_name":null,"user":{"id":2391765882,"id_str":"2391765882","name":"KenFM.de","screen_name":"TeamKenFM","location":"Berlin","url":"http:\/\/www.kenfm.de","description":"Offizieller Twitter-Kanal von KenFM.de: Unabh\u00e4ngiger Journalismus - crowdfinanziert und nicht embedded! Unterst\u00fctze KenFM: http:\/\/kenfm.de\/unterstutze-kenfm\/","protected":false,"verified":false,"followers_count":8768,"friends_count":335,"listed_count":141,"favourites_count":670,"statuses_count":4443,"created_at":"Sat Mar 15 23:39:28 +0000 2014","utc_offset":7200,"time_zone":"Berlin","geo_enabled":false,"lang":"de","contributors_enabled":false,"is_translator":false,"profile_background_color":"1A1B1F","profile_background_image_url":"http:\/\/pbs.twimg.com\/profile_background_images\/531479279695958017\/Xbhaf3fa.jpeg","profile_background_image_url_https":"https:\/\/pbs.twimg.com\/profile_background_images\/531479279695958017\/Xbhaf3fa.jpeg","profile_background_tile":false,"profile_link_color":"2FC2EF","profile_sidebar_border_color":"FFFFFF","profile_sidebar_fill_color":"DDEEF6","profile_text_color":"333333","profile_use_background_image":true,"profile_image_url":"http:\/\/pbs.twimg.com\/profile_images\/531458309681717248\/RwEc_RxB_normal.png","profile_image_url_https":"https:\/\/pbs.twimg.com\/profile_images\/531458309681717248\/RwEc_RxB_normal.png","profile_banner_url":"https:\/\/pbs.twimg.com\/profile_banners\/2391765882\/1415544779","default_profile":false,"default_profile_image":false,"following":null,"follow_request_sent":null,"notifications":null},"geo":null,"coordinates":null,"place":null,"contributors":null,"retweet_count":3,"favorite_count":4,"entities":{"hashtags":[{"text":"Refugeeswelcome","indices":[0,16]}],"trends":[],"urls":[],"user_mentions":[],"symbols":[]},"favorited":false,"retweeted":false,"possibly_sensitive":false,"filter_level":"low","lang":"de"},"retweet_count":0,"favorite_count":0,"entities":{"hashtags":[{"text":"Refugeeswelcome","indices":[15,31]}],"trends":[],"urls":[],"user_mentions":[{"screen_name":"TeamKenFM","name":"KenFM.de","id":2391765882,"id_str":"2391765882","indices":[3,13]}],"symbols":[]},"favorited":false,"retweeted":false,"possibly_sensitive":false,"filter_level":"low","lang":"de","timestamp_ms":"1441916664032"}
