{"created_at":"Fri Sep 11 23:51:17 +0000 2015","id":642485596183732228,"id_str":"642485596183732228","text":"Eine Meditation f\u00fcr die neue Welt #refugeeswelcome http:\/\/t.co\/HWcxIso4yw","source":"\u003ca href=\"http:\/\/www.facebook.com\/twitter\" rel=\"nofollow\"\u003eFacebook\u003c\/a\u003e","truncated":false,"in_reply_to_status_id":null,"in_reply_to_status_id_str":null,"in_reply_to_user_id":null,"in_reply_to_user_id_str":null,"in_reply_to_screen_name":null,"user":{"id":25831248,"id_str":"25831248","name":"Markus Luger","screen_name":"lugiwan","location":"Linz\/Austria","url":"http:\/\/about.me\/markus.luger","description":"founded the social media guides @smgaustria,\r\nworking @ collaborative video & communication strategies, \r\n#social #media #video #linz #collaboration","protected":false,"verified":false,"followers_count":619,"friends_count":570,"listed_count":49,"favourites_count":148,"statuses_count":2667,"created_at":"Sun Mar 22 15:33:42 +0000 2009","utc_offset":7200,"time_zone":"Vienna","geo_enabled":true,"lang":"de","contributors_enabled":false,"is_translator":false,"profile_background_color":"DBE9ED","profile_background_image_url":"http:\/\/abs.twimg.com\/images\/themes\/theme17\/bg.gif","profile_background_image_url_https":"https:\/\/abs.twimg.com\/images\/themes\/theme17\/bg.gif","profile_background_tile":false,"profile_link_color":"CC3366","profile_sidebar_border_color":"DBE9ED","profile_sidebar_fill_color":"E6F6F9","profile_text_color":"333333","profile_use_background_image":true,"profile_image_url":"http:\/\/pbs.twimg.com\/profile_images\/564389186115891200\/gJzcf0yI_normal.jpeg","profile_image_url_https":"https:\/\/pbs.twimg.com\/profile_images\/564389186115891200\/gJzcf0yI_normal.jpeg","profile_banner_url":"https:\/\/pbs.twimg.com\/profile_banners\/25831248\/1435065827","default_profile":false,"default_profile_image":false,"following":null,"follow_request_sent":null,"notifications":null},"geo":null,"coordinates":null,"place":null,"contributors":null,"retweet_count":0,"favorite_count":0,"entities":{"hashtags":[{"text":"refugeeswelcome","indices":[34,50]}],"trends":[],"urls":[{"url":"http:\/\/t.co\/HWcxIso4yw","expanded_url":"http:\/\/fb.me\/1GXW0j83D","display_url":"fb.me\/1GXW0j83D","indices":[51,73]}],"user_mentions":[],"symbols":[]},"favorited":false,"retweeted":false,"possibly_sensitive":false,"filter_level":"low","lang":"de","timestamp_ms":"1442015477592"}
