{"created_at":"Sat Sep 12 19:50:50 +0000 2015","id":642787473878327296,"id_str":"642787473878327296","text":"#M\u00fcnchen am Limit: Tausende Notpl\u00e4tze f\u00fcr #Fl\u00fcchtlinge fehlen: http:\/\/t.co\/Pz9kjnPbAN","source":"\u003ca href=\"https:\/\/about.twitter.com\/products\/tweetdeck\" rel=\"nofollow\"\u003eTweetDeck\u003c\/a\u003e","truncated":false,"in_reply_to_status_id":null,"in_reply_to_status_id_str":null,"in_reply_to_user_id":null,"in_reply_to_user_id_str":null,"in_reply_to_screen_name":null,"user":{"id":16239833,"id_str":"16239833","name":"N\u00fcrnb. Nachrichten","screen_name":"NN_Online","location":"N\u00fcrnberg","url":"http:\/\/www.nn-online.de","description":"N\u00fcrnberger Nachrichten - das Medium der Metropolregion N\u00fcrnberg. Impressum: http:\/\/bit.ly\/1hQhDsc","protected":false,"verified":false,"followers_count":11777,"friends_count":201,"listed_count":321,"favourites_count":279,"statuses_count":24487,"created_at":"Thu Sep 11 13:23:10 +0000 2008","utc_offset":7200,"time_zone":"Berlin","geo_enabled":false,"lang":"de","contributors_enabled":false,"is_translator":false,"profile_background_color":"FFFFFF","profile_background_image_url":"http:\/\/pbs.twimg.com\/profile_background_images\/5076435\/nnbgtwitter.gif","profile_background_image_url_https":"https:\/\/pbs.twimg.com\/profile_background_images\/5076435\/nnbgtwitter.gif","profile_background_tile":true,"profile_link_color":"C00B2E","profile_sidebar_border_color":"8096B4","profile_sidebar_fill_color":"C2CDDC","profile_text_color":"4F4F4F","profile_use_background_image":true,"profile_image_url":"http:\/\/pbs.twimg.com\/profile_images\/463329832311345152\/1cTfYGvB_normal.png","profile_image_url_https":"https:\/\/pbs.twimg.com\/profile_images\/463329832311345152\/1cTfYGvB_normal.png","profile_banner_url":"https:\/\/pbs.twimg.com\/profile_banners\/16239833\/1399300508","default_profile":false,"default_profile_image":false,"following":null,"follow_request_sent":null,"notifications":null},"geo":null,"coordinates":null,"place":null,"contributors":null,"retweet_count":0,"favorite_count":0,"entities":{"hashtags":[{"text":"M\u00fcnchen","indices":[0,8]},{"text":"Fl\u00fcchtlinge","indices":[42,54]}],"trends":[],"urls":[{"url":"http:\/\/t.co\/Pz9kjnPbAN","expanded_url":"http:\/\/www.nordbayern.de\/region\/munchen-am-limit-tausende-notplatze-fur-fluchtlinge-fehlen-1.4649940","display_url":"nordbayern.de\/region\/munchen\u2026","indices":[63,85]}],"user_mentions":[],"symbols":[]},"favorited":false,"retweeted":false,"possibly_sensitive":false,"filter_level":"low","lang":"de","timestamp_ms":"1442087450843"}
