{"created_at":"Thu Sep 10 20:24:29 +0000 2015","id":642071165750611968,"id_str":"642071165750611968","text":"Suizid statt Knast\u00a0|\u00a0zentral+ http:\/\/t.co\/hlNld4oVmJ","source":"\u003ca href=\"http:\/\/twitter.com\/download\/iphone\" rel=\"nofollow\"\u003eTwitter for iPhone\u003c\/a\u003e","truncated":false,"in_reply_to_status_id":null,"in_reply_to_status_id_str":null,"in_reply_to_user_id":null,"in_reply_to_user_id_str":null,"in_reply_to_screen_name":null,"user":{"id":298458829,"id_str":"298458829","name":"Katla","screen_name":"kaddlah","location":"Europe ","url":"http:\/\/kaddlah.tumblr.com","description":"music listener \u2022 urban art admirer \u2022 la rue est une galerie d'art en plein air.","protected":false,"verified":false,"followers_count":614,"friends_count":905,"listed_count":20,"favourites_count":5630,"statuses_count":5704,"created_at":"Sat May 14 10:40:35 +0000 2011","utc_offset":7200,"time_zone":"Bern","geo_enabled":false,"lang":"de","contributors_enabled":false,"is_translator":false,"profile_background_color":"131516","profile_background_image_url":"http:\/\/abs.twimg.com\/images\/themes\/theme14\/bg.gif","profile_background_image_url_https":"https:\/\/abs.twimg.com\/images\/themes\/theme14\/bg.gif","profile_background_tile":true,"profile_link_color":"3B94D9","profile_sidebar_border_color":"000000","profile_sidebar_fill_color":"EFEFEF","profile_text_color":"333333","profile_use_background_image":false,"profile_image_url":"http:\/\/pbs.twimg.com\/profile_images\/511334283227955200\/MuQhPF6T_normal.jpeg","profile_image_url_https":"https:\/\/pbs.twimg.com\/profile_images\/511334283227955200\/MuQhPF6T_normal.jpeg","profile_banner_url":"https:\/\/pbs.twimg.com\/profile_banners\/298458829\/1411332067","default_profile":false,"default_profile_image":false,"following":null,"follow_request_sent":null,"notifications":null},"geo":null,"coordinates":null,"place":null,"contributors":null,"retweet_count":0,"favorite_count":0,"entities":{"hashtags":[],"trends":[],"urls":[{"url":"http:\/\/t.co\/hlNld4oVmJ","expanded_url":"http:\/\/www.zentralplus.ch\/de\/news\/politik\/3951224\/Suizid-statt-Knast.htm","display_url":"zentralplus.ch\/de\/news\/politi\u2026","indices":[30,52]}],"user_mentions":[],"symbols":[]},"favorited":false,"retweeted":false,"possibly_sensitive":false,"filter_level":"low","lang":"de","timestamp_ms":"1441916669677"}
