{"created_at":"Sat Sep 12 00:00:02 +0000 2015","id":642487799128547328,"id_str":"642487799128547328","text":"Orban redet Klartext: \"Es gibt kein Grundrecht auf ein besseres Leben\" http:\/\/t.co\/J4Kv5YtUct","source":"\u003ca href=\"http:\/\/dlvr.it\" rel=\"nofollow\"\u003edlvr.it\u003c\/a\u003e","truncated":false,"in_reply_to_status_id":null,"in_reply_to_status_id_str":null,"in_reply_to_user_id":null,"in_reply_to_user_id_str":null,"in_reply_to_screen_name":null,"user":{"id":19232587,"id_str":"19232587","name":"n-tv","screen_name":"ntvde","location":"Deutschland","url":"http:\/\/n-tv.de","description":"Aktuelles aus der Online-Redaktion. Eilmeldungen hier: @ntv_EIL. Und: @ntvde_politik, @teleboerse_de, @ntvde_Sport, @ntvde_Auto | http:\/\/ntv.de\/impressum","protected":false,"verified":true,"followers_count":436373,"friends_count":27420,"listed_count":4046,"favourites_count":2252,"statuses_count":96430,"created_at":"Tue Jan 20 11:53:45 +0000 2009","utc_offset":7200,"time_zone":"Berlin","geo_enabled":false,"lang":"de","contributors_enabled":false,"is_translator":false,"profile_background_color":"E5E5E5","profile_background_image_url":"http:\/\/pbs.twimg.com\/profile_background_images\/387446553\/Studiohintergrund.jpg","profile_background_image_url_https":"https:\/\/pbs.twimg.com\/profile_background_images\/387446553\/Studiohintergrund.jpg","profile_background_tile":true,"profile_link_color":"B2101D","profile_sidebar_border_color":"FFFFFF","profile_sidebar_fill_color":"EDEDED","profile_text_color":"333333","profile_use_background_image":false,"profile_image_url":"http:\/\/pbs.twimg.com\/profile_images\/562216949191434240\/oHlTVT_Q_normal.jpeg","profile_image_url_https":"https:\/\/pbs.twimg.com\/profile_images\/562216949191434240\/oHlTVT_Q_normal.jpeg","profile_banner_url":"https:\/\/pbs.twimg.com\/profile_banners\/19232587\/1422877956","default_profile":false,"default_profile_image":false,"following":null,"follow_request_sent":null,"notifications":null},"geo":null,"coordinates":null,"place":null,"contributors":null,"retweet_count":0,"favorite_count":0,"entities":{"hashtags":[],"trends":[],"urls":[{"url":"http:\/\/t.co\/J4Kv5YtUct","expanded_url":"http:\/\/www.n-tv.de\/politik\/Es-gibt-kein-Grundrecht-auf-ein-besseres-Leben-article15915546.html","display_url":"n-tv.de\/politik\/Es-gib\u2026","indices":[71,93]}],"user_mentions":[],"symbols":[]},"favorited":false,"retweeted":false,"possibly_sensitive":false,"filter_level":"low","lang":"de","timestamp_ms":"1442016002815"}
