{"created_at":"Thu Sep 10 20:27:01 +0000 2015","id":642071801997193216,"id_str":"642071801997193216","text":"M\u00fcnchen zeigt in diesen Tagen, was Europa wirklich bedeutet.  #solidarit\u00e4t #refugeeswelcome #m\u00fcnchenhilft #Menschenrechte","source":"\u003ca href=\"http:\/\/twitter.com\/download\/android\" rel=\"nofollow\"\u003eTwitter for Android\u003c\/a\u003e","truncated":false,"in_reply_to_status_id":null,"in_reply_to_status_id_str":null,"in_reply_to_user_id":null,"in_reply_to_user_id_str":null,"in_reply_to_screen_name":null,"user":{"id":1152361399,"id_str":"1152361399","name":"Hajo Vogel","screen_name":"hajobird","location":"M\u00fcnchen and Bremen","url":null,"description":"Travelling, photography, journalism, internationale politics, music and\nSV Werder-Bremen addicted. Student in BA cultural and social science.","protected":false,"verified":false,"followers_count":9,"friends_count":48,"listed_count":0,"favourites_count":148,"statuses_count":63,"created_at":"Tue Feb 05 23:35:12 +0000 2013","utc_offset":10800,"time_zone":"Athens","geo_enabled":true,"lang":"de","contributors_enabled":false,"is_translator":false,"profile_background_color":"C0DEED","profile_background_image_url":"http:\/\/abs.twimg.com\/images\/themes\/theme1\/bg.png","profile_background_image_url_https":"https:\/\/abs.twimg.com\/images\/themes\/theme1\/bg.png","profile_background_tile":false,"profile_link_color":"0084B4","profile_sidebar_border_color":"C0DEED","profile_sidebar_fill_color":"DDEEF6","profile_text_color":"333333","profile_use_background_image":true,"profile_image_url":"http:\/\/pbs.twimg.com\/profile_images\/597454237577150464\/q_WT-Z1B_normal.jpg","profile_image_url_https":"https:\/\/pbs.twimg.com\/profile_images\/597454237577150464\/q_WT-Z1B_normal.jpg","profile_banner_url":"https:\/\/pbs.twimg.com\/profile_banners\/1152361399\/1440703529","default_profile":true,"default_profile_image":false,"following":null,"follow_request_sent":null,"notifications":null},"geo":null,"coordinates":null,"place":{"id":"37439688c6302728","url":"https:\/\/api.twitter.com\/1.1\/geo\/id\/37439688c6302728.json","place_type":"city","name":"M\u00fcnchen","full_name":"M\u00fcnchen, Bayern","country_code":"DE","country":"Deutschland","bounding_box":{"type":"Polygon","coordinates":[[[11.360589,48.061634],[11.360589,48.248124],[11.722918,48.248124],[11.722918,48.061634]]]},"attributes":{}},"contributors":null,"retweet_count":0,"favorite_count":0,"entities":{"hashtags":[{"text":"solidarit\u00e4t","indices":[62,74]},{"text":"refugeeswelcome","indices":[75,91]},{"text":"m\u00fcnchenhilft","indices":[92,105]},{"text":"Menschenrechte","indices":[106,121]}],"trends":[],"urls":[],"user_mentions":[],"symbols":[]},"favorited":false,"retweeted":false,"possibly_sensitive":false,"filter_level":"low","lang":"de","timestamp_ms":"1441916821370"}
