{"created_at":"Thu Sep 10 20:21:09 +0000 2015","id":642070327418318848,"id_str":"642070327418318848","text":"RT @refresh_taste: Neben Smartphones transportieren Fl\u00fcchtlinge auch Laser-Printer, finanziert von Angela Merkels Partei.\n\ud83d\udc49#paranoia \ud83d\ude48 http\u2026","source":"\u003ca href=\"http:\/\/twitter.com\" rel=\"nofollow\"\u003eTwitter Web Client\u003c\/a\u003e","truncated":false,"in_reply_to_status_id":null,"in_reply_to_status_id_str":null,"in_reply_to_user_id":null,"in_reply_to_user_id_str":null,"in_reply_to_screen_name":null,"user":{"id":2310842198,"id_str":"2310842198","name":"runner","screen_name":"runner0305","location":"Stuttgart","url":"http:\/\/www.shfm-lost-children.de\/index.php\/de\/","description":"#Solitude #VfB #runner #Kehrwoche #umdieeckedenken #grandcru #louisdefun\u00e8s #missmarple #B295","protected":false,"verified":false,"followers_count":370,"friends_count":457,"listed_count":39,"favourites_count":10458,"statuses_count":8050,"created_at":"Sat Jan 25 23:07:31 +0000 2014","utc_offset":7200,"time_zone":"Amsterdam","geo_enabled":false,"lang":"de","contributors_enabled":false,"is_translator":false,"profile_background_color":"C6E2EE","profile_background_image_url":"http:\/\/abs.twimg.com\/images\/themes\/theme2\/bg.gif","profile_background_image_url_https":"https:\/\/abs.twimg.com\/images\/themes\/theme2\/bg.gif","profile_background_tile":false,"profile_link_color":"1F98C7","profile_sidebar_border_color":"C6E2EE","profile_sidebar_fill_color":"DAECF4","profile_text_color":"663B12","profile_use_background_image":true,"profile_image_url":"http:\/\/pbs.twimg.com\/profile_images\/627843948879478784\/WMqptwhZ_normal.jpg","profile_image_url_https":"https:\/\/pbs.twimg.com\/profile_images\/627843948879478784\/WMqptwhZ_normal.jpg","profile_banner_url":"https:\/\/pbs.twimg.com\/profile_banners\/2310842198\/1436728794","default_profile":false,"default_profile_image":false,"following":null,"follow_request_sent":null,"notifications":null},"geo":null,"coordinates":null,"place":null,"contributors":null,"retweeted_status":{"created_at":"Thu Sep 10 20:19:33 +0000 2015","id":642069922022080512,"id_str":"642069922022080512","text":"Neben Smartphones transportieren Fl\u00fcchtlinge auch Laser-Printer, finanziert von Angela Merkels Partei.\n\ud83d\udc49#paranoia \ud83d\ude48 http:\/\/t.co\/RkNySFl1ig","source":"\u003ca href=\"http:\/\/twitter.com\/download\/iphone\" rel=\"nofollow\"\u003eTwitter for iPhone\u003c\/a\u003e","truncated":false,"in_reply_to_status_id":null,"in_reply_to_status_id_str":null,"in_reply_to_user_id":null,"in_reply_to_user_id_str":null,"in_reply_to_screen_name":null,"user":{"id":2150981650,"id_str":"2150981650","name":"NadjaHipp","screen_name":"refresh_taste","location":"Speicher AR, Schweiz","url":"http:\/\/www.f5refresh.ch","description":"Hallo TL! Ihr seid meine B\u00fcrokollegen - Dr\u00fcck F5 auf der Tastatur und aktualisiere die Webseite. Das ist mein Job!\r\nhttps:\/\/www.facebook.com\/f5refreshtaste","protected":false,"verified":false,"followers_count":2035,"friends_count":2134,"listed_count":78,"favourites_count":89579,"statuses_count":12524,"created_at":"Thu Oct 24 12:45:32 +0000 2013","utc_offset":null,"time_zone":null,"geo_enabled":true,"lang":"de","contributors_enabled":false,"is_translator":false,"profile_background_color":"FA7405","profile_background_image_url":"http:\/\/abs.twimg.com\/images\/themes\/theme1\/bg.png","profile_background_image_url_https":"https:\/\/abs.twimg.com\/images\/themes\/theme1\/bg.png","profile_background_tile":false,"profile_link_color":"FA7405","profile_sidebar_border_color":"FFFFFF","profile_sidebar_fill_color":"DDEEF6","profile_text_color":"333333","profile_use_background_image":true,"profile_image_url":"http:\/\/pbs.twimg.com\/profile_images\/528873309510057986\/MUg_JOwu_normal.jpeg","profile_image_url_https":"https:\/\/pbs.twimg.com\/profile_images\/528873309510057986\/MUg_JOwu_normal.jpeg","profile_banner_url":"https:\/\/pbs.twimg.com\/profile_banners\/2150981650\/1395169889","default_profile":false,"default_profile_image":false,"following":null,"follow_request_sent":null,"notifications":null},"geo":null,"coordinates":null,"place":null,"contributors":null,"retweet_count":1,"favorite_count":3,"entities":{"hashtags":[{"text":"paranoia","indices":[104,113]}],"trends":[],"urls":[],"user_mentions":[],"symbols":[],"media":[{"id":642069899557212160,"id_str":"642069899557212160","indices":[116,138],"media_url":"http:\/\/pbs.twimg.com\/media\/COkXK_wUEAAzUUp.jpg","media_url_https":"https:\/\/pbs.twimg.com\/media\/COkXK_wUEAAzUUp.jpg","url":"http:\/\/t.co\/RkNySFl1ig","display_url":"pic.twitter.com\/RkNySFl1ig","expanded_url":"http:\/\/twitter.com\/refresh_taste\/status\/642069922022080512\/photo\/1","type":"photo","sizes":{"thumb":{"w":150,"h":150,"resize":"crop"},"small":{"w":340,"h":259,"resize":"fit"},"large":{"w":640,"h":489,"resize":"fit"},"medium":{"w":600,"h":458,"resize":"fit"}}}]},"extended_entities":{"media":[{"id":642069899557212160,"id_str":"642069899557212160","indices":[116,138],"media_url":"http:\/\/pbs.twimg.com\/media\/COkXK_wUEAAzUUp.jpg","media_url_https":"https:\/\/pbs.twimg.com\/media\/COkXK_wUEAAzUUp.jpg","url":"http:\/\/t.co\/RkNySFl1ig","display_url":"pic.twitter.com\/RkNySFl1ig","expanded_url":"http:\/\/twitter.com\/refresh_taste\/status\/642069922022080512\/photo\/1","type":"photo","sizes":{"thumb":{"w":150,"h":150,"resize":"crop"},"small":{"w":340,"h":259,"resize":"fit"},"large":{"w":640,"h":489,"resize":"fit"},"medium":{"w":600,"h":458,"resize":"fit"}}}]},"favorited":false,"retweeted":false,"possibly_sensitive":false,"filter_level":"low","lang":"de"},"retweet_count":0,"favorite_count":0,"entities":{"hashtags":[{"text":"paranoia","indices":[123,132]}],"trends":[],"urls":[],"user_mentions":[{"screen_name":"refresh_taste","name":"NadjaHipp","id":2150981650,"id_str":"2150981650","indices":[3,17]}],"symbols":[],"media":[{"id":642069899557212160,"id_str":"642069899557212160","indices":[139,140],"media_url":"http:\/\/pbs.twimg.com\/media\/COkXK_wUEAAzUUp.jpg","media_url_https":"https:\/\/pbs.twimg.com\/media\/COkXK_wUEAAzUUp.jpg","url":"http:\/\/t.co\/RkNySFl1ig","display_url":"pic.twitter.com\/RkNySFl1ig","expanded_url":"http:\/\/twitter.com\/refresh_taste\/status\/642069922022080512\/photo\/1","type":"photo","sizes":{"thumb":{"w":150,"h":150,"resize":"crop"},"small":{"w":340,"h":259,"resize":"fit"},"large":{"w":640,"h":489,"resize":"fit"},"medium":{"w":600,"h":458,"resize":"fit"}},"source_status_id":642069922022080512,"source_status_id_str":"642069922022080512"}]},"extended_entities":{"media":[{"id":642069899557212160,"id_str":"642069899557212160","indices":[139,140],"media_url":"http:\/\/pbs.twimg.com\/media\/COkXK_wUEAAzUUp.jpg","media_url_https":"https:\/\/pbs.twimg.com\/media\/COkXK_wUEAAzUUp.jpg","url":"http:\/\/t.co\/RkNySFl1ig","display_url":"pic.twitter.com\/RkNySFl1ig","expanded_url":"http:\/\/twitter.com\/refresh_taste\/status\/642069922022080512\/photo\/1","type":"photo","sizes":{"thumb":{"w":150,"h":150,"resize":"crop"},"small":{"w":340,"h":259,"resize":"fit"},"large":{"w":640,"h":489,"resize":"fit"},"medium":{"w":600,"h":458,"resize":"fit"}},"source_status_id":642069922022080512,"source_status_id_str":"642069922022080512"}]},"favorited":false,"retweeted":false,"possibly_sensitive":false,"filter_level":"low","lang":"de","timestamp_ms":"1441916469803"}
