{"created_at":"Thu Sep 10 20:23:35 +0000 2015","id":642070938536820736,"id_str":"642070938536820736","text":"RT @SummerSunnyboy: #Merkel l\u00e4dt Millionen #Fl\u00fcchtlinge nach Deutschland ein und wei\u00df selbst nicht, was sie mit all diesen Menschen machen \u2026","source":"\u003ca href=\"http:\/\/www.tweetcaster.com\" rel=\"nofollow\"\u003eTweetCaster for Android\u003c\/a\u003e","truncated":false,"in_reply_to_status_id":null,"in_reply_to_status_id_str":null,"in_reply_to_user_id":null,"in_reply_to_user_id_str":null,"in_reply_to_screen_name":null,"user":{"id":3346586565,"id_str":"3346586565","name":"Hans Peter","screen_name":"Hape999","location":"fr\u00fcher nannte man es Deutschland heute Absurdistan","url":null,"description":"Familienvater, Steuerzahler. Die SPD hat uns verraten. Retweets geben nicht immer meine Meinung wieder.","protected":false,"verified":false,"followers_count":87,"friends_count":265,"listed_count":4,"favourites_count":77,"statuses_count":1705,"created_at":"Fri Jun 26 15:41:47 +0000 2015","utc_offset":null,"time_zone":null,"geo_enabled":false,"lang":"en","contributors_enabled":false,"is_translator":false,"profile_background_color":"C0DEED","profile_background_image_url":"http:\/\/abs.twimg.com\/images\/themes\/theme1\/bg.png","profile_background_image_url_https":"https:\/\/abs.twimg.com\/images\/themes\/theme1\/bg.png","profile_background_tile":false,"profile_link_color":"0084B4","profile_sidebar_border_color":"C0DEED","profile_sidebar_fill_color":"DDEEF6","profile_text_color":"333333","profile_use_background_image":true,"profile_image_url":"http:\/\/abs.twimg.com\/sticky\/default_profile_images\/default_profile_0_normal.png","profile_image_url_https":"https:\/\/abs.twimg.com\/sticky\/default_profile_images\/default_profile_0_normal.png","default_profile":true,"default_profile_image":true,"following":null,"follow_request_sent":null,"notifications":null},"geo":null,"coordinates":null,"place":null,"contributors":null,"retweeted_status":{"created_at":"Thu Sep 10 18:52:35 +0000 2015","id":642048038819770369,"id_str":"642048038819770369","text":"#Merkel l\u00e4dt Millionen #Fl\u00fcchtlinge nach Deutschland ein und wei\u00df selbst nicht, was sie mit all diesen Menschen machen soll!","source":"\u003ca href=\"http:\/\/twitter.com\/download\/iphone\" rel=\"nofollow\"\u003eTwitter for iPhone\u003c\/a\u003e","truncated":false,"in_reply_to_status_id":null,"in_reply_to_status_id_str":null,"in_reply_to_user_id":null,"in_reply_to_user_id_str":null,"in_reply_to_screen_name":null,"user":{"id":1367260729,"id_str":"1367260729","name":"Sunnyboy","screen_name":"SummerSunnyboy","location":"Barbados","url":null,"description":null,"protected":false,"verified":false,"followers_count":987,"friends_count":1969,"listed_count":61,"favourites_count":15,"statuses_count":35,"created_at":"Sat Apr 20 15:02:57 +0000 2013","utc_offset":3600,"time_zone":"London","geo_enabled":false,"lang":"de","contributors_enabled":false,"is_translator":false,"profile_background_color":"0099B9","profile_background_image_url":"http:\/\/abs.twimg.com\/images\/themes\/theme4\/bg.gif","profile_background_image_url_https":"https:\/\/abs.twimg.com\/images\/themes\/theme4\/bg.gif","profile_background_tile":false,"profile_link_color":"0099B9","profile_sidebar_border_color":"5ED4DC","profile_sidebar_fill_color":"95E8EC","profile_text_color":"3C3940","profile_use_background_image":true,"profile_image_url":"http:\/\/pbs.twimg.com\/profile_images\/638012738242015232\/syY-CX7M_normal.jpg","profile_image_url_https":"https:\/\/pbs.twimg.com\/profile_images\/638012738242015232\/syY-CX7M_normal.jpg","profile_banner_url":"https:\/\/pbs.twimg.com\/profile_banners\/1367260729\/1440949035","default_profile":false,"default_profile_image":false,"following":null,"follow_request_sent":null,"notifications":null},"geo":null,"coordinates":null,"place":null,"contributors":null,"retweet_count":11,"favorite_count":8,"entities":{"hashtags":[{"text":"Merkel","indices":[0,7]},{"text":"Fl\u00fcchtlinge","indices":[23,35]}],"trends":[],"urls":[],"user_mentions":[],"symbols":[]},"favorited":false,"retweeted":false,"possibly_sensitive":false,"filter_level":"low","lang":"de"},"retweet_count":0,"favorite_count":0,"entities":{"hashtags":[{"text":"Merkel","indices":[20,27]},{"text":"Fl\u00fcchtlinge","indices":[43,55]}],"trends":[],"urls":[],"user_mentions":[{"screen_name":"SummerSunnyboy","name":"Sunnyboy","id":1367260729,"id_str":"1367260729","indices":[3,18]}],"symbols":[]},"favorited":false,"retweeted":false,"possibly_sensitive":false,"filter_level":"low","lang":"de","timestamp_ms":"1441916615505"}
