{"created_at":"Fri Sep 11 23:57:55 +0000 2015","id":642487263734145025,"id_str":"642487263734145025","text":"RT @Bionicfog: Die ersten bitte bei Moderatorin #Reschke unterbringen! Die #wuppt das #Ding https:\/\/t.co\/3UygXHYOy2","source":"\u003ca href=\"http:\/\/twitter.com\" rel=\"nofollow\"\u003eTwitter Web Client\u003c\/a\u003e","truncated":false,"in_reply_to_status_id":null,"in_reply_to_status_id_str":null,"in_reply_to_user_id":null,"in_reply_to_user_id_str":null,"in_reply_to_screen_name":null,"user":{"id":221732311,"id_str":"221732311","name":"D.HaneW","screen_name":"hapatamast","location":"","url":"https:\/\/waffenbesitz.wordpress.com\/2015\/05\/28\/waffen-legalisierung-fur-deutsche-mundige-unbescholten","description":"Alles was ein Mensch \u00fcber einen anderen aussagt, sagt m\u00f6glichenfalls genau so viel \u00fcber den Redner aus  wer erz\u00e4hlet, spricht \u00fcber sich.","protected":false,"verified":false,"followers_count":1323,"friends_count":1363,"listed_count":15,"favourites_count":84100,"statuses_count":8273,"created_at":"Wed Dec 01 13:18:48 +0000 2010","utc_offset":7200,"time_zone":"Ljubljana","geo_enabled":false,"lang":"de","contributors_enabled":false,"is_translator":false,"profile_background_color":"022330","profile_background_image_url":"http:\/\/abs.twimg.com\/images\/themes\/theme15\/bg.png","profile_background_image_url_https":"https:\/\/abs.twimg.com\/images\/themes\/theme15\/bg.png","profile_background_tile":false,"profile_link_color":"0084B4","profile_sidebar_border_color":"A8C7F7","profile_sidebar_fill_color":"C0DFEC","profile_text_color":"333333","profile_use_background_image":true,"profile_image_url":"http:\/\/pbs.twimg.com\/profile_images\/605533992599883778\/78XOhvWg_normal.jpg","profile_image_url_https":"https:\/\/pbs.twimg.com\/profile_images\/605533992599883778\/78XOhvWg_normal.jpg","profile_banner_url":"https:\/\/pbs.twimg.com\/profile_banners\/221732311\/1433205895","default_profile":false,"default_profile_image":false,"following":null,"follow_request_sent":null,"notifications":null},"geo":null,"coordinates":null,"place":null,"contributors":null,"retweeted_status":{"created_at":"Fri Sep 11 22:43:50 +0000 2015","id":642468622871490560,"id_str":"642468622871490560","text":"Die ersten bitte bei Moderatorin #Reschke unterbringen! Die #wuppt das #Ding https:\/\/t.co\/3UygXHYOy2","source":"\u003ca href=\"http:\/\/twitter.com\" rel=\"nofollow\"\u003eTwitter Web Client\u003c\/a\u003e","truncated":false,"in_reply_to_status_id":null,"in_reply_to_status_id_str":null,"in_reply_to_user_id":null,"in_reply_to_user_id_str":null,"in_reply_to_screen_name":null,"user":{"id":3337461591,"id_str":"3337461591","name":"Meike S.","screen_name":"Bionicfog","location":"Nordrhein-Westfalen","url":null,"description":"PC-Schrauberin ; Lebensk\u00fcnstlerin ; Queer","protected":false,"verified":false,"followers_count":15,"friends_count":64,"listed_count":1,"favourites_count":602,"statuses_count":410,"created_at":"Sat Jun 20 19:25:43 +0000 2015","utc_offset":-25200,"time_zone":"Pacific Time (US & Canada)","geo_enabled":false,"lang":"de","contributors_enabled":false,"is_translator":false,"profile_background_color":"C0DEED","profile_background_image_url":"http:\/\/abs.twimg.com\/images\/themes\/theme1\/bg.png","profile_background_image_url_https":"https:\/\/abs.twimg.com\/images\/themes\/theme1\/bg.png","profile_background_tile":false,"profile_link_color":"0084B4","profile_sidebar_border_color":"C0DEED","profile_sidebar_fill_color":"DDEEF6","profile_text_color":"333333","profile_use_background_image":true,"profile_image_url":"http:\/\/pbs.twimg.com\/profile_images\/612342203269152768\/_EEL1wu9_normal.jpg","profile_image_url_https":"https:\/\/pbs.twimg.com\/profile_images\/612342203269152768\/_EEL1wu9_normal.jpg","profile_banner_url":"https:\/\/pbs.twimg.com\/profile_banners\/3337461591\/1434887378","default_profile":true,"default_profile_image":false,"following":null,"follow_request_sent":null,"notifications":null},"geo":null,"coordinates":null,"place":null,"contributors":null,"quoted_status_id":642460678008115200,"quoted_status_id_str":"642460678008115200","quoted_status":{"created_at":"Fri Sep 11 22:12:16 +0000 2015","id":642460678008115200,"id_str":"642460678008115200","text":"Fehlende Unterk\u00fcnfte - Bund und L\u00e4nder pr\u00fcfen jetzt Zwangsvermietungen f\u00fcr Fl\u00fcchtlinge\nhttp:\/\/t.co\/GdSFesS1aC","source":"\u003ca href=\"http:\/\/twitter.com\" rel=\"nofollow\"\u003eTwitter Web Client\u003c\/a\u003e","truncated":false,"in_reply_to_status_id":null,"in_reply_to_status_id_str":null,"in_reply_to_user_id":null,"in_reply_to_user_id_str":null,"in_reply_to_screen_name":null,"user":{"id":221732311,"id_str":"221732311","name":"D.HaneW","screen_name":"hapatamast","location":"","url":"https:\/\/waffenbesitz.wordpress.com\/2015\/05\/28\/waffen-legalisierung-fur-deutsche-mundige-unbescholten","description":"Alles was ein Mensch \u00fcber einen anderen aussagt, sagt m\u00f6glichenfalls genau so viel \u00fcber den Redner aus  wer erz\u00e4hlet, spricht \u00fcber sich.","protected":false,"verified":false,"followers_count":1323,"friends_count":1363,"listed_count":15,"favourites_count":84100,"statuses_count":8272,"created_at":"Wed Dec 01 13:18:48 +0000 2010","utc_offset":7200,"time_zone":"Ljubljana","geo_enabled":false,"lang":"de","contributors_enabled":false,"is_translator":false,"profile_background_color":"022330","profile_background_image_url":"http:\/\/abs.twimg.com\/images\/themes\/theme15\/bg.png","profile_background_image_url_https":"https:\/\/abs.twimg.com\/images\/themes\/theme15\/bg.png","profile_background_tile":false,"profile_link_color":"0084B4","profile_sidebar_border_color":"A8C7F7","profile_sidebar_fill_color":"C0DFEC","profile_text_color":"333333","profile_use_background_image":true,"profile_image_url":"http:\/\/pbs.twimg.com\/profile_images\/605533992599883778\/78XOhvWg_normal.jpg","profile_image_url_https":"https:\/\/pbs.twimg.com\/profile_images\/605533992599883778\/78XOhvWg_normal.jpg","profile_banner_url":"https:\/\/pbs.twimg.com\/profile_banners\/221732311\/1433205895","default_profile":false,"default_profile_image":false,"following":null,"follow_request_sent":null,"notifications":null},"geo":null,"coordinates":null,"place":null,"contributors":null,"retweet_count":0,"favorite_count":0,"entities":{"hashtags":[],"trends":[],"urls":[{"url":"http:\/\/t.co\/GdSFesS1aC","expanded_url":"http:\/\/deruwa.blogspot.com\/2015\/09\/fehlende-unterkunfte-bund-und-lander.html?spref=tw","display_url":"deruwa.blogspot.com\/2015\/09\/fehlen\u2026","indices":[87,109]}],"user_mentions":[],"symbols":[]},"favorited":false,"retweeted":false,"possibly_sensitive":false,"filter_level":"low","lang":"de"},"retweet_count":1,"favorite_count":1,"entities":{"hashtags":[{"text":"Reschke","indices":[33,41]},{"text":"wuppt","indices":[60,66]},{"text":"Ding","indices":[71,76]}],"trends":[],"urls":[{"url":"https:\/\/t.co\/3UygXHYOy2","expanded_url":"https:\/\/twitter.com\/hapatamast\/status\/642460678008115200","display_url":"twitter.com\/hapatamast\/sta\u2026","indices":[77,100]}],"user_mentions":[],"symbols":[]},"favorited":false,"retweeted":false,"possibly_sensitive":false,"filter_level":"low","lang":"de"},"retweet_count":0,"favorite_count":0,"entities":{"hashtags":[{"text":"Reschke","indices":[48,56]},{"text":"wuppt","indices":[75,81]},{"text":"Ding","indices":[86,91]}],"trends":[],"urls":[{"url":"https:\/\/t.co\/3UygXHYOy2","expanded_url":"https:\/\/twitter.com\/hapatamast\/status\/642460678008115200","display_url":"twitter.com\/hapatamast\/sta\u2026","indices":[92,115]}],"user_mentions":[{"screen_name":"Bionicfog","name":"Meike S.","id":3337461591,"id_str":"3337461591","indices":[3,13]}],"symbols":[]},"favorited":false,"retweeted":false,"possibly_sensitive":false,"filter_level":"low","lang":"de","timestamp_ms":"1442015875167"}
