{"created_at":"Thu Sep 10 20:26:51 +0000 2015","id":642071759974363136,"id_str":"642071759974363136","text":"RT @zeitonline: Fl\u00fcchtlinge: #USA erkl\u00e4ren sich bereit, 10.000 Syrer aufzunehmen (nd) http:\/\/t.co\/tBWziuxcF1","source":"\u003ca href=\"http:\/\/twitter.com\/download\/iphone\" rel=\"nofollow\"\u003eTwitter for iPhone\u003c\/a\u003e","truncated":false,"in_reply_to_status_id":null,"in_reply_to_status_id_str":null,"in_reply_to_user_id":null,"in_reply_to_user_id_str":null,"in_reply_to_screen_name":null,"user":{"id":19139070,"id_str":"19139070","name":"Christine Welter","screen_name":"cmwelter","location":"San Francisco Bay Area","url":"http:\/\/christinewelter.zenfolio.com\/p526210171","description":"Words & Images","protected":false,"verified":false,"followers_count":59,"friends_count":160,"listed_count":6,"favourites_count":24,"statuses_count":408,"created_at":"Sun Jan 18 07:27:35 +0000 2009","utc_offset":-25200,"time_zone":"Pacific Time (US & Canada)","geo_enabled":false,"lang":"en","contributors_enabled":false,"is_translator":false,"profile_background_color":"C0DEED","profile_background_image_url":"http:\/\/abs.twimg.com\/images\/themes\/theme1\/bg.png","profile_background_image_url_https":"https:\/\/abs.twimg.com\/images\/themes\/theme1\/bg.png","profile_background_tile":false,"profile_link_color":"0084B4","profile_sidebar_border_color":"C0DEED","profile_sidebar_fill_color":"DDEEF6","profile_text_color":"333333","profile_use_background_image":true,"profile_image_url":"http:\/\/pbs.twimg.com\/profile_images\/501757069532209152\/u2q7Hrqv_normal.jpeg","profile_image_url_https":"https:\/\/pbs.twimg.com\/profile_images\/501757069532209152\/u2q7Hrqv_normal.jpeg","profile_banner_url":"https:\/\/pbs.twimg.com\/profile_banners\/19139070\/1408463248","default_profile":true,"default_profile_image":false,"following":null,"follow_request_sent":null,"notifications":null},"geo":null,"coordinates":null,"place":null,"contributors":null,"retweeted_status":{"created_at":"Thu Sep 10 19:53:27 +0000 2015","id":642063354442477568,"id_str":"642063354442477568","text":"Fl\u00fcchtlinge: #USA erkl\u00e4ren sich bereit, 10.000 Syrer aufzunehmen (nd) http:\/\/t.co\/tBWziuxcF1","source":"\u003ca href=\"https:\/\/about.twitter.com\/products\/tweetdeck\" rel=\"nofollow\"\u003eTweetDeck\u003c\/a\u003e","truncated":false,"in_reply_to_status_id":null,"in_reply_to_status_id_str":null,"in_reply_to_user_id":null,"in_reply_to_user_id_str":null,"in_reply_to_screen_name":null,"user":{"id":5715752,"id_str":"5715752","name":"ZEIT ONLINE","screen_name":"zeitonline","location":"Berlin und Hamburg, Germany","url":"http:\/\/www.zeit.de","description":"Ja, das ist unser offizieller Twitter-Account. Wenn nicht der Newsdesk (nd) twittert, finden Sie hier die handelnden Personen: http:\/\/www.zeit.de\/impressum","protected":false,"verified":true,"followers_count":845976,"friends_count":21,"listed_count":7751,"favourites_count":612,"statuses_count":79343,"created_at":"Wed May 02 15:17:01 +0000 2007","utc_offset":7200,"time_zone":"Berlin","geo_enabled":true,"lang":"de","contributors_enabled":false,"is_translator":false,"profile_background_color":"FFFFFF","profile_background_image_url":"http:\/\/pbs.twimg.com\/profile_background_images\/431753025443471362\/d4Qse5Sk.png","profile_background_image_url_https":"https:\/\/pbs.twimg.com\/profile_background_images\/431753025443471362\/d4Qse5Sk.png","profile_background_tile":false,"profile_link_color":"910202","profile_sidebar_border_color":"FFFFFF","profile_sidebar_fill_color":"FFFFFF","profile_text_color":"000000","profile_use_background_image":true,"profile_image_url":"http:\/\/pbs.twimg.com\/profile_images\/552865124906569728\/LJEllSbd_normal.jpeg","profile_image_url_https":"https:\/\/pbs.twimg.com\/profile_images\/552865124906569728\/LJEllSbd_normal.jpeg","profile_banner_url":"https:\/\/pbs.twimg.com\/profile_banners\/5715752\/1404719577","default_profile":false,"default_profile_image":false,"following":null,"follow_request_sent":null,"notifications":null},"geo":null,"coordinates":null,"place":null,"contributors":null,"retweet_count":11,"favorite_count":19,"entities":{"hashtags":[{"text":"USA","indices":[13,17]}],"trends":[],"urls":[{"url":"http:\/\/t.co\/tBWziuxcF1","expanded_url":"http:\/\/www.zeit.de\/politik\/ausland\/2015-09\/usa-syrien-fluechtlinge-obama","display_url":"zeit.de\/politik\/auslan\u2026","indices":[70,92]}],"user_mentions":[],"symbols":[]},"favorited":false,"retweeted":false,"possibly_sensitive":false,"filter_level":"low","lang":"de"},"retweet_count":0,"favorite_count":0,"entities":{"hashtags":[{"text":"USA","indices":[29,33]}],"trends":[],"urls":[{"url":"http:\/\/t.co\/tBWziuxcF1","expanded_url":"http:\/\/www.zeit.de\/politik\/ausland\/2015-09\/usa-syrien-fluechtlinge-obama","display_url":"zeit.de\/politik\/auslan\u2026","indices":[86,108]}],"user_mentions":[{"screen_name":"zeitonline","name":"ZEIT ONLINE","id":5715752,"id_str":"5715752","indices":[3,14]}],"symbols":[]},"favorited":false,"retweeted":false,"possibly_sensitive":false,"filter_level":"low","lang":"de","timestamp_ms":"1441916811351"}
