{"created_at":"Thu Sep 10 20:24:38 +0000 2015","id":642071201951674370,"id_str":"642071201951674370","text":"@VoxFriburgensis Doch, viele davon sind hier. Die meisten blocken dich bei Kritik oder Gespr\u00e4ch sofort. Aber nicht alle-&gt; #refugeeswelcome","source":"\u003ca href=\"http:\/\/twitter.com\" rel=\"nofollow\"\u003eTwitter Web Client\u003c\/a\u003e","truncated":false,"in_reply_to_status_id":642066027623391232,"in_reply_to_status_id_str":"642066027623391232","in_reply_to_user_id":2960721161,"in_reply_to_user_id_str":"2960721161","in_reply_to_screen_name":"VoxFriburgensis","user":{"id":3038590762,"id_str":"3038590762","name":"aresita","screen_name":"solintana","location":"","url":null,"description":null,"protected":false,"verified":false,"followers_count":209,"friends_count":347,"listed_count":7,"favourites_count":452,"statuses_count":1788,"created_at":"Sun Feb 15 08:30:40 +0000 2015","utc_offset":null,"time_zone":null,"geo_enabled":false,"lang":"de","contributors_enabled":false,"is_translator":false,"profile_background_color":"4A913C","profile_background_image_url":"http:\/\/pbs.twimg.com\/profile_background_images\/584787666828308480\/DXrU_dau.png","profile_background_image_url_https":"https:\/\/pbs.twimg.com\/profile_background_images\/584787666828308480\/DXrU_dau.png","profile_background_tile":true,"profile_link_color":"0084B4","profile_sidebar_border_color":"C0DEED","profile_sidebar_fill_color":"DDEEF6","profile_text_color":"333333","profile_use_background_image":true,"profile_image_url":"http:\/\/pbs.twimg.com\/profile_images\/584803517711392768\/O4WHoThm_normal.png","profile_image_url_https":"https:\/\/pbs.twimg.com\/profile_images\/584803517711392768\/O4WHoThm_normal.png","profile_banner_url":"https:\/\/pbs.twimg.com\/profile_banners\/3038590762\/1428259087","default_profile":false,"default_profile_image":false,"following":null,"follow_request_sent":null,"notifications":null},"geo":null,"coordinates":null,"place":null,"contributors":null,"retweet_count":0,"favorite_count":0,"entities":{"hashtags":[{"text":"refugeeswelcome","indices":[125,141]}],"trends":[],"urls":[],"user_mentions":[{"screen_name":"VoxFriburgensis","name":"Freiburger Stimme","id":2960721161,"id_str":"2960721161","indices":[0,16]}],"symbols":[]},"favorited":false,"retweeted":false,"possibly_sensitive":false,"filter_level":"low","lang":"de","timestamp_ms":"1441916678308"}
