{"created_at":"Sat Sep 12 19:51:53 +0000 2015","id":642787735804211200,"id_str":"642787735804211200","text":"Lage in M\u00fcnchen immer dramatischer: Fl\u00fcchtlinge m\u00fcssen auf dem Boden schlafen. ... http:\/\/t.co\/bOt5kezZkm","source":"\u003ca href=\"http:\/\/www.twee.at\" rel=\"nofollow\"\u003etwee.at news\u003c\/a\u003e","truncated":false,"in_reply_to_status_id":null,"in_reply_to_status_id_str":null,"in_reply_to_user_id":null,"in_reply_to_user_id_str":null,"in_reply_to_screen_name":null,"user":{"id":2274454602,"id_str":"2274454602","name":"twee.at","screen_name":"twee_at","location":"Wien, \u00d6sterreich","url":"http:\/\/www.twee.at","description":"Aktuelle Nachrichten aus Deutschland, \u00d6sterreich und der Schweiz! http:\/\/www.twee.at","protected":false,"verified":false,"followers_count":669,"friends_count":1725,"listed_count":71,"favourites_count":86,"statuses_count":18582,"created_at":"Fri Jan 03 12:44:22 +0000 2014","utc_offset":null,"time_zone":null,"geo_enabled":false,"lang":"de","contributors_enabled":false,"is_translator":false,"profile_background_color":"DCE1E3","profile_background_image_url":"http:\/\/abs.twimg.com\/images\/themes\/theme1\/bg.png","profile_background_image_url_https":"https:\/\/abs.twimg.com\/images\/themes\/theme1\/bg.png","profile_background_tile":false,"profile_link_color":"0084B4","profile_sidebar_border_color":"FFFFFF","profile_sidebar_fill_color":"DDEEF6","profile_text_color":"333333","profile_use_background_image":false,"profile_image_url":"http:\/\/pbs.twimg.com\/profile_images\/513222220437401600\/EozKXqqk_normal.jpeg","profile_image_url_https":"https:\/\/pbs.twimg.com\/profile_images\/513222220437401600\/EozKXqqk_normal.jpeg","default_profile":false,"default_profile_image":false,"following":null,"follow_request_sent":null,"notifications":null},"geo":null,"coordinates":null,"place":null,"contributors":null,"retweet_count":0,"favorite_count":0,"entities":{"hashtags":[],"trends":[],"urls":[{"url":"http:\/\/t.co\/bOt5kezZkm","expanded_url":"http:\/\/www.twee.at\/tags\/fluechtlinge-muenchen","display_url":"twee.at\/tags\/fluechtli\u2026","indices":[83,105]}],"user_mentions":[],"symbols":[]},"favorited":false,"retweeted":false,"possibly_sensitive":false,"filter_level":"low","lang":"de","timestamp_ms":"1442087513291"}
