{"created_at":"Thu Sep 10 20:24:23 +0000 2015","id":642071141075562496,"id_str":"642071141075562496","text":"@AlexFriedo Ach so. Ja wenn der Fl\u00e4chennutzungsplan das verbietet, m\u00fcssen die Fl\u00fcchtlinge halt unter der Br\u00fccke schlafen!!1!","source":"\u003ca href=\"http:\/\/twitter.com\" rel=\"nofollow\"\u003eTwitter Web Client\u003c\/a\u003e","truncated":false,"in_reply_to_status_id":642069816392683521,"in_reply_to_status_id_str":"642069816392683521","in_reply_to_user_id":2962890599,"in_reply_to_user_id_str":"2962890599","in_reply_to_screen_name":"AlexFriedo","user":{"id":2462960534,"id_str":"2462960534","name":"PENETRANZ Saarland","screen_name":"PENETRANZ_Saar","location":"Saarbr\u00fccken, Disko-Hochhaus","url":null,"description":"Das gro\u00dfe Organ der Niedertracht mit 9 Buchstaben. Gesellschaftlich absolut inakzeptabel. Seien Sie so unfreundlich, wie es das Gesetz gerade noch zul\u00e4sst!","protected":false,"verified":false,"followers_count":603,"friends_count":2000,"listed_count":34,"favourites_count":1838,"statuses_count":2041,"created_at":"Fri Apr 25 09:27:54 +0000 2014","utc_offset":7200,"time_zone":"Berlin","geo_enabled":false,"lang":"de","contributors_enabled":false,"is_translator":false,"profile_background_color":"FFFFFF","profile_background_image_url":"http:\/\/abs.twimg.com\/images\/themes\/theme1\/bg.png","profile_background_image_url_https":"https:\/\/abs.twimg.com\/images\/themes\/theme1\/bg.png","profile_background_tile":false,"profile_link_color":"FF00FF","profile_sidebar_border_color":"C0DEED","profile_sidebar_fill_color":"DDEEF6","profile_text_color":"333333","profile_use_background_image":false,"profile_image_url":"http:\/\/pbs.twimg.com\/profile_images\/577830180485361665\/0m2O4PfS_normal.png","profile_image_url_https":"https:\/\/pbs.twimg.com\/profile_images\/577830180485361665\/0m2O4PfS_normal.png","profile_banner_url":"https:\/\/pbs.twimg.com\/profile_banners\/2462960534\/1426202202","default_profile":false,"default_profile_image":false,"following":null,"follow_request_sent":null,"notifications":null},"geo":null,"coordinates":null,"place":null,"contributors":null,"retweet_count":0,"favorite_count":0,"entities":{"hashtags":[],"trends":[],"urls":[],"user_mentions":[{"screen_name":"AlexFriedo","name":"Alexander Friedo","id":2962890599,"id_str":"2962890599","indices":[0,11]}],"symbols":[]},"favorited":false,"retweeted":false,"possibly_sensitive":false,"filter_level":"low","lang":"de","timestamp_ms":"1441916663794"}
