{"created_at":"Sat Sep 12 19:52:33 +0000 2015","id":642787903924342785,"id_str":"642787903924342785","text":"78 Taliban bei Gefechten get\u00f6tet http:\/\/t.co\/j9NxCnfm9q\ufffdtet","source":"\u003ca href=\"http:\/\/dlvr.it\" rel=\"nofollow\"\u003edlvr.it\u003c\/a\u003e","truncated":false,"in_reply_to_status_id":null,"in_reply_to_status_id_str":null,"in_reply_to_user_id":null,"in_reply_to_user_id_str":null,"in_reply_to_screen_name":null,"user":{"id":88098920,"id_str":"88098920","name":"Net News Global","screen_name":"Net_News_Global","location":"Germany","url":"http:\/\/net-news-global.net\/","description":"Independent News from Germany","protected":false,"verified":false,"followers_count":1952,"friends_count":1295,"listed_count":197,"favourites_count":554,"statuses_count":182793,"created_at":"Sat Nov 07 03:02:07 +0000 2009","utc_offset":null,"time_zone":null,"geo_enabled":false,"lang":"en","contributors_enabled":false,"is_translator":false,"profile_background_color":"C0DEED","profile_background_image_url":"http:\/\/pbs.twimg.com\/profile_background_images\/550908879781900288\/2VjSiLhO.jpeg","profile_background_image_url_https":"https:\/\/pbs.twimg.com\/profile_background_images\/550908879781900288\/2VjSiLhO.jpeg","profile_background_tile":true,"profile_link_color":"0084B4","profile_sidebar_border_color":"C0DEED","profile_sidebar_fill_color":"DDEEF6","profile_text_color":"333333","profile_use_background_image":false,"profile_image_url":"http:\/\/pbs.twimg.com\/profile_images\/513886099\/nng_new_header_200_normal.gif","profile_image_url_https":"https:\/\/pbs.twimg.com\/profile_images\/513886099\/nng_new_header_200_normal.gif","default_profile":false,"default_profile_image":false,"following":null,"follow_request_sent":null,"notifications":null},"geo":null,"coordinates":null,"place":null,"contributors":null,"retweet_count":0,"favorite_count":0,"entities":{"hashtags":[],"trends":[],"urls":[{"url":"http:\/\/t.co\/j9NxCnfm9q","expanded_url":"http:\/\/german.irib.ir\/nachrichten\/politik\/item\/289699-78-taliban-bei-gefechten-get","display_url":"german.irib.ir\/nachrichten\/po\u2026","indices":[33,55]}],"user_mentions":[],"symbols":[]},"favorited":false,"retweeted":false,"possibly_sensitive":false,"filter_level":"low","lang":"de","timestamp_ms":"1442087553374"}
