{"created_at":"Thu Sep 10 20:24:00 +0000 2015","id":642071042228416512,"id_str":"642071042228416512","text":"RT @rbbabendschau: .@Vattenfall_De stellt Liegenschaft in der Storkower Stra\u00dfe f\u00fcr #Fl\u00fcchtlinge zur Verf\u00fcgung. #Berlin #refugeeswelcome","source":"\u003ca href=\"http:\/\/twitter.com\" rel=\"nofollow\"\u003eTwitter Web Client\u003c\/a\u003e","truncated":false,"in_reply_to_status_id":null,"in_reply_to_status_id_str":null,"in_reply_to_user_id":null,"in_reply_to_user_id_str":null,"in_reply_to_screen_name":null,"user":{"id":113615592,"id_str":"113615592","name":"angela temming","screen_name":"kriminalistin","location":"Berlin","url":"http:\/\/www.angelatemming.de","description":"Schreibt Krimis. Liebt verschrobene Figuren.  Liebt auch Nesser. Und einige W\u00f6rter.","protected":false,"verified":false,"followers_count":2215,"friends_count":565,"listed_count":196,"favourites_count":21804,"statuses_count":7413,"created_at":"Fri Feb 12 12:15:07 +0000 2010","utc_offset":7200,"time_zone":"Ljubljana","geo_enabled":false,"lang":"de","contributors_enabled":false,"is_translator":false,"profile_background_color":"897945","profile_background_image_url":"http:\/\/pbs.twimg.com\/profile_background_images\/448497845675376640\/zSGASaPx.png","profile_background_image_url_https":"https:\/\/pbs.twimg.com\/profile_background_images\/448497845675376640\/zSGASaPx.png","profile_background_tile":true,"profile_link_color":"AB0101","profile_sidebar_border_color":"FFFFFF","profile_sidebar_fill_color":"0A2E3B","profile_text_color":"525052","profile_use_background_image":false,"profile_image_url":"http:\/\/pbs.twimg.com\/profile_images\/587659150345248768\/mRQ9dX-G_normal.jpg","profile_image_url_https":"https:\/\/pbs.twimg.com\/profile_images\/587659150345248768\/mRQ9dX-G_normal.jpg","profile_banner_url":"https:\/\/pbs.twimg.com\/profile_banners\/113615592\/1427408039","default_profile":false,"default_profile_image":false,"following":null,"follow_request_sent":null,"notifications":null},"geo":null,"coordinates":null,"place":null,"contributors":null,"retweeted_status":{"created_at":"Tue Sep 08 14:32:31 +0000 2015","id":641257813361192962,"id_str":"641257813361192962","text":".@Vattenfall_De stellt Liegenschaft in der Storkower Stra\u00dfe f\u00fcr #Fl\u00fcchtlinge zur Verf\u00fcgung. #Berlin #refugeeswelcome","source":"\u003ca href=\"http:\/\/twitter.com\" rel=\"nofollow\"\u003eTwitter Web Client\u003c\/a\u003e","truncated":false,"in_reply_to_status_id":null,"in_reply_to_status_id_str":null,"in_reply_to_user_id":null,"in_reply_to_user_id_str":null,"in_reply_to_screen_name":null,"user":{"id":22778541,"id_str":"22778541","name":"rbb Abendschau","screen_name":"rbbabendschau","location":"Berlin","url":"http:\/\/www.rbb-online.de\/abendschau","description":"Tweets aus der Abendschau-Redaktion rund um die Themen der Sendung: T\u00e4glich um 19:30 Uhr im @rbbFernsehen.","protected":false,"verified":true,"followers_count":7194,"friends_count":731,"listed_count":237,"favourites_count":518,"statuses_count":6191,"created_at":"Wed Mar 04 14:27:48 +0000 2009","utc_offset":7200,"time_zone":"Berlin","geo_enabled":true,"lang":"de","contributors_enabled":false,"is_translator":false,"profile_background_color":"33426C","profile_background_image_url":"http:\/\/abs.twimg.com\/images\/themes\/theme1\/bg.png","profile_background_image_url_https":"https:\/\/abs.twimg.com\/images\/themes\/theme1\/bg.png","profile_background_tile":false,"profile_link_color":"00536F","profile_sidebar_border_color":"BDDCAD","profile_sidebar_fill_color":"CCE6FF","profile_text_color":"333333","profile_use_background_image":false,"profile_image_url":"http:\/\/pbs.twimg.com\/profile_images\/459375395314216960\/x_TgxBCU_normal.jpeg","profile_image_url_https":"https:\/\/pbs.twimg.com\/profile_images\/459375395314216960\/x_TgxBCU_normal.jpeg","profile_banner_url":"https:\/\/pbs.twimg.com\/profile_banners\/22778541\/1398424366","default_profile":false,"default_profile_image":false,"following":null,"follow_request_sent":null,"notifications":null},"geo":null,"coordinates":null,"place":null,"contributors":null,"retweet_count":10,"favorite_count":7,"entities":{"hashtags":[{"text":"Fl\u00fcchtlinge","indices":[64,76]},{"text":"Berlin","indices":[92,99]},{"text":"refugeeswelcome","indices":[100,116]}],"trends":[],"urls":[],"user_mentions":[{"screen_name":"Vattenfall_De","name":"Vattenfall Germany","id":66630995,"id_str":"66630995","indices":[1,15]}],"symbols":[]},"favorited":false,"retweeted":false,"possibly_sensitive":false,"filter_level":"low","lang":"de"},"retweet_count":0,"favorite_count":0,"entities":{"hashtags":[{"text":"Fl\u00fcchtlinge","indices":[83,95]},{"text":"Berlin","indices":[111,118]},{"text":"refugeeswelcome","indices":[119,135]}],"trends":[],"urls":[],"user_mentions":[{"screen_name":"rbbabendschau","name":"rbb Abendschau","id":22778541,"id_str":"22778541","indices":[3,17]},{"screen_name":"Vattenfall_De","name":"Vattenfall Germany","id":66630995,"id_str":"66630995","indices":[20,34]}],"symbols":[]},"favorited":false,"retweeted":false,"possibly_sensitive":false,"filter_level":"low","lang":"de","timestamp_ms":"1441916640227"}
