{"created_at":"Thu Sep 10 20:28:22 +0000 2015","id":642072141177991168,"id_str":"642072141177991168","text":"RT @die_Schoene: #Jenfelder-Moorpark #Hamburg Zeltstadt #Fl\u00fcchtlinge \u27a1\ud83d\udc49#Gutmenschen, ein Obdachloser w\u00fcrde nie so mit Spenden umgehen http:\u2026","source":"\u003ca href=\"http:\/\/twitter.com\/download\/android\" rel=\"nofollow\"\u003eTwitter for Android\u003c\/a\u003e","truncated":false,"in_reply_to_status_id":null,"in_reply_to_status_id_str":null,"in_reply_to_user_id":null,"in_reply_to_user_id_str":null,"in_reply_to_screen_name":null,"user":{"id":3546711561,"id_str":"3546711561","name":"Uwe ","screen_name":"Monzaller","location":"","url":null,"description":"Bin noch keine 60","protected":false,"verified":false,"followers_count":5,"friends_count":52,"listed_count":0,"favourites_count":2,"statuses_count":59,"created_at":"Fri Sep 04 17:11:48 +0000 2015","utc_offset":-25200,"time_zone":"Pacific Time (US & Canada)","geo_enabled":false,"lang":"de","contributors_enabled":false,"is_translator":false,"profile_background_color":"C0DEED","profile_background_image_url":"http:\/\/abs.twimg.com\/images\/themes\/theme1\/bg.png","profile_background_image_url_https":"https:\/\/abs.twimg.com\/images\/themes\/theme1\/bg.png","profile_background_tile":false,"profile_link_color":"0084B4","profile_sidebar_border_color":"C0DEED","profile_sidebar_fill_color":"DDEEF6","profile_text_color":"333333","profile_use_background_image":true,"profile_image_url":"http:\/\/pbs.twimg.com\/profile_images\/640644106239279104\/6eWkWSae_normal.jpg","profile_image_url_https":"https:\/\/pbs.twimg.com\/profile_images\/640644106239279104\/6eWkWSae_normal.jpg","default_profile":true,"default_profile_image":false,"following":null,"follow_request_sent":null,"notifications":null},"geo":null,"coordinates":null,"place":null,"contributors":null,"retweeted_status":{"created_at":"Thu Sep 10 20:23:24 +0000 2015","id":642070893649338368,"id_str":"642070893649338368","text":"#Jenfelder-Moorpark #Hamburg Zeltstadt #Fl\u00fcchtlinge \u27a1\ud83d\udc49#Gutmenschen, ein Obdachloser w\u00fcrde nie so mit Spenden umgehen http:\/\/t.co\/lzZP4um573","source":"\u003ca href=\"http:\/\/twitter.com\/download\/android\" rel=\"nofollow\"\u003eTwitter for Android\u003c\/a\u003e","truncated":false,"in_reply_to_status_id":null,"in_reply_to_status_id_str":null,"in_reply_to_user_id":null,"in_reply_to_user_id_str":null,"in_reply_to_screen_name":null,"user":{"id":91579685,"id_str":"91579685","name":"Die Germanin #DR #WR","screen_name":"die_Schoene","location":"Germany\/Bournemouth-Dorset UK","url":"http:\/\/page.is\/die-germanin-dr-wr","description":"UKIP\/anti-Islam\/close the borders\/european critical\/Kultur erhalten\/gegen \u00dcberfremdung\/eine eigene Meinung ist keine Hetze","protected":false,"verified":false,"followers_count":1419,"friends_count":291,"listed_count":39,"favourites_count":81,"statuses_count":10366,"created_at":"Sat Nov 21 14:17:56 +0000 2009","utc_offset":7200,"time_zone":"Berlin","geo_enabled":false,"lang":"de","contributors_enabled":false,"is_translator":false,"profile_background_color":"000000","profile_background_image_url":"http:\/\/pbs.twimg.com\/profile_background_images\/437706806219902976\/02uybyjH.jpeg","profile_background_image_url_https":"https:\/\/pbs.twimg.com\/profile_background_images\/437706806219902976\/02uybyjH.jpeg","profile_background_tile":false,"profile_link_color":"FF0000","profile_sidebar_border_color":"000000","profile_sidebar_fill_color":"7AC3EE","profile_text_color":"3D1957","profile_use_background_image":false,"profile_image_url":"http:\/\/pbs.twimg.com\/profile_images\/618790931093979136\/yLHWN5mA_normal.jpg","profile_image_url_https":"https:\/\/pbs.twimg.com\/profile_images\/618790931093979136\/yLHWN5mA_normal.jpg","profile_banner_url":"https:\/\/pbs.twimg.com\/profile_banners\/91579685\/1436365374","default_profile":false,"default_profile_image":false,"following":null,"follow_request_sent":null,"notifications":null},"geo":null,"coordinates":null,"place":null,"contributors":null,"retweet_count":5,"favorite_count":1,"entities":{"hashtags":[{"text":"Jenfelder","indices":[0,10]},{"text":"Hamburg","indices":[20,28]},{"text":"Fl\u00fcchtlinge","indices":[39,51]},{"text":"Gutmenschen","indices":[54,66]}],"trends":[],"urls":[],"user_mentions":[],"symbols":[],"media":[{"id":642070893569667072,"id_str":"642070893569667072","indices":[117,139],"media_url":"http:\/\/pbs.twimg.com\/media\/COkYE2vWcAAsn8B.jpg","media_url_https":"https:\/\/pbs.twimg.com\/media\/COkYE2vWcAAsn8B.jpg","url":"http:\/\/t.co\/lzZP4um573","display_url":"pic.twitter.com\/lzZP4um573","expanded_url":"http:\/\/twitter.com\/die_Schoene\/status\/642070893649338368\/photo\/1","type":"photo","sizes":{"small":{"w":340,"h":604,"resize":"fit"},"thumb":{"w":150,"h":150,"resize":"crop"},"medium":{"w":540,"h":960,"resize":"fit"},"large":{"w":540,"h":960,"resize":"fit"}}}]},"extended_entities":{"media":[{"id":642070893569667072,"id_str":"642070893569667072","indices":[117,139],"media_url":"http:\/\/pbs.twimg.com\/media\/COkYE2vWcAAsn8B.jpg","media_url_https":"https:\/\/pbs.twimg.com\/media\/COkYE2vWcAAsn8B.jpg","url":"http:\/\/t.co\/lzZP4um573","display_url":"pic.twitter.com\/lzZP4um573","expanded_url":"http:\/\/twitter.com\/die_Schoene\/status\/642070893649338368\/photo\/1","type":"photo","sizes":{"small":{"w":340,"h":604,"resize":"fit"},"thumb":{"w":150,"h":150,"resize":"crop"},"medium":{"w":540,"h":960,"resize":"fit"},"large":{"w":540,"h":960,"resize":"fit"}}}]},"favorited":false,"retweeted":false,"possibly_sensitive":false,"filter_level":"low","lang":"de"},"retweet_count":0,"favorite_count":0,"entities":{"hashtags":[{"text":"Jenfelder","indices":[17,27]},{"text":"Hamburg","indices":[37,45]},{"text":"Fl\u00fcchtlinge","indices":[56,68]},{"text":"Gutmenschen","indices":[71,83]}],"trends":[],"urls":[],"user_mentions":[{"screen_name":"die_Schoene","name":"Die Germanin #DR #WR","id":91579685,"id_str":"91579685","indices":[3,15]}],"symbols":[],"media":[{"id":642070893569667072,"id_str":"642070893569667072","indices":[139,140],"media_url":"http:\/\/pbs.twimg.com\/media\/COkYE2vWcAAsn8B.jpg","media_url_https":"https:\/\/pbs.twimg.com\/media\/COkYE2vWcAAsn8B.jpg","url":"http:\/\/t.co\/lzZP4um573","display_url":"pic.twitter.com\/lzZP4um573","expanded_url":"http:\/\/twitter.com\/die_Schoene\/status\/642070893649338368\/photo\/1","type":"photo","sizes":{"small":{"w":340,"h":604,"resize":"fit"},"thumb":{"w":150,"h":150,"resize":"crop"},"medium":{"w":540,"h":960,"resize":"fit"},"large":{"w":540,"h":960,"resize":"fit"}},"source_status_id":642070893649338368,"source_status_id_str":"642070893649338368"}]},"extended_entities":{"media":[{"id":642070893569667072,"id_str":"642070893569667072","indices":[139,140],"media_url":"http:\/\/pbs.twimg.com\/media\/COkYE2vWcAAsn8B.jpg","media_url_https":"https:\/\/pbs.twimg.com\/media\/COkYE2vWcAAsn8B.jpg","url":"http:\/\/t.co\/lzZP4um573","display_url":"pic.twitter.com\/lzZP4um573","expanded_url":"http:\/\/twitter.com\/die_Schoene\/status\/642070893649338368\/photo\/1","type":"photo","sizes":{"small":{"w":340,"h":604,"resize":"fit"},"thumb":{"w":150,"h":150,"resize":"crop"},"medium":{"w":540,"h":960,"resize":"fit"},"large":{"w":540,"h":960,"resize":"fit"}},"source_status_id":642070893649338368,"source_status_id_str":"642070893649338368"}]},"favorited":false,"retweeted":false,"possibly_sensitive":false,"filter_level":"low","lang":"de","timestamp_ms":"1441916902237"}
