{"created_at":"Fri Sep 11 23:42:22 +0000 2015","id":642483353569099777,"id_str":"642483353569099777","text":"RT @tweecix: @PiratBernie Nein, bin kein Pirat mehr! - Das habt ihr gut hinbekommen alle gegen euch aufzubringen: https:\/\/t.co\/aF25aSZZYE","source":"\u003ca href=\"http:\/\/twitter.com\" rel=\"nofollow\"\u003eTwitter Web Client\u003c\/a\u003e","truncated":false,"in_reply_to_status_id":null,"in_reply_to_status_id_str":null,"in_reply_to_user_id":null,"in_reply_to_user_id_str":null,"in_reply_to_screen_name":null,"user":{"id":2941652236,"id_str":"2941652236","name":"Anton Heideman","screen_name":"weidenkatzl","location":"Schwarzwald \/ Alemania","url":null,"description":"ICQ Fan - Musik, Politik, Natur, Filmkunst,  Non-Mainstream,   . too old to rock`n roll, to young to die. RT are RT - not more !","protected":false,"verified":false,"followers_count":1369,"friends_count":1432,"listed_count":107,"favourites_count":9068,"statuses_count":51155,"created_at":"Fri Dec 26 02:05:53 +0000 2014","utc_offset":7200,"time_zone":"Paris","geo_enabled":false,"lang":"de","contributors_enabled":false,"is_translator":false,"profile_background_color":"000000","profile_background_image_url":"http:\/\/abs.twimg.com\/images\/themes\/theme1\/bg.png","profile_background_image_url_https":"https:\/\/abs.twimg.com\/images\/themes\/theme1\/bg.png","profile_background_tile":false,"profile_link_color":"9266CC","profile_sidebar_border_color":"000000","profile_sidebar_fill_color":"000000","profile_text_color":"000000","profile_use_background_image":false,"profile_image_url":"http:\/\/pbs.twimg.com\/profile_images\/549773768680144897\/f4yd247l_normal.jpeg","profile_image_url_https":"https:\/\/pbs.twimg.com\/profile_images\/549773768680144897\/f4yd247l_normal.jpeg","default_profile":false,"default_profile_image":false,"following":null,"follow_request_sent":null,"notifications":null},"geo":null,"coordinates":null,"place":null,"contributors":null,"retweeted_status":{"created_at":"Fri Sep 11 16:34:50 +0000 2015","id":642375758267174912,"id_str":"642375758267174912","text":"@PiratBernie Nein, bin kein Pirat mehr! - Das habt ihr gut hinbekommen alle gegen euch aufzubringen: https:\/\/t.co\/aF25aSZZYE","source":"\u003ca href=\"http:\/\/twitter.com\" rel=\"nofollow\"\u003eTwitter Web Client\u003c\/a\u003e","truncated":false,"in_reply_to_status_id":642367762065715200,"in_reply_to_status_id_str":"642367762065715200","in_reply_to_user_id":436674505,"in_reply_to_user_id_str":"436674505","in_reply_to_screen_name":"PiratBernie","user":{"id":1602974364,"id_str":"1602974364","name":"Stefan Blaszkowski","screen_name":"tweecix","location":"","url":"http:\/\/wiki.piratenpartei.de\/Benutzer:Bielefelder-pirat","description":"sozialer Liberalismus u. Pirat","protected":false,"verified":false,"followers_count":95,"friends_count":43,"listed_count":12,"favourites_count":2166,"statuses_count":7312,"created_at":"Thu Jul 18 09:15:11 +0000 2013","utc_offset":null,"time_zone":null,"geo_enabled":false,"lang":"de","contributors_enabled":false,"is_translator":false,"profile_background_color":"C0DEED","profile_background_image_url":"http:\/\/abs.twimg.com\/images\/themes\/theme1\/bg.png","profile_background_image_url_https":"https:\/\/abs.twimg.com\/images\/themes\/theme1\/bg.png","profile_background_tile":false,"profile_link_color":"0084B4","profile_sidebar_border_color":"C0DEED","profile_sidebar_fill_color":"DDEEF6","profile_text_color":"333333","profile_use_background_image":true,"profile_image_url":"http:\/\/pbs.twimg.com\/profile_images\/605891631917637632\/kIl5Lc3L_normal.jpg","profile_image_url_https":"https:\/\/pbs.twimg.com\/profile_images\/605891631917637632\/kIl5Lc3L_normal.jpg","default_profile":true,"default_profile_image":false,"following":null,"follow_request_sent":null,"notifications":null},"geo":null,"coordinates":null,"place":null,"contributors":null,"quoted_status_id":642019866044682240,"quoted_status_id_str":"642019866044682240","quoted_status":{"created_at":"Thu Sep 10 17:00:38 +0000 2015","id":642019866044682240,"id_str":"642019866044682240","text":"W\u00e4ren #heute #Wahlen k\u00e4me die #AfD auf um die 25% http:\/\/t.co\/GHjMq0L9nQ http:\/\/t.co\/I4ocTwrR2n","source":"\u003ca href=\"http:\/\/twitter.com\" rel=\"nofollow\"\u003eTwitter Web Client\u003c\/a\u003e","truncated":false,"in_reply_to_status_id":null,"in_reply_to_status_id_str":null,"in_reply_to_user_id":null,"in_reply_to_user_id_str":null,"in_reply_to_screen_name":null,"user":{"id":1602974364,"id_str":"1602974364","name":"Stefan Blaszkowski","screen_name":"tweecix","location":"","url":"http:\/\/wiki.piratenpartei.de\/Benutzer:Bielefelder-pirat","description":"sozialer Liberalismus u. Pirat","protected":false,"verified":false,"followers_count":95,"friends_count":43,"listed_count":12,"favourites_count":2166,"statuses_count":7312,"created_at":"Thu Jul 18 09:15:11 +0000 2013","utc_offset":null,"time_zone":null,"geo_enabled":false,"lang":"de","contributors_enabled":false,"is_translator":false,"profile_background_color":"C0DEED","profile_background_image_url":"http:\/\/abs.twimg.com\/images\/themes\/theme1\/bg.png","profile_background_image_url_https":"https:\/\/abs.twimg.com\/images\/themes\/theme1\/bg.png","profile_background_tile":false,"profile_link_color":"0084B4","profile_sidebar_border_color":"C0DEED","profile_sidebar_fill_color":"DDEEF6","profile_text_color":"333333","profile_use_background_image":true,"profile_image_url":"http:\/\/pbs.twimg.com\/profile_images\/605891631917637632\/kIl5Lc3L_normal.jpg","profile_image_url_https":"https:\/\/pbs.twimg.com\/profile_images\/605891631917637632\/kIl5Lc3L_normal.jpg","default_profile":true,"default_profile_image":false,"following":null,"follow_request_sent":null,"notifications":null},"geo":null,"coordinates":null,"place":null,"contributors":null,"retweet_count":0,"favorite_count":0,"entities":{"hashtags":[{"text":"heute","indices":[6,12]},{"text":"Wahlen","indices":[13,20]},{"text":"AfD","indices":[30,34]}],"trends":[],"urls":[{"url":"http:\/\/t.co\/GHjMq0L9nQ","expanded_url":"http:\/\/www.tagesspiegel.de\/berlin\/toleranz-umfrage-jeder-vierte-berliner-waehler-ist-gegen-auslaender\/12286470.html","display_url":"tagesspiegel.de\/berlin\/toleran\u2026","indices":[50,72]}],"user_mentions":[],"symbols":[],"media":[{"id":642019865063227392,"id_str":"642019865063227392","indices":[73,95],"media_url":"http:\/\/pbs.twimg.com\/media\/COjpqmvWgAAIR76.jpg","media_url_https":"https:\/\/pbs.twimg.com\/media\/COjpqmvWgAAIR76.jpg","url":"http:\/\/t.co\/I4ocTwrR2n","display_url":"pic.twitter.com\/I4ocTwrR2n","expanded_url":"http:\/\/twitter.com\/tweecix\/status\/642019866044682240\/photo\/1","type":"photo","sizes":{"thumb":{"w":150,"h":150,"resize":"crop"},"small":{"w":340,"h":191,"resize":"fit"},"large":{"w":635,"h":357,"resize":"fit"},"medium":{"w":600,"h":337,"resize":"fit"}}}]},"extended_entities":{"media":[{"id":642019865063227392,"id_str":"642019865063227392","indices":[73,95],"media_url":"http:\/\/pbs.twimg.com\/media\/COjpqmvWgAAIR76.jpg","media_url_https":"https:\/\/pbs.twimg.com\/media\/COjpqmvWgAAIR76.jpg","url":"http:\/\/t.co\/I4ocTwrR2n","display_url":"pic.twitter.com\/I4ocTwrR2n","expanded_url":"http:\/\/twitter.com\/tweecix\/status\/642019866044682240\/photo\/1","type":"photo","sizes":{"thumb":{"w":150,"h":150,"resize":"crop"},"small":{"w":340,"h":191,"resize":"fit"},"large":{"w":635,"h":357,"resize":"fit"},"medium":{"w":600,"h":337,"resize":"fit"}}}]},"favorited":false,"retweeted":false,"possibly_sensitive":false,"filter_level":"low","lang":"de"},"retweet_count":1,"favorite_count":0,"entities":{"hashtags":[],"trends":[],"urls":[{"url":"https:\/\/t.co\/aF25aSZZYE","expanded_url":"https:\/\/twitter.com\/tweecix\/status\/642019866044682240","display_url":"twitter.com\/tweecix\/status\u2026","indices":[101,124]}],"user_mentions":[{"screen_name":"PiratBernie","name":"Kreistags-Pirat GTH","id":436674505,"id_str":"436674505","indices":[0,12]}],"symbols":[]},"favorited":false,"retweeted":false,"possibly_sensitive":false,"filter_level":"low","lang":"de"},"retweet_count":0,"favorite_count":0,"entities":{"hashtags":[],"trends":[],"urls":[{"url":"https:\/\/t.co\/aF25aSZZYE","expanded_url":"https:\/\/twitter.com\/tweecix\/status\/642019866044682240","display_url":"twitter.com\/tweecix\/status\u2026","indices":[114,137]}],"user_mentions":[{"screen_name":"tweecix","name":"Stefan Blaszkowski","id":1602974364,"id_str":"1602974364","indices":[3,11]},{"screen_name":"PiratBernie","name":"Kreistags-Pirat GTH","id":436674505,"id_str":"436674505","indices":[13,25]}],"symbols":[]},"favorited":false,"retweeted":false,"possibly_sensitive":false,"filter_level":"low","lang":"de","timestamp_ms":"1442014942911"}
