{"created_at":"Thu Sep 10 20:22:57 +0000 2015","id":642070777051881472,"id_str":"642070777051881472","text":"RT @SPIEGELONLINE: #Fl\u00fcchtlinge retten Schule in Golzow: H\u00e4tte man nicht syrische Familien ins Dorf geholt, g\u00e4be es keine erste Klasse. htt\u2026","source":"\u003ca href=\"http:\/\/twitter.com\/download\/android\" rel=\"nofollow\"\u003eTwitter for Android\u003c\/a\u003e","truncated":false,"in_reply_to_status_id":null,"in_reply_to_status_id_str":null,"in_reply_to_user_id":null,"in_reply_to_user_id_str":null,"in_reply_to_screen_name":null,"user":{"id":580026542,"id_str":"580026542","name":"Yonny","screen_name":"yonny_s","location":"Stuttgart\/Internet (Neuland)","url":null,"description":"Badener Migrant im Schwabenland. Grundrechte verteidigender Pirat. Absoluter Gegner von #S21. Hasst #Tierquaeler #Baumfrevel #Palmoel und #Nazis","protected":false,"verified":false,"followers_count":819,"friends_count":2001,"listed_count":56,"favourites_count":4958,"statuses_count":30250,"created_at":"Mon May 14 16:37:14 +0000 2012","utc_offset":10800,"time_zone":"Athens","geo_enabled":true,"lang":"en","contributors_enabled":false,"is_translator":false,"profile_background_color":"C0DEED","profile_background_image_url":"http:\/\/abs.twimg.com\/images\/themes\/theme1\/bg.png","profile_background_image_url_https":"https:\/\/abs.twimg.com\/images\/themes\/theme1\/bg.png","profile_background_tile":false,"profile_link_color":"0084B4","profile_sidebar_border_color":"C0DEED","profile_sidebar_fill_color":"DDEEF6","profile_text_color":"333333","profile_use_background_image":true,"profile_image_url":"http:\/\/pbs.twimg.com\/profile_images\/2231380913\/twitter1_normal.jpg","profile_image_url_https":"https:\/\/pbs.twimg.com\/profile_images\/2231380913\/twitter1_normal.jpg","default_profile":true,"default_profile_image":false,"following":null,"follow_request_sent":null,"notifications":null},"geo":null,"coordinates":null,"place":null,"contributors":null,"retweeted_status":{"created_at":"Thu Sep 10 07:45:03 +0000 2015","id":641880047226216454,"id_str":"641880047226216454","text":"#Fl\u00fcchtlinge retten Schule in Golzow: H\u00e4tte man nicht syrische Familien ins Dorf geholt, g\u00e4be es keine erste Klasse. http:\/\/t.co\/PNm6UDsdti","source":"\u003ca href=\"https:\/\/about.twitter.com\/products\/tweetdeck\" rel=\"nofollow\"\u003eTweetDeck\u003c\/a\u003e","truncated":false,"in_reply_to_status_id":null,"in_reply_to_status_id_str":null,"in_reply_to_user_id":null,"in_reply_to_user_id_str":null,"in_reply_to_screen_name":null,"user":{"id":2834511,"id_str":"2834511","name":"SPIEGEL ONLINE","screen_name":"SPIEGELONLINE","location":"Hamburg, Germany","url":"http:\/\/www.spiegel.de","description":"Die wichtigsten Nachrichten des Tages und die besten Geschichten von SPIEGEL ONLINE \u2022 Impressum: http:\/\/www.spiegel.de\/impressum","protected":false,"verified":true,"followers_count":905513,"friends_count":278,"listed_count":4986,"favourites_count":1380,"statuses_count":97748,"created_at":"Thu Mar 29 12:54:46 +0000 2007","utc_offset":7200,"time_zone":"Ljubljana","geo_enabled":true,"lang":"de","contributors_enabled":false,"is_translator":false,"profile_background_color":"AC000B","profile_background_image_url":"http:\/\/abs.twimg.com\/images\/themes\/theme1\/bg.png","profile_background_image_url_https":"https:\/\/abs.twimg.com\/images\/themes\/theme1\/bg.png","profile_background_tile":false,"profile_link_color":"AC000B","profile_sidebar_border_color":"FFFFFF","profile_sidebar_fill_color":"F9F9F9","profile_text_color":"333333","profile_use_background_image":false,"profile_image_url":"http:\/\/pbs.twimg.com\/profile_images\/1719664041\/tw_spon_normal.jpg","profile_image_url_https":"https:\/\/pbs.twimg.com\/profile_images\/1719664041\/tw_spon_normal.jpg","profile_banner_url":"https:\/\/pbs.twimg.com\/profile_banners\/2834511\/1398320320","default_profile":false,"default_profile_image":false,"following":null,"follow_request_sent":null,"notifications":null},"geo":null,"coordinates":null,"place":null,"contributors":null,"retweet_count":41,"favorite_count":48,"entities":{"hashtags":[{"text":"Fl\u00fcchtlinge","indices":[0,12]}],"trends":[],"urls":[{"url":"http:\/\/t.co\/PNm6UDsdti","expanded_url":"http:\/\/spon.de\/aezQb","display_url":"spon.de\/aezQb","indices":[117,139]}],"user_mentions":[],"symbols":[]},"favorited":false,"retweeted":false,"possibly_sensitive":false,"filter_level":"low","lang":"de"},"retweet_count":0,"favorite_count":0,"entities":{"hashtags":[{"text":"Fl\u00fcchtlinge","indices":[19,31]}],"trends":[],"urls":[{"url":"http:\/\/t.co\/PNm6UDsdti","expanded_url":"http:\/\/spon.de\/aezQb","display_url":"spon.de\/aezQb","indices":[139,140]}],"user_mentions":[{"screen_name":"SPIEGELONLINE","name":"SPIEGEL ONLINE","id":2834511,"id_str":"2834511","indices":[3,17]}],"symbols":[]},"favorited":false,"retweeted":false,"possibly_sensitive":false,"filter_level":"low","lang":"de","timestamp_ms":"1441916577004"}
