{"created_at":"Thu Sep 10 20:23:24 +0000 2015","id":642070893649338368,"id_str":"642070893649338368","text":"#Jenfelder-Moorpark #Hamburg Zeltstadt #Fl\u00fcchtlinge \u27a1\ud83d\udc49#Gutmenschen, ein Obdachloser w\u00fcrde nie so mit Spenden umgehen http:\/\/t.co\/lzZP4um573","source":"\u003ca href=\"http:\/\/twitter.com\/download\/android\" rel=\"nofollow\"\u003eTwitter for Android\u003c\/a\u003e","truncated":false,"in_reply_to_status_id":null,"in_reply_to_status_id_str":null,"in_reply_to_user_id":null,"in_reply_to_user_id_str":null,"in_reply_to_screen_name":null,"user":{"id":91579685,"id_str":"91579685","name":"Die Germanin #DR #WR","screen_name":"die_Schoene","location":"Germany\/Bournemouth-Dorset UK","url":"http:\/\/page.is\/die-germanin-dr-wr","description":"UKIP\/anti-Islam\/close the borders\/european critical\/Kultur erhalten\/gegen \u00dcberfremdung\/eine eigene Meinung ist keine Hetze","protected":false,"verified":false,"followers_count":1418,"friends_count":291,"listed_count":39,"favourites_count":81,"statuses_count":10365,"created_at":"Sat Nov 21 14:17:56 +0000 2009","utc_offset":7200,"time_zone":"Berlin","geo_enabled":false,"lang":"de","contributors_enabled":false,"is_translator":false,"profile_background_color":"000000","profile_background_image_url":"http:\/\/pbs.twimg.com\/profile_background_images\/437706806219902976\/02uybyjH.jpeg","profile_background_image_url_https":"https:\/\/pbs.twimg.com\/profile_background_images\/437706806219902976\/02uybyjH.jpeg","profile_background_tile":false,"profile_link_color":"FF0000","profile_sidebar_border_color":"000000","profile_sidebar_fill_color":"7AC3EE","profile_text_color":"3D1957","profile_use_background_image":false,"profile_image_url":"http:\/\/pbs.twimg.com\/profile_images\/618790931093979136\/yLHWN5mA_normal.jpg","profile_image_url_https":"https:\/\/pbs.twimg.com\/profile_images\/618790931093979136\/yLHWN5mA_normal.jpg","profile_banner_url":"https:\/\/pbs.twimg.com\/profile_banners\/91579685\/1436365374","default_profile":false,"default_profile_image":false,"following":null,"follow_request_sent":null,"notifications":null},"geo":null,"coordinates":null,"place":null,"contributors":null,"retweet_count":0,"favorite_count":0,"entities":{"hashtags":[{"text":"Jenfelder","indices":[0,10]},{"text":"Hamburg","indices":[20,28]},{"text":"Fl\u00fcchtlinge","indices":[39,51]},{"text":"Gutmenschen","indices":[54,66]}],"trends":[],"urls":[],"user_mentions":[],"symbols":[],"media":[{"id":642070893569667072,"id_str":"642070893569667072","indices":[117,139],"media_url":"http:\/\/pbs.twimg.com\/media\/COkYE2vWcAAsn8B.jpg","media_url_https":"https:\/\/pbs.twimg.com\/media\/COkYE2vWcAAsn8B.jpg","url":"http:\/\/t.co\/lzZP4um573","display_url":"pic.twitter.com\/lzZP4um573","expanded_url":"http:\/\/twitter.com\/die_Schoene\/status\/642070893649338368\/photo\/1","type":"photo","sizes":{"small":{"w":340,"h":604,"resize":"fit"},"thumb":{"w":150,"h":150,"resize":"crop"},"medium":{"w":540,"h":960,"resize":"fit"},"large":{"w":540,"h":960,"resize":"fit"}}}]},"extended_entities":{"media":[{"id":642070893569667072,"id_str":"642070893569667072","indices":[117,139],"media_url":"http:\/\/pbs.twimg.com\/media\/COkYE2vWcAAsn8B.jpg","media_url_https":"https:\/\/pbs.twimg.com\/media\/COkYE2vWcAAsn8B.jpg","url":"http:\/\/t.co\/lzZP4um573","display_url":"pic.twitter.com\/lzZP4um573","expanded_url":"http:\/\/twitter.com\/die_Schoene\/status\/642070893649338368\/photo\/1","type":"photo","sizes":{"small":{"w":340,"h":604,"resize":"fit"},"thumb":{"w":150,"h":150,"resize":"crop"},"medium":{"w":540,"h":960,"resize":"fit"},"large":{"w":540,"h":960,"resize":"fit"}}}]},"favorited":false,"retweeted":false,"possibly_sensitive":false,"filter_level":"low","lang":"de","timestamp_ms":"1441916604803"}
