{"created_at":"Thu Sep 10 20:20:47 +0000 2015","id":642070233717583872,"id_str":"642070233717583872","text":"Salafisten werben Fl\u00fcchtlinge an http:\/\/t.co\/SttPgzVugo","source":"\u003ca href=\"http:\/\/www.facebook.com\/twitter\" rel=\"nofollow\"\u003eFacebook\u003c\/a\u003e","truncated":false,"in_reply_to_status_id":null,"in_reply_to_status_id_str":null,"in_reply_to_user_id":null,"in_reply_to_user_id_str":null,"in_reply_to_screen_name":null,"user":{"id":2598661128,"id_str":"2598661128","name":"koshercultureclub","screen_name":"kosherculture","location":"","url":"http:\/\/koshercultureclub.com","description":null,"protected":false,"verified":false,"followers_count":9,"friends_count":63,"listed_count":0,"favourites_count":0,"statuses_count":68,"created_at":"Tue Jul 01 22:52:10 +0000 2014","utc_offset":null,"time_zone":null,"geo_enabled":false,"lang":"de","contributors_enabled":false,"is_translator":false,"profile_background_color":"C6E2EE","profile_background_image_url":"http:\/\/abs.twimg.com\/images\/themes\/theme2\/bg.gif","profile_background_image_url_https":"https:\/\/abs.twimg.com\/images\/themes\/theme2\/bg.gif","profile_background_tile":false,"profile_link_color":"1F98C7","profile_sidebar_border_color":"C6E2EE","profile_sidebar_fill_color":"DAECF4","profile_text_color":"663B12","profile_use_background_image":true,"profile_image_url":"http:\/\/pbs.twimg.com\/profile_images\/484109927191818240\/XJmWv0YY_normal.png","profile_image_url_https":"https:\/\/pbs.twimg.com\/profile_images\/484109927191818240\/XJmWv0YY_normal.png","profile_banner_url":"https:\/\/pbs.twimg.com\/profile_banners\/2598661128\/1406094947","default_profile":false,"default_profile_image":false,"following":null,"follow_request_sent":null,"notifications":null},"geo":null,"coordinates":null,"place":null,"contributors":null,"retweet_count":0,"favorite_count":0,"entities":{"hashtags":[],"trends":[],"urls":[{"url":"http:\/\/t.co\/SttPgzVugo","expanded_url":"http:\/\/fb.me\/FJMzLrBt","display_url":"fb.me\/FJMzLrBt","indices":[33,55]}],"user_mentions":[],"symbols":[]},"favorited":false,"retweeted":false,"possibly_sensitive":false,"filter_level":"low","lang":"de","timestamp_ms":"1441916447463"}
