{"created_at":"Fri Sep 11 23:52:57 +0000 2015","id":642486014053871622,"id_str":"642486014053871622","text":"RT @Silbendrechsler: CSU. Eklig. Muss man so sagen. #refugeeswelcome","source":"\u003ca href=\"http:\/\/www.twitter.com\" rel=\"nofollow\"\u003eTwitter for Windows Phone\u003c\/a\u003e","truncated":false,"in_reply_to_status_id":null,"in_reply_to_status_id_str":null,"in_reply_to_user_id":null,"in_reply_to_user_id_str":null,"in_reply_to_screen_name":null,"user":{"id":134083244,"id_str":"134083244","name":"Dominic","screen_name":"DomPilipu","location":"Karlsruhe","url":"http:\/\/dominicdierig.de\/","description":"working with javascript at @busliniensuche, interested in games and the world, from Karlsruhe, Germany","protected":false,"verified":false,"followers_count":76,"friends_count":236,"listed_count":27,"favourites_count":8,"statuses_count":6593,"created_at":"Sat Apr 17 12:00:20 +0000 2010","utc_offset":7200,"time_zone":"Berlin","geo_enabled":false,"lang":"de","contributors_enabled":false,"is_translator":false,"profile_background_color":"000000","profile_background_image_url":"http:\/\/abs.twimg.com\/images\/themes\/theme14\/bg.gif","profile_background_image_url_https":"https:\/\/abs.twimg.com\/images\/themes\/theme14\/bg.gif","profile_background_tile":false,"profile_link_color":"3B94D9","profile_sidebar_border_color":"000000","profile_sidebar_fill_color":"000000","profile_text_color":"000000","profile_use_background_image":false,"profile_image_url":"http:\/\/pbs.twimg.com\/profile_images\/378800000202772917\/c1a5dfec9501c724d8343b7e257aa232_normal.png","profile_image_url_https":"https:\/\/pbs.twimg.com\/profile_images\/378800000202772917\/c1a5dfec9501c724d8343b7e257aa232_normal.png","profile_banner_url":"https:\/\/pbs.twimg.com\/profile_banners\/134083244\/1407414877","default_profile":false,"default_profile_image":false,"following":null,"follow_request_sent":null,"notifications":null},"geo":null,"coordinates":null,"place":null,"contributors":null,"retweeted_status":{"created_at":"Fri Sep 11 21:24:27 +0000 2015","id":642448645871280128,"id_str":"642448645871280128","text":"CSU. Eklig. Muss man so sagen. #refugeeswelcome","source":"\u003ca href=\"http:\/\/twitter.com\/download\/iphone\" rel=\"nofollow\"\u003eTwitter for iPhone\u003c\/a\u003e","truncated":false,"in_reply_to_status_id":null,"in_reply_to_status_id_str":null,"in_reply_to_user_id":null,"in_reply_to_user_id_str":null,"in_reply_to_screen_name":null,"user":{"id":15132576,"id_str":"15132576","name":"Valentina Hirsch","screen_name":"Silbendrechsler","location":"Frankfurt am Main, Hessen","url":"http:\/\/www.valentinas-weblog.de","description":"Journalist with @3sat & @ZDFkultur \/ Cyberculture \/ Games \/ Tea & Cookies \/ I also like music, soccer & Eintracht.          Twitter is public?!","protected":false,"verified":false,"followers_count":2317,"friends_count":953,"listed_count":118,"favourites_count":2466,"statuses_count":11653,"created_at":"Mon Jun 16 09:44:28 +0000 2008","utc_offset":7200,"time_zone":"Berlin","geo_enabled":true,"lang":"de","contributors_enabled":false,"is_translator":false,"profile_background_color":"FFFFFF","profile_background_image_url":"http:\/\/pbs.twimg.com\/profile_background_images\/880552198\/f80d7227aa9d0fa887c30d1ded8b7c80.jpeg","profile_background_image_url_https":"https:\/\/pbs.twimg.com\/profile_background_images\/880552198\/f80d7227aa9d0fa887c30d1ded8b7c80.jpeg","profile_background_tile":false,"profile_link_color":"FFCC4D","profile_sidebar_border_color":"FFFFFF","profile_sidebar_fill_color":"000000","profile_text_color":"363636","profile_use_background_image":true,"profile_image_url":"http:\/\/pbs.twimg.com\/profile_images\/496212431300222976\/f9ZL5eFF_normal.jpeg","profile_image_url_https":"https:\/\/pbs.twimg.com\/profile_images\/496212431300222976\/f9ZL5eFF_normal.jpeg","profile_banner_url":"https:\/\/pbs.twimg.com\/profile_banners\/15132576\/1437999562","default_profile":false,"default_profile_image":false,"following":null,"follow_request_sent":null,"notifications":null},"geo":null,"coordinates":null,"place":null,"contributors":null,"retweet_count":2,"favorite_count":8,"entities":{"hashtags":[{"text":"refugeeswelcome","indices":[31,47]}],"trends":[],"urls":[],"user_mentions":[],"symbols":[]},"favorited":false,"retweeted":false,"possibly_sensitive":false,"filter_level":"low","lang":"de"},"retweet_count":0,"favorite_count":0,"entities":{"hashtags":[{"text":"refugeeswelcome","indices":[52,68]}],"trends":[],"urls":[],"user_mentions":[{"screen_name":"Silbendrechsler","name":"Valentina Hirsch","id":15132576,"id_str":"15132576","indices":[3,19]}],"symbols":[]},"favorited":false,"retweeted":false,"possibly_sensitive":false,"filter_level":"low","lang":"de","timestamp_ms":"1442015577220"}
