{"created_at":"Fri Sep 11 23:48:56 +0000 2015","id":642485006405926912,"id_str":"642485006405926912","text":"Registrierung, Mitwirkung von Refugees ?? Fehlanzeige!  https:\/\/t.co\/VVbgl0Vy1c","source":"\u003ca href=\"https:\/\/about.twitter.com\/products\/tweetdeck\" rel=\"nofollow\"\u003eTweetDeck\u003c\/a\u003e","truncated":false,"in_reply_to_status_id":null,"in_reply_to_status_id_str":null,"in_reply_to_user_id":null,"in_reply_to_user_id_str":null,"in_reply_to_screen_name":null,"user":{"id":167226855,"id_str":"167226855","name":"Ray","screen_name":"PolitikWelt","location":"Meinungs - Agentur","url":"http:\/\/meinungsagentur.blogspot.de\/","description":"Finden kann man mich im Web als Blogwart des  Blog Meinungs - Agentur","protected":false,"verified":false,"followers_count":697,"friends_count":1661,"listed_count":21,"favourites_count":3064,"statuses_count":4532,"created_at":"Fri Jul 16 01:56:49 +0000 2010","utc_offset":7200,"time_zone":"Ljubljana","geo_enabled":false,"lang":"de","contributors_enabled":false,"is_translator":false,"profile_background_color":"022330","profile_background_image_url":"http:\/\/abs.twimg.com\/images\/themes\/theme15\/bg.png","profile_background_image_url_https":"https:\/\/abs.twimg.com\/images\/themes\/theme15\/bg.png","profile_background_tile":false,"profile_link_color":"0084B4","profile_sidebar_border_color":"FFFFFF","profile_sidebar_fill_color":"C0DFEC","profile_text_color":"333333","profile_use_background_image":true,"profile_image_url":"http:\/\/pbs.twimg.com\/profile_images\/1191253129\/Bewerbungsfoto_Online_normal.jpg","profile_image_url_https":"https:\/\/pbs.twimg.com\/profile_images\/1191253129\/Bewerbungsfoto_Online_normal.jpg","profile_banner_url":"https:\/\/pbs.twimg.com\/profile_banners\/167226855\/1420931303","default_profile":false,"default_profile_image":false,"following":null,"follow_request_sent":null,"notifications":null},"geo":null,"coordinates":null,"place":null,"contributors":null,"quoted_status_id":642480309242568704,"quoted_status_id_str":"642480309242568704","quoted_status":{"created_at":"Fri Sep 11 23:30:17 +0000 2015","id":642480309242568704,"id_str":"642480309242568704","text":"200 Fl\u00fcchtlinge aus Asylheim verschwunden https:\/\/t.co\/gN52fUtAoK","source":"\u003ca href=\"http:\/\/twitter.com\" rel=\"nofollow\"\u003eTwitter Web Client\u003c\/a\u003e","truncated":false,"in_reply_to_status_id":null,"in_reply_to_status_id_str":null,"in_reply_to_user_id":null,"in_reply_to_user_id_str":null,"in_reply_to_screen_name":null,"user":{"id":221732311,"id_str":"221732311","name":"D.HaneW","screen_name":"hapatamast","location":"","url":"https:\/\/waffenbesitz.wordpress.com\/2015\/05\/28\/waffen-legalisierung-fur-deutsche-mundige-unbescholten","description":"Alles was ein Mensch \u00fcber einen anderen aussagt, sagt m\u00f6glichenfalls genau so viel \u00fcber den Redner aus  wer erz\u00e4hlet, spricht \u00fcber sich.","protected":false,"verified":false,"followers_count":1323,"friends_count":1363,"listed_count":15,"favourites_count":84013,"statuses_count":8270,"created_at":"Wed Dec 01 13:18:48 +0000 2010","utc_offset":7200,"time_zone":"Ljubljana","geo_enabled":false,"lang":"de","contributors_enabled":false,"is_translator":false,"profile_background_color":"022330","profile_background_image_url":"http:\/\/abs.twimg.com\/images\/themes\/theme15\/bg.png","profile_background_image_url_https":"https:\/\/abs.twimg.com\/images\/themes\/theme15\/bg.png","profile_background_tile":false,"profile_link_color":"0084B4","profile_sidebar_border_color":"A8C7F7","profile_sidebar_fill_color":"C0DFEC","profile_text_color":"333333","profile_use_background_image":true,"profile_image_url":"http:\/\/pbs.twimg.com\/profile_images\/605533992599883778\/78XOhvWg_normal.jpg","profile_image_url_https":"https:\/\/pbs.twimg.com\/profile_images\/605533992599883778\/78XOhvWg_normal.jpg","profile_banner_url":"https:\/\/pbs.twimg.com\/profile_banners\/221732311\/1433205895","default_profile":false,"default_profile_image":false,"following":null,"follow_request_sent":null,"notifications":null},"geo":null,"coordinates":null,"place":null,"contributors":null,"retweet_count":0,"favorite_count":0,"entities":{"hashtags":[],"trends":[],"urls":[{"url":"https:\/\/t.co\/gN52fUtAoK","expanded_url":"https:\/\/mopo24.de\/nachrichten\/asylbewerber-asylheim-verschwunden-12448","display_url":"mopo24.de\/nachrichten\/as\u2026","indices":[42,65]}],"user_mentions":[],"symbols":[]},"favorited":false,"retweeted":false,"possibly_sensitive":false,"filter_level":"low","lang":"de"},"retweet_count":0,"favorite_count":0,"entities":{"hashtags":[],"trends":[],"urls":[{"url":"https:\/\/t.co\/VVbgl0Vy1c","expanded_url":"https:\/\/twitter.com\/hapatamast\/status\/642480309242568704","display_url":"twitter.com\/hapatamast\/sta\u2026","indices":[56,79]}],"user_mentions":[],"symbols":[]},"favorited":false,"retweeted":false,"possibly_sensitive":false,"filter_level":"low","lang":"de","timestamp_ms":"1442015336978"}
