{"created_at":"Thu Sep 10 20:21:26 +0000 2015","id":642070399241560064,"id_str":"642070399241560064","text":"Empfehle dringend Ausweitung der #CSU nach #\u00d6sterreich - es besteht hier keine Hoffnung mehr auf politische Vernunft ...","source":"\u003ca href=\"http:\/\/twitter.com\/download\/iphone\" rel=\"nofollow\"\u003eTwitter for iPhone\u003c\/a\u003e","truncated":false,"in_reply_to_status_id":null,"in_reply_to_status_id_str":null,"in_reply_to_user_id":null,"in_reply_to_user_id_str":null,"in_reply_to_screen_name":null,"user":{"id":2151117662,"id_str":"2151117662","name":"marcvolant","screen_name":"marcvolant","location":"Wien","url":null,"description":null,"protected":false,"verified":false,"followers_count":22,"friends_count":71,"listed_count":1,"favourites_count":51,"statuses_count":411,"created_at":"Wed Oct 23 14:43:06 +0000 2013","utc_offset":7200,"time_zone":"Belgrade","geo_enabled":true,"lang":"de","contributors_enabled":false,"is_translator":false,"profile_background_color":"000000","profile_background_image_url":"http:\/\/abs.twimg.com\/images\/themes\/theme1\/bg.png","profile_background_image_url_https":"https:\/\/abs.twimg.com\/images\/themes\/theme1\/bg.png","profile_background_tile":false,"profile_link_color":"ABB8C2","profile_sidebar_border_color":"000000","profile_sidebar_fill_color":"000000","profile_text_color":"000000","profile_use_background_image":false,"profile_image_url":"http:\/\/pbs.twimg.com\/profile_images\/492682516512669696\/SLxXe6QE_normal.jpeg","profile_image_url_https":"https:\/\/pbs.twimg.com\/profile_images\/492682516512669696\/SLxXe6QE_normal.jpeg","default_profile":false,"default_profile_image":false,"following":null,"follow_request_sent":null,"notifications":null},"geo":null,"coordinates":null,"place":{"id":"9f659d51e5c5deae","url":"https:\/\/api.twitter.com\/1.1\/geo\/id\/9f659d51e5c5deae.json","place_type":"city","name":"Wien","full_name":"Wien, \u00d6sterreich","country_code":"AT","country":"\u00d6sterreich","bounding_box":{"type":"Polygon","coordinates":[[[16.18218,48.117666],[16.18218,48.322574],[16.577511,48.322574],[16.577511,48.117666]]]},"attributes":{}},"contributors":null,"retweet_count":0,"favorite_count":0,"entities":{"hashtags":[{"text":"CSU","indices":[33,37]},{"text":"\u00d6sterreich","indices":[43,54]}],"trends":[],"urls":[],"user_mentions":[],"symbols":[]},"favorited":false,"retweeted":false,"possibly_sensitive":false,"filter_level":"low","lang":"de","timestamp_ms":"1441916486927"}
