{"created_at":"Thu Sep 10 20:23:45 +0000 2015","id":642070979221389312,"id_str":"642070979221389312","text":"#MicrosoftCorp #Government \u2013 Microsoft Urges US Court\u2026 http:\/\/t.co\/VQx5SIyX5t #AllAboutMicrosoft #Aol #Apple #CiscoSystems #GannettCoInc","source":"\u003ca href=\"http:\/\/dlvr.it\" rel=\"nofollow\"\u003edlvr.it\u003c\/a\u003e","truncated":false,"in_reply_to_status_id":null,"in_reply_to_status_id_str":null,"in_reply_to_user_id":null,"in_reply_to_user_id_str":null,"in_reply_to_screen_name":null,"user":{"id":2716418989,"id_str":"2716418989","name":"BLOGCC","screen_name":"Blogcc_","location":"USA - New York","url":"http:\/\/blogcc.com","description":null,"protected":false,"verified":false,"followers_count":739,"friends_count":18,"listed_count":10,"favourites_count":0,"statuses_count":406486,"created_at":"Fri Aug 08 07:00:53 +0000 2014","utc_offset":25200,"time_zone":"Jakarta","geo_enabled":false,"lang":"en","contributors_enabled":false,"is_translator":false,"profile_background_color":"C0DEED","profile_background_image_url":"http:\/\/abs.twimg.com\/images\/themes\/theme1\/bg.png","profile_background_image_url_https":"https:\/\/abs.twimg.com\/images\/themes\/theme1\/bg.png","profile_background_tile":false,"profile_link_color":"0084B4","profile_sidebar_border_color":"C0DEED","profile_sidebar_fill_color":"DDEEF6","profile_text_color":"333333","profile_use_background_image":true,"profile_image_url":"http:\/\/pbs.twimg.com\/profile_images\/497639047133528064\/A12JvcyA_normal.jpeg","profile_image_url_https":"https:\/\/pbs.twimg.com\/profile_images\/497639047133528064\/A12JvcyA_normal.jpeg","profile_banner_url":"https:\/\/pbs.twimg.com\/profile_banners\/2716418989\/1407481385","default_profile":true,"default_profile_image":false,"following":null,"follow_request_sent":null,"notifications":null},"geo":null,"coordinates":null,"place":null,"contributors":null,"retweet_count":0,"favorite_count":0,"entities":{"hashtags":[{"text":"MicrosoftCorp","indices":[0,14]},{"text":"Government","indices":[15,26]},{"text":"AllAboutMicrosoft","indices":[78,96]},{"text":"Aol","indices":[97,101]},{"text":"Apple","indices":[102,108]},{"text":"CiscoSystems","indices":[109,122]},{"text":"GannettCoInc","indices":[123,136]}],"trends":[],"urls":[{"url":"http:\/\/t.co\/VQx5SIyX5t","expanded_url":"http:\/\/dlvr.it\/C6ffwj","display_url":"dlvr.it\/C6ffwj","indices":[55,77]}],"user_mentions":[],"symbols":[]},"favorited":false,"retweeted":false,"possibly_sensitive":false,"filter_level":"low","lang":"de","timestamp_ms":"1441916625205"}
