{"created_at":"Thu Sep 10 20:25:28 +0000 2015","id":642071412065312768,"id_str":"642071412065312768","text":"RT @DieHauda: \"Deutschland ist momentan ein gutes Beispiel f\u00fcr den Rest der Welt, weil ihr die Grenzen f\u00fcr Fl\u00fcchtlinge \u00f6ffnet\" #Macklemore \u2026","source":"\u003ca href=\"http:\/\/twitter.com\/download\/android\" rel=\"nofollow\"\u003eTwitter for Android\u003c\/a\u003e","truncated":false,"in_reply_to_status_id":null,"in_reply_to_status_id_str":null,"in_reply_to_user_id":null,"in_reply_to_user_id_str":null,"in_reply_to_screen_name":null,"user":{"id":855274957,"id_str":"855274957","name":"Gee","screen_name":"Geextah_x_Slax","location":"Okama Island","url":null,"description":"Cosplayer | bisexual\/panromantic\/genderfluid | narcissistic | KnB is my passion","protected":false,"verified":false,"followers_count":128,"friends_count":176,"listed_count":6,"favourites_count":5619,"statuses_count":15182,"created_at":"Sun Sep 30 19:56:21 +0000 2012","utc_offset":7200,"time_zone":"Berlin","geo_enabled":true,"lang":"de","contributors_enabled":false,"is_translator":false,"profile_background_color":"EDECE9","profile_background_image_url":"http:\/\/pbs.twimg.com\/profile_background_images\/462346986419519488\/avskpFhf.jpeg","profile_background_image_url_https":"https:\/\/pbs.twimg.com\/profile_background_images\/462346986419519488\/avskpFhf.jpeg","profile_background_tile":true,"profile_link_color":"ABB8C2","profile_sidebar_border_color":"FFFFFF","profile_sidebar_fill_color":"E3E2DE","profile_text_color":"634047","profile_use_background_image":true,"profile_image_url":"http:\/\/pbs.twimg.com\/profile_images\/636158980671340544\/BHkyinOw_normal.jpg","profile_image_url_https":"https:\/\/pbs.twimg.com\/profile_images\/636158980671340544\/BHkyinOw_normal.jpg","profile_banner_url":"https:\/\/pbs.twimg.com\/profile_banners\/855274957\/1441617094","default_profile":false,"default_profile_image":false,"following":null,"follow_request_sent":null,"notifications":null},"geo":null,"coordinates":null,"place":null,"contributors":null,"retweeted_status":{"created_at":"Thu Sep 10 19:34:29 +0000 2015","id":642058581450301440,"id_str":"642058581450301440","text":"\"Deutschland ist momentan ein gutes Beispiel f\u00fcr den Rest der Welt, weil ihr die Grenzen f\u00fcr Fl\u00fcchtlinge \u00f6ffnet\" #Macklemore #1LIVE #Radio","source":"\u003ca href=\"http:\/\/twitter.com\/download\/iphone\" rel=\"nofollow\"\u003eTwitter for iPhone\u003c\/a\u003e","truncated":false,"in_reply_to_status_id":null,"in_reply_to_status_id_str":null,"in_reply_to_user_id":null,"in_reply_to_user_id_str":null,"in_reply_to_screen_name":null,"user":{"id":51208187,"id_str":"51208187","name":"Bianca Hauda","screen_name":"DieHauda","location":"von K\u00f6ln ausstr\u00f6mend","url":null,"description":"Weil das Keyboard geklaut wurde, nur noch mit Mikrofon f\u00fcr @1LIVE, @WDR, @Einsfestival unterwegs.","protected":false,"verified":true,"followers_count":3564,"friends_count":1160,"listed_count":43,"favourites_count":2713,"statuses_count":3235,"created_at":"Fri Jun 26 20:18:10 +0000 2009","utc_offset":-7200,"time_zone":"Greenland","geo_enabled":true,"lang":"de","contributors_enabled":false,"is_translator":false,"profile_background_color":"C0DEED","profile_background_image_url":"http:\/\/abs.twimg.com\/images\/themes\/theme1\/bg.png","profile_background_image_url_https":"https:\/\/abs.twimg.com\/images\/themes\/theme1\/bg.png","profile_background_tile":false,"profile_link_color":"0084B4","profile_sidebar_border_color":"C0DEED","profile_sidebar_fill_color":"DDEEF6","profile_text_color":"333333","profile_use_background_image":true,"profile_image_url":"http:\/\/pbs.twimg.com\/profile_images\/598495329604997120\/bGyjW8FW_normal.jpg","profile_image_url_https":"https:\/\/pbs.twimg.com\/profile_images\/598495329604997120\/bGyjW8FW_normal.jpg","profile_banner_url":"https:\/\/pbs.twimg.com\/profile_banners\/51208187\/1431502139","default_profile":true,"default_profile_image":false,"following":null,"follow_request_sent":null,"notifications":null},"geo":null,"coordinates":null,"place":null,"contributors":null,"retweet_count":4,"favorite_count":6,"entities":{"hashtags":[{"text":"Macklemore","indices":[113,124]},{"text":"1LIVE","indices":[125,131]},{"text":"Radio","indices":[132,138]}],"trends":[],"urls":[],"user_mentions":[],"symbols":[]},"favorited":false,"retweeted":false,"possibly_sensitive":false,"filter_level":"low","lang":"de"},"retweet_count":0,"favorite_count":0,"entities":{"hashtags":[{"text":"Macklemore","indices":[127,138]},{"text":"1LIVE","indices":[139,140]},{"text":"Radio","indices":[139,140]}],"trends":[],"urls":[],"user_mentions":[{"screen_name":"DieHauda","name":"Bianca Hauda","id":51208187,"id_str":"51208187","indices":[3,12]}],"symbols":[]},"favorited":false,"retweeted":false,"possibly_sensitive":false,"filter_level":"low","lang":"de","timestamp_ms":"1441916728403"}
