{"created_at":"Fri Sep 11 23:46:08 +0000 2015","id":642484299091058688,"id_str":"642484299091058688","text":"Genau!\nDie Schei\u00dfSyrer nehmen \u00fcberhaupt keine Fl\u00fcchtlinge auf.\n#Domian","source":"\u003ca href=\"http:\/\/twitter.com\" rel=\"nofollow\"\u003eTwitter Web Client\u003c\/a\u003e","truncated":false,"in_reply_to_status_id":null,"in_reply_to_status_id_str":null,"in_reply_to_user_id":null,"in_reply_to_user_id_str":null,"in_reply_to_screen_name":null,"user":{"id":3075940767,"id_str":"3075940767","name":"Smarsch","screen_name":"dieserElton","location":"","url":null,"description":"Vielen Dank.","protected":false,"verified":false,"followers_count":81,"friends_count":29,"listed_count":4,"favourites_count":11584,"statuses_count":18607,"created_at":"Fri Mar 06 22:29:05 +0000 2015","utc_offset":7200,"time_zone":"Belgrade","geo_enabled":false,"lang":"de","contributors_enabled":false,"is_translator":false,"profile_background_color":"C0DEED","profile_background_image_url":"http:\/\/abs.twimg.com\/images\/themes\/theme1\/bg.png","profile_background_image_url_https":"https:\/\/abs.twimg.com\/images\/themes\/theme1\/bg.png","profile_background_tile":false,"profile_link_color":"0084B4","profile_sidebar_border_color":"C0DEED","profile_sidebar_fill_color":"DDEEF6","profile_text_color":"333333","profile_use_background_image":true,"profile_image_url":"http:\/\/pbs.twimg.com\/profile_images\/577949351567183873\/uq_dKXTe_normal.jpeg","profile_image_url_https":"https:\/\/pbs.twimg.com\/profile_images\/577949351567183873\/uq_dKXTe_normal.jpeg","profile_banner_url":"https:\/\/pbs.twimg.com\/profile_banners\/3075940767\/1439113856","default_profile":true,"default_profile_image":false,"following":null,"follow_request_sent":null,"notifications":null},"geo":null,"coordinates":null,"place":null,"contributors":null,"retweet_count":0,"favorite_count":0,"entities":{"hashtags":[{"text":"Domian","indices":[63,70]}],"trends":[],"urls":[],"user_mentions":[],"symbols":[]},"favorited":false,"retweeted":false,"possibly_sensitive":true,"filter_level":"low","lang":"de","timestamp_ms":"1442015168341"}
