{"created_at":"Thu Sep 10 20:27:44 +0000 2015","id":642071982285156352,"id_str":"642071982285156352","text":"RT @SZ: Warum es so viele Fl\u00fcchtlinge nach Schweden zieht, und warum D\u00e4nemark H\u00e4rte zeigt - Antworten von @gunnarherrmann http:\/\/t.co\/tQyV5\u2026","source":"\u003ca href=\"http:\/\/twitter.com\" rel=\"nofollow\"\u003eTwitter Web Client\u003c\/a\u003e","truncated":false,"in_reply_to_status_id":null,"in_reply_to_status_id_str":null,"in_reply_to_user_id":null,"in_reply_to_user_id_str":null,"in_reply_to_screen_name":null,"user":{"id":592070915,"id_str":"592070915","name":"Snowy Carpender ","screen_name":"Snowy_Carpender","location":"The Turtle Moves!","url":null,"description":"Ich halt' es wenigstens f\u00fcr reichlichen Gewinn, dass ich nicht Kaiser oder Kanzler bin. -  Achtung: Kann Spuren von schwarzem Humor & Sarkasmus enthalten","protected":false,"verified":false,"followers_count":60,"friends_count":212,"listed_count":13,"favourites_count":12626,"statuses_count":15640,"created_at":"Sun May 27 19:22:38 +0000 2012","utc_offset":7200,"time_zone":"Bern","geo_enabled":false,"lang":"de","contributors_enabled":false,"is_translator":false,"profile_background_color":"EBEBEB","profile_background_image_url":"http:\/\/abs.twimg.com\/images\/themes\/theme7\/bg.gif","profile_background_image_url_https":"https:\/\/abs.twimg.com\/images\/themes\/theme7\/bg.gif","profile_background_tile":false,"profile_link_color":"990000","profile_sidebar_border_color":"DFDFDF","profile_sidebar_fill_color":"F3F3F3","profile_text_color":"333333","profile_use_background_image":true,"profile_image_url":"http:\/\/pbs.twimg.com\/profile_images\/422178420743630848\/RUS2vGVZ_normal.jpeg","profile_image_url_https":"https:\/\/pbs.twimg.com\/profile_images\/422178420743630848\/RUS2vGVZ_normal.jpeg","profile_banner_url":"https:\/\/pbs.twimg.com\/profile_banners\/592070915\/1399040845","default_profile":false,"default_profile_image":false,"following":null,"follow_request_sent":null,"notifications":null},"geo":null,"coordinates":null,"place":null,"contributors":null,"retweeted_status":{"created_at":"Thu Sep 10 10:53:55 +0000 2015","id":641927576236204032,"id_str":"641927576236204032","text":"Warum es so viele Fl\u00fcchtlinge nach Schweden zieht, und warum D\u00e4nemark H\u00e4rte zeigt - Antworten von @gunnarherrmann http:\/\/t.co\/tQyV5Hxr0U","source":"\u003ca href=\"http:\/\/www.sueddeutsche.de\" rel=\"nofollow\"\u003eSZ Autotweed\u003c\/a\u003e","truncated":false,"in_reply_to_status_id":null,"in_reply_to_status_id_str":null,"in_reply_to_user_id":null,"in_reply_to_user_id_str":null,"in_reply_to_screen_name":null,"user":{"id":114508061,"id_str":"114508061","name":"S\u00fcddeutsche Zeitung","screen_name":"SZ","location":"M\u00fcnchen, Deutschland","url":"http:\/\/sz.de","description":"Der offizielle Twitter-Account der S\u00fcddeutschen Zeitung. Alle Redakteure und Kan\u00e4le: http:\/\/sz.de\/twitterdetails \u00b7 Impressum: http:\/\/sz.de\/impressum","protected":false,"verified":true,"followers_count":550733,"friends_count":356,"listed_count":3795,"favourites_count":196,"statuses_count":59679,"created_at":"Mon Feb 15 17:10:14 +0000 2010","utc_offset":7200,"time_zone":"Berlin","geo_enabled":false,"lang":"de","contributors_enabled":false,"is_translator":false,"profile_background_color":"F2F2F2","profile_background_image_url":"http:\/\/abs.twimg.com\/images\/themes\/theme1\/bg.png","profile_background_image_url_https":"https:\/\/abs.twimg.com\/images\/themes\/theme1\/bg.png","profile_background_tile":false,"profile_link_color":"333333","profile_sidebar_border_color":"000000","profile_sidebar_fill_color":"DDEEF6","profile_text_color":"333333","profile_use_background_image":false,"profile_image_url":"http:\/\/pbs.twimg.com\/profile_images\/473829516725325825\/-F6YQgfj_normal.jpeg","profile_image_url_https":"https:\/\/pbs.twimg.com\/profile_images\/473829516725325825\/-F6YQgfj_normal.jpeg","profile_banner_url":"https:\/\/pbs.twimg.com\/profile_banners\/114508061\/1427981303","default_profile":false,"default_profile_image":false,"following":null,"follow_request_sent":null,"notifications":null},"geo":null,"coordinates":null,"place":null,"contributors":null,"retweet_count":18,"favorite_count":10,"entities":{"hashtags":[],"trends":[],"urls":[{"url":"http:\/\/t.co\/tQyV5Hxr0U","expanded_url":"http:\/\/sz.de\/1.2641993","display_url":"sz.de\/1.2641993","indices":[114,136]}],"user_mentions":[{"screen_name":"gunnarherrmann","name":"Gunnar Herrmann","id":147641897,"id_str":"147641897","indices":[98,113]}],"symbols":[]},"favorited":false,"retweeted":false,"possibly_sensitive":false,"filter_level":"low","lang":"de"},"retweet_count":0,"favorite_count":0,"entities":{"hashtags":[],"trends":[],"urls":[{"url":"http:\/\/t.co\/tQyV5Hxr0U","expanded_url":"http:\/\/sz.de\/1.2641993","display_url":"sz.de\/1.2641993","indices":[122,140]}],"user_mentions":[{"screen_name":"SZ","name":"S\u00fcddeutsche Zeitung","id":114508061,"id_str":"114508061","indices":[3,6]},{"screen_name":"gunnarherrmann","name":"Gunnar Herrmann","id":147641897,"id_str":"147641897","indices":[106,121]}],"symbols":[]},"favorited":false,"retweeted":false,"possibly_sensitive":false,"filter_level":"low","lang":"de","timestamp_ms":"1441916864354"}
