{"created_at":"Thu Sep 10 20:29:50 +0000 2015","id":642072512378048512,"id_str":"642072512378048512","text":"RT @publizistikon: Heute Abend zitiert @ZDFheute einen irakischen Fl\u00fcchtling: \"Die Deutschen werden uns H\u00e4user bauen\". #fl\u00fcchtlinge #irak","source":"\u003ca href=\"http:\/\/twitter.com\/#!\/download\/ipad\" rel=\"nofollow\"\u003eTwitter for iPad\u003c\/a\u003e","truncated":false,"in_reply_to_status_id":null,"in_reply_to_status_id_str":null,"in_reply_to_user_id":null,"in_reply_to_user_id_str":null,"in_reply_to_screen_name":null,"user":{"id":2881023243,"id_str":"2881023243","name":"evi m\u00fcller","screen_name":"muller_evi","location":"","url":null,"description":null,"protected":false,"verified":false,"followers_count":36,"friends_count":60,"listed_count":4,"favourites_count":584,"statuses_count":897,"created_at":"Mon Nov 17 14:14:32 +0000 2014","utc_offset":null,"time_zone":null,"geo_enabled":false,"lang":"de","contributors_enabled":false,"is_translator":false,"profile_background_color":"C0DEED","profile_background_image_url":"http:\/\/abs.twimg.com\/images\/themes\/theme1\/bg.png","profile_background_image_url_https":"https:\/\/abs.twimg.com\/images\/themes\/theme1\/bg.png","profile_background_tile":false,"profile_link_color":"0084B4","profile_sidebar_border_color":"C0DEED","profile_sidebar_fill_color":"DDEEF6","profile_text_color":"333333","profile_use_background_image":true,"profile_image_url":"http:\/\/abs.twimg.com\/sticky\/default_profile_images\/default_profile_0_normal.png","profile_image_url_https":"https:\/\/abs.twimg.com\/sticky\/default_profile_images\/default_profile_0_normal.png","default_profile":true,"default_profile_image":true,"following":null,"follow_request_sent":null,"notifications":null},"geo":null,"coordinates":null,"place":null,"contributors":null,"retweeted_status":{"created_at":"Thu Sep 10 17:42:43 +0000 2015","id":642030454133129216,"id_str":"642030454133129216","text":"Heute Abend zitiert @ZDFheute einen irakischen Fl\u00fcchtling: \"Die Deutschen werden uns H\u00e4user bauen\". #fl\u00fcchtlinge #irak","source":"\u003ca href=\"http:\/\/twitter.com\" rel=\"nofollow\"\u003eTwitter Web Client\u003c\/a\u003e","truncated":false,"in_reply_to_status_id":null,"in_reply_to_status_id_str":null,"in_reply_to_user_id":null,"in_reply_to_user_id_str":null,"in_reply_to_screen_name":null,"user":{"id":62757067,"id_str":"62757067","name":"Stefan Slaby","screen_name":"publizistikon","location":"Fav. = BM, RT \u2260 endorsement","url":"http:\/\/publizistikon.blogspot.de\/","description":"Kommunikationswissenschaftler M.A.|Dozent|Fachautor| NATO-SHAPE TofD 1986-1989|Wechselw\u00e4hler| Katholik|Vater|MS\/D Medien|Politik|Geschichte|Marketing|Bildung","protected":false,"verified":false,"followers_count":392,"friends_count":195,"listed_count":43,"favourites_count":1172,"statuses_count":6766,"created_at":"Tue Aug 04 08:16:55 +0000 2009","utc_offset":7200,"time_zone":"Berlin","geo_enabled":false,"lang":"de","contributors_enabled":false,"is_translator":false,"profile_background_color":"EBEBEB","profile_background_image_url":"http:\/\/abs.twimg.com\/images\/themes\/theme7\/bg.gif","profile_background_image_url_https":"https:\/\/abs.twimg.com\/images\/themes\/theme7\/bg.gif","profile_background_tile":false,"profile_link_color":"990000","profile_sidebar_border_color":"FFFFFF","profile_sidebar_fill_color":"F3F3F3","profile_text_color":"333333","profile_use_background_image":true,"profile_image_url":"http:\/\/pbs.twimg.com\/profile_images\/1300623548\/Slaby0006ibfswmini_normal.jpg","profile_image_url_https":"https:\/\/pbs.twimg.com\/profile_images\/1300623548\/Slaby0006ibfswmini_normal.jpg","profile_banner_url":"https:\/\/pbs.twimg.com\/profile_banners\/62757067\/1416735248","default_profile":false,"default_profile_image":false,"following":null,"follow_request_sent":null,"notifications":null},"geo":null,"coordinates":null,"place":null,"contributors":null,"retweet_count":23,"favorite_count":9,"entities":{"hashtags":[{"text":"fl\u00fcchtlinge","indices":[100,112]},{"text":"irak","indices":[113,118]}],"trends":[],"urls":[],"user_mentions":[{"screen_name":"ZDFheute","name":"ZDF heute","id":1101354170,"id_str":"1101354170","indices":[20,29]}],"symbols":[]},"favorited":false,"retweeted":false,"possibly_sensitive":false,"filter_level":"low","lang":"de"},"retweet_count":0,"favorite_count":0,"entities":{"hashtags":[{"text":"fl\u00fcchtlinge","indices":[119,131]},{"text":"irak","indices":[132,137]}],"trends":[],"urls":[],"user_mentions":[{"screen_name":"publizistikon","name":"Stefan Slaby","id":62757067,"id_str":"62757067","indices":[3,17]},{"screen_name":"ZDFheute","name":"ZDF heute","id":1101354170,"id_str":"1101354170","indices":[39,48]}],"symbols":[]},"favorited":false,"retweeted":false,"possibly_sensitive":false,"filter_level":"low","lang":"de","timestamp_ms":"1441916990738"}
