{"created_at":"Thu Sep 10 20:29:40 +0000 2015","id":642072468241428480,"id_str":"642072468241428480","text":"RT @Gunnsen: Mein Bruder hat ein tolles Projekt f\u00fcr Fl\u00fcchtlinge in Berlin gestartet. Ihr kriegt billig Essen und helft dabei: http:http:\/\/t\u2026","source":"\u003ca href=\"https:\/\/about.twitter.com\/products\/tweetdeck\" rel=\"nofollow\"\u003eTweetDeck\u003c\/a\u003e","truncated":false,"in_reply_to_status_id":null,"in_reply_to_status_id_str":null,"in_reply_to_user_id":null,"in_reply_to_user_id_str":null,"in_reply_to_screen_name":null,"user":{"id":136581242,"id_str":"136581242","name":"Danny","screen_name":"HeldAusZozo","location":"","url":"http:\/\/gamezgeneration.de","description":"Spezialist f\u00fcr Telespiele \/\/ Cineast \/\/ Typ.","protected":false,"verified":false,"followers_count":302,"friends_count":167,"listed_count":17,"favourites_count":11746,"statuses_count":39660,"created_at":"Sat Apr 24 09:45:41 +0000 2010","utc_offset":-7200,"time_zone":"Greenland","geo_enabled":false,"lang":"de","contributors_enabled":false,"is_translator":false,"profile_background_color":"080A0A","profile_background_image_url":"http:\/\/pbs.twimg.com\/profile_background_images\/378800000073416110\/9e6c497e7b9a79b104b4e05d2af306e0.png","profile_background_image_url_https":"https:\/\/pbs.twimg.com\/profile_background_images\/378800000073416110\/9e6c497e7b9a79b104b4e05d2af306e0.png","profile_background_tile":false,"profile_link_color":"0A020A","profile_sidebar_border_color":"FFFFFF","profile_sidebar_fill_color":"252429","profile_text_color":"666666","profile_use_background_image":true,"profile_image_url":"http:\/\/pbs.twimg.com\/profile_images\/576458248582094848\/G1U6slMN_normal.jpeg","profile_image_url_https":"https:\/\/pbs.twimg.com\/profile_images\/576458248582094848\/G1U6slMN_normal.jpeg","profile_banner_url":"https:\/\/pbs.twimg.com\/profile_banners\/136581242\/1434802014","default_profile":false,"default_profile_image":false,"following":null,"follow_request_sent":null,"notifications":null},"geo":null,"coordinates":null,"place":null,"contributors":null,"retweeted_status":{"created_at":"Thu Sep 10 20:23:50 +0000 2015","id":642071001497489408,"id_str":"642071001497489408","text":"Mein Bruder hat ein tolles Projekt f\u00fcr Fl\u00fcchtlinge in Berlin gestartet. Ihr kriegt billig Essen und helft dabei: http:http:\/\/t.co\/neDuNzWK66","source":"\u003ca href=\"http:\/\/twitter.com\/download\/iphone\" rel=\"nofollow\"\u003eTwitter for iPhone\u003c\/a\u003e","truncated":false,"in_reply_to_status_id":null,"in_reply_to_status_id_str":null,"in_reply_to_user_id":null,"in_reply_to_user_id_str":null,"in_reply_to_screen_name":null,"user":{"id":70998917,"id_str":"70998917","name":"Gunnar Krupp","screen_name":"Gunnsen","location":"Hamburg\/Oldenburg\/Weserstadion","url":"http:\/\/www.rocketbeans.tv","description":"Die beste Gunnar Krupp Parodie des Internets. Das ist nicht der echte Gunnar Krupp. 64K-Redaktion","protected":false,"verified":false,"followers_count":24550,"friends_count":300,"listed_count":245,"favourites_count":3100,"statuses_count":7731,"created_at":"Wed Sep 02 15:58:06 +0000 2009","utc_offset":7200,"time_zone":"Berlin","geo_enabled":true,"lang":"en","contributors_enabled":false,"is_translator":false,"profile_background_color":"8B542B","profile_background_image_url":"http:\/\/abs.twimg.com\/images\/themes\/theme8\/bg.gif","profile_background_image_url_https":"https:\/\/abs.twimg.com\/images\/themes\/theme8\/bg.gif","profile_background_tile":false,"profile_link_color":"9D582E","profile_sidebar_border_color":"D9B17E","profile_sidebar_fill_color":"EADEAA","profile_text_color":"333333","profile_use_background_image":true,"profile_image_url":"http:\/\/pbs.twimg.com\/profile_images\/641520126890803201\/OqLydw4l_normal.jpg","profile_image_url_https":"https:\/\/pbs.twimg.com\/profile_images\/641520126890803201\/OqLydw4l_normal.jpg","profile_banner_url":"https:\/\/pbs.twimg.com\/profile_banners\/70998917\/1411331106","default_profile":false,"default_profile_image":false,"following":null,"follow_request_sent":null,"notifications":null},"geo":null,"coordinates":null,"place":null,"contributors":null,"retweet_count":8,"favorite_count":18,"entities":{"hashtags":[],"trends":[],"urls":[{"url":"http:\/\/t.co\/neDuNzWK66","expanded_url":"http:\/\/1000mealsberlin.blogspot.de","display_url":"1000mealsberlin.blogspot.de","indices":[118,140]}],"user_mentions":[],"symbols":[]},"favorited":false,"retweeted":false,"possibly_sensitive":false,"filter_level":"low","lang":"de"},"retweet_count":0,"favorite_count":0,"entities":{"hashtags":[],"trends":[],"urls":[{"url":"http:\/\/t.co\/neDuNzWK66","expanded_url":"http:\/\/1000mealsberlin.blogspot.de","display_url":"1000mealsberlin.blogspot.de","indices":[139,140]}],"user_mentions":[{"screen_name":"Gunnsen","name":"Gunnar Krupp","id":70998917,"id_str":"70998917","indices":[3,11]}],"symbols":[]},"favorited":false,"retweeted":false,"possibly_sensitive":false,"filter_level":"low","lang":"de","timestamp_ms":"1441916980215"}
