{"created_at":"Fri Sep 11 23:57:38 +0000 2015","id":642487194750459904,"id_str":"642487194750459904","text":"RT @docboone71: Unterdessen spricht Orban von einer \"Rebellion illegaler Einwanderer\".\nhttp:\/\/t.co\/684AcgUY3M\n#refugeeswelcome","source":"\u003ca href=\"http:\/\/twitter.com\/download\/iphone\" rel=\"nofollow\"\u003eTwitter for iPhone\u003c\/a\u003e","truncated":false,"in_reply_to_status_id":null,"in_reply_to_status_id_str":null,"in_reply_to_user_id":null,"in_reply_to_user_id_str":null,"in_reply_to_screen_name":null,"user":{"id":418504753,"id_str":"418504753","name":"SK Rapid Wien","screen_name":"skrapid","location":"Allianz Stadion, Wien","url":"http:\/\/www.skrapid.at","description":"Offizieller Twitter Account des \u00f6sterreichischen Rekordmeisters SK Rapid Wien.","protected":false,"verified":false,"followers_count":12440,"friends_count":203,"listed_count":169,"favourites_count":1149,"statuses_count":15411,"created_at":"Tue Nov 22 07:52:01 +0000 2011","utc_offset":7200,"time_zone":"Vienna","geo_enabled":true,"lang":"de","contributors_enabled":false,"is_translator":false,"profile_background_color":"E3E3E3","profile_background_image_url":"http:\/\/pbs.twimg.com\/profile_background_images\/517442130877235200\/Az4DP_Tj.jpeg","profile_background_image_url_https":"https:\/\/pbs.twimg.com\/profile_background_images\/517442130877235200\/Az4DP_Tj.jpeg","profile_background_tile":false,"profile_link_color":"03714E","profile_sidebar_border_color":"FFFFFF","profile_sidebar_fill_color":"F5F5F5","profile_text_color":"2F6E1A","profile_use_background_image":true,"profile_image_url":"http:\/\/pbs.twimg.com\/profile_images\/517440174381203456\/C0e6P4VK_normal.jpeg","profile_image_url_https":"https:\/\/pbs.twimg.com\/profile_images\/517440174381203456\/C0e6P4VK_normal.jpeg","profile_banner_url":"https:\/\/pbs.twimg.com\/profile_banners\/418504753\/1412202296","default_profile":false,"default_profile_image":false,"following":null,"follow_request_sent":null,"notifications":null},"geo":null,"coordinates":null,"place":null,"contributors":null,"retweeted_status":{"created_at":"Fri Sep 11 22:50:08 +0000 2015","id":642470206489669632,"id_str":"642470206489669632","text":"Unterdessen spricht Orban von einer \"Rebellion illegaler Einwanderer\".\nhttp:\/\/t.co\/684AcgUY3M\n#refugeeswelcome","source":"\u003ca href=\"https:\/\/about.twitter.com\/products\/tweetdeck\" rel=\"nofollow\"\u003eTweetDeck\u003c\/a\u003e","truncated":false,"in_reply_to_status_id":null,"in_reply_to_status_id_str":null,"in_reply_to_user_id":null,"in_reply_to_user_id_str":null,"in_reply_to_screen_name":null,"user":{"id":475790423,"id_str":"475790423","name":"Doc Josiah Boone","screen_name":"docboone71","location":"Wien \/ Vienna, Europa","url":null,"description":"Obsession: John Coltrane & SK Rapid :: Profession: Innere Medizin & Rapid M@ilers :: Prinzip: Stadtradler :: Motto: Es ist alles wie immer, nur schlimmer.","protected":false,"verified":false,"followers_count":749,"friends_count":641,"listed_count":42,"favourites_count":8217,"statuses_count":19400,"created_at":"Fri Jan 27 12:53:48 +0000 2012","utc_offset":7200,"time_zone":"Vienna","geo_enabled":false,"lang":"de","contributors_enabled":false,"is_translator":false,"profile_background_color":"C0DEED","profile_background_image_url":"http:\/\/pbs.twimg.com\/profile_background_images\/483998051955011585\/2SSWrWlm.jpeg","profile_background_image_url_https":"https:\/\/pbs.twimg.com\/profile_background_images\/483998051955011585\/2SSWrWlm.jpeg","profile_background_tile":true,"profile_link_color":"4A913C","profile_sidebar_border_color":"FFFFFF","profile_sidebar_fill_color":"DDEEF6","profile_text_color":"333333","profile_use_background_image":true,"profile_image_url":"http:\/\/pbs.twimg.com\/profile_images\/516701239002664960\/VoZ8oMGU_normal.jpeg","profile_image_url_https":"https:\/\/pbs.twimg.com\/profile_images\/516701239002664960\/VoZ8oMGU_normal.jpeg","profile_banner_url":"https:\/\/pbs.twimg.com\/profile_banners\/475790423\/1412026136","default_profile":false,"default_profile_image":false,"following":null,"follow_request_sent":null,"notifications":null},"geo":null,"coordinates":null,"place":null,"contributors":null,"retweet_count":1,"favorite_count":0,"entities":{"hashtags":[{"text":"refugeeswelcome","indices":[94,110]}],"trends":[],"urls":[{"url":"http:\/\/t.co\/684AcgUY3M","expanded_url":"http:\/\/www.theguardian.com\/world\/2015\/sep\/11\/refugees-roszke-hungary-police-food-camp","display_url":"theguardian.com\/world\/2015\/sep\u2026","indices":[71,93]}],"user_mentions":[],"symbols":[]},"favorited":false,"retweeted":false,"possibly_sensitive":false,"filter_level":"low","lang":"de"},"retweet_count":0,"favorite_count":0,"entities":{"hashtags":[{"text":"refugeeswelcome","indices":[110,126]}],"trends":[],"urls":[{"url":"http:\/\/t.co\/684AcgUY3M","expanded_url":"http:\/\/www.theguardian.com\/world\/2015\/sep\/11\/refugees-roszke-hungary-police-food-camp","display_url":"theguardian.com\/world\/2015\/sep\u2026","indices":[87,109]}],"user_mentions":[{"screen_name":"docboone71","name":"Doc Josiah Boone","id":475790423,"id_str":"475790423","indices":[3,14]}],"symbols":[]},"favorited":false,"retweeted":false,"possibly_sensitive":false,"filter_level":"low","lang":"de","timestamp_ms":"1442015858720"}
