{"created_at":"Thu Sep 10 20:26:12 +0000 2015","id":642071595113160705,"id_str":"642071595113160705","text":"RT @AlexBfromG: Wie w\u00e4re es mal mit #Gegenstimmen aus Griechenland?\nUnd ja DAS ist Griechenland!\n#ichbinwiedu #refugeeswelcome http:\/\/t.co\/\u2026","source":"\u003ca href=\"http:\/\/twitter.com\/download\/android\" rel=\"nofollow\"\u003eTwitter for Android\u003c\/a\u003e","truncated":false,"in_reply_to_status_id":null,"in_reply_to_status_id_str":null,"in_reply_to_user_id":null,"in_reply_to_user_id_str":null,"in_reply_to_screen_name":null,"user":{"id":255214655,"id_str":"255214655","name":"Green \u200f\u0646 #DR","screen_name":"GreenDevil78","location":"zwischen Himmel und H\u00f6lle","url":null,"description":"rechts von Links und links von Rechts\r\nAtheist und Realist. Gegen den politischen Islam, Genderwahn und p\u00e4dophile Fr\u00fchsexualisierung\nRot+Gr\u00fcn=Braun nicht Bunt!","protected":false,"verified":false,"followers_count":445,"friends_count":296,"listed_count":29,"favourites_count":5568,"statuses_count":19102,"created_at":"Sun Feb 20 22:32:07 +0000 2011","utc_offset":7200,"time_zone":"Warsaw","geo_enabled":false,"lang":"de","contributors_enabled":false,"is_translator":false,"profile_background_color":"C0DEED","profile_background_image_url":"http:\/\/abs.twimg.com\/images\/themes\/theme1\/bg.png","profile_background_image_url_https":"https:\/\/abs.twimg.com\/images\/themes\/theme1\/bg.png","profile_background_tile":false,"profile_link_color":"0084B4","profile_sidebar_border_color":"C0DEED","profile_sidebar_fill_color":"DDEEF6","profile_text_color":"333333","profile_use_background_image":true,"profile_image_url":"http:\/\/pbs.twimg.com\/profile_images\/515110490151092224\/N1gyCc41_normal.jpeg","profile_image_url_https":"https:\/\/pbs.twimg.com\/profile_images\/515110490151092224\/N1gyCc41_normal.jpeg","profile_banner_url":"https:\/\/pbs.twimg.com\/profile_banners\/255214655\/1437588971","default_profile":true,"default_profile_image":false,"following":null,"follow_request_sent":null,"notifications":null},"geo":null,"coordinates":null,"place":null,"contributors":null,"retweeted_status":{"created_at":"Thu Sep 10 09:58:48 +0000 2015","id":641913707556139009,"id_str":"641913707556139009","text":"Wie w\u00e4re es mal mit #Gegenstimmen aus Griechenland?\nUnd ja DAS ist Griechenland!\n#ichbinwiedu #refugeeswelcome http:\/\/t.co\/8eY5Uy9sBI","source":"\u003ca href=\"http:\/\/twitter.com\/download\/android\" rel=\"nofollow\"\u003eTwitter for Android\u003c\/a\u003e","truncated":false,"in_reply_to_status_id":null,"in_reply_to_status_id_str":null,"in_reply_to_user_id":null,"in_reply_to_user_id_str":null,"in_reply_to_screen_name":null,"user":{"id":1246640292,"id_str":"1246640292","name":"Al\u00e6x B","screen_name":"AlexBfromG","location":"G\u20acrmon\u20acy","url":"https:\/\/deutschlandkannsbesser.wordpress.com","description":"Ein Sozialstaat mit offenen Grenzen funktioniert nicht. Es kann nur das eine oder das andere geben.","protected":false,"verified":false,"followers_count":1262,"friends_count":1012,"listed_count":58,"favourites_count":34229,"statuses_count":44911,"created_at":"Wed Mar 06 17:58:48 +0000 2013","utc_offset":null,"time_zone":null,"geo_enabled":true,"lang":"de","contributors_enabled":false,"is_translator":false,"profile_background_color":"C0DEED","profile_background_image_url":"http:\/\/abs.twimg.com\/images\/themes\/theme1\/bg.png","profile_background_image_url_https":"https:\/\/abs.twimg.com\/images\/themes\/theme1\/bg.png","profile_background_tile":false,"profile_link_color":"0084B4","profile_sidebar_border_color":"C0DEED","profile_sidebar_fill_color":"DDEEF6","profile_text_color":"333333","profile_use_background_image":true,"profile_image_url":"http:\/\/pbs.twimg.com\/profile_images\/635207357937647616\/jveSNpFy_normal.jpg","profile_image_url_https":"https:\/\/pbs.twimg.com\/profile_images\/635207357937647616\/jveSNpFy_normal.jpg","profile_banner_url":"https:\/\/pbs.twimg.com\/profile_banners\/1246640292\/1440528777","default_profile":true,"default_profile_image":false,"following":null,"follow_request_sent":null,"notifications":null},"geo":null,"coordinates":null,"place":null,"contributors":null,"retweet_count":12,"favorite_count":5,"entities":{"hashtags":[{"text":"Gegenstimmen","indices":[20,33]},{"text":"ichbinwiedu","indices":[81,93]},{"text":"refugeeswelcome","indices":[94,110]}],"trends":[],"urls":[],"user_mentions":[],"symbols":[],"media":[{"id":641913596797153280,"id_str":"641913596797153280","indices":[111,133],"media_url":"http:\/\/pbs.twimg.com\/ext_tw_video_thumb\/641913596797153280\/pu\/img\/F-fub0Nn-jGNDvlB.jpg","media_url_https":"https:\/\/pbs.twimg.com\/ext_tw_video_thumb\/641913596797153280\/pu\/img\/F-fub0Nn-jGNDvlB.jpg","url":"http:\/\/t.co\/8eY5Uy9sBI","display_url":"pic.twitter.com\/8eY5Uy9sBI","expanded_url":"http:\/\/twitter.com\/AlexBfromG\/status\/641913707556139009\/video\/1","type":"photo","sizes":{"thumb":{"w":150,"h":150,"resize":"crop"},"medium":{"w":600,"h":338,"resize":"fit"},"small":{"w":340,"h":191,"resize":"fit"},"large":{"w":1024,"h":576,"resize":"fit"}}}]},"extended_entities":{"media":[{"id":641913596797153280,"id_str":"641913596797153280","indices":[111,133],"media_url":"http:\/\/pbs.twimg.com\/ext_tw_video_thumb\/641913596797153280\/pu\/img\/F-fub0Nn-jGNDvlB.jpg","media_url_https":"https:\/\/pbs.twimg.com\/ext_tw_video_thumb\/641913596797153280\/pu\/img\/F-fub0Nn-jGNDvlB.jpg","url":"http:\/\/t.co\/8eY5Uy9sBI","display_url":"pic.twitter.com\/8eY5Uy9sBI","expanded_url":"http:\/\/twitter.com\/AlexBfromG\/status\/641913707556139009\/video\/1","type":"video","sizes":{"thumb":{"w":150,"h":150,"resize":"crop"},"medium":{"w":600,"h":338,"resize":"fit"},"small":{"w":340,"h":191,"resize":"fit"},"large":{"w":1024,"h":576,"resize":"fit"}},"video_info":{"aspect_ratio":[16,9],"duration_millis":21246,"variants":[{"bitrate":832000,"content_type":"video\/webm","url":"https:\/\/video.twimg.com\/ext_tw_video\/641913596797153280\/pu\/vid\/640x360\/b9tQZqgovx53HVHp.webm"},{"content_type":"application\/dash+xml","url":"https:\/\/video.twimg.com\/ext_tw_video\/641913596797153280\/pu\/pl\/Fr-tIHjF9XZ24p6M.mpd"},{"bitrate":2176000,"content_type":"video\/mp4","url":"https:\/\/video.twimg.com\/ext_tw_video\/641913596797153280\/pu\/vid\/1280x720\/4CkT4slsjlgbDcr4.mp4"},{"content_type":"application\/x-mpegURL","url":"https:\/\/video.twimg.com\/ext_tw_video\/641913596797153280\/pu\/pl\/Fr-tIHjF9XZ24p6M.m3u8"},{"bitrate":320000,"content_type":"video\/mp4","url":"https:\/\/video.twimg.com\/ext_tw_video\/641913596797153280\/pu\/vid\/320x180\/3PUArZreeCrcYo_G.mp4"},{"bitrate":832000,"content_type":"video\/mp4","url":"https:\/\/video.twimg.com\/ext_tw_video\/641913596797153280\/pu\/vid\/640x360\/b9tQZqgovx53HVHp.mp4"}]}}]},"favorited":false,"retweeted":false,"possibly_sensitive":false,"filter_level":"low","lang":"de"},"retweet_count":0,"favorite_count":0,"entities":{"hashtags":[{"text":"Gegenstimmen","indices":[36,49]},{"text":"ichbinwiedu","indices":[97,109]},{"text":"refugeeswelcome","indices":[110,126]}],"trends":[],"urls":[],"user_mentions":[{"screen_name":"AlexBfromG","name":"Al\u00e6x B","id":1246640292,"id_str":"1246640292","indices":[3,14]}],"symbols":[],"media":[{"id":641913596797153280,"id_str":"641913596797153280","indices":[127,140],"media_url":"http:\/\/pbs.twimg.com\/ext_tw_video_thumb\/641913596797153280\/pu\/img\/F-fub0Nn-jGNDvlB.jpg","media_url_https":"https:\/\/pbs.twimg.com\/ext_tw_video_thumb\/641913596797153280\/pu\/img\/F-fub0Nn-jGNDvlB.jpg","url":"http:\/\/t.co\/8eY5Uy9sBI","display_url":"pic.twitter.com\/8eY5Uy9sBI","expanded_url":"http:\/\/twitter.com\/AlexBfromG\/status\/641913707556139009\/video\/1","type":"photo","sizes":{"thumb":{"w":150,"h":150,"resize":"crop"},"medium":{"w":600,"h":338,"resize":"fit"},"small":{"w":340,"h":191,"resize":"fit"},"large":{"w":1024,"h":576,"resize":"fit"}},"source_status_id":641913707556139009,"source_status_id_str":"641913707556139009"}]},"extended_entities":{"media":[{"id":641913596797153280,"id_str":"641913596797153280","indices":[127,140],"media_url":"http:\/\/pbs.twimg.com\/ext_tw_video_thumb\/641913596797153280\/pu\/img\/F-fub0Nn-jGNDvlB.jpg","media_url_https":"https:\/\/pbs.twimg.com\/ext_tw_video_thumb\/641913596797153280\/pu\/img\/F-fub0Nn-jGNDvlB.jpg","url":"http:\/\/t.co\/8eY5Uy9sBI","display_url":"pic.twitter.com\/8eY5Uy9sBI","expanded_url":"http:\/\/twitter.com\/AlexBfromG\/status\/641913707556139009\/video\/1","type":"video","sizes":{"thumb":{"w":150,"h":150,"resize":"crop"},"medium":{"w":600,"h":338,"resize":"fit"},"small":{"w":340,"h":191,"resize":"fit"},"large":{"w":1024,"h":576,"resize":"fit"}},"source_status_id":641913707556139009,"source_status_id_str":"641913707556139009","video_info":{"aspect_ratio":[16,9],"duration_millis":21246,"variants":[{"bitrate":832000,"content_type":"video\/webm","url":"https:\/\/video.twimg.com\/ext_tw_video\/641913596797153280\/pu\/vid\/640x360\/b9tQZqgovx53HVHp.webm"},{"content_type":"application\/dash+xml","url":"https:\/\/video.twimg.com\/ext_tw_video\/641913596797153280\/pu\/pl\/Fr-tIHjF9XZ24p6M.mpd"},{"bitrate":2176000,"content_type":"video\/mp4","url":"https:\/\/video.twimg.com\/ext_tw_video\/641913596797153280\/pu\/vid\/1280x720\/4CkT4slsjlgbDcr4.mp4"},{"content_type":"application\/x-mpegURL","url":"https:\/\/video.twimg.com\/ext_tw_video\/641913596797153280\/pu\/pl\/Fr-tIHjF9XZ24p6M.m3u8"},{"bitrate":320000,"content_type":"video\/mp4","url":"https:\/\/video.twimg.com\/ext_tw_video\/641913596797153280\/pu\/vid\/320x180\/3PUArZreeCrcYo_G.mp4"},{"bitrate":832000,"content_type":"video\/mp4","url":"https:\/\/video.twimg.com\/ext_tw_video\/641913596797153280\/pu\/vid\/640x360\/b9tQZqgovx53HVHp.mp4"}]}}]},"favorited":false,"retweeted":false,"possibly_sensitive":false,"filter_level":"low","lang":"de","timestamp_ms":"1441916772045"}
