{"created_at":"Thu Sep 10 20:22:09 +0000 2015","id":642070576278962176,"id_str":"642070576278962176","text":"RT @IL_Berlin: .@socialcentr4all hat Englische Stra\u00dfe 20 (#Berlin-#Tiergarten) besetzt. Soll Unterkunft f\u00fcr #Fl\u00fcchtlinge werden! #refugeesw\u2026","source":"\u003ca href=\"http:\/\/twitter.com\" rel=\"nofollow\"\u003eTwitter Web Client\u003c\/a\u003e","truncated":false,"in_reply_to_status_id":null,"in_reply_to_status_id_str":null,"in_reply_to_user_id":null,"in_reply_to_user_id_str":null,"in_reply_to_screen_name":null,"user":{"id":2340276585,"id_str":"2340276585","name":"Josephine Koch","screen_name":"PhineKoch","location":"Quito, Ecuador","url":"http:\/\/www.yasunidos.org","description":"http:\/\/www.amazoniaporlavida.org","protected":false,"verified":false,"followers_count":192,"friends_count":178,"listed_count":1,"favourites_count":33,"statuses_count":248,"created_at":"Thu Feb 13 00:06:27 +0000 2014","utc_offset":null,"time_zone":null,"geo_enabled":false,"lang":"de","contributors_enabled":false,"is_translator":false,"profile_background_color":"C0DEED","profile_background_image_url":"http:\/\/pbs.twimg.com\/profile_background_images\/454673043386675200\/XTf3C9Vx.jpeg","profile_background_image_url_https":"https:\/\/pbs.twimg.com\/profile_background_images\/454673043386675200\/XTf3C9Vx.jpeg","profile_background_tile":false,"profile_link_color":"0084B4","profile_sidebar_border_color":"000000","profile_sidebar_fill_color":"DDEEF6","profile_text_color":"333333","profile_use_background_image":true,"profile_image_url":"http:\/\/pbs.twimg.com\/profile_images\/448881696952168448\/T6ykkUNW_normal.jpeg","profile_image_url_https":"https:\/\/pbs.twimg.com\/profile_images\/448881696952168448\/T6ykkUNW_normal.jpeg","profile_banner_url":"https:\/\/pbs.twimg.com\/profile_banners\/2340276585\/1398745570","default_profile":false,"default_profile_image":false,"following":null,"follow_request_sent":null,"notifications":null},"geo":null,"coordinates":null,"place":null,"contributors":null,"retweeted_status":{"created_at":"Thu Sep 10 07:09:49 +0000 2015","id":641871179381362689,"id_str":"641871179381362689","text":".@socialcentr4all hat Englische Stra\u00dfe 20 (#Berlin-#Tiergarten) besetzt. Soll Unterkunft f\u00fcr #Fl\u00fcchtlinge werden! #refugeeswelcome","source":"\u003ca href=\"https:\/\/mobile.twitter.com\" rel=\"nofollow\"\u003eMobile Web (M5)\u003c\/a\u003e","truncated":false,"in_reply_to_status_id":null,"in_reply_to_status_id_str":null,"in_reply_to_user_id":null,"in_reply_to_user_id_str":null,"in_reply_to_screen_name":null,"user":{"id":21385327,"id_str":"21385327","name":"IL Berlin","screen_name":"IL_Berlin","location":"Berlin","url":"http:\/\/www.interventionistische-linke.org","description":"Berliner Ortsgruppe der Interventionistischen Linken (@inter_linke). Wir arbeiten zu #Antifa, #Antira, #Krise, #Stadt, #Gesundheit, #Klima und #Queer-Fem.","protected":false,"verified":false,"followers_count":5338,"friends_count":2808,"listed_count":222,"favourites_count":264,"statuses_count":4676,"created_at":"Fri Feb 20 09:17:32 +0000 2009","utc_offset":7200,"time_zone":"Bern","geo_enabled":false,"lang":"de","contributors_enabled":false,"is_translator":false,"profile_background_color":"FFFFFF","profile_background_image_url":"http:\/\/pbs.twimg.com\/profile_background_images\/518063427365789696\/uEa2Hc0k.jpeg","profile_background_image_url_https":"https:\/\/pbs.twimg.com\/profile_background_images\/518063427365789696\/uEa2Hc0k.jpeg","profile_background_tile":false,"profile_link_color":"0084B4","profile_sidebar_border_color":"FFFFFF","profile_sidebar_fill_color":"E0E0E0","profile_text_color":"333333","profile_use_background_image":false,"profile_image_url":"http:\/\/pbs.twimg.com\/profile_images\/615451858908393472\/KY3TaNvj_normal.png","profile_image_url_https":"https:\/\/pbs.twimg.com\/profile_images\/615451858908393472\/KY3TaNvj_normal.png","profile_banner_url":"https:\/\/pbs.twimg.com\/profile_banners\/21385327\/1441197465","default_profile":false,"default_profile_image":false,"following":null,"follow_request_sent":null,"notifications":null},"geo":null,"coordinates":null,"place":null,"contributors":null,"retweet_count":17,"favorite_count":3,"entities":{"hashtags":[{"text":"Berlin","indices":[43,50]},{"text":"Tiergarten","indices":[51,62]},{"text":"Fl\u00fcchtlinge","indices":[93,105]},{"text":"refugeeswelcome","indices":[114,130]}],"trends":[],"urls":[],"user_mentions":[{"screen_name":"socialcentr4all","name":"socialcenter4all","id":3568834701,"id_str":"3568834701","indices":[1,17]}],"symbols":[]},"favorited":false,"retweeted":false,"possibly_sensitive":false,"filter_level":"low","lang":"de"},"retweet_count":0,"favorite_count":0,"entities":{"hashtags":[{"text":"Berlin","indices":[58,65]},{"text":"Tiergarten","indices":[66,77]},{"text":"Fl\u00fcchtlinge","indices":[108,120]},{"text":"refugeeswelcome","indices":[129,140]}],"trends":[],"urls":[],"user_mentions":[{"screen_name":"IL_Berlin","name":"IL Berlin","id":21385327,"id_str":"21385327","indices":[3,13]},{"screen_name":"socialcentr4all","name":"socialcenter4all","id":3568834701,"id_str":"3568834701","indices":[16,32]}],"symbols":[]},"favorited":false,"retweeted":false,"possibly_sensitive":false,"filter_level":"low","lang":"de","timestamp_ms":"1441916529136"}
