{"created_at":"Sat Sep 12 19:52:03 +0000 2015","id":642787779735371776,"id_str":"642787779735371776","text":"RT @ntvde: Warnung vor zu viel Datenschutz: Merkel k\u00fcndigt Breitbandausbau an http:\/\/t.co\/JM76tU64To","source":"\u003ca href=\"http:\/\/www.twitter.com\" rel=\"nofollow\"\u003eTwitter for Windows Phone\u003c\/a\u003e","truncated":false,"in_reply_to_status_id":null,"in_reply_to_status_id_str":null,"in_reply_to_user_id":null,"in_reply_to_user_id_str":null,"in_reply_to_screen_name":null,"user":{"id":736969988,"id_str":"736969988","name":"Hanno Wolf","screen_name":"johanneswolff","location":"alemania","url":null,"description":null,"protected":false,"verified":false,"followers_count":12,"friends_count":53,"listed_count":2,"favourites_count":1407,"statuses_count":2658,"created_at":"Sat Aug 04 16:01:46 +0000 2012","utc_offset":null,"time_zone":null,"geo_enabled":false,"lang":"de","contributors_enabled":false,"is_translator":false,"profile_background_color":"C0DEED","profile_background_image_url":"http:\/\/abs.twimg.com\/images\/themes\/theme1\/bg.png","profile_background_image_url_https":"https:\/\/abs.twimg.com\/images\/themes\/theme1\/bg.png","profile_background_tile":false,"profile_link_color":"0084B4","profile_sidebar_border_color":"C0DEED","profile_sidebar_fill_color":"DDEEF6","profile_text_color":"333333","profile_use_background_image":true,"profile_image_url":"http:\/\/pbs.twimg.com\/profile_images\/557605965324107776\/9CLWNPQv_normal.jpeg","profile_image_url_https":"https:\/\/pbs.twimg.com\/profile_images\/557605965324107776\/9CLWNPQv_normal.jpeg","default_profile":true,"default_profile_image":false,"following":null,"follow_request_sent":null,"notifications":null},"geo":null,"coordinates":null,"place":null,"contributors":null,"retweeted_status":{"created_at":"Sat Sep 12 16:59:06 +0000 2015","id":642744255794941953,"id_str":"642744255794941953","text":"Warnung vor zu viel Datenschutz: Merkel k\u00fcndigt Breitbandausbau an http:\/\/t.co\/JM76tU64To","source":"\u003ca href=\"http:\/\/dlvr.it\" rel=\"nofollow\"\u003edlvr.it\u003c\/a\u003e","truncated":false,"in_reply_to_status_id":null,"in_reply_to_status_id_str":null,"in_reply_to_user_id":null,"in_reply_to_user_id_str":null,"in_reply_to_screen_name":null,"user":{"id":19232587,"id_str":"19232587","name":"n-tv","screen_name":"ntvde","location":"Deutschland","url":"http:\/\/n-tv.de","description":"Aktuelles aus der Online-Redaktion. Eilmeldungen hier: @ntv_EIL. Und: @ntvde_politik, @teleboerse_de, @ntvde_Sport, @ntvde_Auto | http:\/\/ntv.de\/impressum","protected":false,"verified":true,"followers_count":436535,"friends_count":27418,"listed_count":4043,"favourites_count":2252,"statuses_count":96479,"created_at":"Tue Jan 20 11:53:45 +0000 2009","utc_offset":7200,"time_zone":"Berlin","geo_enabled":false,"lang":"de","contributors_enabled":false,"is_translator":false,"profile_background_color":"E5E5E5","profile_background_image_url":"http:\/\/pbs.twimg.com\/profile_background_images\/387446553\/Studiohintergrund.jpg","profile_background_image_url_https":"https:\/\/pbs.twimg.com\/profile_background_images\/387446553\/Studiohintergrund.jpg","profile_background_tile":true,"profile_link_color":"B2101D","profile_sidebar_border_color":"FFFFFF","profile_sidebar_fill_color":"EDEDED","profile_text_color":"333333","profile_use_background_image":false,"profile_image_url":"http:\/\/pbs.twimg.com\/profile_images\/562216949191434240\/oHlTVT_Q_normal.jpeg","profile_image_url_https":"https:\/\/pbs.twimg.com\/profile_images\/562216949191434240\/oHlTVT_Q_normal.jpeg","profile_banner_url":"https:\/\/pbs.twimg.com\/profile_banners\/19232587\/1422877956","default_profile":false,"default_profile_image":false,"following":null,"follow_request_sent":null,"notifications":null},"geo":null,"coordinates":null,"place":null,"contributors":null,"retweet_count":5,"favorite_count":1,"entities":{"hashtags":[],"trends":[],"urls":[{"url":"http:\/\/t.co\/JM76tU64To","expanded_url":"http:\/\/www.n-tv.de\/politik\/Merkel-kuendigt-Breitbandausbau-an-article15917941.html","display_url":"n-tv.de\/politik\/Merkel\u2026","indices":[67,89]}],"user_mentions":[],"symbols":[]},"favorited":false,"retweeted":false,"possibly_sensitive":false,"filter_level":"low","lang":"de"},"retweet_count":0,"favorite_count":0,"entities":{"hashtags":[],"trends":[],"urls":[{"url":"http:\/\/t.co\/JM76tU64To","expanded_url":"http:\/\/www.n-tv.de\/politik\/Merkel-kuendigt-Breitbandausbau-an-article15917941.html","display_url":"n-tv.de\/politik\/Merkel\u2026","indices":[78,100]}],"user_mentions":[{"screen_name":"ntvde","name":"n-tv","id":19232587,"id_str":"19232587","indices":[3,9]}],"symbols":[]},"favorited":false,"retweeted":false,"possibly_sensitive":false,"filter_level":"low","lang":"de","timestamp_ms":"1442087523765"}
