{"created_at":"Fri Sep 11 23:59:00 +0000 2015","id":642487538515640320,"id_str":"642487538515640320","text":"RT @AfD_Support: Erneut 200 #Fl\u00fcchtlinge aus Asylheim verschwunden - Untergetaucht mit evtl. Krankheiten oder getarnte Terroristen.\nhttps:\/\u2026","source":"\u003ca href=\"http:\/\/twitter.com\" rel=\"nofollow\"\u003eTwitter Web Client\u003c\/a\u003e","truncated":false,"in_reply_to_status_id":null,"in_reply_to_status_id_str":null,"in_reply_to_user_id":null,"in_reply_to_user_id_str":null,"in_reply_to_screen_name":null,"user":{"id":157760091,"id_str":"157760091","name":"Carlo Chiccone","screen_name":"eisbaer55","location":"Oes","url":"http:\/\/eisbaer55.wordpress.com\/","description":"Boshafter Bio-Deutscher & Mensch.\n#HRRDN\nFather, technologist, hunter, artist & human!  Against: violent disorder - rape, homicide, burglary & ISis\u2026","protected":false,"verified":false,"followers_count":1630,"friends_count":1494,"listed_count":51,"favourites_count":7809,"statuses_count":23743,"created_at":"Sun Jun 20 20:08:53 +0000 2010","utc_offset":7200,"time_zone":"Berlin","geo_enabled":false,"lang":"de","contributors_enabled":false,"is_translator":false,"profile_background_color":"000000","profile_background_image_url":"http:\/\/abs.twimg.com\/images\/themes\/theme16\/bg.gif","profile_background_image_url_https":"https:\/\/abs.twimg.com\/images\/themes\/theme16\/bg.gif","profile_background_tile":false,"profile_link_color":"89C9FA","profile_sidebar_border_color":"000000","profile_sidebar_fill_color":"000000","profile_text_color":"000000","profile_use_background_image":false,"profile_image_url":"http:\/\/pbs.twimg.com\/profile_images\/616570747935453185\/6mS_Ep0g_normal.jpg","profile_image_url_https":"https:\/\/pbs.twimg.com\/profile_images\/616570747935453185\/6mS_Ep0g_normal.jpg","profile_banner_url":"https:\/\/pbs.twimg.com\/profile_banners\/157760091\/1433170216","default_profile":false,"default_profile_image":false,"following":null,"follow_request_sent":null,"notifications":null},"geo":null,"coordinates":null,"place":null,"contributors":null,"retweeted_status":{"created_at":"Fri Sep 11 16:13:39 +0000 2015","id":642370428321824768,"id_str":"642370428321824768","text":"Erneut 200 #Fl\u00fcchtlinge aus Asylheim verschwunden - Untergetaucht mit evtl. Krankheiten oder getarnte Terroristen.\nhttps:\/\/t.co\/4DWOo2LhoT","source":"\u003ca href=\"http:\/\/twitter.com\" rel=\"nofollow\"\u003eTwitter Web Client\u003c\/a\u003e","truncated":false,"in_reply_to_status_id":null,"in_reply_to_status_id_str":null,"in_reply_to_user_id":null,"in_reply_to_user_id_str":null,"in_reply_to_screen_name":null,"user":{"id":2791503751,"id_str":"2791503751","name":"AfD_Support","screen_name":"AfD_Support","location":"Deutschland","url":null,"description":"Privat gef\u00fchrte -aber (kre)a(k)tivste- Unterst\u00fctzer-Seite der #AfD  ~~~         Vier Admins twittern - mit nur einem Ziel: #BlauesWunder","protected":false,"verified":false,"followers_count":1292,"friends_count":680,"listed_count":25,"favourites_count":3194,"statuses_count":11642,"created_at":"Fri Sep 05 08:51:53 +0000 2014","utc_offset":7200,"time_zone":"Ljubljana","geo_enabled":true,"lang":"de","contributors_enabled":false,"is_translator":false,"profile_background_color":"000000","profile_background_image_url":"http:\/\/pbs.twimg.com\/profile_background_images\/507909388724494337\/9YqIaX7S.jpeg","profile_background_image_url_https":"https:\/\/pbs.twimg.com\/profile_background_images\/507909388724494337\/9YqIaX7S.jpeg","profile_background_tile":false,"profile_link_color":"ABB8C2","profile_sidebar_border_color":"000000","profile_sidebar_fill_color":"000000","profile_text_color":"000000","profile_use_background_image":true,"profile_image_url":"http:\/\/pbs.twimg.com\/profile_images\/609676948415975424\/e-jRNez9_normal.png","profile_image_url_https":"https:\/\/pbs.twimg.com\/profile_images\/609676948415975424\/e-jRNez9_normal.png","profile_banner_url":"https:\/\/pbs.twimg.com\/profile_banners\/2791503751\/1436305941","default_profile":false,"default_profile_image":false,"following":null,"follow_request_sent":null,"notifications":null},"geo":null,"coordinates":null,"place":null,"contributors":null,"retweet_count":26,"favorite_count":15,"entities":{"hashtags":[{"text":"Fl\u00fcchtlinge","indices":[11,23]}],"trends":[],"urls":[{"url":"https:\/\/t.co\/4DWOo2LhoT","expanded_url":"https:\/\/mopo24.de\/nachrichten\/asylbewerber-asylheim-verschwunden-12448","display_url":"mopo24.de\/nachrichten\/as\u2026","indices":[115,138]}],"user_mentions":[],"symbols":[]},"favorited":false,"retweeted":false,"possibly_sensitive":false,"filter_level":"low","lang":"de"},"retweet_count":0,"favorite_count":0,"entities":{"hashtags":[{"text":"Fl\u00fcchtlinge","indices":[28,40]}],"trends":[],"urls":[{"url":"https:\/\/t.co\/4DWOo2LhoT","expanded_url":"https:\/\/mopo24.de\/nachrichten\/asylbewerber-asylheim-verschwunden-12448","display_url":"mopo24.de\/nachrichten\/as\u2026","indices":[139,140]}],"user_mentions":[{"screen_name":"AfD_Support","name":"AfD_Support","id":2791503751,"id_str":"2791503751","indices":[3,15]}],"symbols":[]},"favorited":false,"retweeted":false,"possibly_sensitive":false,"filter_level":"low","lang":"de","timestamp_ms":"1442015940680"}
