{"created_at":"Sat Sep 12 00:04:46 +0000 2015","id":642488987865772033,"id_str":"642488987865772033","text":"Zehntausende #Fl\u00fcchtlinge in Richtung Westen unterwegs!  #M\u00fcnchen ruft #Merkel und #Bundeswehr zur Hilfe http:\/\/t.co\/ErSQgOKy4u","source":"\u003ca href=\"http:\/\/twitter.com\" rel=\"nofollow\"\u003eTwitter Web Client\u003c\/a\u003e","truncated":false,"in_reply_to_status_id":null,"in_reply_to_status_id_str":null,"in_reply_to_user_id":null,"in_reply_to_user_id_str":null,"in_reply_to_screen_name":null,"user":{"id":2263235750,"id_str":"2263235750","name":"Bernd Quart","screen_name":"Bernd_Quart","location":"","url":null,"description":"Die #EU ist ein Konstrukt der #Elite: Aufl\u00f6sen und ein demokratisches RESET","protected":false,"verified":false,"followers_count":926,"friends_count":1993,"listed_count":54,"favourites_count":2438,"statuses_count":24241,"created_at":"Thu Dec 26 19:26:46 +0000 2013","utc_offset":null,"time_zone":null,"geo_enabled":false,"lang":"de","contributors_enabled":false,"is_translator":false,"profile_background_color":"C0DEED","profile_background_image_url":"http:\/\/abs.twimg.com\/images\/themes\/theme1\/bg.png","profile_background_image_url_https":"https:\/\/abs.twimg.com\/images\/themes\/theme1\/bg.png","profile_background_tile":false,"profile_link_color":"0084B4","profile_sidebar_border_color":"C0DEED","profile_sidebar_fill_color":"DDEEF6","profile_text_color":"333333","profile_use_background_image":true,"profile_image_url":"http:\/\/abs.twimg.com\/sticky\/default_profile_images\/default_profile_6_normal.png","profile_image_url_https":"https:\/\/abs.twimg.com\/sticky\/default_profile_images\/default_profile_6_normal.png","default_profile":true,"default_profile_image":true,"following":null,"follow_request_sent":null,"notifications":null},"geo":null,"coordinates":null,"place":null,"contributors":null,"retweet_count":0,"favorite_count":0,"entities":{"hashtags":[{"text":"Fl\u00fcchtlinge","indices":[13,25]},{"text":"M\u00fcnchen","indices":[57,65]},{"text":"Merkel","indices":[71,78]},{"text":"Bundeswehr","indices":[83,94]}],"trends":[],"urls":[{"url":"http:\/\/t.co\/ErSQgOKy4u","expanded_url":"http:\/\/www.sueddeutsche.de\/muenchen\/fluechtlinge-muenchen-ruft-die-kanzlerin-zu-hilfe-1.2645111","display_url":"sueddeutsche.de\/muenchen\/fluec\u2026","indices":[105,127]}],"user_mentions":[],"symbols":[]},"favorited":false,"retweeted":false,"possibly_sensitive":false,"filter_level":"low","lang":"de","timestamp_ms":"1442016286232"}
