{"created_at":"Fri Sep 11 23:47:15 +0000 2015","id":642484581560647681,"id_str":"642484581560647681","text":"RT @srfnews: Letzte Frage von @jonasprojer in der #srfarena: Mit wem w\u00fcrden Sie eine Firma gr\u00fcnden? http:\/\/t.co\/PUNfiP77aP ^red","source":"\u003ca href=\"http:\/\/twitter.com\/download\/iphone\" rel=\"nofollow\"\u003eTwitter for iPhone\u003c\/a\u003e","truncated":false,"in_reply_to_status_id":null,"in_reply_to_status_id_str":null,"in_reply_to_user_id":null,"in_reply_to_user_id_str":null,"in_reply_to_screen_name":null,"user":{"id":492113869,"id_str":"492113869","name":"Jonas Projer","screen_name":"jonasprojer","location":"Zurich","url":null,"description":"Moderator & Redaktionsleiter #srfarena.","protected":false,"verified":true,"followers_count":2363,"friends_count":86,"listed_count":59,"favourites_count":551,"statuses_count":559,"created_at":"Tue Feb 14 11:03:26 +0000 2012","utc_offset":10800,"time_zone":"Athens","geo_enabled":false,"lang":"en","contributors_enabled":false,"is_translator":false,"profile_background_color":"C0DEED","profile_background_image_url":"http:\/\/abs.twimg.com\/images\/themes\/theme1\/bg.png","profile_background_image_url_https":"https:\/\/abs.twimg.com\/images\/themes\/theme1\/bg.png","profile_background_tile":false,"profile_link_color":"0084B4","profile_sidebar_border_color":"C0DEED","profile_sidebar_fill_color":"DDEEF6","profile_text_color":"333333","profile_use_background_image":true,"profile_image_url":"http:\/\/pbs.twimg.com\/profile_images\/599286033386229760\/SeyKHRjy_normal.jpg","profile_image_url_https":"https:\/\/pbs.twimg.com\/profile_images\/599286033386229760\/SeyKHRjy_normal.jpg","profile_banner_url":"https:\/\/pbs.twimg.com\/profile_banners\/492113869\/1430832106","default_profile":true,"default_profile_image":false,"following":null,"follow_request_sent":null,"notifications":null},"geo":null,"coordinates":null,"place":null,"contributors":null,"retweeted_status":{"created_at":"Fri Sep 11 23:43:08 +0000 2015","id":642483546725216256,"id_str":"642483546725216256","text":"Letzte Frage von @jonasprojer in der #srfarena: Mit wem w\u00fcrden Sie eine Firma gr\u00fcnden? http:\/\/t.co\/PUNfiP77aP ^red","source":"\u003ca href=\"https:\/\/about.twitter.com\/products\/tweetdeck\" rel=\"nofollow\"\u003eTweetDeck\u003c\/a\u003e","truncated":false,"in_reply_to_status_id":null,"in_reply_to_status_id_str":null,"in_reply_to_user_id":null,"in_reply_to_user_id_str":null,"in_reply_to_screen_name":null,"user":{"id":17864468,"id_str":"17864468","name":"SRF News","screen_name":"srfnews","location":"Switzerland","url":"http:\/\/www.srf.ch\/news","description":"V. B\u00fchr ^vb, F. Frey ^ff, C. Gall ^cg, S. H\u00fcbner ^sh, A. Kr\u00fcger ^ak, U. Mai ^um, M. Meyer ^mm, N. Ruffo ^nr, C. Schubert ^cs, K. Weber ^kw, Newsredaktion ^red","protected":false,"verified":true,"followers_count":103026,"friends_count":21,"listed_count":773,"favourites_count":307,"statuses_count":86578,"created_at":"Thu Dec 04 09:55:34 +0000 2008","utc_offset":7200,"time_zone":"Bern","geo_enabled":false,"lang":"de","contributors_enabled":false,"is_translator":false,"profile_background_color":"E60909","profile_background_image_url":"http:\/\/pbs.twimg.com\/profile_background_images\/739271170\/0f99f36bce7e89f0f142d14fec4af302.jpeg","profile_background_image_url_https":"https:\/\/pbs.twimg.com\/profile_background_images\/739271170\/0f99f36bce7e89f0f142d14fec4af302.jpeg","profile_background_tile":false,"profile_link_color":"E60909","profile_sidebar_border_color":"FFFFFF","profile_sidebar_fill_color":"DEDEDE","profile_text_color":"333333","profile_use_background_image":true,"profile_image_url":"http:\/\/pbs.twimg.com\/profile_images\/471294691783098369\/x9C02baa_normal.png","profile_image_url_https":"https:\/\/pbs.twimg.com\/profile_images\/471294691783098369\/x9C02baa_normal.png","profile_banner_url":"https:\/\/pbs.twimg.com\/profile_banners\/17864468\/1401200407","default_profile":false,"default_profile_image":false,"following":null,"follow_request_sent":null,"notifications":null},"geo":null,"coordinates":null,"place":null,"contributors":null,"retweet_count":2,"favorite_count":0,"entities":{"hashtags":[{"text":"srfarena","indices":[37,46]}],"trends":[],"urls":[{"url":"http:\/\/t.co\/PUNfiP77aP","expanded_url":"http:\/\/srf.ch\/news\/wahlen\/wahl-lokal\/letzte-frage-wahl-arena-mit-wem-wuerden-sie-eine-firma-gruenden","display_url":"srf.ch\/news\/wahlen\/wa\u2026","indices":[87,109]}],"user_mentions":[{"screen_name":"jonasprojer","name":"Jonas Projer","id":492113869,"id_str":"492113869","indices":[17,29]}],"symbols":[]},"favorited":false,"retweeted":false,"possibly_sensitive":false,"filter_level":"low","lang":"de"},"retweet_count":0,"favorite_count":0,"entities":{"hashtags":[{"text":"srfarena","indices":[50,59]}],"trends":[],"urls":[{"url":"http:\/\/t.co\/PUNfiP77aP","expanded_url":"http:\/\/srf.ch\/news\/wahlen\/wahl-lokal\/letzte-frage-wahl-arena-mit-wem-wuerden-sie-eine-firma-gruenden","display_url":"srf.ch\/news\/wahlen\/wa\u2026","indices":[100,122]}],"user_mentions":[{"screen_name":"srfnews","name":"SRF News","id":17864468,"id_str":"17864468","indices":[3,11]},{"screen_name":"jonasprojer","name":"Jonas Projer","id":492113869,"id_str":"492113869","indices":[30,42]}],"symbols":[]},"favorited":false,"retweeted":false,"possibly_sensitive":false,"filter_level":"low","lang":"de","timestamp_ms":"1442015235687"}
