{"created_at":"Sat Sep 12 19:52:32 +0000 2015","id":642787900959158273,"id_str":"642787900959158273","text":"RT @PeterPohlmann3: #fl\u00fcchtlinge wieso fehlen in M\u00fcnchen Schlafpl\u00e4tze. Es gibt doch die Festzelte f\u00fcr die #Wiesn\nnehmt die doch erstmal.Bet\u2026","source":"\u003ca href=\"http:\/\/twitter.com\" rel=\"nofollow\"\u003eTwitter Web Client\u003c\/a\u003e","truncated":false,"in_reply_to_status_id":null,"in_reply_to_status_id_str":null,"in_reply_to_user_id":null,"in_reply_to_user_id_str":null,"in_reply_to_screen_name":null,"user":{"id":175131510,"id_str":"175131510","name":"The-Newstime.com","screen_name":"The_Newstime","location":"Berlin \/ New York","url":"http:\/\/www.the-newstime.com","description":"http:\/\/The-Newstime.com - Independent and Free Media for all Americans - Always be up to date! - #Advertise: the_newstime@yahoo.com","protected":false,"verified":false,"followers_count":3214,"friends_count":1686,"listed_count":38,"favourites_count":1845,"statuses_count":44254,"created_at":"Thu Aug 05 18:31:52 +0000 2010","utc_offset":-25200,"time_zone":"Pacific Time (US & Canada)","geo_enabled":false,"lang":"en","contributors_enabled":false,"is_translator":false,"profile_background_color":"C0DEED","profile_background_image_url":"http:\/\/pbs.twimg.com\/profile_background_images\/161213529\/the_newstime__hintergrund.jpg","profile_background_image_url_https":"https:\/\/pbs.twimg.com\/profile_background_images\/161213529\/the_newstime__hintergrund.jpg","profile_background_tile":true,"profile_link_color":"0084B4","profile_sidebar_border_color":"C0DEED","profile_sidebar_fill_color":"DDEEF6","profile_text_color":"333333","profile_use_background_image":true,"profile_image_url":"http:\/\/pbs.twimg.com\/profile_images\/1752330405\/twitter_logo_normal.jpg","profile_image_url_https":"https:\/\/pbs.twimg.com\/profile_images\/1752330405\/twitter_logo_normal.jpg","profile_banner_url":"https:\/\/pbs.twimg.com\/profile_banners\/175131510\/1402919195","default_profile":false,"default_profile_image":false,"following":null,"follow_request_sent":null,"notifications":null},"geo":null,"coordinates":null,"place":null,"contributors":null,"retweeted_status":{"created_at":"Sat Sep 12 19:51:19 +0000 2015","id":642787594133090304,"id_str":"642787594133090304","text":"#fl\u00fcchtlinge wieso fehlen in M\u00fcnchen Schlafpl\u00e4tze. Es gibt doch die Festzelte f\u00fcr die #Wiesn\nnehmt die doch erstmal.Betten rein und fertig","source":"\u003ca href=\"http:\/\/twitter.com\" rel=\"nofollow\"\u003eTwitter Web Client\u003c\/a\u003e","truncated":false,"in_reply_to_status_id":null,"in_reply_to_status_id_str":null,"in_reply_to_user_id":null,"in_reply_to_user_id_str":null,"in_reply_to_screen_name":null,"user":{"id":3432053175,"id_str":"3432053175","name":"Peter Pohlmann","screen_name":"PeterPohlmann3","location":"","url":null,"description":null,"protected":false,"verified":false,"followers_count":2,"friends_count":2,"listed_count":0,"favourites_count":6,"statuses_count":144,"created_at":"Wed Aug 19 22:23:20 +0000 2015","utc_offset":null,"time_zone":null,"geo_enabled":false,"lang":"en","contributors_enabled":false,"is_translator":false,"profile_background_color":"C0DEED","profile_background_image_url":"http:\/\/abs.twimg.com\/images\/themes\/theme1\/bg.png","profile_background_image_url_https":"https:\/\/abs.twimg.com\/images\/themes\/theme1\/bg.png","profile_background_tile":false,"profile_link_color":"0084B4","profile_sidebar_border_color":"C0DEED","profile_sidebar_fill_color":"DDEEF6","profile_text_color":"333333","profile_use_background_image":true,"profile_image_url":"http:\/\/abs.twimg.com\/sticky\/default_profile_images\/default_profile_5_normal.png","profile_image_url_https":"https:\/\/abs.twimg.com\/sticky\/default_profile_images\/default_profile_5_normal.png","default_profile":true,"default_profile_image":true,"following":null,"follow_request_sent":null,"notifications":null},"geo":null,"coordinates":null,"place":null,"contributors":null,"retweet_count":1,"favorite_count":0,"entities":{"hashtags":[{"text":"fl\u00fcchtlinge","indices":[0,12]},{"text":"Wiesn","indices":[86,92]}],"trends":[],"urls":[],"user_mentions":[],"symbols":[]},"favorited":false,"retweeted":false,"possibly_sensitive":false,"filter_level":"low","lang":"de"},"retweet_count":0,"favorite_count":0,"entities":{"hashtags":[{"text":"fl\u00fcchtlinge","indices":[20,32]},{"text":"Wiesn","indices":[106,112]}],"trends":[],"urls":[],"user_mentions":[{"screen_name":"PeterPohlmann3","name":"Peter Pohlmann","id":3432053175,"id_str":"3432053175","indices":[3,18]}],"symbols":[]},"favorited":false,"retweeted":false,"possibly_sensitive":false,"filter_level":"low","lang":"de","timestamp_ms":"1442087552667"}
