{"created_at":"Sat Sep 12 00:13:29 +0000 2015","id":642491182715666432,"id_str":"642491182715666432","text":"RT @OomenBerlin: Aktuelle Bedarfsliste f\u00fcr die Fl\u00fcchtlingsunterkunft im Rathaus #Wilmersdorf: https:\/\/t.co\/hLRKQRR4xb \n\n#Berlin #CityWest #\u2026","source":"\u003ca href=\"http:\/\/twitter.com\/download\/android\" rel=\"nofollow\"\u003eTwitter for Android\u003c\/a\u003e","truncated":false,"in_reply_to_status_id":null,"in_reply_to_status_id_str":null,"in_reply_to_user_id":null,"in_reply_to_user_id_str":null,"in_reply_to_screen_name":null,"user":{"id":2808367905,"id_str":"2808367905","name":"Martina Oehmichen","screen_name":"eumelfink09","location":"Hamburg","url":null,"description":"geb. in Berlin, umgezogen nach HH, Borusse von klein auf, lebe mit Stubentiger, #DankeKloppo, #NurderBVB","protected":false,"verified":false,"followers_count":532,"friends_count":573,"listed_count":43,"favourites_count":46467,"statuses_count":21313,"created_at":"Sun Oct 05 16:33:19 +0000 2014","utc_offset":null,"time_zone":null,"geo_enabled":true,"lang":"de","contributors_enabled":false,"is_translator":false,"profile_background_color":"C0DEED","profile_background_image_url":"http:\/\/abs.twimg.com\/images\/themes\/theme1\/bg.png","profile_background_image_url_https":"https:\/\/abs.twimg.com\/images\/themes\/theme1\/bg.png","profile_background_tile":false,"profile_link_color":"0084B4","profile_sidebar_border_color":"C0DEED","profile_sidebar_fill_color":"DDEEF6","profile_text_color":"333333","profile_use_background_image":true,"profile_image_url":"http:\/\/pbs.twimg.com\/profile_images\/569957697802739712\/PRRWC9yd_normal.jpeg","profile_image_url_https":"https:\/\/pbs.twimg.com\/profile_images\/569957697802739712\/PRRWC9yd_normal.jpeg","default_profile":true,"default_profile_image":false,"following":null,"follow_request_sent":null,"notifications":null},"geo":null,"coordinates":null,"place":null,"contributors":null,"retweeted_status":{"created_at":"Fri Sep 11 23:41:17 +0000 2015","id":642483080368910336,"id_str":"642483080368910336","text":"Aktuelle Bedarfsliste f\u00fcr die Fl\u00fcchtlingsunterkunft im Rathaus #Wilmersdorf: https:\/\/t.co\/hLRKQRR4xb \n\n#Berlin #CityWest #refugeeswelcome","source":"\u003ca href=\"http:\/\/tweetoo.de\" rel=\"nofollow\"\u003eTweeToo.de\u003c\/a\u003e","truncated":false,"in_reply_to_status_id":null,"in_reply_to_status_id_str":null,"in_reply_to_user_id":null,"in_reply_to_user_id_str":null,"in_reply_to_screen_name":null,"user":{"id":75067369,"id_str":"75067369","name":"Matthias Oomen","screen_name":"OomenBerlin","location":"Wilmersdorf, Berlin","url":"http:\/\/www.oomen.berlin","description":"Gr\u00fcner, geb. 1981 in Baden, lebt in #Berlin-#CityWest, macht Mobilit\u00e4tspolitik. Agenda: #Gr\u00fcne, #Mobilit\u00e4t, #Verkehr, #Infrastruktur, #BVG, #Bahn, #Tatort, #SCF","protected":false,"verified":false,"followers_count":40633,"friends_count":22899,"listed_count":286,"favourites_count":39997,"statuses_count":44709,"created_at":"Thu Sep 17 17:36:48 +0000 2009","utc_offset":7200,"time_zone":"Ljubljana","geo_enabled":true,"lang":"de","contributors_enabled":false,"is_translator":false,"profile_background_color":"000000","profile_background_image_url":"http:\/\/abs.twimg.com\/images\/themes\/theme1\/bg.png","profile_background_image_url_https":"https:\/\/abs.twimg.com\/images\/themes\/theme1\/bg.png","profile_background_tile":false,"profile_link_color":"4A913C","profile_sidebar_border_color":"000000","profile_sidebar_fill_color":"000000","profile_text_color":"000000","profile_use_background_image":false,"profile_image_url":"http:\/\/pbs.twimg.com\/profile_images\/618798558242865152\/UcjupCFV_normal.jpg","profile_image_url_https":"https:\/\/pbs.twimg.com\/profile_images\/618798558242865152\/UcjupCFV_normal.jpg","profile_banner_url":"https:\/\/pbs.twimg.com\/profile_banners\/75067369\/1435787126","default_profile":false,"default_profile_image":false,"following":null,"follow_request_sent":null,"notifications":null},"geo":null,"coordinates":null,"place":null,"contributors":null,"retweet_count":3,"favorite_count":1,"entities":{"hashtags":[{"text":"Wilmersdorf","indices":[63,75]},{"text":"Berlin","indices":[103,110]},{"text":"CityWest","indices":[111,120]},{"text":"refugeeswelcome","indices":[121,137]}],"trends":[],"urls":[{"url":"https:\/\/t.co\/hLRKQRR4xb","expanded_url":"https:\/\/goo.gl\/pXOxQu","display_url":"goo.gl\/pXOxQu","indices":[77,100]}],"user_mentions":[],"symbols":[]},"favorited":false,"retweeted":false,"possibly_sensitive":false,"filter_level":"low","lang":"de"},"retweet_count":0,"favorite_count":0,"entities":{"hashtags":[{"text":"Wilmersdorf","indices":[80,92]},{"text":"Berlin","indices":[120,127]},{"text":"CityWest","indices":[128,137]},{"text":"refugeeswelcome","indices":[139,140]}],"trends":[],"urls":[{"url":"https:\/\/t.co\/hLRKQRR4xb","expanded_url":"https:\/\/goo.gl\/pXOxQu","display_url":"goo.gl\/pXOxQu","indices":[94,117]}],"user_mentions":[{"screen_name":"OomenBerlin","name":"Matthias Oomen","id":75067369,"id_str":"75067369","indices":[3,15]}],"symbols":[]},"favorited":false,"retweeted":false,"possibly_sensitive":false,"filter_level":"low","lang":"de","timestamp_ms":"1442016809525"}
