{"created_at":"Sat Sep 12 19:52:54 +0000 2015","id":642787992818589696,"id_str":"642787992818589696","text":"@AppleteaLP Krieg und Fl\u00fcchtlinge ist ein globales Problem.","source":"\u003ca href=\"http:\/\/twitter.com\/download\/android\" rel=\"nofollow\"\u003eTwitter for Android\u003c\/a\u003e","truncated":false,"in_reply_to_status_id":642761958626824192,"in_reply_to_status_id_str":"642761958626824192","in_reply_to_user_id":2342802502,"in_reply_to_user_id_str":"2342802502","in_reply_to_screen_name":"AppleteaLP","user":{"id":2744634866,"id_str":"2744634866","name":"Senpai","screen_name":"Julichrom","location":"Hamburg","url":"http:\/\/www.instagram.com\/julichrom","description":"Obsessed with Totoro, Ed Sheeran and Harry Potter.","protected":false,"verified":false,"followers_count":8250,"friends_count":109,"listed_count":8,"favourites_count":5171,"statuses_count":4675,"created_at":"Tue Aug 19 11:18:25 +0000 2014","utc_offset":null,"time_zone":null,"geo_enabled":true,"lang":"de","contributors_enabled":false,"is_translator":false,"profile_background_color":"000000","profile_background_image_url":"http:\/\/abs.twimg.com\/images\/themes\/theme1\/bg.png","profile_background_image_url_https":"https:\/\/abs.twimg.com\/images\/themes\/theme1\/bg.png","profile_background_tile":false,"profile_link_color":"6E6E6E","profile_sidebar_border_color":"000000","profile_sidebar_fill_color":"000000","profile_text_color":"000000","profile_use_background_image":false,"profile_image_url":"http:\/\/pbs.twimg.com\/profile_images\/623538474092728320\/_3HEKWPc_normal.jpg","profile_image_url_https":"https:\/\/pbs.twimg.com\/profile_images\/623538474092728320\/_3HEKWPc_normal.jpg","profile_banner_url":"https:\/\/pbs.twimg.com\/profile_banners\/2744634866\/1412703913","default_profile":false,"default_profile_image":false,"following":null,"follow_request_sent":null,"notifications":null},"geo":null,"coordinates":null,"place":null,"contributors":null,"retweet_count":0,"favorite_count":0,"entities":{"hashtags":[],"trends":[],"urls":[],"user_mentions":[{"screen_name":"AppleteaLP","name":"Felix LionGames","id":2342802502,"id_str":"2342802502","indices":[0,11]}],"symbols":[]},"favorited":false,"retweeted":false,"possibly_sensitive":false,"filter_level":"low","lang":"de","timestamp_ms":"1442087574568"}
