{"created_at":"Sat Sep 12 00:00:10 +0000 2015","id":642487829659037696,"id_str":"642487829659037696","text":"#taal Gutmensch: Gut gemeint ist nicht gut gemacht. \nLuister maar: \"Sprache macht Politik\" - http:\/\/t.co\/cuKSvgpBeO http:\/\/t.co\/0OS1O2tl7q","source":"\u003ca href=\"http:\/\/twitter.com\" rel=\"nofollow\"\u003eTwitter Web Client\u003c\/a\u003e","truncated":false,"in_reply_to_status_id":null,"in_reply_to_status_id_str":null,"in_reply_to_user_id":null,"in_reply_to_user_id_str":null,"in_reply_to_screen_name":null,"user":{"id":14335761,"id_str":"14335761","name":"Alphonse Scaf","screen_name":"Tibaert","location":"Maastricht","url":"http:\/\/tibaert.com\/","description":"Informatie over het sociale van dit medium: http:\/\/filou-maastricht.blogspot.nl\/?view=magazine Schermafbeelding: Kersenmarkt Maastricht","protected":false,"verified":false,"followers_count":1275,"friends_count":1085,"listed_count":31,"favourites_count":738,"statuses_count":65087,"created_at":"Tue Apr 08 20:26:25 +0000 2008","utc_offset":7200,"time_zone":"Paris","geo_enabled":false,"lang":"nl","contributors_enabled":false,"is_translator":false,"profile_background_color":"D3EBC1","profile_background_image_url":"http:\/\/pbs.twimg.com\/profile_background_images\/530846617847341056\/JtUPdyas.png","profile_background_image_url_https":"https:\/\/pbs.twimg.com\/profile_background_images\/530846617847341056\/JtUPdyas.png","profile_background_tile":true,"profile_link_color":"B30036","profile_sidebar_border_color":"000000","profile_sidebar_fill_color":"F0EEC0","profile_text_color":"080808","profile_use_background_image":true,"profile_image_url":"http:\/\/pbs.twimg.com\/profile_images\/487386337972994048\/l445hJJ3_normal.png","profile_image_url_https":"https:\/\/pbs.twimg.com\/profile_images\/487386337972994048\/l445hJJ3_normal.png","profile_banner_url":"https:\/\/pbs.twimg.com\/profile_banners\/14335761\/1348099745","default_profile":false,"default_profile_image":false,"following":null,"follow_request_sent":null,"notifications":null},"geo":null,"coordinates":null,"place":null,"contributors":null,"retweet_count":0,"favorite_count":0,"entities":{"hashtags":[{"text":"taal","indices":[0,5]}],"trends":[],"urls":[{"url":"http:\/\/t.co\/cuKSvgpBeO","expanded_url":"http:\/\/filou-maastricht.blogspot.nl\/2015\/09\/echt-nieuws.html?view=magazine","display_url":"filou-maastricht.blogspot.nl\/2015\/09\/echt-n\u2026","indices":[93,115]}],"user_mentions":[],"symbols":[],"media":[{"id":642487828665004032,"id_str":"642487828665004032","indices":[116,138],"media_url":"http:\/\/pbs.twimg.com\/media\/COqTRrAW8AAdCKC.png","media_url_https":"https:\/\/pbs.twimg.com\/media\/COqTRrAW8AAdCKC.png","url":"http:\/\/t.co\/0OS1O2tl7q","display_url":"pic.twitter.com\/0OS1O2tl7q","expanded_url":"http:\/\/twitter.com\/Tibaert\/status\/642487829659037696\/photo\/1","type":"photo","sizes":{"medium":{"w":465,"h":245,"resize":"fit"},"small":{"w":340,"h":179,"resize":"fit"},"large":{"w":465,"h":245,"resize":"fit"},"thumb":{"w":150,"h":150,"resize":"crop"}}}]},"extended_entities":{"media":[{"id":642487828665004032,"id_str":"642487828665004032","indices":[116,138],"media_url":"http:\/\/pbs.twimg.com\/media\/COqTRrAW8AAdCKC.png","media_url_https":"https:\/\/pbs.twimg.com\/media\/COqTRrAW8AAdCKC.png","url":"http:\/\/t.co\/0OS1O2tl7q","display_url":"pic.twitter.com\/0OS1O2tl7q","expanded_url":"http:\/\/twitter.com\/Tibaert\/status\/642487829659037696\/photo\/1","type":"photo","sizes":{"medium":{"w":465,"h":245,"resize":"fit"},"small":{"w":340,"h":179,"resize":"fit"},"large":{"w":465,"h":245,"resize":"fit"},"thumb":{"w":150,"h":150,"resize":"crop"}}}]},"favorited":false,"retweeted":false,"possibly_sensitive":false,"filter_level":"low","lang":"de","timestamp_ms":"1442016010094"}
