{"created_at":"Thu Sep 10 20:22:08 +0000 2015","id":642070572323762177,"id_str":"642070572323762177","text":"RT @ntvde: Fl\u00fcchtlinge unerw\u00fcnscht: Reiche Golfstaaten kaufen sich von Schuld frei http:\/\/t.co\/ZMHYl6Uf9m  (Video)","source":"\u003ca href=\"http:\/\/twitter.com\/download\/android\" rel=\"nofollow\"\u003eTwitter for Android\u003c\/a\u003e","truncated":false,"in_reply_to_status_id":null,"in_reply_to_status_id_str":null,"in_reply_to_user_id":null,"in_reply_to_user_id_str":null,"in_reply_to_screen_name":null,"user":{"id":48977638,"id_str":"48977638","name":"Mario Roh","screen_name":"sumario02","location":"G\u00f6ttingen, Deutschland","url":null,"description":"Weltgeschehen, Bundespolitik, Aufreger und Mysteri\u00f6ses - hier gern gesehen","protected":false,"verified":false,"followers_count":32,"friends_count":72,"listed_count":5,"favourites_count":388,"statuses_count":1720,"created_at":"Sat Jun 20 10:37:55 +0000 2009","utc_offset":7200,"time_zone":"Berlin","geo_enabled":false,"lang":"de","contributors_enabled":false,"is_translator":false,"profile_background_color":"1A1B1F","profile_background_image_url":"http:\/\/abs.twimg.com\/images\/themes\/theme9\/bg.gif","profile_background_image_url_https":"https:\/\/abs.twimg.com\/images\/themes\/theme9\/bg.gif","profile_background_tile":false,"profile_link_color":"2FC2EF","profile_sidebar_border_color":"181A1E","profile_sidebar_fill_color":"252429","profile_text_color":"666666","profile_use_background_image":true,"profile_image_url":"http:\/\/pbs.twimg.com\/profile_images\/1490470228\/Twitter_SW_normal.jpg","profile_image_url_https":"https:\/\/pbs.twimg.com\/profile_images\/1490470228\/Twitter_SW_normal.jpg","default_profile":false,"default_profile_image":false,"following":null,"follow_request_sent":null,"notifications":null},"geo":null,"coordinates":null,"place":null,"contributors":null,"retweeted_status":{"created_at":"Thu Sep 10 19:08:20 +0000 2015","id":642052001409339393,"id_str":"642052001409339393","text":"Fl\u00fcchtlinge unerw\u00fcnscht: Reiche Golfstaaten kaufen sich von Schuld frei http:\/\/t.co\/ZMHYl6Uf9m  (Video)","source":"\u003ca href=\"http:\/\/dlvr.it\" rel=\"nofollow\"\u003edlvr.it\u003c\/a\u003e","truncated":false,"in_reply_to_status_id":null,"in_reply_to_status_id_str":null,"in_reply_to_user_id":null,"in_reply_to_user_id_str":null,"in_reply_to_screen_name":null,"user":{"id":19232587,"id_str":"19232587","name":"n-tv","screen_name":"ntvde","location":"Deutschland","url":"http:\/\/n-tv.de","description":"Aktuelles aus der Online-Redaktion. Eilmeldungen hier: @ntv_EIL. Und: @ntvde_politik, @teleboerse_de, @ntvde_Sport, @ntvde_Auto | http:\/\/ntv.de\/impressum","protected":false,"verified":true,"followers_count":436188,"friends_count":27378,"listed_count":4046,"favourites_count":2250,"statuses_count":96306,"created_at":"Tue Jan 20 11:53:45 +0000 2009","utc_offset":7200,"time_zone":"Berlin","geo_enabled":false,"lang":"de","contributors_enabled":false,"is_translator":false,"profile_background_color":"E5E5E5","profile_background_image_url":"http:\/\/pbs.twimg.com\/profile_background_images\/387446553\/Studiohintergrund.jpg","profile_background_image_url_https":"https:\/\/pbs.twimg.com\/profile_background_images\/387446553\/Studiohintergrund.jpg","profile_background_tile":true,"profile_link_color":"B2101D","profile_sidebar_border_color":"FFFFFF","profile_sidebar_fill_color":"EDEDED","profile_text_color":"333333","profile_use_background_image":false,"profile_image_url":"http:\/\/pbs.twimg.com\/profile_images\/562216949191434240\/oHlTVT_Q_normal.jpeg","profile_image_url_https":"https:\/\/pbs.twimg.com\/profile_images\/562216949191434240\/oHlTVT_Q_normal.jpeg","profile_banner_url":"https:\/\/pbs.twimg.com\/profile_banners\/19232587\/1422877956","default_profile":false,"default_profile_image":false,"following":null,"follow_request_sent":null,"notifications":null},"geo":null,"coordinates":null,"place":null,"contributors":null,"retweet_count":15,"favorite_count":9,"entities":{"hashtags":[],"trends":[],"urls":[{"url":"http:\/\/t.co\/ZMHYl6Uf9m","expanded_url":"http:\/\/www.n-tv.de\/mediathek\/videos\/politik\/Reiche-Golfstaaten-kaufen-sich-von-Schuld-frei-article15900546.html","display_url":"n-tv.de\/mediathek\/vide\u2026","indices":[72,94]}],"user_mentions":[],"symbols":[]},"favorited":false,"retweeted":false,"possibly_sensitive":false,"filter_level":"low","lang":"de"},"retweet_count":0,"favorite_count":0,"entities":{"hashtags":[],"trends":[],"urls":[{"url":"http:\/\/t.co\/ZMHYl6Uf9m","expanded_url":"http:\/\/www.n-tv.de\/mediathek\/videos\/politik\/Reiche-Golfstaaten-kaufen-sich-von-Schuld-frei-article15900546.html","display_url":"n-tv.de\/mediathek\/vide\u2026","indices":[83,105]}],"user_mentions":[{"screen_name":"ntvde","name":"n-tv","id":19232587,"id_str":"19232587","indices":[3,9]}],"symbols":[]},"favorited":false,"retweeted":false,"possibly_sensitive":false,"filter_level":"low","lang":"de","timestamp_ms":"1441916528193"}
