{"created_at":"Sat Sep 12 19:52:27 +0000 2015","id":642787879945699328,"id_str":"642787879945699328","text":"RT @Mahatmapech: Frau setzt Vergewaltigungsl\u00fcge \u00fcber Asylbewerber in die Welt \u2013 jetzt muss sie vor Gericht!\n\nhttp:\/\/t.co\/fabFX6qBJr","source":"\u003ca href=\"http:\/\/twitter.com\/download\/android\" rel=\"nofollow\"\u003eTwitter for Android\u003c\/a\u003e","truncated":false,"in_reply_to_status_id":null,"in_reply_to_status_id_str":null,"in_reply_to_user_id":null,"in_reply_to_user_id_str":null,"in_reply_to_screen_name":null,"user":{"id":142406120,"id_str":"142406120","name":"Stef Skulz","screen_name":"mzso555","location":"hh","url":"http:\/\/lomography.com\/homes\/stf_55129","description":null,"protected":false,"verified":false,"followers_count":62,"friends_count":329,"listed_count":6,"favourites_count":7365,"statuses_count":2192,"created_at":"Mon May 10 20:15:29 +0000 2010","utc_offset":null,"time_zone":null,"geo_enabled":false,"lang":"de","contributors_enabled":false,"is_translator":false,"profile_background_color":"1A1B1F","profile_background_image_url":"http:\/\/abs.twimg.com\/images\/themes\/theme9\/bg.gif","profile_background_image_url_https":"https:\/\/abs.twimg.com\/images\/themes\/theme9\/bg.gif","profile_background_tile":false,"profile_link_color":"2FC2EF","profile_sidebar_border_color":"181A1E","profile_sidebar_fill_color":"252429","profile_text_color":"666666","profile_use_background_image":true,"profile_image_url":"http:\/\/pbs.twimg.com\/profile_images\/637726886647451649\/MQzbkAIP_normal.jpg","profile_image_url_https":"https:\/\/pbs.twimg.com\/profile_images\/637726886647451649\/MQzbkAIP_normal.jpg","default_profile":false,"default_profile_image":false,"following":null,"follow_request_sent":null,"notifications":null},"geo":null,"coordinates":null,"place":null,"contributors":null,"retweeted_status":{"created_at":"Sat Sep 12 18:46:28 +0000 2015","id":642771276038193152,"id_str":"642771276038193152","text":"Frau setzt Vergewaltigungsl\u00fcge \u00fcber Asylbewerber in die Welt \u2013 jetzt muss sie vor Gericht!\n\nhttp:\/\/t.co\/fabFX6qBJr","source":"\u003ca href=\"http:\/\/favstar.fm\" rel=\"nofollow\"\u003eFavstar.FM\u003c\/a\u003e","truncated":false,"in_reply_to_status_id":null,"in_reply_to_status_id_str":null,"in_reply_to_user_id":null,"in_reply_to_user_id_str":null,"in_reply_to_screen_name":null,"user":{"id":364569809,"id_str":"364569809","name":"Mahatma Pech","screen_name":"Mahatmapech","location":"Mahatma-Gl\u00fcck ","url":"https:\/\/twitter.com\/Mahatmapech\/lesen-bis-der-arzt-kommt","description":"Es gibt Leute, die sitzen so weit unten in der Nahrungskette, dass sie Planktonbisse am Hintern haben.","protected":false,"verified":false,"followers_count":14070,"friends_count":985,"listed_count":611,"favourites_count":249325,"statuses_count":59707,"created_at":"Tue Aug 30 00:03:40 +0000 2011","utc_offset":7200,"time_zone":"Bern","geo_enabled":false,"lang":"de","contributors_enabled":false,"is_translator":false,"profile_background_color":"424257","profile_background_image_url":"http:\/\/pbs.twimg.com\/profile_background_images\/600027883554213888\/-FQ8i-u-.jpg","profile_background_image_url_https":"https:\/\/pbs.twimg.com\/profile_background_images\/600027883554213888\/-FQ8i-u-.jpg","profile_background_tile":true,"profile_link_color":"000000","profile_sidebar_border_color":"000000","profile_sidebar_fill_color":"DDEEF6","profile_text_color":"333333","profile_use_background_image":true,"profile_image_url":"http:\/\/pbs.twimg.com\/profile_images\/636125208001290240\/JKiFVTyn_normal.jpg","profile_image_url_https":"https:\/\/pbs.twimg.com\/profile_images\/636125208001290240\/JKiFVTyn_normal.jpg","profile_banner_url":"https:\/\/pbs.twimg.com\/profile_banners\/364569809\/1403039153","default_profile":false,"default_profile_image":false,"following":null,"follow_request_sent":null,"notifications":null},"geo":null,"coordinates":null,"place":null,"contributors":null,"retweet_count":12,"favorite_count":25,"entities":{"hashtags":[],"trends":[],"urls":[{"url":"http:\/\/t.co\/fabFX6qBJr","expanded_url":"http:\/\/www.focus.de\/politik\/deutschland\/hetze-auf-facebook-frau-setzt-vergewaltigungsluege-ueber-asylbewerber-in-die-welt-jetzt-muss-sie-vor-gericht_id_4942590.html","display_url":"focus.de\/politik\/deutsc\u2026","indices":[92,114]}],"user_mentions":[],"symbols":[]},"favorited":false,"retweeted":false,"possibly_sensitive":false,"filter_level":"low","lang":"de"},"retweet_count":0,"favorite_count":0,"entities":{"hashtags":[],"trends":[],"urls":[{"url":"http:\/\/t.co\/fabFX6qBJr","expanded_url":"http:\/\/www.focus.de\/politik\/deutschland\/hetze-auf-facebook-frau-setzt-vergewaltigungsluege-ueber-asylbewerber-in-die-welt-jetzt-muss-sie-vor-gericht_id_4942590.html","display_url":"focus.de\/politik\/deutsc\u2026","indices":[109,131]}],"user_mentions":[{"screen_name":"Mahatmapech","name":"Mahatma Pech","id":364569809,"id_str":"364569809","indices":[3,15]}],"symbols":[]},"favorited":false,"retweeted":false,"possibly_sensitive":false,"filter_level":"low","lang":"de","timestamp_ms":"1442087547657"}
