{"created_at":"Thu Sep 10 20:29:23 +0000 2015","id":642072399861706752,"id_str":"642072399861706752","text":"Milliarden f\u00fcr...\n\n: \"Nicht alle sind hochqualifiziert\": Nahles bef\u00fcrchtet arbeitslose Fl\u00fcchtlinge http:\/\/t.co\/ZNppsfjYhs via @focusonline","source":"\u003ca href=\"http:\/\/twitter.com\/download\/android\" rel=\"nofollow\"\u003eTwitter for Android\u003c\/a\u003e","truncated":false,"in_reply_to_status_id":null,"in_reply_to_status_id_str":null,"in_reply_to_user_id":null,"in_reply_to_user_id_str":null,"in_reply_to_screen_name":null,"user":{"id":2851511069,"id_str":"2851511069","name":"Moppi Williams \u2620 ","screen_name":"HyLars","location":"ubiquit\u00e4r hei\u00df verliebt ","url":"http:\/\/prompt3D.com","description":"\u00bbAuf Euch sitzen vielleicht Schmei\u00dffliegen, aber auf mir hocken die Geier.\u00ab C. Bukowski (Metal\/Punk egal laut muss es sein und Spa\u00df machen)","protected":false,"verified":false,"followers_count":41,"friends_count":68,"listed_count":5,"favourites_count":2076,"statuses_count":1693,"created_at":"Thu Oct 30 15:03:29 +0000 2014","utc_offset":7200,"time_zone":"Ljubljana","geo_enabled":false,"lang":"de","contributors_enabled":false,"is_translator":false,"profile_background_color":"1A1B1F","profile_background_image_url":"http:\/\/abs.twimg.com\/images\/themes\/theme9\/bg.gif","profile_background_image_url_https":"https:\/\/abs.twimg.com\/images\/themes\/theme9\/bg.gif","profile_background_tile":false,"profile_link_color":"2FC2EF","profile_sidebar_border_color":"181A1E","profile_sidebar_fill_color":"252429","profile_text_color":"666666","profile_use_background_image":true,"profile_image_url":"http:\/\/pbs.twimg.com\/profile_images\/624565419517571072\/ecBiNOp1_normal.png","profile_image_url_https":"https:\/\/pbs.twimg.com\/profile_images\/624565419517571072\/ecBiNOp1_normal.png","profile_banner_url":"https:\/\/pbs.twimg.com\/profile_banners\/2851511069\/1416517836","default_profile":false,"default_profile_image":false,"following":null,"follow_request_sent":null,"notifications":null},"geo":null,"coordinates":null,"place":null,"contributors":null,"retweet_count":0,"favorite_count":0,"entities":{"hashtags":[],"trends":[],"urls":[{"url":"http:\/\/t.co\/ZNppsfjYhs","expanded_url":"http:\/\/www.focus.de\/4939246","display_url":"focus.de\/4939246","indices":[99,121]}],"user_mentions":[{"screen_name":"focusonline","name":"FOCUS Online","id":5494392,"id_str":"5494392","indices":[126,138]}],"symbols":[]},"favorited":false,"retweeted":false,"possibly_sensitive":false,"filter_level":"low","lang":"de","timestamp_ms":"1441916963912"}
