{"created_at":"Sat Sep 12 19:53:00 +0000 2015","id":642788018575773697,"id_str":"642788018575773697","text":"RT @S_Schwarzkopf: #Fl\u00fcchtlinge berichten von Geheimcamps der ungarischen Polizei. \"7 Tage in der H\u00f6lle\". Misshandlungen und Drohungen. #re\u2026","source":"\u003ca href=\"http:\/\/twitter.com\" rel=\"nofollow\"\u003eTwitter Web Client\u003c\/a\u003e","truncated":false,"in_reply_to_status_id":null,"in_reply_to_status_id_str":null,"in_reply_to_user_id":null,"in_reply_to_user_id_str":null,"in_reply_to_screen_name":null,"user":{"id":55178663,"id_str":"55178663","name":"Wolfram Evermann","screen_name":"woever","location":"53.632958,10.082216","url":null,"description":null,"protected":false,"verified":false,"followers_count":322,"friends_count":279,"listed_count":40,"favourites_count":33,"statuses_count":12396,"created_at":"Thu Jul 09 08:09:53 +0000 2009","utc_offset":-7200,"time_zone":"Greenland","geo_enabled":true,"lang":"de","contributors_enabled":false,"is_translator":false,"profile_background_color":"C0DEED","profile_background_image_url":"http:\/\/abs.twimg.com\/images\/themes\/theme1\/bg.png","profile_background_image_url_https":"https:\/\/abs.twimg.com\/images\/themes\/theme1\/bg.png","profile_background_tile":false,"profile_link_color":"0084B4","profile_sidebar_border_color":"C0DEED","profile_sidebar_fill_color":"DDEEF6","profile_text_color":"333333","profile_use_background_image":true,"profile_image_url":"http:\/\/pbs.twimg.com\/profile_images\/457491035\/55178663_normal.jpg","profile_image_url_https":"https:\/\/pbs.twimg.com\/profile_images\/457491035\/55178663_normal.jpg","default_profile":true,"default_profile_image":false,"following":null,"follow_request_sent":null,"notifications":null},"geo":null,"coordinates":null,"place":null,"contributors":null,"retweeted_status":{"created_at":"Sat Sep 12 12:01:52 +0000 2015","id":642669455168937984,"id_str":"642669455168937984","text":"#Fl\u00fcchtlinge berichten von Geheimcamps der ungarischen Polizei. \"7 Tage in der H\u00f6lle\". Misshandlungen und Drohungen. #refugees","source":"\u003ca href=\"http:\/\/twitter.com\/download\/iphone\" rel=\"nofollow\"\u003eTwitter for iPhone\u003c\/a\u003e","truncated":false,"in_reply_to_status_id":null,"in_reply_to_status_id_str":null,"in_reply_to_user_id":null,"in_reply_to_user_id_str":null,"in_reply_to_screen_name":null,"user":{"id":3523191203,"id_str":"3523191203","name":"Steffen Schwarzkopf","screen_name":"S_Schwarzkopf","location":"","url":null,"description":null,"protected":false,"verified":false,"followers_count":82,"friends_count":13,"listed_count":11,"favourites_count":0,"statuses_count":35,"created_at":"Wed Sep 02 12:28:41 +0000 2015","utc_offset":null,"time_zone":null,"geo_enabled":false,"lang":"de","contributors_enabled":false,"is_translator":false,"profile_background_color":"C0DEED","profile_background_image_url":"http:\/\/abs.twimg.com\/images\/themes\/theme1\/bg.png","profile_background_image_url_https":"https:\/\/abs.twimg.com\/images\/themes\/theme1\/bg.png","profile_background_tile":false,"profile_link_color":"0084B4","profile_sidebar_border_color":"C0DEED","profile_sidebar_fill_color":"DDEEF6","profile_text_color":"333333","profile_use_background_image":true,"profile_image_url":"http:\/\/pbs.twimg.com\/profile_images\/639055808739835904\/YlBo1w8Z_normal.jpg","profile_image_url_https":"https:\/\/pbs.twimg.com\/profile_images\/639055808739835904\/YlBo1w8Z_normal.jpg","profile_banner_url":"https:\/\/pbs.twimg.com\/profile_banners\/3523191203\/1441198268","default_profile":true,"default_profile_image":false,"following":null,"follow_request_sent":null,"notifications":null},"geo":null,"coordinates":null,"place":null,"contributors":null,"retweet_count":30,"favorite_count":2,"entities":{"hashtags":[{"text":"Fl\u00fcchtlinge","indices":[0,12]},{"text":"refugees","indices":[117,126]}],"trends":[],"urls":[],"user_mentions":[],"symbols":[]},"favorited":false,"retweeted":false,"possibly_sensitive":false,"filter_level":"low","lang":"de"},"retweet_count":0,"favorite_count":0,"entities":{"hashtags":[{"text":"Fl\u00fcchtlinge","indices":[19,31]},{"text":"refugees","indices":[136,140]}],"trends":[],"urls":[],"user_mentions":[{"screen_name":"S_Schwarzkopf","name":"Steffen Schwarzkopf","id":3523191203,"id_str":"3523191203","indices":[3,17]}],"symbols":[]},"favorited":false,"retweeted":false,"possibly_sensitive":false,"filter_level":"low","lang":"de","timestamp_ms":"1442087580709"}
