{"created_at":"Fri Sep 11 23:50:23 +0000 2015","id":642485369519239169,"id_str":"642485369519239169","text":"#\u62db\u5f85 #\u51fa\u4f1a\u3044\u7cfb #\u30bb\u30d5\u30ec #\u30e1\u30eb\u53cb US-Vorwahlkampf - Rick Perry gibt auf - S\u00fcddeutsche.de  http:\/\/t.co\/y8nrOShqcT","source":"\u003ca href=\"http:\/\/twittbot.net\/\" rel=\"nofollow\"\u003etwittbot.net\u003c\/a\u003e","truncated":false,"in_reply_to_status_id":null,"in_reply_to_status_id_str":null,"in_reply_to_user_id":null,"in_reply_to_user_id_str":null,"in_reply_to_screen_name":null,"user":{"id":2334845534,"id_str":"2334845534","name":"lard","screen_name":"post0721","location":"","url":null,"description":"\u30e9\u30fc\u30c9\u30de\u30f3","protected":false,"verified":false,"followers_count":395,"friends_count":246,"listed_count":3,"favourites_count":0,"statuses_count":84337,"created_at":"Sun Feb 09 09:37:40 +0000 2014","utc_offset":null,"time_zone":null,"geo_enabled":false,"lang":"ja","contributors_enabled":false,"is_translator":false,"profile_background_color":"C0DEED","profile_background_image_url":"http:\/\/abs.twimg.com\/images\/themes\/theme1\/bg.png","profile_background_image_url_https":"https:\/\/abs.twimg.com\/images\/themes\/theme1\/bg.png","profile_background_tile":false,"profile_link_color":"0084B4","profile_sidebar_border_color":"C0DEED","profile_sidebar_fill_color":"DDEEF6","profile_text_color":"333333","profile_use_background_image":true,"profile_image_url":"http:\/\/pbs.twimg.com\/profile_images\/432448561590980608\/pB7xHAoY_normal.jpeg","profile_image_url_https":"https:\/\/pbs.twimg.com\/profile_images\/432448561590980608\/pB7xHAoY_normal.jpeg","profile_banner_url":"https:\/\/pbs.twimg.com\/profile_banners\/2334845534\/1391940081","default_profile":true,"default_profile_image":false,"following":null,"follow_request_sent":null,"notifications":null},"geo":null,"coordinates":null,"place":null,"contributors":null,"retweet_count":0,"favorite_count":0,"entities":{"hashtags":[{"text":"\u62db\u5f85","indices":[0,3]},{"text":"\u51fa\u4f1a\u3044\u7cfb","indices":[4,9]},{"text":"\u30bb\u30d5\u30ec","indices":[10,14]},{"text":"\u30e1\u30eb\u53cb","indices":[15,19]}],"trends":[],"urls":[{"url":"http:\/\/t.co\/y8nrOShqcT","expanded_url":"http:\/\/news.google.com\/news\/url?sa=t&fd=R&ct2=de_at&usg=AFQjCNFyCJ8lEpoxkCOPl1nr9-E0qaPQaw&clid=c3a7d30bb8a4878e06b80cf16b898331&cid=52779572251876&ei=vmjzVcj5I9-r4AK6u5rYDA&url=http:\/\/www.sueddeutsche.de\/politik\/us-vorwahlkampf-rick-perry-gibt-auf-1.2645","display_url":"news.google.com\/news\/url?sa=t&\u2026","indices":[76,98]}],"user_mentions":[],"symbols":[]},"favorited":false,"retweeted":false,"possibly_sensitive":false,"filter_level":"low","lang":"de","timestamp_ms":"1442015423551"}
