{"created_at":"Sat Sep 12 19:53:25 +0000 2015","id":642788122397380612,"id_str":"642788122397380612","text":"Ich kann mir den Plot der #StadlShow eigentlich nur so erkl\u00e4ren, dass hier Fl\u00fcchtlinge abgeschreckt werden sollen.","source":"\u003ca href=\"http:\/\/twitter.com\" rel=\"nofollow\"\u003eTwitter Web Client\u003c\/a\u003e","truncated":false,"in_reply_to_status_id":null,"in_reply_to_status_id_str":null,"in_reply_to_user_id":null,"in_reply_to_user_id_str":null,"in_reply_to_screen_name":null,"user":{"id":3293395671,"id_str":"3293395671","name":"Leopold Haenel","screen_name":"RA_Haenel","location":"Freiburg im Breisgau","url":"http:\/\/www.Kanzlei-Wallstrasse.de","description":"Rechtsanwalt","protected":false,"verified":false,"followers_count":49,"friends_count":244,"listed_count":2,"favourites_count":74,"statuses_count":760,"created_at":"Thu May 21 22:44:24 +0000 2015","utc_offset":7200,"time_zone":"Berlin","geo_enabled":false,"lang":"de","contributors_enabled":false,"is_translator":false,"profile_background_color":"C0DEED","profile_background_image_url":"http:\/\/abs.twimg.com\/images\/themes\/theme1\/bg.png","profile_background_image_url_https":"https:\/\/abs.twimg.com\/images\/themes\/theme1\/bg.png","profile_background_tile":false,"profile_link_color":"0084B4","profile_sidebar_border_color":"C0DEED","profile_sidebar_fill_color":"DDEEF6","profile_text_color":"333333","profile_use_background_image":true,"profile_image_url":"http:\/\/pbs.twimg.com\/profile_images\/604311208951439361\/w0-3Nrc2_normal.png","profile_image_url_https":"https:\/\/pbs.twimg.com\/profile_images\/604311208951439361\/w0-3Nrc2_normal.png","default_profile":true,"default_profile_image":false,"following":null,"follow_request_sent":null,"notifications":null},"geo":null,"coordinates":null,"place":null,"contributors":null,"retweet_count":0,"favorite_count":0,"entities":{"hashtags":[{"text":"StadlShow","indices":[26,36]}],"trends":[],"urls":[],"user_mentions":[],"symbols":[]},"favorited":false,"retweeted":false,"possibly_sensitive":false,"filter_level":"low","lang":"de","timestamp_ms":"1442087605462"}
