{"created_at":"Thu Sep 10 20:23:51 +0000 2015","id":642071004227969024,"id_str":"642071004227969024","text":"Schaue zum ersten Mal seit Wochen das Propagandamagazin #Tagesthemen und finde, dass diese deutsche Regierung sofort abgesetzt werden m\u00fcsste","source":"\u003ca href=\"https:\/\/github.com\/veskuh\/Tweetian\" rel=\"nofollow\"\u003eTweetian for Sailfish OS\u003c\/a\u003e","truncated":false,"in_reply_to_status_id":null,"in_reply_to_status_id_str":null,"in_reply_to_user_id":null,"in_reply_to_user_id_str":null,"in_reply_to_screen_name":null,"user":{"id":3481664475,"id_str":"3481664475","name":"Dick van Deuwel","screen_name":"DickVanDeuwel","location":"","url":null,"description":"I'm just watchin' the end of our western culture!","protected":false,"verified":false,"followers_count":17,"friends_count":161,"listed_count":1,"favourites_count":49,"statuses_count":77,"created_at":"Sat Aug 29 15:47:22 +0000 2015","utc_offset":7200,"time_zone":"Bern","geo_enabled":true,"lang":"de","contributors_enabled":false,"is_translator":false,"profile_background_color":"131516","profile_background_image_url":"http:\/\/pbs.twimg.com\/profile_background_images\/637662615913779200\/XERJlsst.jpg","profile_background_image_url_https":"https:\/\/pbs.twimg.com\/profile_background_images\/637662615913779200\/XERJlsst.jpg","profile_background_tile":true,"profile_link_color":"000000","profile_sidebar_border_color":"000000","profile_sidebar_fill_color":"000000","profile_text_color":"000000","profile_use_background_image":true,"profile_image_url":"http:\/\/pbs.twimg.com\/profile_images\/642050621403754496\/7WtH5KT2_normal.jpg","profile_image_url_https":"https:\/\/pbs.twimg.com\/profile_images\/642050621403754496\/7WtH5KT2_normal.jpg","profile_banner_url":"https:\/\/pbs.twimg.com\/profile_banners\/3481664475\/1441912079","default_profile":false,"default_profile_image":false,"following":null,"follow_request_sent":null,"notifications":null},"geo":null,"coordinates":null,"place":null,"contributors":null,"retweet_count":0,"favorite_count":0,"entities":{"hashtags":[{"text":"Tagesthemen","indices":[56,68]}],"trends":[],"urls":[],"user_mentions":[],"symbols":[]},"favorited":false,"retweeted":false,"possibly_sensitive":false,"filter_level":"low","lang":"de","timestamp_ms":"1441916631167"}
