{"created_at":"Sat Sep 12 00:09:25 +0000 2015","id":642490160245022720,"id_str":"642490160245022720","text":"RT @zbbeV: #ogtm15 http:\/\/t.co\/v5cbXdzZ3d sammelte ein paar Eindr\u00fccke der open data Tagung M\u00fcnchen open government in bayern? Nach dem Regi\u2026","source":"\u003ca href=\"http:\/\/twitter.com\/download\/android\" rel=\"nofollow\"\u003eTwitter for Android\u003c\/a\u003e","truncated":false,"in_reply_to_status_id":null,"in_reply_to_status_id_str":null,"in_reply_to_user_id":null,"in_reply_to_user_id_str":null,"in_reply_to_screen_name":null,"user":{"id":13278322,"id_str":"13278322","name":"Community entwickeln","screen_name":"fritzLetsch","location":"M\u00fcnchen, Bayern, S\u00fcdosten","url":"http:\/\/about.me\/fritz.letsch","description":"Forumtheater und Gestalt, befreiende P\u00e4dagogik, Bewegungen, Supervision & Radio, interkultur, sexp\u00e4d, gemeinn\u00fctzige OE zur Beteiligung http:\/\/t.co\/AhvIUKMPI1","protected":false,"verified":false,"followers_count":1384,"friends_count":1980,"listed_count":122,"favourites_count":56778,"statuses_count":38061,"created_at":"Sat Feb 09 10:27:16 +0000 2008","utc_offset":7200,"time_zone":"Berlin","geo_enabled":false,"lang":"de","contributors_enabled":false,"is_translator":false,"profile_background_color":"FFF04D","profile_background_image_url":"http:\/\/pbs.twimg.com\/profile_background_images\/838354710\/cb3384bda795a89c681fbd89c56c5aa3.jpeg","profile_background_image_url_https":"https:\/\/pbs.twimg.com\/profile_background_images\/838354710\/cb3384bda795a89c681fbd89c56c5aa3.jpeg","profile_background_tile":true,"profile_link_color":"103AA3","profile_sidebar_border_color":"000000","profile_sidebar_fill_color":"79ED26","profile_text_color":"66202E","profile_use_background_image":true,"profile_image_url":"http:\/\/pbs.twimg.com\/profile_images\/420529817407066112\/PSDX0Ypb_normal.jpeg","profile_image_url_https":"https:\/\/pbs.twimg.com\/profile_images\/420529817407066112\/PSDX0Ypb_normal.jpeg","profile_banner_url":"https:\/\/pbs.twimg.com\/profile_banners\/13278322\/1389098323","default_profile":false,"default_profile_image":false,"following":null,"follow_request_sent":null,"notifications":null},"geo":null,"coordinates":null,"place":null,"contributors":null,"retweeted_status":{"created_at":"Fri Sep 11 08:56:30 +0000 2015","id":642260417969037312,"id_str":"642260417969037312","text":"#ogtm15 http:\/\/t.co\/v5cbXdzZ3d sammelte ein paar Eindr\u00fccke der open data Tagung M\u00fcnchen open government in bayern? Nach dem Regierungsw.","source":"\u003ca href=\"http:\/\/twitter.com\/download\/android\" rel=\"nofollow\"\u003eTwitter for Android\u003c\/a\u003e","truncated":false,"in_reply_to_status_id":null,"in_reply_to_status_id_str":null,"in_reply_to_user_id":null,"in_reply_to_user_id_str":null,"in_reply_to_screen_name":null,"user":{"id":169645621,"id_str":"169645621","name":"bayr. bildungsinis","screen_name":"zbbeV","location":"M\u00fcnchen","url":"http:\/\/zbb-ev.jimdo.com","description":"zusammenschlu\u00df bayrischer bildungsinitiativen e.V.\r\nprojekte alternativer und befreiender bildung, internat. Partnerschaften, Transition Inis","protected":false,"verified":false,"followers_count":796,"friends_count":1904,"listed_count":36,"favourites_count":18415,"statuses_count":13278,"created_at":"Thu Jul 22 20:53:59 +0000 2010","utc_offset":7200,"time_zone":"Berlin","geo_enabled":false,"lang":"de","contributors_enabled":false,"is_translator":false,"profile_background_color":"B2DFDA","profile_background_image_url":"http:\/\/abs.twimg.com\/images\/themes\/theme1\/bg.png","profile_background_image_url_https":"https:\/\/abs.twimg.com\/images\/themes\/theme1\/bg.png","profile_background_tile":false,"profile_link_color":"73651D","profile_sidebar_border_color":"EEEEEE","profile_sidebar_fill_color":"FFFFFF","profile_text_color":"333333","profile_use_background_image":true,"profile_image_url":"http:\/\/pbs.twimg.com\/profile_images\/378800000722458664\/c9b22861f8fcdc4c94a791abdb9282f4_normal.jpeg","profile_image_url_https":"https:\/\/pbs.twimg.com\/profile_images\/378800000722458664\/c9b22861f8fcdc4c94a791abdb9282f4_normal.jpeg","profile_banner_url":"https:\/\/pbs.twimg.com\/profile_banners\/169645621\/1420242333","default_profile":false,"default_profile_image":false,"following":null,"follow_request_sent":null,"notifications":null},"geo":null,"coordinates":null,"place":null,"contributors":null,"retweet_count":3,"favorite_count":2,"entities":{"hashtags":[{"text":"ogtm15","indices":[0,7]}],"trends":[],"urls":[{"url":"http:\/\/t.co\/v5cbXdzZ3d","expanded_url":"http:\/\/fairmuenchen.de\/open-government-in-muenchen\/","display_url":"fairmuenchen.de\/open-governmen\u2026","indices":[8,30]}],"user_mentions":[],"symbols":[]},"favorited":false,"retweeted":false,"possibly_sensitive":false,"filter_level":"low","lang":"de"},"retweet_count":0,"favorite_count":0,"entities":{"hashtags":[{"text":"ogtm15","indices":[11,18]}],"trends":[],"urls":[{"url":"http:\/\/t.co\/v5cbXdzZ3d","expanded_url":"http:\/\/fairmuenchen.de\/open-government-in-muenchen\/","display_url":"fairmuenchen.de\/open-governmen\u2026","indices":[19,41]}],"user_mentions":[{"screen_name":"zbbeV","name":"bayr. bildungsinis","id":169645621,"id_str":"169645621","indices":[3,9]}],"symbols":[]},"favorited":false,"retweeted":false,"possibly_sensitive":false,"filter_level":"low","lang":"de","timestamp_ms":"1442016565749"}
