{"created_at":"Thu Sep 10 20:28:29 +0000 2015","id":642072172299730945,"id_str":"642072172299730945","text":"RT @Gunnsen: Mein Bruder hat ein tolles Projekt f\u00fcr Fl\u00fcchtlinge in Berlin gestartet. Ihr kriegt billig Essen und helft dabei: http:http:\/\/t\u2026","source":"\u003ca href=\"http:\/\/twitter.com\/download\/iphone\" rel=\"nofollow\"\u003eTwitter for iPhone\u003c\/a\u003e","truncated":false,"in_reply_to_status_id":null,"in_reply_to_status_id_str":null,"in_reply_to_user_id":null,"in_reply_to_user_id_str":null,"in_reply_to_screen_name":null,"user":{"id":72929433,"id_str":"72929433","name":"Lia Pinkie","screen_name":"Liapfote","location":"Deutschland, K\u00f6ln","url":null,"description":"Die Wahrheit geh\u00f6rt uns beiden. Internet. Freunde. Youtube. Stadtaffenweibchen. Pandadame mit Charakterz\u00fcgen einer Koaladame","protected":false,"verified":false,"followers_count":647,"friends_count":28,"listed_count":6,"favourites_count":5893,"statuses_count":2972,"created_at":"Wed Sep 09 19:30:29 +0000 2009","utc_offset":7200,"time_zone":"Bern","geo_enabled":true,"lang":"de","contributors_enabled":false,"is_translator":false,"profile_background_color":"ACDED6","profile_background_image_url":"http:\/\/abs.twimg.com\/images\/themes\/theme18\/bg.gif","profile_background_image_url_https":"https:\/\/abs.twimg.com\/images\/themes\/theme18\/bg.gif","profile_background_tile":false,"profile_link_color":"038543","profile_sidebar_border_color":"EEEEEE","profile_sidebar_fill_color":"F6F6F6","profile_text_color":"333333","profile_use_background_image":true,"profile_image_url":"http:\/\/pbs.twimg.com\/profile_images\/597070459474153472\/fGH0PXd8_normal.jpg","profile_image_url_https":"https:\/\/pbs.twimg.com\/profile_images\/597070459474153472\/fGH0PXd8_normal.jpg","profile_banner_url":"https:\/\/pbs.twimg.com\/profile_banners\/72929433\/1425364242","default_profile":false,"default_profile_image":false,"following":null,"follow_request_sent":null,"notifications":null},"geo":null,"coordinates":null,"place":null,"contributors":null,"retweeted_status":{"created_at":"Thu Sep 10 20:23:50 +0000 2015","id":642071001497489408,"id_str":"642071001497489408","text":"Mein Bruder hat ein tolles Projekt f\u00fcr Fl\u00fcchtlinge in Berlin gestartet. Ihr kriegt billig Essen und helft dabei: http:http:\/\/t.co\/neDuNzWK66","source":"\u003ca href=\"http:\/\/twitter.com\/download\/iphone\" rel=\"nofollow\"\u003eTwitter for iPhone\u003c\/a\u003e","truncated":false,"in_reply_to_status_id":null,"in_reply_to_status_id_str":null,"in_reply_to_user_id":null,"in_reply_to_user_id_str":null,"in_reply_to_screen_name":null,"user":{"id":70998917,"id_str":"70998917","name":"Gunnar Krupp","screen_name":"Gunnsen","location":"Hamburg\/Oldenburg\/Weserstadion","url":"http:\/\/www.rocketbeans.tv","description":"Die beste Gunnar Krupp Parodie des Internets. Das ist nicht der echte Gunnar Krupp. 64K-Redaktion","protected":false,"verified":false,"followers_count":24550,"friends_count":300,"listed_count":245,"favourites_count":3100,"statuses_count":7731,"created_at":"Wed Sep 02 15:58:06 +0000 2009","utc_offset":7200,"time_zone":"Berlin","geo_enabled":true,"lang":"en","contributors_enabled":false,"is_translator":false,"profile_background_color":"8B542B","profile_background_image_url":"http:\/\/abs.twimg.com\/images\/themes\/theme8\/bg.gif","profile_background_image_url_https":"https:\/\/abs.twimg.com\/images\/themes\/theme8\/bg.gif","profile_background_tile":false,"profile_link_color":"9D582E","profile_sidebar_border_color":"D9B17E","profile_sidebar_fill_color":"EADEAA","profile_text_color":"333333","profile_use_background_image":true,"profile_image_url":"http:\/\/pbs.twimg.com\/profile_images\/641520126890803201\/OqLydw4l_normal.jpg","profile_image_url_https":"https:\/\/pbs.twimg.com\/profile_images\/641520126890803201\/OqLydw4l_normal.jpg","profile_banner_url":"https:\/\/pbs.twimg.com\/profile_banners\/70998917\/1411331106","default_profile":false,"default_profile_image":false,"following":null,"follow_request_sent":null,"notifications":null},"geo":null,"coordinates":null,"place":null,"contributors":null,"retweet_count":4,"favorite_count":13,"entities":{"hashtags":[],"trends":[],"urls":[{"url":"http:\/\/t.co\/neDuNzWK66","expanded_url":"http:\/\/1000mealsberlin.blogspot.de","display_url":"1000mealsberlin.blogspot.de","indices":[118,140]}],"user_mentions":[],"symbols":[]},"favorited":false,"retweeted":false,"possibly_sensitive":false,"filter_level":"low","lang":"de"},"retweet_count":0,"favorite_count":0,"entities":{"hashtags":[],"trends":[],"urls":[{"url":"http:\/\/t.co\/neDuNzWK66","expanded_url":"http:\/\/1000mealsberlin.blogspot.de","display_url":"1000mealsberlin.blogspot.de","indices":[139,140]}],"user_mentions":[{"screen_name":"Gunnsen","name":"Gunnar Krupp","id":70998917,"id_str":"70998917","indices":[3,11]}],"symbols":[]},"favorited":false,"retweeted":false,"possibly_sensitive":false,"filter_level":"low","lang":"de","timestamp_ms":"1441916909657"}
