{"created_at":"Sat Sep 12 19:53:06 +0000 2015","id":642788044077187072,"id_str":"642788044077187072","text":"RT @tagesschau: M\u00fcnchen versorgt weitere 10.000 Fl\u00fcchtlinge http:\/\/t.co\/iCzZhq9nWy #Fl\u00fcchtlinge","source":"\u003ca href=\"http:\/\/twitter.com\/download\/iphone\" rel=\"nofollow\"\u003eTwitter for iPhone\u003c\/a\u003e","truncated":false,"in_reply_to_status_id":null,"in_reply_to_status_id_str":null,"in_reply_to_user_id":null,"in_reply_to_user_id_str":null,"in_reply_to_screen_name":null,"user":{"id":1216452624,"id_str":"1216452624","name":"Anna Lorenz","screen_name":"roadranna","location":"","url":null,"description":null,"protected":false,"verified":false,"followers_count":239,"friends_count":293,"listed_count":33,"favourites_count":1130,"statuses_count":4327,"created_at":"Sun Feb 24 20:20:25 +0000 2013","utc_offset":null,"time_zone":null,"geo_enabled":false,"lang":"de","contributors_enabled":false,"is_translator":false,"profile_background_color":"C0DEED","profile_background_image_url":"http:\/\/abs.twimg.com\/images\/themes\/theme1\/bg.png","profile_background_image_url_https":"https:\/\/abs.twimg.com\/images\/themes\/theme1\/bg.png","profile_background_tile":false,"profile_link_color":"0084B4","profile_sidebar_border_color":"C0DEED","profile_sidebar_fill_color":"DDEEF6","profile_text_color":"333333","profile_use_background_image":true,"profile_image_url":"http:\/\/pbs.twimg.com\/profile_images\/3303336132\/b71e9c847b02dbba2832bfb201a2877e_normal.jpeg","profile_image_url_https":"https:\/\/pbs.twimg.com\/profile_images\/3303336132\/b71e9c847b02dbba2832bfb201a2877e_normal.jpeg","default_profile":true,"default_profile_image":false,"following":null,"follow_request_sent":null,"notifications":null},"geo":null,"coordinates":null,"place":null,"contributors":null,"retweeted_status":{"created_at":"Sat Sep 12 19:15:15 +0000 2015","id":642778518527602688,"id_str":"642778518527602688","text":"M\u00fcnchen versorgt weitere 10.000 Fl\u00fcchtlinge http:\/\/t.co\/iCzZhq9nWy #Fl\u00fcchtlinge","source":"\u003ca href=\"http:\/\/www.tagesschau.de\" rel=\"nofollow\"\u003etagesschau.de\u003c\/a\u003e","truncated":false,"in_reply_to_status_id":null,"in_reply_to_status_id_str":null,"in_reply_to_user_id":null,"in_reply_to_user_id_str":null,"in_reply_to_screen_name":null,"user":{"id":5734902,"id_str":"5734902","name":"tagesschau","screen_name":"tagesschau","location":"Hamburg","url":"http:\/\/www.tagesschau.de","description":"Die Nachrichten der ARD","protected":false,"verified":true,"followers_count":791539,"friends_count":269,"listed_count":6017,"favourites_count":2429,"statuses_count":106376,"created_at":"Thu May 03 08:42:42 +0000 2007","utc_offset":7200,"time_zone":"Berlin","geo_enabled":true,"lang":"de","contributors_enabled":false,"is_translator":false,"profile_background_color":"5985DF","profile_background_image_url":"http:\/\/pbs.twimg.com\/profile_background_images\/663561494\/77vatey16iwy2tclqmpx.png","profile_background_image_url_https":"https:\/\/pbs.twimg.com\/profile_background_images\/663561494\/77vatey16iwy2tclqmpx.png","profile_background_tile":true,"profile_link_color":"0000FF","profile_sidebar_border_color":"FFFFFF","profile_sidebar_fill_color":"E2EBF7","profile_text_color":"00044B","profile_use_background_image":true,"profile_image_url":"http:\/\/pbs.twimg.com\/profile_images\/531688614640365568\/U84uXoIT_normal.png","profile_image_url_https":"https:\/\/pbs.twimg.com\/profile_images\/531688614640365568\/U84uXoIT_normal.png","profile_banner_url":"https:\/\/pbs.twimg.com\/profile_banners\/5734902\/1420854767","default_profile":false,"default_profile_image":false,"following":null,"follow_request_sent":null,"notifications":null},"geo":null,"coordinates":null,"place":null,"contributors":null,"retweet_count":30,"favorite_count":22,"entities":{"hashtags":[{"text":"Fl\u00fcchtlinge","indices":[67,79]}],"trends":[],"urls":[{"url":"http:\/\/t.co\/iCzZhq9nWy","expanded_url":"http:\/\/www.tagesschau.de\/inland\/fluechtlinge-883.html","display_url":"tagesschau.de\/inland\/fluecht\u2026","indices":[44,66]}],"user_mentions":[],"symbols":[]},"favorited":false,"retweeted":false,"possibly_sensitive":false,"filter_level":"low","lang":"de"},"retweet_count":0,"favorite_count":0,"entities":{"hashtags":[{"text":"Fl\u00fcchtlinge","indices":[83,95]}],"trends":[],"urls":[{"url":"http:\/\/t.co\/iCzZhq9nWy","expanded_url":"http:\/\/www.tagesschau.de\/inland\/fluechtlinge-883.html","display_url":"tagesschau.de\/inland\/fluecht\u2026","indices":[60,82]}],"user_mentions":[{"screen_name":"tagesschau","name":"tagesschau","id":5734902,"id_str":"5734902","indices":[3,14]}],"symbols":[]},"favorited":false,"retweeted":false,"possibly_sensitive":false,"filter_level":"low","lang":"de","timestamp_ms":"1442087586789"}
