{"created_at":"Sat Sep 12 19:52:28 +0000 2015","id":642787884806893568,"id_str":"642787884806893568","text":"RT @ColliniSue: Auf Grund der Notlage in M\u00fcnchen meldeten 15 ! Bundesl\u00e4nder 1500 freie Pl\u00e4tze.\nEs ist so besch\u00e4mend.\nhttp:\/\/t.co\/k6o6Wv7lUU","source":"\u003ca href=\"http:\/\/twitter.com\/download\/android\" rel=\"nofollow\"\u003eTwitter for Android\u003c\/a\u003e","truncated":false,"in_reply_to_status_id":null,"in_reply_to_status_id_str":null,"in_reply_to_user_id":null,"in_reply_to_user_id_str":null,"in_reply_to_screen_name":null,"user":{"id":48831510,"id_str":"48831510","name":"P\u00fcppi","screen_name":"sajajina","location":"Munich, Germany","url":null,"description":null,"protected":false,"verified":false,"followers_count":169,"friends_count":452,"listed_count":8,"favourites_count":38452,"statuses_count":6049,"created_at":"Fri Jun 19 21:14:48 +0000 2009","utc_offset":7200,"time_zone":"Berlin","geo_enabled":true,"lang":"de","contributors_enabled":false,"is_translator":false,"profile_background_color":"FFCC4D","profile_background_image_url":"http:\/\/pbs.twimg.com\/profile_background_images\/495999021719117824\/zNLsS6Fk.jpeg","profile_background_image_url_https":"https:\/\/pbs.twimg.com\/profile_background_images\/495999021719117824\/zNLsS6Fk.jpeg","profile_background_tile":false,"profile_link_color":"4A913C","profile_sidebar_border_color":"FFFFFF","profile_sidebar_fill_color":"191F22","profile_text_color":"4BB7DF","profile_use_background_image":false,"profile_image_url":"http:\/\/pbs.twimg.com\/profile_images\/566620691437744128\/W8Bx8Oq2_normal.jpeg","profile_image_url_https":"https:\/\/pbs.twimg.com\/profile_images\/566620691437744128\/W8Bx8Oq2_normal.jpeg","profile_banner_url":"https:\/\/pbs.twimg.com\/profile_banners\/48831510\/1414441170","default_profile":false,"default_profile_image":false,"following":null,"follow_request_sent":null,"notifications":null},"geo":null,"coordinates":null,"place":null,"contributors":null,"retweeted_status":{"created_at":"Sat Sep 12 19:36:20 +0000 2015","id":642783823185489920,"id_str":"642783823185489920","text":"Auf Grund der Notlage in M\u00fcnchen meldeten 15 ! Bundesl\u00e4nder 1500 freie Pl\u00e4tze.\nEs ist so besch\u00e4mend.\nhttp:\/\/t.co\/k6o6Wv7lUU","source":"\u003ca href=\"http:\/\/twitter.com\/download\/iphone\" rel=\"nofollow\"\u003eTwitter for iPhone\u003c\/a\u003e","truncated":false,"in_reply_to_status_id":null,"in_reply_to_status_id_str":null,"in_reply_to_user_id":null,"in_reply_to_user_id_str":null,"in_reply_to_screen_name":null,"user":{"id":980866921,"id_str":"980866921","name":"Ex-Rebell","screen_name":"ColliniSue","location":"","url":"http:\/\/www.wochenendrebell.de","description":null,"protected":false,"verified":false,"followers_count":2752,"friends_count":1075,"listed_count":100,"favourites_count":27323,"statuses_count":56982,"created_at":"Fri Nov 30 17:11:37 +0000 2012","utc_offset":null,"time_zone":null,"geo_enabled":true,"lang":"de","contributors_enabled":false,"is_translator":false,"profile_background_color":"C0DEED","profile_background_image_url":"http:\/\/pbs.twimg.com\/profile_background_images\/378800000155245895\/LYobPQwc.jpeg","profile_background_image_url_https":"https:\/\/pbs.twimg.com\/profile_background_images\/378800000155245895\/LYobPQwc.jpeg","profile_background_tile":false,"profile_link_color":"B30000","profile_sidebar_border_color":"FFFFFF","profile_sidebar_fill_color":"DDEEF6","profile_text_color":"333333","profile_use_background_image":false,"profile_image_url":"http:\/\/pbs.twimg.com\/profile_images\/635883743777918977\/jdQ25K8q_normal.png","profile_image_url_https":"https:\/\/pbs.twimg.com\/profile_images\/635883743777918977\/jdQ25K8q_normal.png","profile_banner_url":"https:\/\/pbs.twimg.com\/profile_banners\/980866921\/1401039607","default_profile":false,"default_profile_image":false,"following":null,"follow_request_sent":null,"notifications":null},"geo":null,"coordinates":null,"place":null,"contributors":null,"retweet_count":9,"favorite_count":8,"entities":{"hashtags":[],"trends":[],"urls":[{"url":"http:\/\/t.co\/k6o6Wv7lUU","expanded_url":"http:\/\/m.faz.net\/aktuell\/politik\/fluechtlingskrise\/fluechtlingsansturm-in-muenchen-behoerden-pruefen-notunterbringung-in-olympiahalle-13800066.html","display_url":"m.faz.net\/aktuell\/politi\u2026","indices":[101,123]}],"user_mentions":[],"symbols":[]},"favorited":false,"retweeted":false,"possibly_sensitive":false,"filter_level":"low","lang":"de"},"retweet_count":0,"favorite_count":0,"entities":{"hashtags":[],"trends":[],"urls":[{"url":"http:\/\/t.co\/k6o6Wv7lUU","expanded_url":"http:\/\/m.faz.net\/aktuell\/politik\/fluechtlingskrise\/fluechtlingsansturm-in-muenchen-behoerden-pruefen-notunterbringung-in-olympiahalle-13800066.html","display_url":"m.faz.net\/aktuell\/politi\u2026","indices":[117,139]}],"user_mentions":[{"screen_name":"ColliniSue","name":"Ex-Rebell","id":980866921,"id_str":"980866921","indices":[3,14]}],"symbols":[]},"favorited":false,"retweeted":false,"possibly_sensitive":false,"filter_level":"low","lang":"de","timestamp_ms":"1442087548816"}
