{"created_at":"Sat Sep 12 19:53:08 +0000 2015","id":642788049852715008,"id_str":"642788049852715008","text":"Regierung weist Polizisten an, Gesetzesbr\u00fcche bei Fl\u00fcchtlingen zu ignorieren http:\/\/t.co\/0Vf9Pj0AsT via @VOLKSBETRUG","source":"\u003ca href=\"http:\/\/twitter.com\" rel=\"nofollow\"\u003eTwitter Web Client\u003c\/a\u003e","truncated":false,"in_reply_to_status_id":null,"in_reply_to_status_id_str":null,"in_reply_to_user_id":null,"in_reply_to_user_id_str":null,"in_reply_to_screen_name":null,"user":{"id":636539739,"id_str":"636539739","name":"Walter Hasselwander","screen_name":"WHasselwander","location":"Edesheim, Rheinland-Pfalz","url":"http:\/\/wwww.wein-sektgut.de","description":null,"protected":false,"verified":false,"followers_count":3,"friends_count":19,"listed_count":0,"favourites_count":4,"statuses_count":14,"created_at":"Sun Jul 15 21:07:14 +0000 2012","utc_offset":null,"time_zone":null,"geo_enabled":false,"lang":"de","contributors_enabled":false,"is_translator":false,"profile_background_color":"000000","profile_background_image_url":"http:\/\/abs.twimg.com\/images\/themes\/theme1\/bg.png","profile_background_image_url_https":"https:\/\/abs.twimg.com\/images\/themes\/theme1\/bg.png","profile_background_tile":false,"profile_link_color":"4A913C","profile_sidebar_border_color":"000000","profile_sidebar_fill_color":"000000","profile_text_color":"000000","profile_use_background_image":false,"profile_image_url":"http:\/\/pbs.twimg.com\/profile_images\/497546146965774336\/Gel_tsTj_normal.jpeg","profile_image_url_https":"https:\/\/pbs.twimg.com\/profile_images\/497546146965774336\/Gel_tsTj_normal.jpeg","profile_banner_url":"https:\/\/pbs.twimg.com\/profile_banners\/636539739\/1407459195","default_profile":false,"default_profile_image":false,"following":null,"follow_request_sent":null,"notifications":null},"geo":null,"coordinates":null,"place":null,"contributors":null,"retweet_count":0,"favorite_count":0,"entities":{"hashtags":[],"trends":[],"urls":[{"url":"http:\/\/t.co\/0Vf9Pj0AsT","expanded_url":"http:\/\/wp.me\/p2kZWq-dvd","display_url":"wp.me\/p2kZWq-dvd","indices":[77,99]}],"user_mentions":[{"screen_name":"VOLKSBETRUG","name":"Mario Kowalski","id":238492651,"id_str":"238492651","indices":[104,116]}],"symbols":[]},"favorited":false,"retweeted":false,"possibly_sensitive":false,"filter_level":"low","lang":"de","timestamp_ms":"1442087588166"}
