{"created_at":"Sat Sep 12 00:13:05 +0000 2015","id":642491080936714240,"id_str":"642491080936714240","text":"RT @fluxusx: Weitersagen, damit es alle wissen: ab heute bef\u00f6rdert die #Bahn Fl\u00fcchtlinge und Begleiter kostenlos http:\/\/t.co\/0FDhRoFVON #re\u2026","source":"\u003ca href=\"http:\/\/twitter.com\/download\/android\" rel=\"nofollow\"\u003eTwitter for Android\u003c\/a\u003e","truncated":false,"in_reply_to_status_id":null,"in_reply_to_status_id_str":null,"in_reply_to_user_id":null,"in_reply_to_user_id_str":null,"in_reply_to_screen_name":null,"user":{"id":2655929122,"id_str":"2655929122","name":"Alfred Barina","screen_name":"AlfredBarina","location":"","url":null,"description":"nicht immer ist alles so wie es scheint - ich twittere was ich sagen will und nicht das was andere h\u00f6ren wollen","protected":false,"verified":false,"followers_count":53,"friends_count":104,"listed_count":4,"favourites_count":12875,"statuses_count":4620,"created_at":"Mon Jun 30 08:55:55 +0000 2014","utc_offset":7200,"time_zone":"Vienna","geo_enabled":true,"lang":"de","contributors_enabled":false,"is_translator":false,"profile_background_color":"C0DEED","profile_background_image_url":"http:\/\/abs.twimg.com\/images\/themes\/theme1\/bg.png","profile_background_image_url_https":"https:\/\/abs.twimg.com\/images\/themes\/theme1\/bg.png","profile_background_tile":false,"profile_link_color":"0084B4","profile_sidebar_border_color":"C0DEED","profile_sidebar_fill_color":"DDEEF6","profile_text_color":"333333","profile_use_background_image":true,"profile_image_url":"http:\/\/pbs.twimg.com\/profile_images\/484100407174524929\/NL5iw23Q_normal.jpeg","profile_image_url_https":"https:\/\/pbs.twimg.com\/profile_images\/484100407174524929\/NL5iw23Q_normal.jpeg","profile_banner_url":"https:\/\/pbs.twimg.com\/profile_banners\/2655929122\/1421873874","default_profile":true,"default_profile_image":false,"following":null,"follow_request_sent":null,"notifications":null},"geo":null,"coordinates":null,"place":null,"contributors":null,"retweeted_status":{"created_at":"Fri Sep 11 21:11:43 +0000 2015","id":642445440689008640,"id_str":"642445440689008640","text":"Weitersagen, damit es alle wissen: ab heute bef\u00f6rdert die #Bahn Fl\u00fcchtlinge und Begleiter kostenlos http:\/\/t.co\/0FDhRoFVON #refugeeswelcome","source":"\u003ca href=\"https:\/\/sites.google.com\/site\/tweentwitterclient\/\" rel=\"nofollow\"\u003eTween\u003c\/a\u003e","truncated":false,"in_reply_to_status_id":null,"in_reply_to_status_id_str":null,"in_reply_to_user_id":null,"in_reply_to_user_id_str":null,"in_reply_to_screen_name":null,"user":{"id":21809931,"id_str":"21809931","name":"fluxus","screen_name":"fluxusx","location":"Berlin","url":null,"description":null,"protected":false,"verified":false,"followers_count":3563,"friends_count":1439,"listed_count":184,"favourites_count":2034,"statuses_count":67935,"created_at":"Tue Feb 24 23:05:37 +0000 2009","utc_offset":7200,"time_zone":"Ljubljana","geo_enabled":false,"lang":"en","contributors_enabled":false,"is_translator":false,"profile_background_color":"000000","profile_background_image_url":"http:\/\/pbs.twimg.com\/profile_background_images\/392671472\/snake.gif","profile_background_image_url_https":"https:\/\/pbs.twimg.com\/profile_background_images\/392671472\/snake.gif","profile_background_tile":true,"profile_link_color":"009999","profile_sidebar_border_color":"EEEEEE","profile_sidebar_fill_color":"EFEFEF","profile_text_color":"333333","profile_use_background_image":true,"profile_image_url":"http:\/\/pbs.twimg.com\/profile_images\/522204631984664576\/sfX2XzU0_normal.png","profile_image_url_https":"https:\/\/pbs.twimg.com\/profile_images\/522204631984664576\/sfX2XzU0_normal.png","default_profile":false,"default_profile_image":false,"following":null,"follow_request_sent":null,"notifications":null},"geo":null,"coordinates":null,"place":null,"contributors":null,"retweet_count":106,"favorite_count":43,"entities":{"hashtags":[{"text":"Bahn","indices":[58,63]},{"text":"refugeeswelcome","indices":[123,139]}],"trends":[],"urls":[{"url":"http:\/\/t.co\/0FDhRoFVON","expanded_url":"http:\/\/www.spiegel.de\/wirtschaft\/unternehmen\/fluechtlinge-bahn-befoerdert-fluechtlinge-und-helfer-kostenlos-a-1052536.html","display_url":"spiegel.de\/wirtschaft\/unt\u2026","indices":[100,122]}],"user_mentions":[],"symbols":[]},"favorited":false,"retweeted":false,"possibly_sensitive":false,"filter_level":"low","lang":"de"},"retweet_count":0,"favorite_count":0,"entities":{"hashtags":[{"text":"Bahn","indices":[71,76]},{"text":"refugeeswelcome","indices":[136,140]}],"trends":[],"urls":[{"url":"http:\/\/t.co\/0FDhRoFVON","expanded_url":"http:\/\/www.spiegel.de\/wirtschaft\/unternehmen\/fluechtlinge-bahn-befoerdert-fluechtlinge-und-helfer-kostenlos-a-1052536.html","display_url":"spiegel.de\/wirtschaft\/unt\u2026","indices":[113,135]}],"user_mentions":[{"screen_name":"fluxusx","name":"fluxus","id":21809931,"id_str":"21809931","indices":[3,11]}],"symbols":[]},"favorited":false,"retweeted":false,"possibly_sensitive":false,"filter_level":"low","lang":"de","timestamp_ms":"1442016785259"}
