{"created_at":"Thu Sep 10 20:29:25 +0000 2015","id":642072404907397120,"id_str":"642072404907397120","text":"Funktioniert wenigstens die Registrierung und die Verteilung noch? https:\/\/t.co\/tEJtrv5osA","source":"\u003ca href=\"http:\/\/twitter.com\" rel=\"nofollow\"\u003eTwitter Web Client\u003c\/a\u003e","truncated":false,"in_reply_to_status_id":null,"in_reply_to_status_id_str":null,"in_reply_to_user_id":null,"in_reply_to_user_id_str":null,"in_reply_to_screen_name":null,"user":{"id":10299862,"id_str":"10299862","name":"Matthias Schlegel","screen_name":"matschlegel","location":"Erfurt","url":"http:\/\/www.xing.com\/profile\/matthiasr_schlegel","description":"Industrial Engineer - Political Advisor, Greens in Landtag Th\u00fcringen","protected":false,"verified":false,"followers_count":879,"friends_count":894,"listed_count":60,"favourites_count":8751,"statuses_count":10056,"created_at":"Fri Nov 16 09:51:16 +0000 2007","utc_offset":16200,"time_zone":"Tehran","geo_enabled":true,"lang":"de","contributors_enabled":false,"is_translator":false,"profile_background_color":"3B94D9","profile_background_image_url":"http:\/\/abs.twimg.com\/images\/themes\/theme2\/bg.gif","profile_background_image_url_https":"https:\/\/abs.twimg.com\/images\/themes\/theme2\/bg.gif","profile_background_tile":false,"profile_link_color":"4A913C","profile_sidebar_border_color":"FFFFFF","profile_sidebar_fill_color":"DAECF4","profile_text_color":"663B12","profile_use_background_image":true,"profile_image_url":"http:\/\/pbs.twimg.com\/profile_images\/465526599\/Matthias_Schlegel_normal.jpg","profile_image_url_https":"https:\/\/pbs.twimg.com\/profile_images\/465526599\/Matthias_Schlegel_normal.jpg","profile_banner_url":"https:\/\/pbs.twimg.com\/profile_banners\/10299862\/1400761353","default_profile":false,"default_profile_image":false,"following":null,"follow_request_sent":null,"notifications":null},"geo":null,"coordinates":null,"place":null,"contributors":null,"quoted_status_id":642064546652364800,"quoted_status_id_str":"642064546652364800","quoted_status":{"created_at":"Thu Sep 10 19:58:11 +0000 2015","id":642064546652364800,"id_str":"642064546652364800","text":"Schei\u00dfe, der ganz Hbf #M\u00fcnchen ist voller #Fl\u00fcchtlinge, Kinder schlafen am nackten Boden. #trainofhope","source":"\u003ca href=\"http:\/\/twitter.com\/download\/iphone\" rel=\"nofollow\"\u003eTwitter for iPhone\u003c\/a\u003e","truncated":false,"in_reply_to_status_id":null,"in_reply_to_status_id_str":null,"in_reply_to_user_id":null,"in_reply_to_user_id_str":null,"in_reply_to_screen_name":null,"user":{"id":49626583,"id_str":"49626583","name":"Gudrun Lux ","screen_name":"gudruncita","location":"M\u00fcnchen, Isarvorstadt","url":"http:\/\/www.gudrunlux.de","description":"Fr\u00e4nkin mit Hang zur weiten Welt & Liebe zu Lyrik & guten Argumenten, immer ein 'aber warum' auf den Lippen. Mutter. Gr\u00fcn. Katholisch. Koordiniert @WirSindGruen","protected":false,"verified":false,"followers_count":1207,"friends_count":1667,"listed_count":61,"favourites_count":2322,"statuses_count":11636,"created_at":"Mon Jun 22 13:25:03 +0000 2009","utc_offset":7200,"time_zone":"Madrid","geo_enabled":true,"lang":"de","contributors_enabled":false,"is_translator":false,"profile_background_color":"BADFCD","profile_background_image_url":"http:\/\/pbs.twimg.com\/profile_background_images\/704049040\/fbaa2b471d677d8e69b508465722fdde.png","profile_background_image_url_https":"https:\/\/pbs.twimg.com\/profile_background_images\/704049040\/fbaa2b471d677d8e69b508465722fdde.png","profile_background_tile":true,"profile_link_color":"F79000","profile_sidebar_border_color":"9995F0","profile_sidebar_fill_color":"E0D7F2","profile_text_color":"FF0000","profile_use_background_image":true,"profile_image_url":"http:\/\/pbs.twimg.com\/profile_images\/620848928746000384\/c7M3h_2X_normal.jpg","profile_image_url_https":"https:\/\/pbs.twimg.com\/profile_images\/620848928746000384\/c7M3h_2X_normal.jpg","profile_banner_url":"https:\/\/pbs.twimg.com\/profile_banners\/49626583\/1441808368","default_profile":false,"default_profile_image":false,"following":null,"follow_request_sent":null,"notifications":null},"geo":null,"coordinates":null,"place":null,"contributors":null,"retweet_count":0,"favorite_count":0,"entities":{"hashtags":[{"text":"M\u00fcnchen","indices":[22,30]},{"text":"Fl\u00fcchtlinge","indices":[42,54]},{"text":"trainofhope","indices":[90,102]}],"trends":[],"urls":[],"user_mentions":[],"symbols":[]},"favorited":false,"retweeted":false,"possibly_sensitive":false,"filter_level":"low","lang":"de"},"retweet_count":0,"favorite_count":0,"entities":{"hashtags":[],"trends":[],"urls":[{"url":"https:\/\/t.co\/tEJtrv5osA","expanded_url":"https:\/\/twitter.com\/gudruncita\/status\/642064546652364800","display_url":"twitter.com\/gudruncita\/sta\u2026","indices":[67,90]}],"user_mentions":[],"symbols":[]},"favorited":false,"retweeted":false,"possibly_sensitive":false,"filter_level":"low","lang":"de","timestamp_ms":"1441916965115"}
