{"created_at":"Thu Sep 10 20:28:04 +0000 2015","id":642072064724193285,"id_str":"642072064724193285","text":"Der einzige Weg gl\u00fccklich zu werden ist, andere gl\u00fccklich zu machen #refugeeswelcome","source":"\u003ca href=\"http:\/\/twitter.com\" rel=\"nofollow\"\u003eTwitter Web Client\u003c\/a\u003e","truncated":false,"in_reply_to_status_id":null,"in_reply_to_status_id_str":null,"in_reply_to_user_id":null,"in_reply_to_user_id_str":null,"in_reply_to_screen_name":null,"user":{"id":19906411,"id_str":"19906411","name":"Zimtgruen","screen_name":"Zimtgruen","location":"Berlin","url":"http:\/\/blog.zimtgruen.de","description":"Landschaftsarchitektur-Studium","protected":false,"verified":false,"followers_count":159,"friends_count":230,"listed_count":4,"favourites_count":51,"statuses_count":1035,"created_at":"Mon Feb 02 13:33:53 +0000 2009","utc_offset":-36000,"time_zone":"Hawaii","geo_enabled":false,"lang":"en","contributors_enabled":false,"is_translator":false,"profile_background_color":"FFFFFF","profile_background_image_url":"http:\/\/pbs.twimg.com\/profile_background_images\/6402667\/tumblr-back.jpg","profile_background_image_url_https":"https:\/\/pbs.twimg.com\/profile_background_images\/6402667\/tumblr-back.jpg","profile_background_tile":false,"profile_link_color":"088253","profile_sidebar_border_color":"D3D2CF","profile_sidebar_fill_color":"E3E2DE","profile_text_color":"634047","profile_use_background_image":true,"profile_image_url":"http:\/\/pbs.twimg.com\/profile_images\/1655332174\/O3IW7M31_normal","profile_image_url_https":"https:\/\/pbs.twimg.com\/profile_images\/1655332174\/O3IW7M31_normal","default_profile":false,"default_profile_image":false,"following":null,"follow_request_sent":null,"notifications":null},"geo":null,"coordinates":null,"place":null,"contributors":null,"retweet_count":0,"favorite_count":0,"entities":{"hashtags":[{"text":"refugeeswelcome","indices":[68,84]}],"trends":[],"urls":[],"user_mentions":[],"symbols":[]},"favorited":false,"retweeted":false,"possibly_sensitive":false,"filter_level":"low","lang":"de","timestamp_ms":"1441916884009"}
