{"created_at":"Sat Sep 12 19:51:57 +0000 2015","id":642787751646089217,"id_str":"642787751646089217","text":"#Muenchen ist am Limit? Da Geht noch was! Wann war gleich nochmal der Beginn des Oktoberfest?  #Fluechtlinge  https:\/\/t.co\/EOdGxSGj8D","source":"\u003ca href=\"http:\/\/twitter.com\/download\/android\" rel=\"nofollow\"\u003eTwitter for Android\u003c\/a\u003e","truncated":false,"in_reply_to_status_id":null,"in_reply_to_status_id_str":null,"in_reply_to_user_id":null,"in_reply_to_user_id_str":null,"in_reply_to_screen_name":null,"user":{"id":193024287,"id_str":"193024287","name":"Howahkan","screen_name":"Howahkan","location":"47\u00b0 25\u2032 16\u2033 N, 10\u00b0 59\u2032 11\u2033 O","url":"http:\/\/www.facebook.com\/da.howahkan","description":"offen, ehrlich, parteilos ..somit unparteiisch ....\r\n..ach einfach lieb \r\n....und werde zum Sack wenn man mich verarschen will! #klout #Twiends #politic #s21","protected":false,"verified":false,"followers_count":3732,"friends_count":2287,"listed_count":46,"favourites_count":2457,"statuses_count":24089,"created_at":"Mon Sep 20 19:47:03 +0000 2010","utc_offset":7200,"time_zone":"Berlin","geo_enabled":false,"lang":"de","contributors_enabled":false,"is_translator":false,"profile_background_color":"000000","profile_background_image_url":"http:\/\/pbs.twimg.com\/profile_background_images\/421577373\/free_twitter_design533333er.jpg","profile_background_image_url_https":"https:\/\/pbs.twimg.com\/profile_background_images\/421577373\/free_twitter_design533333er.jpg","profile_background_tile":true,"profile_link_color":"4C9EC7","profile_sidebar_border_color":"000000","profile_sidebar_fill_color":"999966","profile_text_color":"302D30","profile_use_background_image":true,"profile_image_url":"http:\/\/pbs.twimg.com\/profile_images\/456720638028173312\/ujyZHHS3_normal.jpeg","profile_image_url_https":"https:\/\/pbs.twimg.com\/profile_images\/456720638028173312\/ujyZHHS3_normal.jpeg","profile_banner_url":"https:\/\/pbs.twimg.com\/profile_banners\/193024287\/1404887392","default_profile":false,"default_profile_image":false,"following":null,"follow_request_sent":null,"notifications":null},"geo":null,"coordinates":null,"place":null,"contributors":null,"quoted_status_id":642723859746066433,"quoted_status_id_str":"642723859746066433","quoted_status":{"created_at":"Sat Sep 12 15:38:04 +0000 2015","id":642723859746066433,"id_str":"642723859746066433","text":"#Muenchen ist am Limit: Die Stadt kann nicht mehr Fl\u00fcchtlinge aufnehmen.Tausende Menschen haben keinen Schlafplatz    http:\/\/t.co\/XGAi2xv8tJ","source":"\u003ca href=\"https:\/\/about.twitter.com\/products\/tweetdeck\" rel=\"nofollow\"\u003eTweetDeck\u003c\/a\u003e","truncated":false,"in_reply_to_status_id":null,"in_reply_to_status_id_str":null,"in_reply_to_user_id":null,"in_reply_to_user_id_str":null,"in_reply_to_screen_name":null,"user":{"id":18047862,"id_str":"18047862","name":"FAZ.NET","screen_name":"faznet","location":"Frankfurt am Main","url":"http:\/\/www.faz.net","description":"Die wichtigsten Nachrichten des Tages, die besten Artikel von http:\/\/FAZ.NET und Lese-Empfehlungen der Redaktion. Impressum: http:\/\/www.faz.net\/impressum","protected":false,"verified":true,"followers_count":214406,"friends_count":205,"listed_count":3315,"favourites_count":136,"statuses_count":53263,"created_at":"Thu Dec 11 14:14:57 +0000 2008","utc_offset":7200,"time_zone":"Berlin","geo_enabled":true,"lang":"de","contributors_enabled":false,"is_translator":false,"profile_background_color":"333333","profile_background_image_url":"http:\/\/pbs.twimg.com\/profile_background_images\/814641065\/1a378a20f0d578fb91e4ff1c8a72fbf9.png","profile_background_image_url_https":"https:\/\/pbs.twimg.com\/profile_background_images\/814641065\/1a378a20f0d578fb91e4ff1c8a72fbf9.png","profile_background_tile":false,"profile_link_color":"C60000","profile_sidebar_border_color":"000000","profile_sidebar_fill_color":"000000","profile_text_color":"000000","profile_use_background_image":true,"profile_image_url":"http:\/\/pbs.twimg.com\/profile_images\/477438671151304705\/8XlAQ509_normal.jpeg","profile_image_url_https":"https:\/\/pbs.twimg.com\/profile_images\/477438671151304705\/8XlAQ509_normal.jpeg","profile_banner_url":"https:\/\/pbs.twimg.com\/profile_banners\/18047862\/1434382914","default_profile":false,"default_profile_image":false,"following":null,"follow_request_sent":null,"notifications":null},"geo":null,"coordinates":null,"place":null,"contributors":null,"retweet_count":0,"favorite_count":0,"entities":{"hashtags":[{"text":"Muenchen","indices":[0,9]}],"trends":[],"urls":[{"url":"http:\/\/t.co\/XGAi2xv8tJ","expanded_url":"http:\/\/www.faz.net\/-i98-87rpv","display_url":"faz.net\/-i98-87rpv","indices":[118,140]}],"user_mentions":[],"symbols":[]},"favorited":false,"retweeted":false,"possibly_sensitive":false,"filter_level":"low","lang":"de"},"retweet_count":0,"favorite_count":0,"entities":{"hashtags":[{"text":"Muenchen","indices":[0,9]},{"text":"Fluechtlinge","indices":[95,108]}],"trends":[],"urls":[{"url":"https:\/\/t.co\/EOdGxSGj8D","expanded_url":"https:\/\/twitter.com\/faznet\/status\/642723859746066433","display_url":"twitter.com\/faznet\/status\/\u2026","indices":[110,133]}],"user_mentions":[],"symbols":[]},"favorited":false,"retweeted":false,"possibly_sensitive":false,"filter_level":"low","lang":"de","timestamp_ms":"1442087517068"}
