{"created_at":"Fri Sep 11 23:59:24 +0000 2015","id":642487639048744960,"id_str":"642487639048744960","text":"@likedeeler3 Wenn Ihr nicht freiwillig Fl\u00fcchtlinge einquartiert, wird der Staat es anordnen m\u00fcssen.","source":"\u003ca href=\"http:\/\/twitter.com\" rel=\"nofollow\"\u003eTwitter Web Client\u003c\/a\u003e","truncated":false,"in_reply_to_status_id":642486791728156672,"in_reply_to_status_id_str":"642486791728156672","in_reply_to_user_id":2322278102,"in_reply_to_user_id_str":"2322278102","in_reply_to_screen_name":"likedeeler3","user":{"id":2573079054,"id_str":"2573079054","name":"Vroni Dirndlmaid","screen_name":"DirndlVroni","location":"","url":null,"description":null,"protected":false,"verified":false,"followers_count":12,"friends_count":7,"listed_count":2,"favourites_count":0,"statuses_count":147,"created_at":"Tue Jun 17 15:23:12 +0000 2014","utc_offset":7200,"time_zone":"Vienna","geo_enabled":false,"lang":"de","contributors_enabled":false,"is_translator":false,"profile_background_color":"000000","profile_background_image_url":"http:\/\/pbs.twimg.com\/profile_background_images\/587933910991933440\/_h2B0rxt.jpg","profile_background_image_url_https":"https:\/\/pbs.twimg.com\/profile_background_images\/587933910991933440\/_h2B0rxt.jpg","profile_background_tile":false,"profile_link_color":"DD2E44","profile_sidebar_border_color":"000000","profile_sidebar_fill_color":"000000","profile_text_color":"000000","profile_use_background_image":true,"profile_image_url":"http:\/\/pbs.twimg.com\/profile_images\/599204972941676544\/lfXtxBNr_normal.jpg","profile_image_url_https":"https:\/\/pbs.twimg.com\/profile_images\/599204972941676544\/lfXtxBNr_normal.jpg","profile_banner_url":"https:\/\/pbs.twimg.com\/profile_banners\/2573079054\/1429007881","default_profile":false,"default_profile_image":false,"following":null,"follow_request_sent":null,"notifications":null},"geo":null,"coordinates":null,"place":null,"contributors":null,"retweet_count":0,"favorite_count":0,"entities":{"hashtags":[],"trends":[],"urls":[],"user_mentions":[{"screen_name":"likedeeler3","name":"likedeeler","id":2322278102,"id_str":"2322278102","indices":[0,12]}],"symbols":[]},"favorited":false,"retweeted":false,"possibly_sensitive":false,"filter_level":"low","lang":"de","timestamp_ms":"1442015964649"}
