{"created_at":"Sat Sep 12 00:10:02 +0000 2015","id":642490313249001472,"id_str":"642490313249001472","text":"RT @LindauerZeitung: OB besucht Fl\u00fcchtlinge: 240 Fl\u00fcchtlinge leben derzeit in der Stadt Lindau. OB Gerhard Ecker hat sich jetzt mit... http\u2026","source":"\u003ca href=\"http:\/\/www.rechtsextremismus.info\/fremdenfeindlichkeit\" rel=\"nofollow\"\u003eAsyl News\u003c\/a\u003e","truncated":false,"in_reply_to_status_id":null,"in_reply_to_status_id_str":null,"in_reply_to_user_id":null,"in_reply_to_user_id_str":null,"in_reply_to_screen_name":null,"user":{"id":2859089914,"id_str":"2859089914","name":"Asyl News","screen_name":"asyl_news","location":"","url":"http:\/\/www.rechtsextremismus.info\/fremdenfeindlichkeit","description":"Monitor, Presseschau & News zu Flucht & #Asyl, f\u00fcr Solidarit\u00e4t mit Gefl\u00fcchteten und zum Einmischen gegen #Fremdenfeindlichkeit & #Rassismus","protected":false,"verified":false,"followers_count":209,"friends_count":93,"listed_count":37,"favourites_count":8,"statuses_count":25419,"created_at":"Mon Nov 03 16:19:49 +0000 2014","utc_offset":null,"time_zone":null,"geo_enabled":false,"lang":"de","contributors_enabled":false,"is_translator":false,"profile_background_color":"000000","profile_background_image_url":"http:\/\/abs.twimg.com\/images\/themes\/theme1\/bg.png","profile_background_image_url_https":"https:\/\/abs.twimg.com\/images\/themes\/theme1\/bg.png","profile_background_tile":false,"profile_link_color":"DD2E44","profile_sidebar_border_color":"000000","profile_sidebar_fill_color":"000000","profile_text_color":"000000","profile_use_background_image":false,"profile_image_url":"http:\/\/pbs.twimg.com\/profile_images\/529311103042351104\/-fv4eaTk_normal.jpeg","profile_image_url_https":"https:\/\/pbs.twimg.com\/profile_images\/529311103042351104\/-fv4eaTk_normal.jpeg","profile_banner_url":"https:\/\/pbs.twimg.com\/profile_banners\/2859089914\/1415032526","default_profile":false,"default_profile_image":false,"following":null,"follow_request_sent":null,"notifications":null},"geo":null,"coordinates":null,"place":null,"contributors":null,"retweeted_status":{"created_at":"Sat Sep 12 00:00:02 +0000 2015","id":642487799581569024,"id_str":"642487799581569024","text":"OB besucht Fl\u00fcchtlinge: 240 Fl\u00fcchtlinge leben derzeit in der Stadt Lindau. OB Gerhard Ecker hat sich jetzt mit... http:\/\/t.co\/b1jVr5uAIe","source":"\u003ca href=\"http:\/\/twitterfeed.com\" rel=\"nofollow\"\u003etwitterfeed\u003c\/a\u003e","truncated":false,"in_reply_to_status_id":null,"in_reply_to_status_id_str":null,"in_reply_to_user_id":null,"in_reply_to_user_id_str":null,"in_reply_to_screen_name":null,"user":{"id":117067978,"id_str":"117067978","name":"Lindauer Zeitung","screen_name":"LindauerZeitung","location":"Lindau, Germany","url":"http:\/\/www.schwaebische.de\/lokales\/region-lindau.html","description":"Impressum: http:\/\/www.schwaebische.de\/impressum-lokalredaktion-lindau.html \r\nHier twittert die Redaktion der Lindauer Zeitung.","protected":false,"verified":false,"followers_count":559,"friends_count":59,"listed_count":26,"favourites_count":1,"statuses_count":11403,"created_at":"Wed Feb 24 12:45:18 +0000 2010","utc_offset":7200,"time_zone":"Berlin","geo_enabled":true,"lang":"de","contributors_enabled":false,"is_translator":false,"profile_background_color":"FFFFFF","profile_background_image_url":"http:\/\/pbs.twimg.com\/profile_background_images\/222473623\/twitter_hintergrund.jpg","profile_background_image_url_https":"https:\/\/pbs.twimg.com\/profile_background_images\/222473623\/twitter_hintergrund.jpg","profile_background_tile":false,"profile_link_color":"0084B4","profile_sidebar_border_color":"C0DEED","profile_sidebar_fill_color":"FFFFFF","profile_text_color":"333333","profile_use_background_image":true,"profile_image_url":"http:\/\/pbs.twimg.com\/profile_images\/462250694192295936\/HW-KJKGp_normal.jpeg","profile_image_url_https":"https:\/\/pbs.twimg.com\/profile_images\/462250694192295936\/HW-KJKGp_normal.jpeg","profile_banner_url":"https:\/\/pbs.twimg.com\/profile_banners\/117067978\/1406018564","default_profile":false,"default_profile_image":false,"following":null,"follow_request_sent":null,"notifications":null},"geo":null,"coordinates":null,"place":null,"contributors":null,"retweet_count":1,"favorite_count":0,"entities":{"hashtags":[],"trends":[],"urls":[{"url":"http:\/\/t.co\/b1jVr5uAIe","expanded_url":"http:\/\/bit.ly\/1Qu2pfn","display_url":"bit.ly\/1Qu2pfn","indices":[114,136]}],"user_mentions":[],"symbols":[]},"favorited":false,"retweeted":false,"possibly_sensitive":false,"filter_level":"low","lang":"de"},"retweet_count":0,"favorite_count":0,"entities":{"hashtags":[],"trends":[],"urls":[{"url":"http:\/\/t.co\/b1jVr5uAIe","expanded_url":"http:\/\/bit.ly\/1Qu2pfn","display_url":"bit.ly\/1Qu2pfn","indices":[139,140]}],"user_mentions":[{"screen_name":"LindauerZeitung","name":"Lindauer Zeitung","id":117067978,"id_str":"117067978","indices":[3,19]}],"symbols":[]},"favorited":false,"retweeted":false,"possibly_sensitive":false,"filter_level":"low","lang":"de","timestamp_ms":"1442016602228"}
