{"created_at":"Fri Sep 11 23:44:25 +0000 2015","id":642483868658966528,"id_str":"642483868658966528","text":"\"Ich bin f\u00fcr Fl\u00fcchtlinge aber wir sollten keine aufnehmen.\"\n\nH\u00c4?!? #Domian","source":"\u003ca href=\"https:\/\/about.twitter.com\/products\/tweetdeck\" rel=\"nofollow\"\u003eTweetDeck\u003c\/a\u003e","truncated":false,"in_reply_to_status_id":null,"in_reply_to_status_id_str":null,"in_reply_to_user_id":null,"in_reply_to_user_id_str":null,"in_reply_to_screen_name":null,"user":{"id":1623484051,"id_str":"1623484051","name":"Smogon","screen_name":"Virtual_Native","location":"Tr\u00fcmmerland","url":"http:\/\/the-incredible-avocado.blogspot.de","description":"27 \u00b0 Ich w\u00e4hle dich, Bisasam! \u00b0 Hufflepuff Pride \u00b0 Digiritter \u00b0 Level 5 Veganer \u00b0 Cartoons und Comics \u00b0 ein bisschen normal","protected":false,"verified":false,"followers_count":606,"friends_count":201,"listed_count":23,"favourites_count":34383,"statuses_count":54663,"created_at":"Fri Jul 26 17:29:09 +0000 2013","utc_offset":7200,"time_zone":"Amsterdam","geo_enabled":true,"lang":"de","contributors_enabled":false,"is_translator":false,"profile_background_color":"1C450A","profile_background_image_url":"http:\/\/pbs.twimg.com\/profile_background_images\/434474090565357569\/RzDvvP78.jpeg","profile_background_image_url_https":"https:\/\/pbs.twimg.com\/profile_background_images\/434474090565357569\/RzDvvP78.jpeg","profile_background_tile":false,"profile_link_color":"1C450A","profile_sidebar_border_color":"FFFFFF","profile_sidebar_fill_color":"C0DFEC","profile_text_color":"333333","profile_use_background_image":false,"profile_image_url":"http:\/\/pbs.twimg.com\/profile_images\/640191425133563904\/hVifIEHC_normal.jpg","profile_image_url_https":"https:\/\/pbs.twimg.com\/profile_images\/640191425133563904\/hVifIEHC_normal.jpg","profile_banner_url":"https:\/\/pbs.twimg.com\/profile_banners\/1623484051\/1438890092","default_profile":false,"default_profile_image":false,"following":null,"follow_request_sent":null,"notifications":null},"geo":null,"coordinates":null,"place":null,"contributors":null,"retweet_count":0,"favorite_count":0,"entities":{"hashtags":[{"text":"Domian","indices":[67,74]}],"trends":[],"urls":[],"user_mentions":[],"symbols":[]},"favorited":false,"retweeted":false,"possibly_sensitive":false,"filter_level":"low","lang":"de","timestamp_ms":"1442015065718"}
