{"created_at":"Thu Sep 10 20:28:50 +0000 2015","id":642072259763531776,"id_str":"642072259763531776","text":"@isabelledaniel Dann w\u00fcrden wir die Ungarn bitten, die Fl\u00fcchtlinge wieder zu behalten, vor allem je n\u00e4her die Wahlen r\u00fccken.","source":"\u003ca href=\"http:\/\/twitter.com\/download\/iphone\" rel=\"nofollow\"\u003eTwitter for iPhone\u003c\/a\u003e","truncated":false,"in_reply_to_status_id":642070997890400256,"in_reply_to_status_id_str":"642070997890400256","in_reply_to_user_id":89947367,"in_reply_to_user_id_str":"89947367","in_reply_to_screen_name":"isabelledaniel","user":{"id":1568166835,"id_str":"1568166835","name":"Oliver Pink","screen_name":"OliverPink1","location":"Presse.Politik.Pizzicato.Papa","url":null,"description":"Ich finde, es ist alles erlaubt, was Harald Schmidt nicht ausdr\u00fccklich verboten hat.","protected":false,"verified":false,"followers_count":1795,"friends_count":161,"listed_count":41,"favourites_count":4938,"statuses_count":7553,"created_at":"Thu Jul 04 12:53:18 +0000 2013","utc_offset":null,"time_zone":null,"geo_enabled":true,"lang":"de","contributors_enabled":false,"is_translator":false,"profile_background_color":"C0DEED","profile_background_image_url":"http:\/\/abs.twimg.com\/images\/themes\/theme1\/bg.png","profile_background_image_url_https":"https:\/\/abs.twimg.com\/images\/themes\/theme1\/bg.png","profile_background_tile":false,"profile_link_color":"0084B4","profile_sidebar_border_color":"C0DEED","profile_sidebar_fill_color":"DDEEF6","profile_text_color":"333333","profile_use_background_image":true,"profile_image_url":"http:\/\/pbs.twimg.com\/profile_images\/628549245033971712\/Zl0vbFKi_normal.jpg","profile_image_url_https":"https:\/\/pbs.twimg.com\/profile_images\/628549245033971712\/Zl0vbFKi_normal.jpg","profile_banner_url":"https:\/\/pbs.twimg.com\/profile_banners\/1568166835\/1415205875","default_profile":true,"default_profile_image":false,"following":null,"follow_request_sent":null,"notifications":null},"geo":null,"coordinates":null,"place":null,"contributors":null,"retweet_count":0,"favorite_count":0,"entities":{"hashtags":[],"trends":[],"urls":[],"user_mentions":[{"screen_name":"isabelledaniel","name":"Isabelle Daniel","id":89947367,"id_str":"89947367","indices":[0,15]}],"symbols":[]},"favorited":false,"retweeted":false,"possibly_sensitive":false,"filter_level":"low","lang":"de","timestamp_ms":"1441916930510"}
