{"created_at":"Thu Sep 10 20:29:40 +0000 2015","id":642072469906583552,"id_str":"642072469906583552","text":"RT @wenig_worte: @Lahmgirl1988 W\u00fcrden sich nicht 5% an den 95% schamlos bereichern, w\u00e4re mehr als genug f\u00fcr Deutsche und #Fl\u00fcchtlinge da. #\u2026","source":"\u003ca href=\"http:\/\/blackberry.com\/twitter\" rel=\"nofollow\"\u003eTwitter for BlackBerry\u00ae\u003c\/a\u003e","truncated":false,"in_reply_to_status_id":null,"in_reply_to_status_id_str":null,"in_reply_to_user_id":null,"in_reply_to_user_id_str":null,"in_reply_to_screen_name":null,"user":{"id":2766367745,"id_str":"2766367745","name":"lynne","screen_name":"lynettewucherp1","location":"","url":null,"description":null,"protected":false,"verified":false,"followers_count":199,"friends_count":125,"listed_count":22,"favourites_count":2456,"statuses_count":24879,"created_at":"Wed Sep 10 14:36:38 +0000 2014","utc_offset":null,"time_zone":null,"geo_enabled":true,"lang":"en","contributors_enabled":false,"is_translator":false,"profile_background_color":"C0DEED","profile_background_image_url":"http:\/\/abs.twimg.com\/images\/themes\/theme1\/bg.png","profile_background_image_url_https":"https:\/\/abs.twimg.com\/images\/themes\/theme1\/bg.png","profile_background_tile":false,"profile_link_color":"0084B4","profile_sidebar_border_color":"C0DEED","profile_sidebar_fill_color":"DDEEF6","profile_text_color":"333333","profile_use_background_image":true,"profile_image_url":"http:\/\/pbs.twimg.com\/profile_images\/628277473529188352\/lIHuEKYL_normal.jpg","profile_image_url_https":"https:\/\/pbs.twimg.com\/profile_images\/628277473529188352\/lIHuEKYL_normal.jpg","profile_banner_url":"https:\/\/pbs.twimg.com\/profile_banners\/2766367745\/1438627948","default_profile":true,"default_profile_image":false,"following":null,"follow_request_sent":null,"notifications":null},"geo":null,"coordinates":null,"place":null,"contributors":null,"retweeted_status":{"created_at":"Thu Sep 10 19:39:23 +0000 2015","id":642059817083928577,"id_str":"642059817083928577","text":"@Lahmgirl1988 W\u00fcrden sich nicht 5% an den 95% schamlos bereichern, w\u00e4re mehr als genug f\u00fcr Deutsche und #Fl\u00fcchtlinge da. #DeutschlandHilft","source":"\u003ca href=\"http:\/\/twitter.com\" rel=\"nofollow\"\u003eTwitter Web Client\u003c\/a\u003e","truncated":false,"in_reply_to_status_id":642059272117964801,"in_reply_to_status_id_str":"642059272117964801","in_reply_to_user_id":1423585376,"in_reply_to_user_id_str":"1423585376","in_reply_to_screen_name":"Lahmgirl1988","user":{"id":28804762,"id_str":"28804762","name":"wenigworte","screen_name":"wenig_worte","location":"","url":null,"description":null,"protected":false,"verified":false,"followers_count":50,"friends_count":6,"listed_count":2,"favourites_count":610,"statuses_count":2227,"created_at":"Sat Apr 04 14:47:53 +0000 2009","utc_offset":7200,"time_zone":"Amsterdam","geo_enabled":false,"lang":"de","contributors_enabled":false,"is_translator":false,"profile_background_color":"022330","profile_background_image_url":"http:\/\/abs.twimg.com\/images\/themes\/theme15\/bg.png","profile_background_image_url_https":"https:\/\/abs.twimg.com\/images\/themes\/theme15\/bg.png","profile_background_tile":false,"profile_link_color":"0084B4","profile_sidebar_border_color":"A8C7F7","profile_sidebar_fill_color":"C0DFEC","profile_text_color":"333333","profile_use_background_image":true,"profile_image_url":"http:\/\/pbs.twimg.com\/profile_images\/444956827336183808\/igNT-cHH_normal.jpeg","profile_image_url_https":"https:\/\/pbs.twimg.com\/profile_images\/444956827336183808\/igNT-cHH_normal.jpeg","default_profile":false,"default_profile_image":false,"following":null,"follow_request_sent":null,"notifications":null},"geo":null,"coordinates":null,"place":null,"contributors":null,"retweet_count":2,"favorite_count":2,"entities":{"hashtags":[{"text":"Fl\u00fcchtlinge","indices":[104,116]},{"text":"DeutschlandHilft","indices":[121,138]}],"trends":[],"urls":[],"user_mentions":[{"screen_name":"Lahmgirl1988","name":"FCBLady","id":1423585376,"id_str":"1423585376","indices":[0,13]}],"symbols":[]},"favorited":false,"retweeted":false,"possibly_sensitive":false,"filter_level":"low","lang":"de"},"retweet_count":0,"favorite_count":0,"entities":{"hashtags":[{"text":"Fl\u00fcchtlinge","indices":[121,133]},{"text":"DeutschlandHilft","indices":[139,140]}],"trends":[],"urls":[],"user_mentions":[{"screen_name":"wenig_worte","name":"wenigworte","id":28804762,"id_str":"28804762","indices":[3,15]},{"screen_name":"Lahmgirl1988","name":"FCBLady","id":1423585376,"id_str":"1423585376","indices":[17,30]}],"symbols":[]},"favorited":false,"retweeted":false,"possibly_sensitive":false,"filter_level":"low","lang":"de","timestamp_ms":"1441916980612"}
