{"created_at":"Thu Sep 10 20:26:27 +0000 2015","id":642071661135527936,"id_str":"642071661135527936","text":"DTN Germany: Fl\u00fcchtlinge: Fl\u00fcchtlinge - Berlins SPD macht Druck auf die Bezirke: Immer mehr Fl\u00fcchtlinge kommen... http:\/\/t.co\/3W3yZOyV91","source":"\u003ca href=\"http:\/\/twitterfeed.com\" rel=\"nofollow\"\u003etwitterfeed\u003c\/a\u003e","truncated":false,"in_reply_to_status_id":null,"in_reply_to_status_id_str":null,"in_reply_to_user_id":null,"in_reply_to_user_id_str":null,"in_reply_to_screen_name":null,"user":{"id":386188283,"id_str":"386188283","name":"DTN Germany","screen_name":"DTNGermany","location":"Canada","url":"http:\/\/defense-technologynews.blogspot.com\/","description":"Comprehensive Daily News on Germany Today ~ \u00a9 Copyright (c) DTN News Defense-Technology News\r\nhttp:\/\/defense-technologynews.blogspot.com\/","protected":false,"verified":false,"followers_count":2245,"friends_count":82,"listed_count":118,"favourites_count":0,"statuses_count":784582,"created_at":"Thu Oct 06 20:26:28 +0000 2011","utc_offset":-18000,"time_zone":"Central Time (US & Canada)","geo_enabled":false,"lang":"en","contributors_enabled":false,"is_translator":false,"profile_background_color":"C0DEED","profile_background_image_url":"http:\/\/pbs.twimg.com\/profile_background_images\/396115315\/q-DTN_Germany_Twitter_Jan_7_2012_.jpg","profile_background_image_url_https":"https:\/\/pbs.twimg.com\/profile_background_images\/396115315\/q-DTN_Germany_Twitter_Jan_7_2012_.jpg","profile_background_tile":true,"profile_link_color":"0084B4","profile_sidebar_border_color":"C0DEED","profile_sidebar_fill_color":"DDEEF6","profile_text_color":"333333","profile_use_background_image":true,"profile_image_url":"http:\/\/pbs.twimg.com\/profile_images\/1648646081\/DTN_GERMANY__NOV_20_2011_2_normal.jpg","profile_image_url_https":"https:\/\/pbs.twimg.com\/profile_images\/1648646081\/DTN_GERMANY__NOV_20_2011_2_normal.jpg","profile_banner_url":"https:\/\/pbs.twimg.com\/profile_banners\/386188283\/1403756123","default_profile":false,"default_profile_image":false,"following":null,"follow_request_sent":null,"notifications":null},"geo":null,"coordinates":null,"place":null,"contributors":null,"retweet_count":0,"favorite_count":0,"entities":{"hashtags":[],"trends":[],"urls":[{"url":"http:\/\/t.co\/3W3yZOyV91","expanded_url":"http:\/\/bit.ly\/1Og8U69","display_url":"bit.ly\/1Og8U69","indices":[114,136]}],"user_mentions":[],"symbols":[]},"favorited":false,"retweeted":false,"possibly_sensitive":false,"filter_level":"low","lang":"de","timestamp_ms":"1441916787786"}
