{"created_at":"Thu Sep 10 20:21:12 +0000 2015","id":642070339015561216,"id_str":"642070339015561216","text":"RT @WN_Steinfurt: Steinfurt: Fl\u00fcchtlinge ziehen in die KvG-Halle: Wann die ersten Asylsuchenden in Steinfurt in Turnhallen unter... http:\/\/\u2026","source":"\u003ca href=\"http:\/\/twitter.com\" rel=\"nofollow\"\u003eTwitter Web Client\u003c\/a\u003e","truncated":false,"in_reply_to_status_id":null,"in_reply_to_status_id_str":null,"in_reply_to_user_id":null,"in_reply_to_user_id_str":null,"in_reply_to_screen_name":null,"user":{"id":587410070,"id_str":"587410070","name":"Rainer Wiese","screen_name":"rwiese_de","location":"Burgsteinfurt","url":"http:\/\/www.rwiese.de","description":"Meinungsmache aus zweifelhaften Quellen als schwer erkennbare Satire mit bitterb\u00f6sen Halbwahrheiten und irrwitzig populistischen Schlu\u00dffolgerungen. . . .","protected":false,"verified":false,"followers_count":31,"friends_count":80,"listed_count":8,"favourites_count":0,"statuses_count":3111,"created_at":"Tue May 22 13:07:58 +0000 2012","utc_offset":10800,"time_zone":"Athens","geo_enabled":false,"lang":"de","contributors_enabled":false,"is_translator":false,"profile_background_color":"000000","profile_background_image_url":"http:\/\/abs.twimg.com\/images\/themes\/theme6\/bg.gif","profile_background_image_url_https":"https:\/\/abs.twimg.com\/images\/themes\/theme6\/bg.gif","profile_background_tile":false,"profile_link_color":"DD2E44","profile_sidebar_border_color":"000000","profile_sidebar_fill_color":"000000","profile_text_color":"000000","profile_use_background_image":false,"profile_image_url":"http:\/\/pbs.twimg.com\/profile_images\/621382662582870016\/AqbsiSYQ_normal.jpg","profile_image_url_https":"https:\/\/pbs.twimg.com\/profile_images\/621382662582870016\/AqbsiSYQ_normal.jpg","profile_banner_url":"https:\/\/pbs.twimg.com\/profile_banners\/587410070\/1436984535","default_profile":false,"default_profile_image":false,"following":null,"follow_request_sent":null,"notifications":null},"geo":null,"coordinates":null,"place":null,"contributors":null,"retweeted_status":{"created_at":"Thu Sep 10 14:28:14 +0000 2015","id":641981511160348672,"id_str":"641981511160348672","text":"Steinfurt: Fl\u00fcchtlinge ziehen in die KvG-Halle: Wann die ersten Asylsuchenden in Steinfurt in Turnhallen unter... http:\/\/t.co\/abUXbSD0ju","source":"\u003ca href=\"http:\/\/twitterfeed.com\" rel=\"nofollow\"\u003etwitterfeed\u003c\/a\u003e","truncated":false,"in_reply_to_status_id":null,"in_reply_to_status_id_str":null,"in_reply_to_user_id":null,"in_reply_to_user_id_str":null,"in_reply_to_screen_name":null,"user":{"id":102074070,"id_str":"102074070","name":"WN_Steinfurt","screen_name":"WN_Steinfurt","location":"Steinfurt","url":"http:\/\/www.westfaelische-nachrichten.de","description":"Hier twittert die WN-Lokalredaktion Steinfurt mit den Orten Borghorst, Burgsteinfurt, Altenberge, Nordwalde, Horstmar und Laer.","protected":false,"verified":false,"followers_count":969,"friends_count":258,"listed_count":29,"favourites_count":3,"statuses_count":46305,"created_at":"Tue Jan 05 14:25:08 +0000 2010","utc_offset":7200,"time_zone":"Berlin","geo_enabled":false,"lang":"de","contributors_enabled":false,"is_translator":false,"profile_background_color":"FFFFFF","profile_background_image_url":"http:\/\/pbs.twimg.com\/profile_background_images\/120236363\/wn-twitter_bg.jpg","profile_background_image_url_https":"https:\/\/pbs.twimg.com\/profile_background_images\/120236363\/wn-twitter_bg.jpg","profile_background_tile":false,"profile_link_color":"0084B4","profile_sidebar_border_color":"FCFCFC","profile_sidebar_fill_color":"FCFCFC","profile_text_color":"333333","profile_use_background_image":true,"profile_image_url":"http:\/\/pbs.twimg.com\/profile_images\/611661900\/wn_logo_normal.png","profile_image_url_https":"https:\/\/pbs.twimg.com\/profile_images\/611661900\/wn_logo_normal.png","default_profile":false,"default_profile_image":false,"following":null,"follow_request_sent":null,"notifications":null},"geo":null,"coordinates":null,"place":null,"contributors":null,"retweet_count":1,"favorite_count":0,"entities":{"hashtags":[],"trends":[],"urls":[{"url":"http:\/\/t.co\/abUXbSD0ju","expanded_url":"http:\/\/bit.ly\/1OCJMEM","display_url":"bit.ly\/1OCJMEM","indices":[114,136]}],"user_mentions":[],"symbols":[]},"favorited":false,"retweeted":false,"possibly_sensitive":false,"filter_level":"low","lang":"de"},"retweet_count":0,"favorite_count":0,"entities":{"hashtags":[],"trends":[],"urls":[{"url":"http:\/\/t.co\/abUXbSD0ju","expanded_url":"http:\/\/bit.ly\/1OCJMEM","display_url":"bit.ly\/1OCJMEM","indices":[139,140]}],"user_mentions":[{"screen_name":"WN_Steinfurt","name":"WN_Steinfurt","id":102074070,"id_str":"102074070","indices":[3,16]}],"symbols":[]},"favorited":false,"retweeted":false,"possibly_sensitive":false,"filter_level":"low","lang":"de","timestamp_ms":"1441916472568"}
