{"created_at":"Sat Sep 12 00:05:25 +0000 2015","id":642489152831922176,"id_str":"642489152831922176","text":"RT @tooppermann: #G\u00f6Welcome: Sonnabend wieder eine Seite Statements im @goetageblatt. #refugees #Fl\u00fcchtlinge http:\/\/t.co\/kqKCTnAdQ4","source":"\u003ca href=\"http:\/\/twitter.com\/download\/iphone\" rel=\"nofollow\"\u003eTwitter for iPhone\u003c\/a\u003e","truncated":false,"in_reply_to_status_id":null,"in_reply_to_status_id_str":null,"in_reply_to_user_id":null,"in_reply_to_user_id_str":null,"in_reply_to_screen_name":null,"user":{"id":90355676,"id_str":"90355676","name":"JuLis G\u00f6ttingen","screen_name":"julisgoe","location":"G\u00f6ttingen","url":"http:\/\/www.facebook.com\/julisgoe","description":null,"protected":false,"verified":false,"followers_count":231,"friends_count":154,"listed_count":16,"favourites_count":3,"statuses_count":69,"created_at":"Mon Nov 16 08:50:46 +0000 2009","utc_offset":7200,"time_zone":"Berlin","geo_enabled":false,"lang":"de","contributors_enabled":false,"is_translator":false,"profile_background_color":"011E75","profile_background_image_url":"http:\/\/pbs.twimg.com\/profile_background_images\/54117107\/twitter_background_4.jpg","profile_background_image_url_https":"https:\/\/pbs.twimg.com\/profile_background_images\/54117107\/twitter_background_4.jpg","profile_background_tile":false,"profile_link_color":"0084B4","profile_sidebar_border_color":"A8C7F7","profile_sidebar_fill_color":"C0DFEC","profile_text_color":"333333","profile_use_background_image":true,"profile_image_url":"http:\/\/pbs.twimg.com\/profile_images\/616647790916169728\/HqOJFobD_normal.jpg","profile_image_url_https":"https:\/\/pbs.twimg.com\/profile_images\/616647790916169728\/HqOJFobD_normal.jpg","profile_banner_url":"https:\/\/pbs.twimg.com\/profile_banners\/90355676\/1435855267","default_profile":false,"default_profile_image":false,"following":null,"follow_request_sent":null,"notifications":null},"geo":null,"coordinates":null,"place":null,"contributors":null,"retweeted_status":{"created_at":"Fri Sep 11 21:31:57 +0000 2015","id":642450529961046016,"id_str":"642450529961046016","text":"#G\u00f6Welcome: Sonnabend wieder eine Seite Statements im @goetageblatt. #refugees #Fl\u00fcchtlinge http:\/\/t.co\/kqKCTnAdQ4","source":"\u003ca href=\"http:\/\/twitter.com\/download\/iphone\" rel=\"nofollow\"\u003eTwitter for iPhone\u003c\/a\u003e","truncated":false,"in_reply_to_status_id":null,"in_reply_to_status_id_str":null,"in_reply_to_user_id":null,"in_reply_to_user_id_str":null,"in_reply_to_screen_name":null,"user":{"id":19425515,"id_str":"19425515","name":"Christoph Oppermann","screen_name":"tooppermann","location":"Niedersachsen","url":"http:\/\/oppermann.co.uk","description":"Journalist. \nDer Teufel steckt im Lokalteil.","protected":false,"verified":false,"followers_count":493,"friends_count":463,"listed_count":65,"favourites_count":1242,"statuses_count":5469,"created_at":"Sat Jan 24 00:55:26 +0000 2009","utc_offset":7200,"time_zone":"Berlin","geo_enabled":false,"lang":"de","contributors_enabled":false,"is_translator":false,"profile_background_color":"414445","profile_background_image_url":"http:\/\/pbs.twimg.com\/profile_background_images\/432774635101224960\/c8Wmfzom.jpeg","profile_background_image_url_https":"https:\/\/pbs.twimg.com\/profile_background_images\/432774635101224960\/c8Wmfzom.jpeg","profile_background_tile":true,"profile_link_color":"940922","profile_sidebar_border_color":"FFFFFF","profile_sidebar_fill_color":"EFEFEF","profile_text_color":"333333","profile_use_background_image":true,"profile_image_url":"http:\/\/pbs.twimg.com\/profile_images\/569498266786877440\/eYP0jdWw_normal.jpeg","profile_image_url_https":"https:\/\/pbs.twimg.com\/profile_images\/569498266786877440\/eYP0jdWw_normal.jpeg","profile_banner_url":"https:\/\/pbs.twimg.com\/profile_banners\/19425515\/1385626531","default_profile":false,"default_profile_image":false,"following":null,"follow_request_sent":null,"notifications":null},"geo":null,"coordinates":null,"place":null,"contributors":null,"retweet_count":1,"favorite_count":0,"entities":{"hashtags":[{"text":"G\u00f6Welcome","indices":[0,10]},{"text":"refugees","indices":[69,78]},{"text":"Fl\u00fcchtlinge","indices":[79,91]}],"trends":[],"urls":[],"user_mentions":[{"screen_name":"goetageblatt","name":"G\u00f6ttinger Tageblatt","id":77173017,"id_str":"77173017","indices":[54,67]}],"symbols":[],"media":[{"id":642450525766688768,"id_str":"642450525766688768","indices":[92,114],"media_url":"http:\/\/pbs.twimg.com\/media\/COpxWW4WIAARnjf.jpg","media_url_https":"https:\/\/pbs.twimg.com\/media\/COpxWW4WIAARnjf.jpg","url":"http:\/\/t.co\/kqKCTnAdQ4","display_url":"pic.twitter.com\/kqKCTnAdQ4","expanded_url":"http:\/\/twitter.com\/tooppermann\/status\/642450529961046016\/photo\/1","type":"photo","sizes":{"medium":{"w":600,"h":573,"resize":"fit"},"thumb":{"w":150,"h":150,"resize":"crop"},"small":{"w":340,"h":324,"resize":"fit"},"large":{"w":1024,"h":978,"resize":"fit"}}}]},"extended_entities":{"media":[{"id":642450525766688768,"id_str":"642450525766688768","indices":[92,114],"media_url":"http:\/\/pbs.twimg.com\/media\/COpxWW4WIAARnjf.jpg","media_url_https":"https:\/\/pbs.twimg.com\/media\/COpxWW4WIAARnjf.jpg","url":"http:\/\/t.co\/kqKCTnAdQ4","display_url":"pic.twitter.com\/kqKCTnAdQ4","expanded_url":"http:\/\/twitter.com\/tooppermann\/status\/642450529961046016\/photo\/1","type":"photo","sizes":{"medium":{"w":600,"h":573,"resize":"fit"},"thumb":{"w":150,"h":150,"resize":"crop"},"small":{"w":340,"h":324,"resize":"fit"},"large":{"w":1024,"h":978,"resize":"fit"}}}]},"favorited":false,"retweeted":false,"possibly_sensitive":false,"filter_level":"low","lang":"de"},"retweet_count":0,"favorite_count":0,"entities":{"hashtags":[{"text":"G\u00f6Welcome","indices":[17,27]},{"text":"refugees","indices":[86,95]},{"text":"Fl\u00fcchtlinge","indices":[96,108]}],"trends":[],"urls":[],"user_mentions":[{"screen_name":"tooppermann","name":"Christoph Oppermann","id":19425515,"id_str":"19425515","indices":[3,15]},{"screen_name":"goetageblatt","name":"G\u00f6ttinger Tageblatt","id":77173017,"id_str":"77173017","indices":[71,84]}],"symbols":[],"media":[{"id":642450525766688768,"id_str":"642450525766688768","indices":[109,131],"media_url":"http:\/\/pbs.twimg.com\/media\/COpxWW4WIAARnjf.jpg","media_url_https":"https:\/\/pbs.twimg.com\/media\/COpxWW4WIAARnjf.jpg","url":"http:\/\/t.co\/kqKCTnAdQ4","display_url":"pic.twitter.com\/kqKCTnAdQ4","expanded_url":"http:\/\/twitter.com\/tooppermann\/status\/642450529961046016\/photo\/1","type":"photo","sizes":{"medium":{"w":600,"h":573,"resize":"fit"},"thumb":{"w":150,"h":150,"resize":"crop"},"small":{"w":340,"h":324,"resize":"fit"},"large":{"w":1024,"h":978,"resize":"fit"}},"source_status_id":642450529961046016,"source_status_id_str":"642450529961046016"}]},"extended_entities":{"media":[{"id":642450525766688768,"id_str":"642450525766688768","indices":[109,131],"media_url":"http:\/\/pbs.twimg.com\/media\/COpxWW4WIAARnjf.jpg","media_url_https":"https:\/\/pbs.twimg.com\/media\/COpxWW4WIAARnjf.jpg","url":"http:\/\/t.co\/kqKCTnAdQ4","display_url":"pic.twitter.com\/kqKCTnAdQ4","expanded_url":"http:\/\/twitter.com\/tooppermann\/status\/642450529961046016\/photo\/1","type":"photo","sizes":{"medium":{"w":600,"h":573,"resize":"fit"},"thumb":{"w":150,"h":150,"resize":"crop"},"small":{"w":340,"h":324,"resize":"fit"},"large":{"w":1024,"h":978,"resize":"fit"}},"source_status_id":642450529961046016,"source_status_id_str":"642450529961046016"}]},"favorited":false,"retweeted":false,"possibly_sensitive":false,"filter_level":"low","lang":"de","timestamp_ms":"1442016325563"}
