{"created_at":"Thu Sep 10 20:24:54 +0000 2015","id":642071268704055296,"id_str":"642071268704055296","text":"Salafisten werben Fl\u00fcchtlinge an http:\/\/t.co\/F5XYGyqOAE http:\/\/t.co\/BqhIg8R0X9","source":"\u003ca href=\"http:\/\/twitter.com\/download\/android\" rel=\"nofollow\"\u003eTwitter for Android\u003c\/a\u003e","truncated":false,"in_reply_to_status_id":null,"in_reply_to_status_id_str":null,"in_reply_to_user_id":null,"in_reply_to_user_id_str":null,"in_reply_to_screen_name":null,"user":{"id":897841154,"id_str":"897841154","name":"Maximilian Apitz","screen_name":"MxAxXxI","location":"DE + EN","url":"http:\/\/mxa.tip.me","description":"News & other stuff.","protected":false,"verified":false,"followers_count":936,"friends_count":2000,"listed_count":77,"favourites_count":3845,"statuses_count":51780,"created_at":"Mon Oct 22 15:41:03 +0000 2012","utc_offset":7200,"time_zone":"Berlin","geo_enabled":false,"lang":"de","contributors_enabled":false,"is_translator":false,"profile_background_color":"C0DEED","profile_background_image_url":"http:\/\/abs.twimg.com\/images\/themes\/theme1\/bg.png","profile_background_image_url_https":"https:\/\/abs.twimg.com\/images\/themes\/theme1\/bg.png","profile_background_tile":false,"profile_link_color":"0084B4","profile_sidebar_border_color":"C0DEED","profile_sidebar_fill_color":"DDEEF6","profile_text_color":"333333","profile_use_background_image":true,"profile_image_url":"http:\/\/pbs.twimg.com\/profile_images\/580381782127841280\/07HKNlGW_normal.png","profile_image_url_https":"https:\/\/pbs.twimg.com\/profile_images\/580381782127841280\/07HKNlGW_normal.png","profile_banner_url":"https:\/\/pbs.twimg.com\/profile_banners\/897841154\/1427208722","default_profile":true,"default_profile_image":false,"following":null,"follow_request_sent":null,"notifications":null},"geo":null,"coordinates":null,"place":null,"contributors":null,"retweet_count":0,"favorite_count":0,"entities":{"hashtags":[],"trends":[],"urls":[{"url":"http:\/\/t.co\/F5XYGyqOAE","expanded_url":"http:\/\/a.msn.com\/r\/2\/AAe9xUs?m=de-de&a=1","display_url":"a.msn.com\/r\/2\/AAe9xUs?m=\u2026","indices":[33,55]}],"user_mentions":[],"symbols":[],"media":[{"id":642071254153973761,"id_str":"642071254153973761","indices":[56,78],"media_url":"http:\/\/pbs.twimg.com\/media\/COkYZ2BWUAELZrZ.jpg","media_url_https":"https:\/\/pbs.twimg.com\/media\/COkYZ2BWUAELZrZ.jpg","url":"http:\/\/t.co\/BqhIg8R0X9","display_url":"pic.twitter.com\/BqhIg8R0X9","expanded_url":"http:\/\/twitter.com\/MxAxXxI\/status\/642071268704055296\/photo\/1","type":"photo","sizes":{"thumb":{"w":150,"h":150,"resize":"crop"},"large":{"w":360,"h":180,"resize":"fit"},"medium":{"w":360,"h":180,"resize":"fit"},"small":{"w":340,"h":170,"resize":"fit"}}}]},"extended_entities":{"media":[{"id":642071254153973761,"id_str":"642071254153973761","indices":[56,78],"media_url":"http:\/\/pbs.twimg.com\/media\/COkYZ2BWUAELZrZ.jpg","media_url_https":"https:\/\/pbs.twimg.com\/media\/COkYZ2BWUAELZrZ.jpg","url":"http:\/\/t.co\/BqhIg8R0X9","display_url":"pic.twitter.com\/BqhIg8R0X9","expanded_url":"http:\/\/twitter.com\/MxAxXxI\/status\/642071268704055296\/photo\/1","type":"photo","sizes":{"thumb":{"w":150,"h":150,"resize":"crop"},"large":{"w":360,"h":180,"resize":"fit"},"medium":{"w":360,"h":180,"resize":"fit"},"small":{"w":340,"h":170,"resize":"fit"}}}]},"favorited":false,"retweeted":false,"possibly_sensitive":false,"filter_level":"low","lang":"de","timestamp_ms":"1441916694223"}
