{"created_at":"Fri Sep 11 23:55:03 +0000 2015","id":642486543777701888,"id_str":"642486543777701888","text":"Blankenese: Hamburger Nacht der Medien im Zeichen der Fl\u00fcchtlinge #Hamburg http:\/\/t.co\/Cjt7NetTly","source":"\u003ca href=\"http:\/\/www.forcetweet.nl\" rel=\"nofollow\"\u003eForceTweet\u003c\/a\u003e","truncated":false,"in_reply_to_status_id":null,"in_reply_to_status_id_str":null,"in_reply_to_user_id":null,"in_reply_to_user_id_str":null,"in_reply_to_screen_name":null,"user":{"id":2543322726,"id_str":"2543322726","name":"Hamburg","screen_name":"NewsHamburg","location":"","url":"http:\/\/www.newslocker.com\/de-de\/region\/hamburg\/","description":"Immer als erstes informiert \u00fcber die Neuigkeiten aus Hamburg. Verpassen sie ab jetzt nichts mehr in ihrer Region!","protected":false,"verified":false,"followers_count":3492,"friends_count":3266,"listed_count":30,"favourites_count":0,"statuses_count":9348,"created_at":"Tue Jun 03 11:39:23 +0000 2014","utc_offset":10800,"time_zone":"Athens","geo_enabled":false,"lang":"nl","contributors_enabled":false,"is_translator":false,"profile_background_color":"FFFFFF","profile_background_image_url":"http:\/\/pbs.twimg.com\/profile_background_images\/473791311502667776\/B5b-OgCI.jpeg","profile_background_image_url_https":"https:\/\/pbs.twimg.com\/profile_background_images\/473791311502667776\/B5b-OgCI.jpeg","profile_background_tile":false,"profile_link_color":"FCC100","profile_sidebar_border_color":"C0DEED","profile_sidebar_fill_color":"DDEEF6","profile_text_color":"333333","profile_use_background_image":true,"profile_image_url":"http:\/\/pbs.twimg.com\/profile_images\/473791314346397696\/Re1e0tPk_normal.png","profile_image_url_https":"https:\/\/pbs.twimg.com\/profile_images\/473791314346397696\/Re1e0tPk_normal.png","default_profile":false,"default_profile_image":false,"following":null,"follow_request_sent":null,"notifications":null},"geo":null,"coordinates":null,"place":null,"contributors":null,"retweet_count":0,"favorite_count":0,"entities":{"hashtags":[{"text":"Hamburg","indices":[66,74]}],"trends":[],"urls":[{"url":"http:\/\/t.co\/Cjt7NetTly","expanded_url":"http:\/\/www.newslocker.com\/de-de\/region\/hamburg\/blankenese-hamburger-nacht-der-medien-im-zeichen-der-flchtlinge\/","display_url":"newslocker.com\/de-de\/region\/h\u2026","indices":[75,97]}],"user_mentions":[],"symbols":[]},"favorited":false,"retweeted":false,"possibly_sensitive":false,"filter_level":"low","lang":"de","timestamp_ms":"1442015703516"}
