{"created_at":"Sat Sep 12 00:12:14 +0000 2015","id":642490869464072192,"id_str":"642490869464072192","text":"#Fl\u00fcchtlinge - Mit der V\u00f6lkerwanderung wachsen auch die Einnahmen krimineller Banden \u2013 l\u00e4ngst ein Milliarden-Markt http:\/\/t.co\/UHoIdLjuSK","source":"\u003ca href=\"http:\/\/twitter.com\" rel=\"nofollow\"\u003eTwitter Web Client\u003c\/a\u003e","truncated":false,"in_reply_to_status_id":null,"in_reply_to_status_id_str":null,"in_reply_to_user_id":null,"in_reply_to_user_id_str":null,"in_reply_to_screen_name":null,"user":{"id":2263235750,"id_str":"2263235750","name":"Bernd Quart","screen_name":"Bernd_Quart","location":"","url":null,"description":"Die #EU ist ein Konstrukt der #Elite: Aufl\u00f6sen und ein demokratisches RESET","protected":false,"verified":false,"followers_count":926,"friends_count":1993,"listed_count":54,"favourites_count":2438,"statuses_count":24242,"created_at":"Thu Dec 26 19:26:46 +0000 2013","utc_offset":null,"time_zone":null,"geo_enabled":false,"lang":"de","contributors_enabled":false,"is_translator":false,"profile_background_color":"C0DEED","profile_background_image_url":"http:\/\/abs.twimg.com\/images\/themes\/theme1\/bg.png","profile_background_image_url_https":"https:\/\/abs.twimg.com\/images\/themes\/theme1\/bg.png","profile_background_tile":false,"profile_link_color":"0084B4","profile_sidebar_border_color":"C0DEED","profile_sidebar_fill_color":"DDEEF6","profile_text_color":"333333","profile_use_background_image":true,"profile_image_url":"http:\/\/abs.twimg.com\/sticky\/default_profile_images\/default_profile_6_normal.png","profile_image_url_https":"https:\/\/abs.twimg.com\/sticky\/default_profile_images\/default_profile_6_normal.png","default_profile":true,"default_profile_image":true,"following":null,"follow_request_sent":null,"notifications":null},"geo":null,"coordinates":null,"place":null,"contributors":null,"retweet_count":0,"favorite_count":0,"entities":{"hashtags":[{"text":"Fl\u00fcchtlinge","indices":[0,12]}],"trends":[],"urls":[{"url":"http:\/\/t.co\/UHoIdLjuSK","expanded_url":"http:\/\/www.handelsblatt.com\/12254744.html","display_url":"handelsblatt.com\/12254744.html","indices":[115,137]}],"user_mentions":[],"symbols":[]},"favorited":false,"retweeted":false,"possibly_sensitive":false,"filter_level":"low","lang":"de","timestamp_ms":"1442016734840"}
