{"created_at":"Thu Sep 10 20:22:55 +0000 2015","id":642070771133771776,"id_str":"642070771133771776","text":"RT @JTrittin: #Fl\u00fcchtlinge: #GroKo-Plan ist mehr Provokation als Verhandlungsangebot, Abwehr statt Integration ist falscher Weg http:\/\/t.co\u2026","source":"\u003ca href=\"http:\/\/twitter.com\" rel=\"nofollow\"\u003eTwitter Web Client\u003c\/a\u003e","truncated":false,"in_reply_to_status_id":null,"in_reply_to_status_id_str":null,"in_reply_to_user_id":null,"in_reply_to_user_id_str":null,"in_reply_to_screen_name":null,"user":{"id":17343047,"id_str":"17343047","name":"Sven Kindler","screen_name":"sven_kindler","location":"Hannover","url":"http:\/\/www.svenkindler.de","description":"#MdB #Gr\u00fcne #Haushaltspolitischer Sprecher #Betriebswirt #Themen: #Haushalts-, Finanz- und Europapolitik #Antifaschismus","protected":false,"verified":true,"followers_count":7012,"friends_count":927,"listed_count":416,"favourites_count":4295,"statuses_count":20559,"created_at":"Wed Nov 12 16:51:14 +0000 2008","utc_offset":7200,"time_zone":"Berlin","geo_enabled":false,"lang":"en","contributors_enabled":false,"is_translator":false,"profile_background_color":"FFFFFF","profile_background_image_url":"http:\/\/pbs.twimg.com\/profile_background_images\/3505823\/twiiter_g8_2.jpg","profile_background_image_url_https":"https:\/\/pbs.twimg.com\/profile_background_images\/3505823\/twiiter_g8_2.jpg","profile_background_tile":false,"profile_link_color":"0084B4","profile_sidebar_border_color":"BDDCAD","profile_sidebar_fill_color":"B1B3E2","profile_text_color":"333333","profile_use_background_image":true,"profile_image_url":"http:\/\/pbs.twimg.com\/profile_images\/557477100324528130\/_X93fqry_normal.jpeg","profile_image_url_https":"https:\/\/pbs.twimg.com\/profile_images\/557477100324528130\/_X93fqry_normal.jpeg","profile_banner_url":"https:\/\/pbs.twimg.com\/profile_banners\/17343047\/1358266424","default_profile":false,"default_profile_image":false,"following":null,"follow_request_sent":null,"notifications":null},"geo":null,"coordinates":null,"place":null,"contributors":null,"retweeted_status":{"created_at":"Wed Sep 09 12:57:59 +0000 2015","id":641596411050639360,"id_str":"641596411050639360","text":"#Fl\u00fcchtlinge: #GroKo-Plan ist mehr Provokation als Verhandlungsangebot, Abwehr statt Integration ist falscher Weg http:\/\/t.co\/9QMsyYgk3G","source":"\u003ca href=\"http:\/\/twitter.com\" rel=\"nofollow\"\u003eTwitter Web Client\u003c\/a\u003e","truncated":false,"in_reply_to_status_id":null,"in_reply_to_status_id_str":null,"in_reply_to_user_id":null,"in_reply_to_user_id_str":null,"in_reply_to_screen_name":null,"user":{"id":485751594,"id_str":"485751594","name":"J\u00fcrgen Trittin","screen_name":"JTrittin","location":"Berlin\/G\u00f6ttingen ","url":"http:\/\/www.trittin.de","description":"MdB B\u00fcndnis 90\/Die Gr\u00fcnen & Wahlkreis G\u00f6ttingen & Werder-Fan.","protected":false,"verified":true,"followers_count":44789,"friends_count":254,"listed_count":930,"favourites_count":16,"statuses_count":2820,"created_at":"Tue Feb 07 14:54:56 +0000 2012","utc_offset":7200,"time_zone":"Amsterdam","geo_enabled":true,"lang":"de","contributors_enabled":false,"is_translator":false,"profile_background_color":"C0DEED","profile_background_image_url":"http:\/\/pbs.twimg.com\/profile_background_images\/378800000016348365\/9ef5ec648dce8ae15fb30b5595c98b52.jpeg","profile_background_image_url_https":"https:\/\/pbs.twimg.com\/profile_background_images\/378800000016348365\/9ef5ec648dce8ae15fb30b5595c98b52.jpeg","profile_background_tile":false,"profile_link_color":"0084B4","profile_sidebar_border_color":"000000","profile_sidebar_fill_color":"DDEEF6","profile_text_color":"333333","profile_use_background_image":true,"profile_image_url":"http:\/\/pbs.twimg.com\/profile_images\/378800000636812962\/2af07538d9e186bbc111420664b4569f_normal.jpeg","profile_image_url_https":"https:\/\/pbs.twimg.com\/profile_images\/378800000636812962\/2af07538d9e186bbc111420664b4569f_normal.jpeg","profile_banner_url":"https:\/\/pbs.twimg.com\/profile_banners\/485751594\/1431532524","default_profile":false,"default_profile_image":false,"following":null,"follow_request_sent":null,"notifications":null},"geo":null,"coordinates":null,"place":null,"contributors":null,"retweet_count":29,"favorite_count":21,"entities":{"hashtags":[{"text":"Fl\u00fcchtlinge","indices":[0,12]},{"text":"GroKo","indices":[14,20]}],"trends":[],"urls":[{"url":"http:\/\/t.co\/9QMsyYgk3G","expanded_url":"http:\/\/www.trittin.de\/2015\/09\/09\/provokation-als-verhandlungsangebot\/","display_url":"trittin.de\/2015\/09\/09\/pro\u2026","indices":[114,136]}],"user_mentions":[],"symbols":[]},"favorited":false,"retweeted":false,"possibly_sensitive":false,"filter_level":"low","lang":"de"},"retweet_count":0,"favorite_count":0,"entities":{"hashtags":[{"text":"Fl\u00fcchtlinge","indices":[14,26]},{"text":"GroKo","indices":[28,34]}],"trends":[],"urls":[{"url":"http:\/\/t.co\/9QMsyYgk3G","expanded_url":"http:\/\/www.trittin.de\/2015\/09\/09\/provokation-als-verhandlungsangebot\/","display_url":"trittin.de\/2015\/09\/09\/pro\u2026","indices":[139,140]}],"user_mentions":[{"screen_name":"JTrittin","name":"J\u00fcrgen Trittin","id":485751594,"id_str":"485751594","indices":[3,12]}],"symbols":[]},"favorited":false,"retweeted":false,"possibly_sensitive":false,"filter_level":"low","lang":"de","timestamp_ms":"1441916575593"}
