{"created_at":"Sat Sep 12 19:52:08 +0000 2015","id":642787800446828544,"id_str":"642787800446828544","text":"Boote an Fl\u00fcchtlinge verkauft -  Frankreich feuert Diplomatin in der T\u00fcrkei http:\/\/t.co\/uuMrisWGIX http:\/\/t.co\/OPp0jl4B3p","source":"\u003ca href=\"http:\/\/www.1001portails.com\" rel=\"nofollow\"\u003e1001ptsno_2\u003c\/a\u003e","truncated":false,"in_reply_to_status_id":null,"in_reply_to_status_id_str":null,"in_reply_to_user_id":null,"in_reply_to_user_id_str":null,"in_reply_to_screen_name":null,"user":{"id":2229061268,"id_str":"2229061268","name":"1001portails Deutsch","screen_name":"1001ptsDE","location":"","url":"http:\/\/www.1001portails.com","description":null,"protected":false,"verified":false,"followers_count":8882,"friends_count":6433,"listed_count":183,"favourites_count":14,"statuses_count":308157,"created_at":"Wed Dec 04 00:51:13 +0000 2013","utc_offset":7200,"time_zone":"Amsterdam","geo_enabled":false,"lang":"en-gb","contributors_enabled":false,"is_translator":false,"profile_background_color":"C0DEED","profile_background_image_url":"http:\/\/abs.twimg.com\/images\/themes\/theme1\/bg.png","profile_background_image_url_https":"https:\/\/abs.twimg.com\/images\/themes\/theme1\/bg.png","profile_background_tile":false,"profile_link_color":"0084B4","profile_sidebar_border_color":"C0DEED","profile_sidebar_fill_color":"DDEEF6","profile_text_color":"333333","profile_use_background_image":true,"profile_image_url":"http:\/\/pbs.twimg.com\/profile_images\/378800000826542101\/fe48f117370cc989fafe1e1ebe467033_normal.jpeg","profile_image_url_https":"https:\/\/pbs.twimg.com\/profile_images\/378800000826542101\/fe48f117370cc989fafe1e1ebe467033_normal.jpeg","default_profile":true,"default_profile_image":false,"following":null,"follow_request_sent":null,"notifications":null},"geo":null,"coordinates":null,"place":null,"contributors":null,"retweet_count":0,"favorite_count":0,"entities":{"hashtags":[],"trends":[],"urls":[{"url":"http:\/\/t.co\/uuMrisWGIX","expanded_url":"http:\/\/www.1001portails.com\/zzgejheeim","display_url":"1001portails.com\/zzgejheeim","indices":[76,98]}],"user_mentions":[],"symbols":[],"media":[{"id":642787798576164864,"id_str":"642787798576164864","indices":[99,121],"media_url":"http:\/\/pbs.twimg.com\/media\/COukGOAWcAA-oSH.jpg","media_url_https":"https:\/\/pbs.twimg.com\/media\/COukGOAWcAA-oSH.jpg","url":"http:\/\/t.co\/OPp0jl4B3p","display_url":"pic.twitter.com\/OPp0jl4B3p","expanded_url":"http:\/\/twitter.com\/1001ptsDE\/status\/642787800446828544\/photo\/1","type":"photo","sizes":{"large":{"w":900,"h":510,"resize":"fit"},"thumb":{"w":150,"h":150,"resize":"crop"},"medium":{"w":600,"h":340,"resize":"fit"},"small":{"w":340,"h":192,"resize":"fit"}}}]},"extended_entities":{"media":[{"id":642787798576164864,"id_str":"642787798576164864","indices":[99,121],"media_url":"http:\/\/pbs.twimg.com\/media\/COukGOAWcAA-oSH.jpg","media_url_https":"https:\/\/pbs.twimg.com\/media\/COukGOAWcAA-oSH.jpg","url":"http:\/\/t.co\/OPp0jl4B3p","display_url":"pic.twitter.com\/OPp0jl4B3p","expanded_url":"http:\/\/twitter.com\/1001ptsDE\/status\/642787800446828544\/photo\/1","type":"photo","sizes":{"large":{"w":900,"h":510,"resize":"fit"},"thumb":{"w":150,"h":150,"resize":"crop"},"medium":{"w":600,"h":340,"resize":"fit"},"small":{"w":340,"h":192,"resize":"fit"}}}]},"favorited":false,"retweeted":false,"possibly_sensitive":false,"filter_level":"low","lang":"de","timestamp_ms":"1442087528703"}
