{"created_at":"Fri Sep 11 23:44:39 +0000 2015","id":642483926213238784,"id_str":"642483926213238784","text":"Entscheid dich jetzt mal!\nIst Merkel oder die Fl\u00fcchtlinge schlimmer?\n#domian","source":"\u003ca href=\"http:\/\/twitter.com\/download\/android\" rel=\"nofollow\"\u003eTwitter for Android\u003c\/a\u003e","truncated":false,"in_reply_to_status_id":null,"in_reply_to_status_id_str":null,"in_reply_to_user_id":null,"in_reply_to_user_id_str":null,"in_reply_to_screen_name":null,"user":{"id":3054491411,"id_str":"3054491411","name":"Finn","screen_name":"schlavviner","location":"Muc.","url":null,"description":"Kinderlandverschickung zum Studium nach BY.                             lemme finish dat later","protected":false,"verified":false,"followers_count":41,"friends_count":213,"listed_count":0,"favourites_count":461,"statuses_count":452,"created_at":"Mon Feb 23 01:17:48 +0000 2015","utc_offset":7200,"time_zone":"Berlin","geo_enabled":true,"lang":"de","contributors_enabled":false,"is_translator":false,"profile_background_color":"000000","profile_background_image_url":"http:\/\/abs.twimg.com\/images\/themes\/theme1\/bg.png","profile_background_image_url_https":"https:\/\/abs.twimg.com\/images\/themes\/theme1\/bg.png","profile_background_tile":false,"profile_link_color":"3B94D9","profile_sidebar_border_color":"000000","profile_sidebar_fill_color":"000000","profile_text_color":"000000","profile_use_background_image":false,"profile_image_url":"http:\/\/pbs.twimg.com\/profile_images\/626162377629790208\/ZCFhZgvq_normal.jpg","profile_image_url_https":"https:\/\/pbs.twimg.com\/profile_images\/626162377629790208\/ZCFhZgvq_normal.jpg","profile_banner_url":"https:\/\/pbs.twimg.com\/profile_banners\/3054491411\/1436575633","default_profile":false,"default_profile_image":false,"following":null,"follow_request_sent":null,"notifications":null},"geo":null,"coordinates":null,"place":null,"contributors":null,"retweet_count":0,"favorite_count":0,"entities":{"hashtags":[{"text":"domian","indices":[69,76]}],"trends":[],"urls":[],"user_mentions":[],"symbols":[]},"favorited":false,"retweeted":false,"possibly_sensitive":false,"filter_level":"low","lang":"de","timestamp_ms":"1442015079440"}
