{"created_at":"Sat Sep 12 19:52:35 +0000 2015","id":642787914208837632,"id_str":"642787914208837632","text":"Refugees welcome: THW Ortsverb\u00e4nde unterst\u00fctzen bei der Einrichtung einer Aufnahmeeinrichtung f\u00fcr Fl\u00fcchtlinge in Diez http:\/\/t.co\/PEVk5O4ZBe","source":"\u003ca href=\"http:\/\/twitterfeed.com\" rel=\"nofollow\"\u003etwitterfeed\u003c\/a\u003e","truncated":false,"in_reply_to_status_id":null,"in_reply_to_status_id_str":null,"in_reply_to_user_id":null,"in_reply_to_user_id_str":null,"in_reply_to_screen_name":null,"user":{"id":718145940,"id_str":"718145940","name":"Potsdamer News & BR ","screen_name":"BMdFwTHWRd","location":"Potsdam","url":"http:\/\/potsdamernwesundblaulichtreport.jimdo.com","description":"Hier auf der Seite gibt es :\n\n- aktuelles aus Potsdam\n- News aus der Blaulichtwelt","protected":false,"verified":false,"followers_count":856,"friends_count":1234,"listed_count":41,"favourites_count":657,"statuses_count":343037,"created_at":"Thu Jul 26 13:48:05 +0000 2012","utc_offset":10800,"time_zone":"Athens","geo_enabled":true,"lang":"de","contributors_enabled":false,"is_translator":false,"profile_background_color":"709397","profile_background_image_url":"http:\/\/pbs.twimg.com\/profile_background_images\/378800000158543034\/P78P5mTG.jpeg","profile_background_image_url_https":"https:\/\/pbs.twimg.com\/profile_background_images\/378800000158543034\/P78P5mTG.jpeg","profile_background_tile":false,"profile_link_color":"89C9FA","profile_sidebar_border_color":"000000","profile_sidebar_fill_color":"A0C5C7","profile_text_color":"333333","profile_use_background_image":true,"profile_image_url":"http:\/\/pbs.twimg.com\/profile_images\/601389987674853376\/j9MOqAR7_normal.jpg","profile_image_url_https":"https:\/\/pbs.twimg.com\/profile_images\/601389987674853376\/j9MOqAR7_normal.jpg","profile_banner_url":"https:\/\/pbs.twimg.com\/profile_banners\/718145940\/1417834713","default_profile":false,"default_profile_image":false,"following":null,"follow_request_sent":null,"notifications":null},"geo":null,"coordinates":null,"place":null,"contributors":null,"retweet_count":0,"favorite_count":0,"entities":{"hashtags":[],"trends":[],"urls":[{"url":"http:\/\/t.co\/PEVk5O4ZBe","expanded_url":"http:\/\/bit.ly\/1XXqccD","display_url":"bit.ly\/1XXqccD","indices":[118,140]}],"user_mentions":[],"symbols":[]},"favorited":false,"retweeted":false,"possibly_sensitive":false,"filter_level":"low","lang":"de","timestamp_ms":"1442087555826"}
