{"created_at":"Thu Sep 10 20:25:02 +0000 2015","id":642071302606602240,"id_str":"642071302606602240","text":"RT @kaffeecup: Am deutlichsten macht sich der Fachkr\u00e4ftemangel in Deutschland ja in unserer Regierung bemerkbar.","source":"\u003ca href=\"http:\/\/twitter.com\/#!\/download\/ipad\" rel=\"nofollow\"\u003eTwitter for iPad\u003c\/a\u003e","truncated":false,"in_reply_to_status_id":null,"in_reply_to_status_id_str":null,"in_reply_to_user_id":null,"in_reply_to_user_id_str":null,"in_reply_to_screen_name":null,"user":{"id":38417040,"id_str":"38417040","name":"mlabs","screen_name":"morelation","location":"D\u00fcsseldorf\/Germany","url":null,"description":null,"protected":false,"verified":false,"followers_count":32,"friends_count":108,"listed_count":2,"favourites_count":108,"statuses_count":907,"created_at":"Thu May 07 12:02:26 +0000 2009","utc_offset":7200,"time_zone":"Bern","geo_enabled":false,"lang":"de","contributors_enabled":false,"is_translator":false,"profile_background_color":"352726","profile_background_image_url":"http:\/\/abs.twimg.com\/images\/themes\/theme5\/bg.gif","profile_background_image_url_https":"https:\/\/abs.twimg.com\/images\/themes\/theme5\/bg.gif","profile_background_tile":false,"profile_link_color":"FA4305","profile_sidebar_border_color":"FA4305","profile_sidebar_fill_color":"FEE7AA","profile_text_color":"557317","profile_use_background_image":false,"profile_image_url":"http:\/\/pbs.twimg.com\/profile_images\/203018967\/dqP8wdSDwwhs0XxvwK_T0jL3LXtZff-T_oJJ_jNdxI1Xew2UK4FoxYv9YXgZacVy_normal.jpg","profile_image_url_https":"https:\/\/pbs.twimg.com\/profile_images\/203018967\/dqP8wdSDwwhs0XxvwK_T0jL3LXtZff-T_oJJ_jNdxI1Xew2UK4FoxYv9YXgZacVy_normal.jpg","default_profile":false,"default_profile_image":false,"following":null,"follow_request_sent":null,"notifications":null},"geo":null,"coordinates":null,"place":null,"contributors":null,"retweeted_status":{"created_at":"Mon Jul 20 19:58:28 +0000 2015","id":623220447216279552,"id_str":"623220447216279552","text":"Am deutlichsten macht sich der Fachkr\u00e4ftemangel in Deutschland ja in unserer Regierung bemerkbar.","source":"\u003ca href=\"http:\/\/twitter.com\/download\/android\" rel=\"nofollow\"\u003eTwitter for Android\u003c\/a\u003e","truncated":false,"in_reply_to_status_id":null,"in_reply_to_status_id_str":null,"in_reply_to_user_id":null,"in_reply_to_user_id_str":null,"in_reply_to_screen_name":null,"user":{"id":612900411,"id_str":"612900411","name":"Kaffeecup","screen_name":"kaffeecup","location":"Lebt unter Franken.","url":null,"description":"Filterzeichen Sternt\u00fcte. Weng FC Schweinfurt 05 & a bissle BVB. A weng Buch. A bissle Katze. A bissle mehr Kaffee. Gschwind heim an Main. Bassd scho!","protected":false,"verified":false,"followers_count":2493,"friends_count":398,"listed_count":83,"favourites_count":180229,"statuses_count":6728,"created_at":"Tue Jun 19 20:04:06 +0000 2012","utc_offset":7200,"time_zone":"Berlin","geo_enabled":false,"lang":"de","contributors_enabled":false,"is_translator":false,"profile_background_color":"C0DEED","profile_background_image_url":"http:\/\/pbs.twimg.com\/profile_background_images\/378800000100833118\/040b5d6f21c87d6ec404b6e5cf5f2995.jpeg","profile_background_image_url_https":"https:\/\/pbs.twimg.com\/profile_background_images\/378800000100833118\/040b5d6f21c87d6ec404b6e5cf5f2995.jpeg","profile_background_tile":true,"profile_link_color":"0084B4","profile_sidebar_border_color":"FFFFFF","profile_sidebar_fill_color":"DDEEF6","profile_text_color":"333333","profile_use_background_image":true,"profile_image_url":"http:\/\/pbs.twimg.com\/profile_images\/636581096084213760\/KJzQg_eU_normal.png","profile_image_url_https":"https:\/\/pbs.twimg.com\/profile_images\/636581096084213760\/KJzQg_eU_normal.png","profile_banner_url":"https:\/\/pbs.twimg.com\/profile_banners\/612900411\/1404469168","default_profile":false,"default_profile_image":false,"following":null,"follow_request_sent":null,"notifications":null},"geo":null,"coordinates":null,"place":null,"contributors":null,"retweet_count":1198,"favorite_count":1849,"entities":{"hashtags":[],"trends":[],"urls":[],"user_mentions":[],"symbols":[]},"favorited":false,"retweeted":false,"possibly_sensitive":false,"filter_level":"low","lang":"de"},"retweet_count":0,"favorite_count":0,"entities":{"hashtags":[],"trends":[],"urls":[],"user_mentions":[{"screen_name":"kaffeecup","name":"Kaffeecup","id":612900411,"id_str":"612900411","indices":[3,13]}],"symbols":[]},"favorited":false,"retweeted":false,"possibly_sensitive":false,"filter_level":"low","lang":"de","timestamp_ms":"1441916702306"}
