{"created_at":"Sat Sep 12 00:13:31 +0000 2015","id":642491190181535744,"id_str":"642491190181535744","text":"Wor\u00fcber werde ich tweeten?\n- Alles was mich besch\u00e4ftigt \/ nervt\n- L\u00e4sterattacken \n- Cosplay \n- Politik \n- TV\n- Lifestyle \n- YouTube \n- etc.","source":"\u003ca href=\"http:\/\/twitter.com\/download\/android\" rel=\"nofollow\"\u003eTwitter for Android\u003c\/a\u003e","truncated":false,"in_reply_to_status_id":null,"in_reply_to_status_id_str":null,"in_reply_to_user_id":null,"in_reply_to_user_id_str":null,"in_reply_to_screen_name":null,"user":{"id":3621786916,"id_str":"3621786916","name":"Jonou","screen_name":"PlueschFuchs","location":"","url":null,"description":null,"protected":false,"verified":false,"followers_count":0,"friends_count":0,"listed_count":0,"favourites_count":0,"statuses_count":3,"created_at":"Fri Sep 11 15:41:16 +0000 2015","utc_offset":null,"time_zone":null,"geo_enabled":false,"lang":"de","contributors_enabled":false,"is_translator":false,"profile_background_color":"C0DEED","profile_background_image_url":"http:\/\/pbs.twimg.com\/profile_background_images\/642364371033833472\/8gju4wP7.jpg","profile_background_image_url_https":"https:\/\/pbs.twimg.com\/profile_background_images\/642364371033833472\/8gju4wP7.jpg","profile_background_tile":false,"profile_link_color":"0084B4","profile_sidebar_border_color":"000000","profile_sidebar_fill_color":"000000","profile_text_color":"000000","profile_use_background_image":true,"profile_image_url":"http:\/\/pbs.twimg.com\/profile_images\/642362805795074048\/8yoDvRfn_normal.jpg","profile_image_url_https":"https:\/\/pbs.twimg.com\/profile_images\/642362805795074048\/8yoDvRfn_normal.jpg","profile_banner_url":"https:\/\/pbs.twimg.com\/profile_banners\/3621786916\/1441986606","default_profile":false,"default_profile_image":false,"following":null,"follow_request_sent":null,"notifications":null},"geo":null,"coordinates":null,"place":null,"contributors":null,"retweet_count":0,"favorite_count":0,"entities":{"hashtags":[],"trends":[],"urls":[],"user_mentions":[],"symbols":[]},"favorited":false,"retweeted":false,"possibly_sensitive":false,"filter_level":"low","lang":"de","timestamp_ms":"1442016811305"}
