{"created_at":"Thu Sep 10 20:21:22 +0000 2015","id":642070379373166593,"id_str":"642070379373166593","text":"Die #Asylpolitik der Regierung #Merkel hat die #V\u00f6lkerwanderung nach Europa ausgel\u00f6st.\nhttps:\/\/t.co\/l9ibZ4CZM3","source":"\u003ca href=\"http:\/\/twitter.com\/#!\/download\/ipad\" rel=\"nofollow\"\u003eTwitter for iPad\u003c\/a\u003e","truncated":false,"in_reply_to_status_id":null,"in_reply_to_status_id_str":null,"in_reply_to_user_id":null,"in_reply_to_user_id_str":null,"in_reply_to_screen_name":null,"user":{"id":70368525,"id_str":"70368525","name":"Hermann Henning","screen_name":"XAgathon","location":"","url":null,"description":"Individualist, Liberaler Freigeist, Ideologiefeind, Literatur, Geschichte, ein wenig Philosophie, Technik. Politisches Interesse Folge: Verachtung der Akteure.","protected":false,"verified":false,"followers_count":77,"friends_count":123,"listed_count":3,"favourites_count":8,"statuses_count":1439,"created_at":"Mon Aug 31 11:16:44 +0000 2009","utc_offset":7200,"time_zone":"Ljubljana","geo_enabled":false,"lang":"en","contributors_enabled":false,"is_translator":false,"profile_background_color":"C0DEED","profile_background_image_url":"http:\/\/abs.twimg.com\/images\/themes\/theme1\/bg.png","profile_background_image_url_https":"https:\/\/abs.twimg.com\/images\/themes\/theme1\/bg.png","profile_background_tile":false,"profile_link_color":"0084B4","profile_sidebar_border_color":"C0DEED","profile_sidebar_fill_color":"DDEEF6","profile_text_color":"333333","profile_use_background_image":true,"profile_image_url":"http:\/\/pbs.twimg.com\/profile_images\/401354352\/Hund_m_Krone_normal.JPG","profile_image_url_https":"https:\/\/pbs.twimg.com\/profile_images\/401354352\/Hund_m_Krone_normal.JPG","default_profile":true,"default_profile_image":false,"following":null,"follow_request_sent":null,"notifications":null},"geo":null,"coordinates":null,"place":null,"contributors":null,"retweet_count":0,"favorite_count":0,"entities":{"hashtags":[{"text":"Asylpolitik","indices":[4,16]},{"text":"Merkel","indices":[31,38]},{"text":"V\u00f6lkerwanderung","indices":[47,63]}],"trends":[],"urls":[{"url":"https:\/\/t.co\/l9ibZ4CZM3","expanded_url":"https:\/\/jungefreiheit.de\/politik\/ausland\/2015\/fpoe-deutsche-asylpolitik-hat-voelkerwanderung-ausgeloest\/","display_url":"jungefreiheit.de\/politik\/auslan\u2026","indices":[87,110]}],"user_mentions":[],"symbols":[]},"favorited":false,"retweeted":false,"possibly_sensitive":false,"filter_level":"low","lang":"de","timestamp_ms":"1441916482190"}
