{"created_at":"Fri Sep 11 23:44:16 +0000 2015","id":642483829945540608,"id_str":"642483829945540608","text":"Die Politik von Angela Merkel macht ihm Angst. Dann w\u00e4hl jemand anderen, Spast. #Domian","source":"\u003ca href=\"http:\/\/twitter.com\/download\/android\" rel=\"nofollow\"\u003eTwitter for Android\u003c\/a\u003e","truncated":false,"in_reply_to_status_id":null,"in_reply_to_status_id_str":null,"in_reply_to_user_id":null,"in_reply_to_user_id_str":null,"in_reply_to_screen_name":null,"user":{"id":1227180385,"id_str":"1227180385","name":"Sara.","screen_name":"xkopfherz","location":"","url":"http:\/\/missfehlerhaft.tumblr.com","description":"Liebe & Ausschlafen.","protected":false,"verified":false,"followers_count":279,"friends_count":156,"listed_count":5,"favourites_count":22771,"statuses_count":16479,"created_at":"Thu Feb 28 09:58:29 +0000 2013","utc_offset":null,"time_zone":null,"geo_enabled":false,"lang":"de","contributors_enabled":false,"is_translator":false,"profile_background_color":"C0DEED","profile_background_image_url":"http:\/\/abs.twimg.com\/images\/themes\/theme1\/bg.png","profile_background_image_url_https":"https:\/\/abs.twimg.com\/images\/themes\/theme1\/bg.png","profile_background_tile":false,"profile_link_color":"0084B4","profile_sidebar_border_color":"C0DEED","profile_sidebar_fill_color":"DDEEF6","profile_text_color":"333333","profile_use_background_image":true,"profile_image_url":"http:\/\/pbs.twimg.com\/profile_images\/638634763692208128\/lqQk-tI-_normal.jpg","profile_image_url_https":"https:\/\/pbs.twimg.com\/profile_images\/638634763692208128\/lqQk-tI-_normal.jpg","profile_banner_url":"https:\/\/pbs.twimg.com\/profile_banners\/1227180385\/1441142736","default_profile":true,"default_profile_image":false,"following":null,"follow_request_sent":null,"notifications":null},"geo":null,"coordinates":null,"place":null,"contributors":null,"retweet_count":0,"favorite_count":0,"entities":{"hashtags":[{"text":"Domian","indices":[80,87]}],"trends":[],"urls":[],"user_mentions":[],"symbols":[]},"favorited":false,"retweeted":false,"possibly_sensitive":false,"filter_level":"low","lang":"de","timestamp_ms":"1442015056488"}
