{"created_at":"Thu Sep 10 20:29:57 +0000 2015","id":642072540941275138,"id_str":"642072540941275138","text":"RT @heuteplus: Die #USA wollen syrische #Fl\u00fcchtlinge aufnehmen. 10.000. Reicht das? Nein, sagt @doktordab http:\/\/t.co\/hApMfrl4w5","source":"\u003ca href=\"http:\/\/twitter.com\/download\/android\" rel=\"nofollow\"\u003eTwitter for Android\u003c\/a\u003e","truncated":false,"in_reply_to_status_id":null,"in_reply_to_status_id_str":null,"in_reply_to_user_id":null,"in_reply_to_user_id_str":null,"in_reply_to_screen_name":null,"user":{"id":3092124526,"id_str":"3092124526","name":"Moritz Dorn","screen_name":"m_dorn_","location":"Berlin","url":"http:\/\/instagram.com\/moritz_dorn","description":"Liebt das Reisen und Fotografieren","protected":false,"verified":false,"followers_count":70,"friends_count":190,"listed_count":14,"favourites_count":4395,"statuses_count":5703,"created_at":"Sun Mar 15 15:38:47 +0000 2015","utc_offset":null,"time_zone":null,"geo_enabled":true,"lang":"de","contributors_enabled":false,"is_translator":false,"profile_background_color":"000000","profile_background_image_url":"http:\/\/abs.twimg.com\/images\/themes\/theme1\/bg.png","profile_background_image_url_https":"https:\/\/abs.twimg.com\/images\/themes\/theme1\/bg.png","profile_background_tile":false,"profile_link_color":"DAA520","profile_sidebar_border_color":"000000","profile_sidebar_fill_color":"000000","profile_text_color":"000000","profile_use_background_image":false,"profile_image_url":"http:\/\/pbs.twimg.com\/profile_images\/640774259548258304\/a6_-frH6_normal.jpg","profile_image_url_https":"https:\/\/pbs.twimg.com\/profile_images\/640774259548258304\/a6_-frH6_normal.jpg","profile_banner_url":"https:\/\/pbs.twimg.com\/profile_banners\/3092124526\/1439494864","default_profile":false,"default_profile_image":false,"following":null,"follow_request_sent":null,"notifications":null},"geo":null,"coordinates":null,"place":null,"contributors":null,"retweeted_status":{"created_at":"Thu Sep 10 20:18:07 +0000 2015","id":642069561018347520,"id_str":"642069561018347520","text":"Die #USA wollen syrische #Fl\u00fcchtlinge aufnehmen. 10.000. Reicht das? Nein, sagt @doktordab http:\/\/t.co\/hApMfrl4w5","source":"\u003ca href=\"https:\/\/about.twitter.com\/products\/tweetdeck\" rel=\"nofollow\"\u003eTweetDeck\u003c\/a\u003e","truncated":false,"in_reply_to_status_id":null,"in_reply_to_status_id_str":null,"in_reply_to_user_id":null,"in_reply_to_user_id_str":null,"in_reply_to_screen_name":null,"user":{"id":1597756754,"id_str":"1597756754","name":"ZDF heuteplus","screen_name":"heuteplus","location":"Mainz","url":"http:\/\/heuteplus.zdf.de","description":"News online, on air, zum Mitreden | @doktordab, @dielemke, @miriamsteimer, C. Dammann, @fannyfacsar, @GregorBurkhardt, S. Resch | Impr.: http:\/\/ly.zdf.de\/V3Gu","protected":false,"verified":true,"followers_count":7954,"friends_count":339,"listed_count":169,"favourites_count":2663,"statuses_count":2651,"created_at":"Tue Jul 16 07:07:21 +0000 2013","utc_offset":7200,"time_zone":"Berlin","geo_enabled":true,"lang":"de","contributors_enabled":false,"is_translator":false,"profile_background_color":"000000","profile_background_image_url":"http:\/\/pbs.twimg.com\/profile_background_images\/378800000024924207\/211a057219e03b5de6ff0234b23df2a6.jpeg","profile_background_image_url_https":"https:\/\/pbs.twimg.com\/profile_background_images\/378800000024924207\/211a057219e03b5de6ff0234b23df2a6.jpeg","profile_background_tile":false,"profile_link_color":"3B94D9","profile_sidebar_border_color":"000000","profile_sidebar_fill_color":"000000","profile_text_color":"000000","profile_use_background_image":false,"profile_image_url":"http:\/\/pbs.twimg.com\/profile_images\/598406901475495937\/VEBwO3lT_normal.png","profile_image_url_https":"https:\/\/pbs.twimg.com\/profile_images\/598406901475495937\/VEBwO3lT_normal.png","profile_banner_url":"https:\/\/pbs.twimg.com\/profile_banners\/1597756754\/1431506307","default_profile":false,"default_profile_image":false,"following":null,"follow_request_sent":null,"notifications":null},"geo":null,"coordinates":null,"place":null,"contributors":null,"retweet_count":5,"favorite_count":7,"entities":{"hashtags":[{"text":"USA","indices":[4,8]},{"text":"Fl\u00fcchtlinge","indices":[25,37]}],"trends":[],"urls":[],"user_mentions":[{"screen_name":"doktordab","name":"Daniel Br\u00f6ckerhoff","id":15048846,"id_str":"15048846","indices":[80,90]}],"symbols":[],"media":[{"id":642069100991250432,"id_str":"642069100991250432","indices":[91,113],"media_url":"http:\/\/pbs.twimg.com\/media\/COkWcg3WgAAG4fF.jpg","media_url_https":"https:\/\/pbs.twimg.com\/media\/COkWcg3WgAAG4fF.jpg","url":"http:\/\/t.co\/hApMfrl4w5","display_url":"pic.twitter.com\/hApMfrl4w5","expanded_url":"http:\/\/twitter.com\/heuteplus\/status\/642069561018347520\/photo\/1","type":"photo","sizes":{"thumb":{"w":150,"h":150,"resize":"crop"},"small":{"w":340,"h":191,"resize":"fit"},"medium":{"w":600,"h":337,"resize":"fit"},"large":{"w":1024,"h":576,"resize":"fit"}}}]},"extended_entities":{"media":[{"id":642069100991250432,"id_str":"642069100991250432","indices":[91,113],"media_url":"http:\/\/pbs.twimg.com\/media\/COkWcg3WgAAG4fF.jpg","media_url_https":"https:\/\/pbs.twimg.com\/media\/COkWcg3WgAAG4fF.jpg","url":"http:\/\/t.co\/hApMfrl4w5","display_url":"pic.twitter.com\/hApMfrl4w5","expanded_url":"http:\/\/twitter.com\/heuteplus\/status\/642069561018347520\/photo\/1","type":"photo","sizes":{"thumb":{"w":150,"h":150,"resize":"crop"},"small":{"w":340,"h":191,"resize":"fit"},"medium":{"w":600,"h":337,"resize":"fit"},"large":{"w":1024,"h":576,"resize":"fit"}}}]},"favorited":false,"retweeted":false,"possibly_sensitive":false,"filter_level":"low","lang":"de"},"retweet_count":0,"favorite_count":0,"entities":{"hashtags":[{"text":"USA","indices":[19,23]},{"text":"Fl\u00fcchtlinge","indices":[40,52]}],"trends":[],"urls":[],"user_mentions":[{"screen_name":"heuteplus","name":"ZDF heuteplus","id":1597756754,"id_str":"1597756754","indices":[3,13]},{"screen_name":"doktordab","name":"Daniel Br\u00f6ckerhoff","id":15048846,"id_str":"15048846","indices":[95,105]}],"symbols":[],"media":[{"id":642069100991250432,"id_str":"642069100991250432","indices":[106,128],"media_url":"http:\/\/pbs.twimg.com\/media\/COkWcg3WgAAG4fF.jpg","media_url_https":"https:\/\/pbs.twimg.com\/media\/COkWcg3WgAAG4fF.jpg","url":"http:\/\/t.co\/hApMfrl4w5","display_url":"pic.twitter.com\/hApMfrl4w5","expanded_url":"http:\/\/twitter.com\/heuteplus\/status\/642069561018347520\/photo\/1","type":"photo","sizes":{"thumb":{"w":150,"h":150,"resize":"crop"},"small":{"w":340,"h":191,"resize":"fit"},"medium":{"w":600,"h":337,"resize":"fit"},"large":{"w":1024,"h":576,"resize":"fit"}},"source_status_id":642069561018347520,"source_status_id_str":"642069561018347520"}]},"extended_entities":{"media":[{"id":642069100991250432,"id_str":"642069100991250432","indices":[106,128],"media_url":"http:\/\/pbs.twimg.com\/media\/COkWcg3WgAAG4fF.jpg","media_url_https":"https:\/\/pbs.twimg.com\/media\/COkWcg3WgAAG4fF.jpg","url":"http:\/\/t.co\/hApMfrl4w5","display_url":"pic.twitter.com\/hApMfrl4w5","expanded_url":"http:\/\/twitter.com\/heuteplus\/status\/642069561018347520\/photo\/1","type":"photo","sizes":{"thumb":{"w":150,"h":150,"resize":"crop"},"small":{"w":340,"h":191,"resize":"fit"},"medium":{"w":600,"h":337,"resize":"fit"},"large":{"w":1024,"h":576,"resize":"fit"}},"source_status_id":642069561018347520,"source_status_id_str":"642069561018347520"}]},"favorited":false,"retweeted":false,"possibly_sensitive":false,"filter_level":"low","lang":"de","timestamp_ms":"1441916997548"}
