{"created_at":"Sat Sep 12 19:53:49 +0000 2015","id":642788223941541888,"id_str":"642788223941541888","text":"RT @SZ_TopNews: Reiter: In M\u00fcnchen k\u00f6nnten mehr Fl\u00fcchtlinge ankommen, als Beh\u00f6rden bew\u00e4ltigen k\u00f6nnen. Am Samstag sind es bisher 9200 http:\/\u2026","source":"\u003ca href=\"http:\/\/www.twitter.com\" rel=\"nofollow\"\u003eTwitter for BlackBerry\u003c\/a\u003e","truncated":false,"in_reply_to_status_id":null,"in_reply_to_status_id_str":null,"in_reply_to_user_id":null,"in_reply_to_user_id_str":null,"in_reply_to_screen_name":null,"user":{"id":283690573,"id_str":"283690573","name":"Dirk Rosenkranz","screen_name":"DirkRosenkranz","location":"Offenburg","url":"http:\/\/www.kist.de","description":"Projektmanagement \/ IT \/\/ Prozessdenke","protected":false,"verified":false,"followers_count":444,"friends_count":620,"listed_count":62,"favourites_count":9228,"statuses_count":6905,"created_at":"Sun Apr 17 20:27:43 +0000 2011","utc_offset":10800,"time_zone":"Athens","geo_enabled":false,"lang":"de","contributors_enabled":false,"is_translator":false,"profile_background_color":"C0DEED","profile_background_image_url":"http:\/\/abs.twimg.com\/images\/themes\/theme1\/bg.png","profile_background_image_url_https":"https:\/\/abs.twimg.com\/images\/themes\/theme1\/bg.png","profile_background_tile":false,"profile_link_color":"0084B4","profile_sidebar_border_color":"C0DEED","profile_sidebar_fill_color":"DDEEF6","profile_text_color":"333333","profile_use_background_image":true,"profile_image_url":"http:\/\/pbs.twimg.com\/profile_images\/547175248903163904\/IU3LZsfV_normal.jpeg","profile_image_url_https":"https:\/\/pbs.twimg.com\/profile_images\/547175248903163904\/IU3LZsfV_normal.jpeg","profile_banner_url":"https:\/\/pbs.twimg.com\/profile_banners\/283690573\/1384692497","default_profile":true,"default_profile_image":false,"following":null,"follow_request_sent":null,"notifications":null},"geo":null,"coordinates":null,"place":null,"contributors":null,"retweeted_status":{"created_at":"Sat Sep 12 18:15:09 +0000 2015","id":642763393259175936,"id_str":"642763393259175936","text":"Reiter: In M\u00fcnchen k\u00f6nnten mehr Fl\u00fcchtlinge ankommen, als Beh\u00f6rden bew\u00e4ltigen k\u00f6nnen. Am Samstag sind es bisher 9200 http:\/\/t.co\/OXpOrNf6Rg","source":"\u003ca href=\"http:\/\/www.sueddeutsche.de\" rel=\"nofollow\"\u003eS\u00fcddeutsche.de\u003c\/a\u003e","truncated":false,"in_reply_to_status_id":null,"in_reply_to_status_id_str":null,"in_reply_to_user_id":null,"in_reply_to_user_id_str":null,"in_reply_to_screen_name":null,"user":{"id":17803524,"id_str":"17803524","name":"SZ Top-News","screen_name":"SZ_TopNews","location":"M\u00fcnchen","url":"http:\/\/sz.de\/","description":"Alle Top-Themen von S\u00fcddeutsche.de\r\n\r\nImpressum: http:\/\/sz.de\/impressum","protected":false,"verified":true,"followers_count":164855,"friends_count":83,"listed_count":3235,"favourites_count":0,"statuses_count":88891,"created_at":"Tue Dec 02 08:48:47 +0000 2008","utc_offset":7200,"time_zone":"Berlin","geo_enabled":false,"lang":"de","contributors_enabled":false,"is_translator":false,"profile_background_color":"FFFFFF","profile_background_image_url":"http:\/\/pbs.twimg.com\/profile_background_images\/5615743\/tweet.png","profile_background_image_url_https":"https:\/\/pbs.twimg.com\/profile_background_images\/5615743\/tweet.png","profile_background_tile":false,"profile_link_color":"333333","profile_sidebar_border_color":"FFFFFF","profile_sidebar_fill_color":"F1F3F4","profile_text_color":"576266","profile_use_background_image":false,"profile_image_url":"http:\/\/pbs.twimg.com\/profile_images\/474469618547830784\/qhCz1FV5_normal.jpeg","profile_image_url_https":"https:\/\/pbs.twimg.com\/profile_images\/474469618547830784\/qhCz1FV5_normal.jpeg","profile_banner_url":"https:\/\/pbs.twimg.com\/profile_banners\/17803524\/1402902733","default_profile":false,"default_profile_image":false,"following":null,"follow_request_sent":null,"notifications":null},"geo":null,"coordinates":null,"place":null,"contributors":null,"retweet_count":5,"favorite_count":1,"entities":{"hashtags":[],"trends":[],"urls":[{"url":"http:\/\/t.co\/OXpOrNf6Rg","expanded_url":"http:\/\/sz.de\/1.2645178","display_url":"sz.de\/1.2645178","indices":[117,139]}],"user_mentions":[],"symbols":[]},"favorited":false,"retweeted":false,"possibly_sensitive":false,"filter_level":"low","lang":"de"},"retweet_count":0,"favorite_count":0,"entities":{"hashtags":[],"trends":[],"urls":[{"url":"http:\/\/t.co\/OXpOrNf6Rg","expanded_url":"http:\/\/sz.de\/1.2645178","display_url":"sz.de\/1.2645178","indices":[139,140]}],"user_mentions":[{"screen_name":"SZ_TopNews","name":"SZ Top-News","id":17803524,"id_str":"17803524","indices":[3,14]}],"symbols":[]},"favorited":false,"retweeted":false,"possibly_sensitive":false,"filter_level":"low","lang":"de","timestamp_ms":"1442087629672"}
