{"created_at":"Sat Sep 12 19:52:23 +0000 2015","id":642787860446347264,"id_str":"642787860446347264","text":"RT @DLF: #Fl\u00fcchtlinge: Aufregung um falsche Herkunftsangaben\nhttp:\/\/t.co\/ym5sljX6Qs\n#Fluechtlingskrise","source":"\u003ca href=\"http:\/\/twitter.com\/download\/iphone\" rel=\"nofollow\"\u003eTwitter for iPhone\u003c\/a\u003e","truncated":false,"in_reply_to_status_id":null,"in_reply_to_status_id_str":null,"in_reply_to_user_id":null,"in_reply_to_user_id_str":null,"in_reply_to_screen_name":null,"user":{"id":2164099659,"id_str":"2164099659","name":"Franklin","screen_name":"F_S_Berlin","location":"Iphone: 52.482844,13.385189","url":null,"description":"Ein Patriot ist jemand, der sein Land liebt und daf\u00fcr sorgt, dass es auch sein Land bleibt! #bluehand","protected":false,"verified":false,"followers_count":1248,"friends_count":1901,"listed_count":15,"favourites_count":5285,"statuses_count":5447,"created_at":"Sat Nov 02 00:29:02 +0000 2013","utc_offset":7200,"time_zone":"Amsterdam","geo_enabled":false,"lang":"de","contributors_enabled":false,"is_translator":false,"profile_background_color":"000000","profile_background_image_url":"http:\/\/abs.twimg.com\/images\/themes\/theme14\/bg.gif","profile_background_image_url_https":"https:\/\/abs.twimg.com\/images\/themes\/theme14\/bg.gif","profile_background_tile":false,"profile_link_color":"000099","profile_sidebar_border_color":"000000","profile_sidebar_fill_color":"000000","profile_text_color":"000000","profile_use_background_image":false,"profile_image_url":"http:\/\/pbs.twimg.com\/profile_images\/637300665690292224\/Tvd9SACy_normal.jpg","profile_image_url_https":"https:\/\/pbs.twimg.com\/profile_images\/637300665690292224\/Tvd9SACy_normal.jpg","profile_banner_url":"https:\/\/pbs.twimg.com\/profile_banners\/2164099659\/1440673288","default_profile":false,"default_profile_image":false,"following":null,"follow_request_sent":null,"notifications":null},"geo":null,"coordinates":null,"place":null,"contributors":null,"retweeted_status":{"created_at":"Sat Sep 12 17:03:14 +0000 2015","id":642745296141856768,"id_str":"642745296141856768","text":"#Fl\u00fcchtlinge: Aufregung um falsche Herkunftsangaben\nhttp:\/\/t.co\/ym5sljX6Qs\n#Fluechtlingskrise","source":"\u003ca href=\"https:\/\/about.twitter.com\/products\/tweetdeck\" rel=\"nofollow\"\u003eTweetDeck\u003c\/a\u003e","truncated":false,"in_reply_to_status_id":null,"in_reply_to_status_id_str":null,"in_reply_to_user_id":null,"in_reply_to_user_id_str":null,"in_reply_to_screen_name":null,"user":{"id":212407067,"id_str":"212407067","name":"Deutschlandfunk","screen_name":"DLF","location":"K\u00f6ln","url":"http:\/\/www.deutschlandfunk.de","description":"@DLF ist der offizielle Twitter-Account des Deutschlandfunks. Impressum: http:\/\/www.deutschlandradio.de\/impressum.223.de.html \/\/ Instagram: @Deutschlandfunk","protected":false,"verified":true,"followers_count":75972,"friends_count":568,"listed_count":1130,"favourites_count":411,"statuses_count":36041,"created_at":"Sat Nov 06 00:21:25 +0000 2010","utc_offset":7200,"time_zone":"Berlin","geo_enabled":true,"lang":"de","contributors_enabled":false,"is_translator":false,"profile_background_color":"0060AF","profile_background_image_url":"http:\/\/abs.twimg.com\/images\/themes\/theme1\/bg.png","profile_background_image_url_https":"https:\/\/abs.twimg.com\/images\/themes\/theme1\/bg.png","profile_background_tile":false,"profile_link_color":"0084B4","profile_sidebar_border_color":"C0DEED","profile_sidebar_fill_color":"DDEEF6","profile_text_color":"333333","profile_use_background_image":false,"profile_image_url":"http:\/\/pbs.twimg.com\/profile_images\/555312487696838656\/sR7eiGJL_normal.jpeg","profile_image_url_https":"https:\/\/pbs.twimg.com\/profile_images\/555312487696838656\/sR7eiGJL_normal.jpeg","profile_banner_url":"https:\/\/pbs.twimg.com\/profile_banners\/212407067\/1398329566","default_profile":false,"default_profile_image":false,"following":null,"follow_request_sent":null,"notifications":null},"geo":null,"coordinates":null,"place":null,"contributors":null,"retweet_count":19,"favorite_count":11,"entities":{"hashtags":[{"text":"Fl\u00fcchtlinge","indices":[0,12]},{"text":"Fluechtlingskrise","indices":[75,93]}],"trends":[],"urls":[{"url":"http:\/\/t.co\/ym5sljX6Qs","expanded_url":"http:\/\/www.deutschlandfunk.de\/fluechtlinge-aufregung-um-falsche-herkunftsangaben.1818.de.html?dram:article_id=330926","display_url":"deutschlandfunk.de\/fluechtlinge-a\u2026","indices":[52,74]}],"user_mentions":[],"symbols":[]},"favorited":false,"retweeted":false,"possibly_sensitive":false,"filter_level":"low","lang":"de"},"retweet_count":0,"favorite_count":0,"entities":{"hashtags":[{"text":"Fl\u00fcchtlinge","indices":[9,21]},{"text":"Fluechtlingskrise","indices":[84,102]}],"trends":[],"urls":[{"url":"http:\/\/t.co\/ym5sljX6Qs","expanded_url":"http:\/\/www.deutschlandfunk.de\/fluechtlinge-aufregung-um-falsche-herkunftsangaben.1818.de.html?dram:article_id=330926","display_url":"deutschlandfunk.de\/fluechtlinge-a\u2026","indices":[61,83]}],"user_mentions":[{"screen_name":"DLF","name":"Deutschlandfunk","id":212407067,"id_str":"212407067","indices":[3,7]}],"symbols":[]},"favorited":false,"retweeted":false,"possibly_sensitive":false,"filter_level":"low","lang":"de","timestamp_ms":"1442087543008"}
