{"created_at":"Thu Sep 10 20:20:57 +0000 2015","id":642070277132845056,"id_str":"642070277132845056","text":"Syrische Regierung macht Europa verantwortlich f\u00fcr die Flucht der Syrer.   http:\/\/t.co\/YaaMEdDgRh","source":"\u003ca href=\"http:\/\/twitter.com\/download\/android\" rel=\"nofollow\"\u003eTwitter for Android\u003c\/a\u003e","truncated":false,"in_reply_to_status_id":null,"in_reply_to_status_id_str":null,"in_reply_to_user_id":null,"in_reply_to_user_id_str":null,"in_reply_to_screen_name":null,"user":{"id":49291878,"id_str":"49291878","name":"Bernhard Huwyler","screen_name":"benhuwyler","location":"Zurich","url":"http:\/\/www.srf.ch\/news","description":"Journalist Tagesschau SRF","protected":false,"verified":false,"followers_count":340,"friends_count":633,"listed_count":20,"favourites_count":497,"statuses_count":569,"created_at":"Sun Jun 21 11:08:25 +0000 2009","utc_offset":7200,"time_zone":"Bern","geo_enabled":true,"lang":"de","contributors_enabled":false,"is_translator":false,"profile_background_color":"C0DEED","profile_background_image_url":"http:\/\/abs.twimg.com\/images\/themes\/theme1\/bg.png","profile_background_image_url_https":"https:\/\/abs.twimg.com\/images\/themes\/theme1\/bg.png","profile_background_tile":false,"profile_link_color":"0084B4","profile_sidebar_border_color":"C0DEED","profile_sidebar_fill_color":"DDEEF6","profile_text_color":"333333","profile_use_background_image":true,"profile_image_url":"http:\/\/pbs.twimg.com\/profile_images\/637906398051856384\/nJNN5EZt_normal.jpg","profile_image_url_https":"https:\/\/pbs.twimg.com\/profile_images\/637906398051856384\/nJNN5EZt_normal.jpg","default_profile":true,"default_profile_image":false,"following":null,"follow_request_sent":null,"notifications":null},"geo":null,"coordinates":null,"place":null,"contributors":null,"retweet_count":0,"favorite_count":0,"entities":{"hashtags":[],"trends":[],"urls":[{"url":"http:\/\/t.co\/YaaMEdDgRh","expanded_url":"http:\/\/www.dailystar.com.lb\/News\/Middle-East\/2015\/Sep-10\/314774-syria-blames-europe-for-flow-of-migrants-out-of-the-country.ashx#.VfHclR1OfeU.twitter","display_url":"dailystar.com.lb\/News\/Middle-Ea\u2026","indices":[75,97]}],"user_mentions":[],"symbols":[]},"favorited":false,"retweeted":false,"possibly_sensitive":false,"filter_level":"low","lang":"de","timestamp_ms":"1441916457814"}
