{"created_at":"Thu Sep 10 20:27:39 +0000 2015","id":642071960499953664,"id_str":"642071960499953664","text":"#Fl\u00fcchtlinge: Weil wir wissen, wie es war #Solidarit\u00e4t http:\/\/t.co\/RZWMyCTxKL via @zeitonline","source":"\u003ca href=\"http:\/\/twitter.com\" rel=\"nofollow\"\u003eTwitter Web Client\u003c\/a\u003e","truncated":false,"in_reply_to_status_id":null,"in_reply_to_status_id_str":null,"in_reply_to_user_id":null,"in_reply_to_user_id_str":null,"in_reply_to_screen_name":null,"user":{"id":1470672559,"id_str":"1470672559","name":"K. Nordlicht","screen_name":"KNordlichtW","location":"","url":null,"description":"Menschenrechte Religion Gerechtigkeit Klima Zuwanderung Politik Human Rights Religion Justice Climate Immigration Politics Follow\/retweet is not an endorsement","protected":false,"verified":false,"followers_count":923,"friends_count":1980,"listed_count":71,"favourites_count":5394,"statuses_count":12401,"created_at":"Thu May 30 21:03:47 +0000 2013","utc_offset":10800,"time_zone":"Athens","geo_enabled":true,"lang":"de","contributors_enabled":false,"is_translator":false,"profile_background_color":"000000","profile_background_image_url":"http:\/\/abs.twimg.com\/images\/themes\/theme1\/bg.png","profile_background_image_url_https":"https:\/\/abs.twimg.com\/images\/themes\/theme1\/bg.png","profile_background_tile":false,"profile_link_color":"3B94D9","profile_sidebar_border_color":"000000","profile_sidebar_fill_color":"000000","profile_text_color":"000000","profile_use_background_image":false,"profile_image_url":"http:\/\/pbs.twimg.com\/profile_images\/378800000079204824\/bab28bf3e71b212aa2b87664f932f20b_normal.jpeg","profile_image_url_https":"https:\/\/pbs.twimg.com\/profile_images\/378800000079204824\/bab28bf3e71b212aa2b87664f932f20b_normal.jpeg","default_profile":false,"default_profile_image":false,"following":null,"follow_request_sent":null,"notifications":null},"geo":null,"coordinates":null,"place":null,"contributors":null,"retweet_count":0,"favorite_count":0,"entities":{"hashtags":[{"text":"Fl\u00fcchtlinge","indices":[0,12]},{"text":"Solidarit\u00e4t","indices":[42,54]}],"trends":[],"urls":[{"url":"http:\/\/t.co\/RZWMyCTxKL","expanded_url":"http:\/\/www.zeit.de\/2015\/37\/fluechtlinge-europa-krise-ddr-flucht","display_url":"zeit.de\/2015\/37\/fluech\u2026","indices":[55,77]}],"user_mentions":[{"screen_name":"zeitonline","name":"ZEIT ONLINE","id":5715752,"id_str":"5715752","indices":[82,93]}],"symbols":[]},"favorited":false,"retweeted":false,"possibly_sensitive":false,"filter_level":"low","lang":"de","timestamp_ms":"1441916859160"}
