{"created_at":"Thu Sep 10 20:25:59 +0000 2015","id":642071541606387712,"id_str":"642071541606387712","text":"RT @Attac_News: Das ist pure Dem\u00fctigung - bitte ansehen. Gern #protestieren bei Regierung von #Ungarn oder an die #EU. #Fl\u00fcchtlinge https:\/\u2026","source":"\u003ca href=\"https:\/\/about.twitter.com\/products\/tweetdeck\" rel=\"nofollow\"\u003eTweetDeck\u003c\/a\u003e","truncated":false,"in_reply_to_status_id":null,"in_reply_to_status_id_str":null,"in_reply_to_user_id":null,"in_reply_to_user_id_str":null,"in_reply_to_screen_name":null,"user":{"id":3092582362,"id_str":"3092582362","name":"Perle Sau","screen_name":"perlensau","location":"","url":null,"description":null,"protected":false,"verified":false,"followers_count":58,"friends_count":50,"listed_count":8,"favourites_count":671,"statuses_count":1708,"created_at":"Mon Mar 16 20:33:22 +0000 2015","utc_offset":7200,"time_zone":"Berlin","geo_enabled":false,"lang":"de","contributors_enabled":false,"is_translator":false,"profile_background_color":"2A6E11","profile_background_image_url":"http:\/\/pbs.twimg.com\/profile_background_images\/579378681379860481\/Ydze8LqT.jpg","profile_background_image_url_https":"https:\/\/pbs.twimg.com\/profile_background_images\/579378681379860481\/Ydze8LqT.jpg","profile_background_tile":true,"profile_link_color":"2A6E11","profile_sidebar_border_color":"C0DEED","profile_sidebar_fill_color":"DDEEF6","profile_text_color":"333333","profile_use_background_image":true,"profile_image_url":"http:\/\/pbs.twimg.com\/profile_images\/579584378919129088\/LqyVpnru_normal.jpg","profile_image_url_https":"https:\/\/pbs.twimg.com\/profile_images\/579584378919129088\/LqyVpnru_normal.jpg","default_profile":false,"default_profile_image":false,"following":null,"follow_request_sent":null,"notifications":null},"geo":null,"coordinates":null,"place":null,"contributors":null,"retweeted_status":{"created_at":"Thu Sep 10 20:15:08 +0000 2015","id":642068813077454849,"id_str":"642068813077454849","text":"Das ist pure Dem\u00fctigung - bitte ansehen. Gern #protestieren bei Regierung von #Ungarn oder an die #EU. #Fl\u00fcchtlinge https:\/\/t.co\/9QCMoX6Jrj","source":"\u003ca href=\"http:\/\/twitter.com\" rel=\"nofollow\"\u003eTwitter Web Client\u003c\/a\u003e","truncated":false,"in_reply_to_status_id":null,"in_reply_to_status_id_str":null,"in_reply_to_user_id":null,"in_reply_to_user_id_str":null,"in_reply_to_screen_name":null,"user":{"id":74152181,"id_str":"74152181","name":"Attac engagiert","screen_name":"Attac_News","location":"Deutschland - GERMANY","url":"http:\/\/www.alternativgipfel.org\/","description":"Twitter f\u00fcr Attac-Themen [OFFIZIELLER \u21d2 @AttacD]: EU, Sozialabbau, #Armut, Hartz IV, \u00f6kosoziales, mehr @attac_friends @attac_europe .. #hdn2408","protected":false,"verified":false,"followers_count":8154,"friends_count":2546,"listed_count":413,"favourites_count":2496,"statuses_count":17352,"created_at":"Mon Sep 14 13:10:54 +0000 2009","utc_offset":7200,"time_zone":"Berlin","geo_enabled":false,"lang":"de","contributors_enabled":false,"is_translator":false,"profile_background_color":"F28620","profile_background_image_url":"http:\/\/abs.twimg.com\/images\/themes\/theme12\/bg.gif","profile_background_image_url_https":"https:\/\/abs.twimg.com\/images\/themes\/theme12\/bg.gif","profile_background_tile":false,"profile_link_color":"A74527","profile_sidebar_border_color":"A94359","profile_sidebar_fill_color":"DDE3C9","profile_text_color":"0C3E53","profile_use_background_image":false,"profile_image_url":"http:\/\/pbs.twimg.com\/profile_images\/510395907003539457\/OgoROEx-_normal.png","profile_image_url_https":"https:\/\/pbs.twimg.com\/profile_images\/510395907003539457\/OgoROEx-_normal.png","profile_banner_url":"https:\/\/pbs.twimg.com\/profile_banners\/74152181\/1433230145","default_profile":false,"default_profile_image":false,"following":null,"follow_request_sent":null,"notifications":null},"geo":null,"coordinates":null,"place":null,"contributors":null,"quoted_status_id":642056806710280192,"quoted_status_id_str":"642056806710280192","quoted_status":{"created_at":"Thu Sep 10 19:27:26 +0000 2015","id":642056806710280192,"id_str":"642056806710280192","text":"\"Essensausgabe\" im Stammlager #Roeszke. Wie im Zoo, genau so. Unfassbar. #refugees #hungary https:\/\/t.co\/u6SLU1npRi","source":"\u003ca href=\"http:\/\/twitter.com\" rel=\"nofollow\"\u003eTwitter Web Client\u003c\/a\u003e","truncated":false,"in_reply_to_status_id":null,"in_reply_to_status_id_str":null,"in_reply_to_user_id":null,"in_reply_to_user_id_str":null,"in_reply_to_screen_name":null,"user":{"id":2980357655,"id_str":"2980357655","name":"Unten drunter","screen_name":"Hempels_Bett","location":"twittert seit 15.1.2015","url":null,"description":"alles verloren&vogelfrei. Mit geradem Blick ins schr\u00e4ge Leben. Exgitarrist. Radfahrer. H\u00f6rspielFan.","protected":false,"verified":false,"followers_count":76,"friends_count":203,"listed_count":2,"favourites_count":544,"statuses_count":335,"created_at":"Thu Jan 15 20:51:16 +0000 2015","utc_offset":7200,"time_zone":"Paris","geo_enabled":false,"lang":"de","contributors_enabled":false,"is_translator":false,"profile_background_color":"C0DEED","profile_background_image_url":"http:\/\/abs.twimg.com\/images\/themes\/theme1\/bg.png","profile_background_image_url_https":"https:\/\/abs.twimg.com\/images\/themes\/theme1\/bg.png","profile_background_tile":false,"profile_link_color":"0084B4","profile_sidebar_border_color":"C0DEED","profile_sidebar_fill_color":"DDEEF6","profile_text_color":"333333","profile_use_background_image":true,"profile_image_url":"http:\/\/pbs.twimg.com\/profile_images\/555867317586771969\/nFIFUtN0_normal.jpeg","profile_image_url_https":"https:\/\/pbs.twimg.com\/profile_images\/555867317586771969\/nFIFUtN0_normal.jpeg","profile_banner_url":"https:\/\/pbs.twimg.com\/profile_banners\/2980357655\/1421357774","default_profile":true,"default_profile_image":false,"following":null,"follow_request_sent":null,"notifications":null},"geo":null,"coordinates":null,"place":null,"contributors":null,"retweet_count":0,"favorite_count":0,"entities":{"hashtags":[{"text":"Roeszke","indices":[30,38]},{"text":"refugees","indices":[73,82]},{"text":"hungary","indices":[83,91]}],"trends":[],"urls":[{"url":"https:\/\/t.co\/u6SLU1npRi","expanded_url":"https:\/\/youtu.be\/bRbmFYYbcyw","display_url":"youtu.be\/bRbmFYYbcyw","indices":[92,115]}],"user_mentions":[],"symbols":[]},"favorited":false,"retweeted":false,"possibly_sensitive":false,"filter_level":"low","lang":"de"},"retweet_count":3,"favorite_count":1,"entities":{"hashtags":[{"text":"protestieren","indices":[46,59]},{"text":"Ungarn","indices":[78,85]},{"text":"EU","indices":[98,101]},{"text":"Fl\u00fcchtlinge","indices":[103,115]}],"trends":[],"urls":[{"url":"https:\/\/t.co\/9QCMoX6Jrj","expanded_url":"https:\/\/twitter.com\/Hempels_Bett\/status\/642056806710280192","display_url":"twitter.com\/Hempels_Bett\/s\u2026","indices":[116,139]}],"user_mentions":[],"symbols":[]},"favorited":false,"retweeted":false,"possibly_sensitive":false,"filter_level":"low","lang":"de"},"retweet_count":0,"favorite_count":0,"entities":{"hashtags":[{"text":"protestieren","indices":[62,75]},{"text":"Ungarn","indices":[94,101]},{"text":"EU","indices":[114,117]},{"text":"Fl\u00fcchtlinge","indices":[119,131]}],"trends":[],"urls":[{"url":"https:\/\/t.co\/9QCMoX6Jrj","expanded_url":"https:\/\/twitter.com\/Hempels_Bett\/status\/642056806710280192","display_url":"twitter.com\/Hempels_Bett\/s\u2026","indices":[139,140]}],"user_mentions":[{"screen_name":"Attac_News","name":"Attac engagiert","id":74152181,"id_str":"74152181","indices":[3,14]}],"symbols":[]},"favorited":false,"retweeted":false,"possibly_sensitive":false,"filter_level":"low","lang":"de","timestamp_ms":"1441916759288"}
