{"created_at":"Sat Sep 12 00:11:38 +0000 2015","id":642490716745285633,"id_str":"642490716745285633","text":"RT @domihol: Es gibt \u00fcbrigens noch ein anderes 9\/11\n#Chile - #Allende\n\u2026und wie die #CIA eine Regierung st\u00fcrzte \u2026 (\u00e0 la #Ukraine?) http:\/\/t.\u2026","source":"\u003ca href=\"http:\/\/twitter.com\" rel=\"nofollow\"\u003eTwitter Web Client\u003c\/a\u003e","truncated":false,"in_reply_to_status_id":null,"in_reply_to_status_id_str":null,"in_reply_to_user_id":null,"in_reply_to_user_id_str":null,"in_reply_to_screen_name":null,"user":{"id":939687559,"id_str":"939687559","name":"Karsten D","screen_name":"karsten_d","location":"Flensburg - DE","url":null,"description":"hab internet und flie\u00dfend wasser - was will man mehr","protected":false,"verified":false,"followers_count":81,"friends_count":155,"listed_count":1,"favourites_count":103,"statuses_count":751,"created_at":"Sat Nov 10 18:45:52 +0000 2012","utc_offset":7200,"time_zone":"Amsterdam","geo_enabled":false,"lang":"de","contributors_enabled":false,"is_translator":false,"profile_background_color":"C0DEED","profile_background_image_url":"http:\/\/abs.twimg.com\/images\/themes\/theme1\/bg.png","profile_background_image_url_https":"https:\/\/abs.twimg.com\/images\/themes\/theme1\/bg.png","profile_background_tile":false,"profile_link_color":"0084B4","profile_sidebar_border_color":"C0DEED","profile_sidebar_fill_color":"DDEEF6","profile_text_color":"333333","profile_use_background_image":true,"profile_image_url":"http:\/\/pbs.twimg.com\/profile_images\/2833750630\/cd41296104504babedfa94e6459761c1_normal.png","profile_image_url_https":"https:\/\/pbs.twimg.com\/profile_images\/2833750630\/cd41296104504babedfa94e6459761c1_normal.png","profile_banner_url":"https:\/\/pbs.twimg.com\/profile_banners\/939687559\/1361659789","default_profile":true,"default_profile_image":false,"following":null,"follow_request_sent":null,"notifications":null},"geo":null,"coordinates":null,"place":null,"contributors":null,"retweeted_status":{"created_at":"Fri Sep 11 15:12:26 +0000 2015","id":642355024069308416,"id_str":"642355024069308416","text":"Es gibt \u00fcbrigens noch ein anderes 9\/11\n#Chile - #Allende\n\u2026und wie die #CIA eine Regierung st\u00fcrzte \u2026 (\u00e0 la #Ukraine?) http:\/\/t.co\/umXhmC4jnu","source":"\u003ca href=\"http:\/\/twitter.com\" rel=\"nofollow\"\u003eTwitter Web Client\u003c\/a\u003e","truncated":false,"in_reply_to_status_id":null,"in_reply_to_status_id_str":null,"in_reply_to_user_id":null,"in_reply_to_user_id_str":null,"in_reply_to_screen_name":null,"user":{"id":217421873,"id_str":"217421873","name":"\u3020 Dominic H \u3020 ","screen_name":"domihol","location":"bi mir dihei","url":"http:\/\/domiholblog.tumblr.com\/archive","description":"Schweizer mit arabischen Wurzeln, (gerne \u00abnur\u00bb) Arbeiter, links, #Occupy\u2026 \njetzt packt mich heillose Wut \u00fcber den nun schon offenen Krieg der #USA gegen #Syrien","protected":false,"verified":false,"followers_count":613,"friends_count":99,"listed_count":29,"favourites_count":3,"statuses_count":23826,"created_at":"Fri Nov 19 13:54:03 +0000 2010","utc_offset":7200,"time_zone":"Bern","geo_enabled":false,"lang":"de","contributors_enabled":false,"is_translator":false,"profile_background_color":"809604","profile_background_image_url":"http:\/\/pbs.twimg.com\/profile_background_images\/466586893614731264\/y37xt5xi.png","profile_background_image_url_https":"https:\/\/pbs.twimg.com\/profile_background_images\/466586893614731264\/y37xt5xi.png","profile_background_tile":true,"profile_link_color":"0084B4","profile_sidebar_border_color":"FFFFFF","profile_sidebar_fill_color":"A5BA2C","profile_text_color":"57640E","profile_use_background_image":true,"profile_image_url":"http:\/\/pbs.twimg.com\/profile_images\/493179926174912512\/BQn3tYbi_normal.jpeg","profile_image_url_https":"https:\/\/pbs.twimg.com\/profile_images\/493179926174912512\/BQn3tYbi_normal.jpeg","profile_banner_url":"https:\/\/pbs.twimg.com\/profile_banners\/217421873\/1399054551","default_profile":false,"default_profile_image":false,"following":null,"follow_request_sent":null,"notifications":null},"geo":null,"coordinates":null,"place":null,"contributors":null,"retweet_count":22,"favorite_count":13,"entities":{"hashtags":[{"text":"Chile","indices":[39,45]},{"text":"Allende","indices":[48,56]},{"text":"CIA","indices":[70,74]},{"text":"Ukraine","indices":[106,114]}],"trends":[],"urls":[],"user_mentions":[],"symbols":[],"media":[{"id":642355020860624896,"id_str":"642355020860624896","indices":[117,139],"media_url":"http:\/\/pbs.twimg.com\/media\/COoafPYWEAAksnB.jpg","media_url_https":"https:\/\/pbs.twimg.com\/media\/COoafPYWEAAksnB.jpg","url":"http:\/\/t.co\/umXhmC4jnu","display_url":"pic.twitter.com\/umXhmC4jnu","expanded_url":"http:\/\/twitter.com\/domihol\/status\/642355024069308416\/photo\/1","type":"photo","sizes":{"medium":{"w":600,"h":546,"resize":"fit"},"thumb":{"w":150,"h":150,"resize":"crop"},"large":{"w":770,"h":701,"resize":"fit"},"small":{"w":340,"h":309,"resize":"fit"}}}]},"extended_entities":{"media":[{"id":642355020860624896,"id_str":"642355020860624896","indices":[117,139],"media_url":"http:\/\/pbs.twimg.com\/media\/COoafPYWEAAksnB.jpg","media_url_https":"https:\/\/pbs.twimg.com\/media\/COoafPYWEAAksnB.jpg","url":"http:\/\/t.co\/umXhmC4jnu","display_url":"pic.twitter.com\/umXhmC4jnu","expanded_url":"http:\/\/twitter.com\/domihol\/status\/642355024069308416\/photo\/1","type":"photo","sizes":{"medium":{"w":600,"h":546,"resize":"fit"},"thumb":{"w":150,"h":150,"resize":"crop"},"large":{"w":770,"h":701,"resize":"fit"},"small":{"w":340,"h":309,"resize":"fit"}}}]},"favorited":false,"retweeted":false,"possibly_sensitive":false,"filter_level":"low","lang":"de"},"retweet_count":0,"favorite_count":0,"entities":{"hashtags":[{"text":"Chile","indices":[52,58]},{"text":"Allende","indices":[61,69]},{"text":"CIA","indices":[83,87]},{"text":"Ukraine","indices":[119,127]}],"trends":[],"urls":[],"user_mentions":[{"screen_name":"domihol","name":"\u3020 Dominic H \u3020 ","id":217421873,"id_str":"217421873","indices":[3,11]}],"symbols":[],"media":[{"id":642355020860624896,"id_str":"642355020860624896","indices":[139,140],"media_url":"http:\/\/pbs.twimg.com\/media\/COoafPYWEAAksnB.jpg","media_url_https":"https:\/\/pbs.twimg.com\/media\/COoafPYWEAAksnB.jpg","url":"http:\/\/t.co\/umXhmC4jnu","display_url":"pic.twitter.com\/umXhmC4jnu","expanded_url":"http:\/\/twitter.com\/domihol\/status\/642355024069308416\/photo\/1","type":"photo","sizes":{"medium":{"w":600,"h":546,"resize":"fit"},"thumb":{"w":150,"h":150,"resize":"crop"},"large":{"w":770,"h":701,"resize":"fit"},"small":{"w":340,"h":309,"resize":"fit"}},"source_status_id":642355024069308416,"source_status_id_str":"642355024069308416"}]},"extended_entities":{"media":[{"id":642355020860624896,"id_str":"642355020860624896","indices":[139,140],"media_url":"http:\/\/pbs.twimg.com\/media\/COoafPYWEAAksnB.jpg","media_url_https":"https:\/\/pbs.twimg.com\/media\/COoafPYWEAAksnB.jpg","url":"http:\/\/t.co\/umXhmC4jnu","display_url":"pic.twitter.com\/umXhmC4jnu","expanded_url":"http:\/\/twitter.com\/domihol\/status\/642355024069308416\/photo\/1","type":"photo","sizes":{"medium":{"w":600,"h":546,"resize":"fit"},"thumb":{"w":150,"h":150,"resize":"crop"},"large":{"w":770,"h":701,"resize":"fit"},"small":{"w":340,"h":309,"resize":"fit"}},"source_status_id":642355024069308416,"source_status_id_str":"642355024069308416"}]},"favorited":false,"retweeted":false,"possibly_sensitive":false,"filter_level":"low","lang":"de","timestamp_ms":"1442016698429"}
