{"created_at":"Sat Sep 12 00:01:04 +0000 2015","id":642488059779547136,"id_str":"642488059779547136","text":"@WirtschaftDE Merkel Regierung versagt total #SPD CDU vernichten DE!\nOhne Restriktive Einwanderung der Muslime muss Asyl ausgesetzt werden","source":"\u003ca href=\"http:\/\/twitter.com\" rel=\"nofollow\"\u003eTwitter Web Client\u003c\/a\u003e","truncated":false,"in_reply_to_status_id":642330276803293184,"in_reply_to_status_id_str":"642330276803293184","in_reply_to_user_id":194538182,"in_reply_to_user_id_str":"194538182","in_reply_to_screen_name":"WirtschaftDE","user":{"id":157760091,"id_str":"157760091","name":"Carlo Chiccone","screen_name":"eisbaer55","location":"Oes","url":"http:\/\/eisbaer55.wordpress.com\/","description":"Boshafter Bio-Deutscher & Mensch.\n#HRRDN\nFather, technologist, hunter, artist & human!  Against: violent disorder - rape, homicide, burglary & ISis\u2026","protected":false,"verified":false,"followers_count":1630,"friends_count":1494,"listed_count":51,"favourites_count":7811,"statuses_count":23746,"created_at":"Sun Jun 20 20:08:53 +0000 2010","utc_offset":7200,"time_zone":"Berlin","geo_enabled":false,"lang":"de","contributors_enabled":false,"is_translator":false,"profile_background_color":"000000","profile_background_image_url":"http:\/\/abs.twimg.com\/images\/themes\/theme16\/bg.gif","profile_background_image_url_https":"https:\/\/abs.twimg.com\/images\/themes\/theme16\/bg.gif","profile_background_tile":false,"profile_link_color":"89C9FA","profile_sidebar_border_color":"000000","profile_sidebar_fill_color":"000000","profile_text_color":"000000","profile_use_background_image":false,"profile_image_url":"http:\/\/pbs.twimg.com\/profile_images\/616570747935453185\/6mS_Ep0g_normal.jpg","profile_image_url_https":"https:\/\/pbs.twimg.com\/profile_images\/616570747935453185\/6mS_Ep0g_normal.jpg","profile_banner_url":"https:\/\/pbs.twimg.com\/profile_banners\/157760091\/1433170216","default_profile":false,"default_profile_image":false,"following":null,"follow_request_sent":null,"notifications":null},"geo":null,"coordinates":null,"place":null,"contributors":null,"retweet_count":0,"favorite_count":0,"entities":{"hashtags":[{"text":"SPD","indices":[45,49]}],"trends":[],"urls":[],"user_mentions":[{"screen_name":"WirtschaftDE","name":"Wirtschaft","id":194538182,"id_str":"194538182","indices":[0,13]}],"symbols":[]},"favorited":false,"retweeted":false,"possibly_sensitive":false,"filter_level":"low","lang":"de","timestamp_ms":"1442016064959"}
