{"created_at":"Sat Sep 12 00:14:01 +0000 2015","id":642491315670773760,"id_str":"642491315670773760","text":"Fl\u00fcchtlinge in Kaserne: In Hardheim laufen die Vorbereitungen f\u00fcr die Ankunft von zun\u00e4chst rund 300 ... http:\/\/t.co\/WGJsEwzCaR #Hardheim","source":"\u003ca href=\"http:\/\/twitterfeed.com\" rel=\"nofollow\"\u003etwitterfeed\u003c\/a\u003e","truncated":false,"in_reply_to_status_id":null,"in_reply_to_status_id_str":null,"in_reply_to_user_id":null,"in_reply_to_user_id_str":null,"in_reply_to_screen_name":null,"user":{"id":398651168,"id_str":"398651168","name":"Lokales Hardheim","screen_name":"Hardheim_","location":"Hardheim","url":"http:\/\/www.localxxl.com\/de\/lokal_nachrichten\/hardheim\/1\/","description":"Lokale Nachrichten und Informationen aus Hardheim","protected":false,"verified":false,"followers_count":15,"friends_count":0,"listed_count":0,"favourites_count":0,"statuses_count":109,"created_at":"Wed Oct 26 10:55:24 +0000 2011","utc_offset":7200,"time_zone":"Berlin","geo_enabled":false,"lang":"de","contributors_enabled":false,"is_translator":false,"profile_background_color":"C0DEED","profile_background_image_url":"http:\/\/abs.twimg.com\/images\/themes\/theme1\/bg.png","profile_background_image_url_https":"https:\/\/abs.twimg.com\/images\/themes\/theme1\/bg.png","profile_background_tile":false,"profile_link_color":"0084B4","profile_sidebar_border_color":"C0DEED","profile_sidebar_fill_color":"DDEEF6","profile_text_color":"333333","profile_use_background_image":true,"profile_image_url":"http:\/\/pbs.twimg.com\/profile_images\/1607466101\/Facebook_Hardheim_normal.jpg","profile_image_url_https":"https:\/\/pbs.twimg.com\/profile_images\/1607466101\/Facebook_Hardheim_normal.jpg","default_profile":true,"default_profile_image":false,"following":null,"follow_request_sent":null,"notifications":null},"geo":null,"coordinates":null,"place":null,"contributors":null,"retweet_count":0,"favorite_count":0,"entities":{"hashtags":[{"text":"Hardheim","indices":[127,136]}],"trends":[],"urls":[{"url":"http:\/\/t.co\/WGJsEwzCaR","expanded_url":"http:\/\/bit.ly\/1iDvXf7","display_url":"bit.ly\/1iDvXf7","indices":[104,126]}],"user_mentions":[],"symbols":[]},"favorited":false,"retweeted":false,"possibly_sensitive":false,"filter_level":"low","lang":"de","timestamp_ms":"1442016841224"}
