{"created_at":"Thu Sep 10 20:29:36 +0000 2015","id":642072452726693888,"id_str":"642072452726693888","text":"Schlagzeilen: Fl\u00fcchtlinge: Fl\u00fcchtlinge sorgen f\u00fcr Mini-Konjunkturschub - http:\/\/t.co\/alovV57osa | suche http:\/\/t.co\/2gfnYyqoIr","source":"\u003ca href=\"http:\/\/nachrichten.yoolanda.com\" rel=\"nofollow\"\u003eYoo Nachrichten\u003c\/a\u003e","truncated":false,"in_reply_to_status_id":null,"in_reply_to_status_id_str":null,"in_reply_to_user_id":null,"in_reply_to_user_id_str":null,"in_reply_to_screen_name":null,"user":{"id":1485378366,"id_str":"1485378366","name":"Yoolanda Nachrichten","screen_name":"yoonachrichten","location":"Mountain View Schweiz","url":"http:\/\/Nachrichten.Yoolanda.com","description":"Nachrichten aus Deutschland, \u00d6sterreich und der Schweiz","protected":false,"verified":false,"followers_count":38797,"friends_count":4695,"listed_count":65,"favourites_count":2,"statuses_count":82982,"created_at":"Wed Jun 05 16:14:16 +0000 2013","utc_offset":7200,"time_zone":"Madrid","geo_enabled":false,"lang":"de","contributors_enabled":false,"is_translator":false,"profile_background_color":"FFFFFF","profile_background_image_url":"http:\/\/pbs.twimg.com\/profile_background_images\/523756072314470400\/AzhHj6rM.png","profile_background_image_url_https":"https:\/\/pbs.twimg.com\/profile_background_images\/523756072314470400\/AzhHj6rM.png","profile_background_tile":true,"profile_link_color":"0084B4","profile_sidebar_border_color":"000000","profile_sidebar_fill_color":"DDEEF6","profile_text_color":"333333","profile_use_background_image":false,"profile_image_url":"http:\/\/pbs.twimg.com\/profile_images\/573432295094251520\/LQi2-8E4_normal.jpeg","profile_image_url_https":"https:\/\/pbs.twimg.com\/profile_images\/573432295094251520\/LQi2-8E4_normal.jpeg","profile_banner_url":"https:\/\/pbs.twimg.com\/profile_banners\/1485378366\/1425551905","default_profile":false,"default_profile_image":false,"following":null,"follow_request_sent":null,"notifications":null},"geo":null,"coordinates":null,"place":null,"contributors":null,"retweet_count":0,"favorite_count":0,"entities":{"hashtags":[],"trends":[],"urls":[{"url":"http:\/\/t.co\/alovV57osa","expanded_url":"http:\/\/nachrichten.yoolanda.com\/fluechtlinge-fluechtlinge-sorgen-fuer-mini-konjunkturschub\/","display_url":"nachrichten.yoolanda.com\/fluechtlinge-f\u2026","indices":[73,95]},{"url":"http:\/\/t.co\/2gfnYyqoIr","expanded_url":"http:\/\/Yoolanda.com","display_url":"Yoolanda.com","indices":[104,126]}],"user_mentions":[],"symbols":[]},"favorited":false,"retweeted":false,"possibly_sensitive":false,"filter_level":"low","lang":"de","timestamp_ms":"1441916976516"}
