{"created_at":"Fri Sep 11 23:57:43 +0000 2015","id":642487214023254016,"id_str":"642487214023254016","text":"#Ungarn #Fl\u00fcchtlinge #Orban redet Klartext: \"Es gibt kein Grundrecht auf ein besseres Leben\" http:\/\/t.co\/yF6NVORPr5 via @ntvde","source":"\u003ca href=\"http:\/\/twitter.com\" rel=\"nofollow\"\u003eTwitter Web Client\u003c\/a\u003e","truncated":false,"in_reply_to_status_id":null,"in_reply_to_status_id_str":null,"in_reply_to_user_id":null,"in_reply_to_user_id_str":null,"in_reply_to_screen_name":null,"user":{"id":2263235750,"id_str":"2263235750","name":"Bernd Quart","screen_name":"Bernd_Quart","location":"","url":null,"description":"Die #EU ist ein Konstrukt der #Elite: Aufl\u00f6sen und ein demokratisches RESET","protected":false,"verified":false,"followers_count":926,"friends_count":1993,"listed_count":53,"favourites_count":2438,"statuses_count":24240,"created_at":"Thu Dec 26 19:26:46 +0000 2013","utc_offset":null,"time_zone":null,"geo_enabled":false,"lang":"de","contributors_enabled":false,"is_translator":false,"profile_background_color":"C0DEED","profile_background_image_url":"http:\/\/abs.twimg.com\/images\/themes\/theme1\/bg.png","profile_background_image_url_https":"https:\/\/abs.twimg.com\/images\/themes\/theme1\/bg.png","profile_background_tile":false,"profile_link_color":"0084B4","profile_sidebar_border_color":"C0DEED","profile_sidebar_fill_color":"DDEEF6","profile_text_color":"333333","profile_use_background_image":true,"profile_image_url":"http:\/\/abs.twimg.com\/sticky\/default_profile_images\/default_profile_6_normal.png","profile_image_url_https":"https:\/\/abs.twimg.com\/sticky\/default_profile_images\/default_profile_6_normal.png","default_profile":true,"default_profile_image":true,"following":null,"follow_request_sent":null,"notifications":null},"geo":null,"coordinates":null,"place":null,"contributors":null,"retweet_count":0,"favorite_count":0,"entities":{"hashtags":[{"text":"Ungarn","indices":[0,7]},{"text":"Fl\u00fcchtlinge","indices":[8,20]},{"text":"Orban","indices":[21,27]}],"trends":[],"urls":[{"url":"http:\/\/t.co\/yF6NVORPr5","expanded_url":"http:\/\/www.n-tv.de\/15915546","display_url":"n-tv.de\/15915546","indices":[93,115]}],"user_mentions":[{"screen_name":"ntvde","name":"n-tv","id":19232587,"id_str":"19232587","indices":[120,126]}],"symbols":[]},"favorited":false,"retweeted":false,"possibly_sensitive":false,"filter_level":"low","lang":"de","timestamp_ms":"1442015863315"}
