{"created_at":"Sat Sep 12 19:53:30 +0000 2015","id":642788144593661952,"id_str":"642788144593661952","text":"RT @PolizeiMuenchen: Infopoint @munchenhilft an der Luisenstra\u00dfe 4 ben\u00f6tigen bis 22.30 Uhr 800 Isomatten und Betten f\u00fcr #fl\u00fcchtlinge","source":"\u003ca href=\"http:\/\/twitter.com\/download\/iphone\" rel=\"nofollow\"\u003eTwitter for iPhone\u003c\/a\u003e","truncated":false,"in_reply_to_status_id":null,"in_reply_to_status_id_str":null,"in_reply_to_user_id":null,"in_reply_to_user_id_str":null,"in_reply_to_screen_name":null,"user":{"id":76797557,"id_str":"76797557","name":"p\u00f6belrauschen.","screen_name":"h3rzrausch3n","location":"berlin.","url":"http:\/\/h3rzrauschen.tumblr.com","description":"ein gemeinsamer mittagsschlaf ist das perfekte erste date.","protected":false,"verified":false,"followers_count":5378,"friends_count":214,"listed_count":106,"favourites_count":74288,"statuses_count":38387,"created_at":"Wed Sep 23 23:57:55 +0000 2009","utc_offset":7200,"time_zone":"Ljubljana","geo_enabled":false,"lang":"en","contributors_enabled":false,"is_translator":false,"profile_background_color":"131516","profile_background_image_url":"http:\/\/abs.twimg.com\/images\/themes\/theme14\/bg.gif","profile_background_image_url_https":"https:\/\/abs.twimg.com\/images\/themes\/theme14\/bg.gif","profile_background_tile":true,"profile_link_color":"ABB8C2","profile_sidebar_border_color":"000000","profile_sidebar_fill_color":"000000","profile_text_color":"000000","profile_use_background_image":true,"profile_image_url":"http:\/\/pbs.twimg.com\/profile_images\/637046681025032192\/GjtY-U-A_normal.jpg","profile_image_url_https":"https:\/\/pbs.twimg.com\/profile_images\/637046681025032192\/GjtY-U-A_normal.jpg","profile_banner_url":"https:\/\/pbs.twimg.com\/profile_banners\/76797557\/1401302233","default_profile":false,"default_profile_image":false,"following":null,"follow_request_sent":null,"notifications":null},"geo":null,"coordinates":null,"place":null,"contributors":null,"retweeted_status":{"created_at":"Sat Sep 12 18:06:50 +0000 2015","id":642761298552442882,"id_str":"642761298552442882","text":"Infopoint @munchenhilft an der Luisenstra\u00dfe 4 ben\u00f6tigen bis 22.30 Uhr 800 Isomatten und Betten f\u00fcr #fl\u00fcchtlinge","source":"\u003ca href=\"http:\/\/twitter.com\" rel=\"nofollow\"\u003eTwitter Web Client\u003c\/a\u003e","truncated":false,"in_reply_to_status_id":null,"in_reply_to_status_id_str":null,"in_reply_to_user_id":null,"in_reply_to_user_id_str":null,"in_reply_to_screen_name":null,"user":{"id":2810902381,"id_str":"2810902381","name":"Polizei M\u00fcnchen","screen_name":"PolizeiMuenchen","location":"M\u00fcnchen","url":"http:\/\/www.polizei.bayern.de\/muenchen","description":"keine Anzeigenaufnahme, keine Einsatzannahme, kein 24\/7 Monitoring, in Notf\u00e4llen bitte die 110 w\u00e4hlen","protected":false,"verified":true,"followers_count":12059,"friends_count":49,"listed_count":148,"favourites_count":196,"statuses_count":1142,"created_at":"Mon Sep 15 07:36:34 +0000 2014","utc_offset":7200,"time_zone":"Berlin","geo_enabled":true,"lang":"de","contributors_enabled":false,"is_translator":false,"profile_background_color":"C0DEED","profile_background_image_url":"http:\/\/abs.twimg.com\/images\/themes\/theme1\/bg.png","profile_background_image_url_https":"https:\/\/abs.twimg.com\/images\/themes\/theme1\/bg.png","profile_background_tile":false,"profile_link_color":"0084B4","profile_sidebar_border_color":"C0DEED","profile_sidebar_fill_color":"DDEEF6","profile_text_color":"333333","profile_use_background_image":true,"profile_image_url":"http:\/\/pbs.twimg.com\/profile_images\/511419548788985856\/V9U2KfZL_normal.png","profile_image_url_https":"https:\/\/pbs.twimg.com\/profile_images\/511419548788985856\/V9U2KfZL_normal.png","profile_banner_url":"https:\/\/pbs.twimg.com\/profile_banners\/2810902381\/1410773143","default_profile":true,"default_profile_image":false,"following":null,"follow_request_sent":null,"notifications":null},"geo":null,"coordinates":null,"place":null,"contributors":null,"retweet_count":149,"favorite_count":22,"entities":{"hashtags":[{"text":"fl\u00fcchtlinge","indices":[99,111]}],"trends":[],"urls":[],"user_mentions":[{"screen_name":"MunchenHilft","name":"Fl\u00fcchtlingshilfeMUC","id":3585194309,"id_str":"3585194309","indices":[10,23]}],"symbols":[]},"favorited":false,"retweeted":false,"possibly_sensitive":false,"filter_level":"low","lang":"de"},"retweet_count":0,"favorite_count":0,"entities":{"hashtags":[{"text":"fl\u00fcchtlinge","indices":[120,132]}],"trends":[],"urls":[],"user_mentions":[{"screen_name":"PolizeiMuenchen","name":"Polizei M\u00fcnchen","id":2810902381,"id_str":"2810902381","indices":[3,19]},{"screen_name":"MunchenHilft","name":"Fl\u00fcchtlingshilfeMUC","id":3585194309,"id_str":"3585194309","indices":[31,44]}],"symbols":[]},"favorited":false,"retweeted":false,"possibly_sensitive":false,"filter_level":"low","lang":"de","timestamp_ms":"1442087610754"}
