{"created_at":"Fri Sep 11 23:43:49 +0000 2015","id":642483717945040897,"id_str":"642483717945040897","text":"RT @choolie211: Krim-Vizepremier: Berlusconi \u00f6ffnete f\u00fcr Krim \u201eFenster nach Europa\u201c http:\/\/t.co\/QSAhUnWeQP","source":"\u003ca href=\"http:\/\/twitter.com\" rel=\"nofollow\"\u003eTwitter Web Client\u003c\/a\u003e","truncated":false,"in_reply_to_status_id":null,"in_reply_to_status_id_str":null,"in_reply_to_user_id":null,"in_reply_to_user_id_str":null,"in_reply_to_screen_name":null,"user":{"id":1381489394,"id_str":"1381489394","name":"Agnes de Berlimont","screen_name":"AgnesdeBerlimon","location":"T\u00edr na n\u00d3g ","url":null,"description":"wer war der Thor, wer Weiser, wer Bettler oder Kaiser","protected":false,"verified":false,"followers_count":1236,"friends_count":660,"listed_count":123,"favourites_count":34130,"statuses_count":136991,"created_at":"Fri Apr 26 09:25:39 +0000 2013","utc_offset":-36000,"time_zone":"Hawaii","geo_enabled":false,"lang":"de","contributors_enabled":false,"is_translator":false,"profile_background_color":"131516","profile_background_image_url":"http:\/\/pbs.twimg.com\/profile_background_images\/635979008371519488\/RVnHGmw8.png","profile_background_image_url_https":"https:\/\/pbs.twimg.com\/profile_background_images\/635979008371519488\/RVnHGmw8.png","profile_background_tile":false,"profile_link_color":"DD2E44","profile_sidebar_border_color":"DFDFDF","profile_sidebar_fill_color":"F3F3F3","profile_text_color":"333333","profile_use_background_image":true,"profile_image_url":"http:\/\/pbs.twimg.com\/profile_images\/636358727164108800\/_imA3l0S_normal.jpg","profile_image_url_https":"https:\/\/pbs.twimg.com\/profile_images\/636358727164108800\/_imA3l0S_normal.jpg","profile_banner_url":"https:\/\/pbs.twimg.com\/profile_banners\/1381489394\/1440465403","default_profile":false,"default_profile_image":false,"following":null,"follow_request_sent":null,"notifications":null},"geo":null,"coordinates":null,"place":null,"contributors":null,"retweeted_status":{"created_at":"Fri Sep 11 23:23:10 +0000 2015","id":642478521412120582,"id_str":"642478521412120582","text":"Krim-Vizepremier: Berlusconi \u00f6ffnete f\u00fcr Krim \u201eFenster nach Europa\u201c http:\/\/t.co\/QSAhUnWeQP","source":"\u003ca href=\"http:\/\/twitter.com\" rel=\"nofollow\"\u003eTwitter Web Client\u003c\/a\u003e","truncated":false,"in_reply_to_status_id":null,"in_reply_to_status_id_str":null,"in_reply_to_user_id":null,"in_reply_to_user_id_str":null,"in_reply_to_screen_name":null,"user":{"id":270396457,"id_str":"270396457","name":"choo lie","screen_name":"choolie211","location":"","url":null,"description":"Nein! Doch! Ohhh!","protected":false,"verified":false,"followers_count":511,"friends_count":433,"listed_count":35,"favourites_count":15010,"statuses_count":24984,"created_at":"Tue Mar 22 14:58:57 +0000 2011","utc_offset":7200,"time_zone":"Berlin","geo_enabled":false,"lang":"de","contributors_enabled":false,"is_translator":false,"profile_background_color":"C0DEED","profile_background_image_url":"http:\/\/pbs.twimg.com\/profile_background_images\/621711160874782720\/O-kVJh9V.jpg","profile_background_image_url_https":"https:\/\/pbs.twimg.com\/profile_background_images\/621711160874782720\/O-kVJh9V.jpg","profile_background_tile":true,"profile_link_color":"3B94D9","profile_sidebar_border_color":"C0DEED","profile_sidebar_fill_color":"DDEEF6","profile_text_color":"333333","profile_use_background_image":true,"profile_image_url":"http:\/\/pbs.twimg.com\/profile_images\/636306446565687296\/SAGwoGtL_normal.png","profile_image_url_https":"https:\/\/pbs.twimg.com\/profile_images\/636306446565687296\/SAGwoGtL_normal.png","default_profile":false,"default_profile_image":false,"following":null,"follow_request_sent":null,"notifications":null},"geo":null,"coordinates":null,"place":null,"contributors":null,"retweet_count":1,"favorite_count":0,"entities":{"hashtags":[],"trends":[],"urls":[{"url":"http:\/\/t.co\/QSAhUnWeQP","expanded_url":"http:\/\/de.sputniknews.com\/politik\/20150911\/304273239.html","display_url":"de.sputniknews.com\/politik\/201509\u2026","indices":[68,90]}],"user_mentions":[],"symbols":[]},"favorited":false,"retweeted":false,"possibly_sensitive":true,"filter_level":"low","lang":"de"},"retweet_count":0,"favorite_count":0,"entities":{"hashtags":[],"trends":[],"urls":[{"url":"http:\/\/t.co\/QSAhUnWeQP","expanded_url":"http:\/\/de.sputniknews.com\/politik\/20150911\/304273239.html","display_url":"de.sputniknews.com\/politik\/201509\u2026","indices":[84,106]}],"user_mentions":[{"screen_name":"choolie211","name":"choo lie","id":270396457,"id_str":"270396457","indices":[3,14]}],"symbols":[]},"favorited":false,"retweeted":false,"possibly_sensitive":false,"filter_level":"low","lang":"de","timestamp_ms":"1442015029785"}
