{"created_at":"Thu Sep 10 20:23:05 +0000 2015","id":642070814116970496,"id_str":"642070814116970496","text":"RT @bkalnoky: Fl\u00fcchtlinge\/Terror - Das n\u00e4chste gro\u00dfe Schlachtfeld ist Europa (unsere Story vom Juni, aktueller denn je) http:\/\/t.co\/OzdNroq\u2026","source":"\u003ca href=\"http:\/\/twitter.com\/#!\/download\/ipad\" rel=\"nofollow\"\u003eTwitter for iPad\u003c\/a\u003e","truncated":false,"in_reply_to_status_id":null,"in_reply_to_status_id_str":null,"in_reply_to_user_id":null,"in_reply_to_user_id_str":null,"in_reply_to_screen_name":null,"user":{"id":2721878217,"id_str":"2721878217","name":"Mittelstand","screen_name":"JurgenPresser","location":"","url":null,"description":"stv. Bundesvorsitzender der Mittelstands-und Wirtschaftsvereinigung der CDU\/CSU","protected":false,"verified":false,"followers_count":428,"friends_count":186,"listed_count":24,"favourites_count":12004,"statuses_count":27036,"created_at":"Wed Jul 23 16:35:55 +0000 2014","utc_offset":null,"time_zone":null,"geo_enabled":false,"lang":"de","contributors_enabled":false,"is_translator":false,"profile_background_color":"000000","profile_background_image_url":"http:\/\/abs.twimg.com\/images\/themes\/theme1\/bg.png","profile_background_image_url_https":"https:\/\/abs.twimg.com\/images\/themes\/theme1\/bg.png","profile_background_tile":false,"profile_link_color":"1B00B3","profile_sidebar_border_color":"000000","profile_sidebar_fill_color":"000000","profile_text_color":"000000","profile_use_background_image":false,"profile_image_url":"http:\/\/pbs.twimg.com\/profile_images\/571649830579245056\/4ExEG2Jt_normal.jpeg","profile_image_url_https":"https:\/\/pbs.twimg.com\/profile_images\/571649830579245056\/4ExEG2Jt_normal.jpeg","profile_banner_url":"https:\/\/pbs.twimg.com\/profile_banners\/2721878217\/1425126491","default_profile":false,"default_profile_image":false,"following":null,"follow_request_sent":null,"notifications":null},"geo":null,"coordinates":null,"place":null,"contributors":null,"retweeted_status":{"created_at":"Thu Sep 10 20:21:38 +0000 2015","id":642070448629501952,"id_str":"642070448629501952","text":"Fl\u00fcchtlinge\/Terror - Das n\u00e4chste gro\u00dfe Schlachtfeld ist Europa (unsere Story vom Juni, aktueller denn je) http:\/\/t.co\/OzdNroqbrS via @welt","source":"\u003ca href=\"http:\/\/twitter.com\" rel=\"nofollow\"\u003eTwitter Web Client\u003c\/a\u003e","truncated":false,"in_reply_to_status_id":null,"in_reply_to_status_id_str":null,"in_reply_to_user_id":null,"in_reply_to_user_id_str":null,"in_reply_to_screen_name":null,"user":{"id":1008691873,"id_str":"1008691873","name":"Boris K\u00e1lnoky","screen_name":"bkalnoky","location":"Budapest","url":null,"description":"Foreign correspondent  (Die Welt), author. SE Europe & Turkey.","protected":false,"verified":false,"followers_count":3773,"friends_count":475,"listed_count":177,"favourites_count":2652,"statuses_count":9980,"created_at":"Thu Dec 13 12:18:08 +0000 2012","utc_offset":10800,"time_zone":"Athens","geo_enabled":false,"lang":"de","contributors_enabled":false,"is_translator":false,"profile_background_color":"C0DEED","profile_background_image_url":"http:\/\/abs.twimg.com\/images\/themes\/theme1\/bg.png","profile_background_image_url_https":"https:\/\/abs.twimg.com\/images\/themes\/theme1\/bg.png","profile_background_tile":false,"profile_link_color":"0027B3","profile_sidebar_border_color":"C0DEED","profile_sidebar_fill_color":"DDEEF6","profile_text_color":"333333","profile_use_background_image":true,"profile_image_url":"http:\/\/pbs.twimg.com\/profile_images\/517073093416603648\/65RCkkOG_normal.jpeg","profile_image_url_https":"https:\/\/pbs.twimg.com\/profile_images\/517073093416603648\/65RCkkOG_normal.jpeg","default_profile":false,"default_profile_image":false,"following":null,"follow_request_sent":null,"notifications":null},"geo":null,"coordinates":null,"place":null,"contributors":null,"retweet_count":1,"favorite_count":0,"entities":{"hashtags":[],"trends":[],"urls":[{"url":"http:\/\/t.co\/OzdNroqbrS","expanded_url":"http:\/\/www.welt.de\/politik\/ausland\/article143186475\/Das-naechste-grosse-Schlachtfeld-ist-Europa.html","display_url":"welt.de\/politik\/auslan\u2026","indices":[106,128]}],"user_mentions":[{"screen_name":"welt","name":"DIE WELT","id":8720562,"id_str":"8720562","indices":[133,138]}],"symbols":[]},"favorited":false,"retweeted":false,"possibly_sensitive":false,"filter_level":"low","lang":"de"},"retweet_count":0,"favorite_count":0,"entities":{"hashtags":[],"trends":[],"urls":[{"url":"http:\/\/t.co\/OzdNroqbrS","expanded_url":"http:\/\/www.welt.de\/politik\/ausland\/article143186475\/Das-naechste-grosse-Schlachtfeld-ist-Europa.html","display_url":"welt.de\/politik\/auslan\u2026","indices":[120,140]}],"user_mentions":[{"screen_name":"bkalnoky","name":"Boris K\u00e1lnoky","id":1008691873,"id_str":"1008691873","indices":[3,12]},{"screen_name":"welt","name":"DIE WELT","id":8720562,"id_str":"8720562","indices":[139,140]}],"symbols":[]},"favorited":false,"retweeted":false,"possibly_sensitive":false,"filter_level":"low","lang":"de","timestamp_ms":"1441916585841"}
