{"created_at":"Thu Sep 10 20:29:45 +0000 2015","id":642072489061974016,"id_str":"642072489061974016","text":"RT @freejustitia: Auf den minaretten sind scharfsch\u00fctzen der akp regierung. Sie schie\u00dfen gezielt auf zivilisten #CizreUnderAttack  https:\/\/\u2026","source":"\u003ca href=\"http:\/\/twitter.com\" rel=\"nofollow\"\u003eTwitter Web Client\u003c\/a\u003e","truncated":false,"in_reply_to_status_id":null,"in_reply_to_status_id_str":null,"in_reply_to_user_id":null,"in_reply_to_user_id_str":null,"in_reply_to_screen_name":null,"user":{"id":161363120,"id_str":"161363120","name":"Ko\u00e7er\u00ea","screen_name":"Riya_dur","location":"Mezopotamya","url":null,"description":null,"protected":false,"verified":false,"followers_count":5750,"friends_count":373,"listed_count":12,"favourites_count":430,"statuses_count":37281,"created_at":"Wed Jun 30 17:16:18 +0000 2010","utc_offset":7200,"time_zone":"Amsterdam","geo_enabled":false,"lang":"de","contributors_enabled":false,"is_translator":false,"profile_background_color":"131516","profile_background_image_url":"http:\/\/pbs.twimg.com\/profile_background_images\/888623851\/26b408f15d236cc4a3108d1d4f5680f9.jpeg","profile_background_image_url_https":"https:\/\/pbs.twimg.com\/profile_background_images\/888623851\/26b408f15d236cc4a3108d1d4f5680f9.jpeg","profile_background_tile":false,"profile_link_color":"009999","profile_sidebar_border_color":"FFFFFF","profile_sidebar_fill_color":"EFEFEF","profile_text_color":"333333","profile_use_background_image":false,"profile_image_url":"http:\/\/pbs.twimg.com\/profile_images\/613278668723499008\/Mc0TSszy_normal.jpg","profile_image_url_https":"https:\/\/pbs.twimg.com\/profile_images\/613278668723499008\/Mc0TSszy_normal.jpg","profile_banner_url":"https:\/\/pbs.twimg.com\/profile_banners\/161363120\/1440941461","default_profile":false,"default_profile_image":false,"following":null,"follow_request_sent":null,"notifications":null},"geo":null,"coordinates":null,"place":null,"contributors":null,"retweeted_status":{"created_at":"Thu Sep 10 20:24:07 +0000 2015","id":642071073010401280,"id_str":"642071073010401280","text":"Auf den minaretten sind scharfsch\u00fctzen der akp regierung. Sie schie\u00dfen gezielt auf zivilisten #CizreUnderAttack  https:\/\/t.co\/7yjVERINJl","source":"\u003ca href=\"http:\/\/twitter.com\/download\/android\" rel=\"nofollow\"\u003eTwitter for Android\u003c\/a\u003e","truncated":false,"in_reply_to_status_id":null,"in_reply_to_status_id_str":null,"in_reply_to_user_id":null,"in_reply_to_user_id_str":null,"in_reply_to_screen_name":null,"user":{"id":2808938301,"id_str":"2808938301","name":"justitia free","screen_name":"freejustitia","location":"","url":null,"description":null,"protected":false,"verified":false,"followers_count":165,"friends_count":337,"listed_count":1,"favourites_count":914,"statuses_count":1872,"created_at":"Sun Oct 05 19:55:51 +0000 2014","utc_offset":null,"time_zone":null,"geo_enabled":false,"lang":"de","contributors_enabled":false,"is_translator":false,"profile_background_color":"C0DEED","profile_background_image_url":"http:\/\/abs.twimg.com\/images\/themes\/theme1\/bg.png","profile_background_image_url_https":"https:\/\/abs.twimg.com\/images\/themes\/theme1\/bg.png","profile_background_tile":false,"profile_link_color":"0084B4","profile_sidebar_border_color":"C0DEED","profile_sidebar_fill_color":"DDEEF6","profile_text_color":"333333","profile_use_background_image":true,"profile_image_url":"http:\/\/pbs.twimg.com\/profile_images\/518855270408392705\/rplr1McK_normal.jpeg","profile_image_url_https":"https:\/\/pbs.twimg.com\/profile_images\/518855270408392705\/rplr1McK_normal.jpeg","default_profile":true,"default_profile_image":false,"following":null,"follow_request_sent":null,"notifications":null},"geo":null,"coordinates":null,"place":null,"contributors":null,"quoted_status_id":642067589485752320,"quoted_status_id_str":"642067589485752320","quoted_status":{"created_at":"Thu Sep 10 20:10:17 +0000 2015","id":642067589485752320,"id_str":"642067589485752320","text":"Cizre'de 7 gun 7 gecedir ezan okunmuyor...\nCunku minarelere AKP'nin ozel harekatci keskin nisancilari yerlestirilmis.\n#Cizre","source":"\u003ca href=\"http:\/\/twitter.com\/download\/iphone\" rel=\"nofollow\"\u003eTwitter for iPhone\u003c\/a\u003e","truncated":false,"in_reply_to_status_id":null,"in_reply_to_status_id_str":null,"in_reply_to_user_id":null,"in_reply_to_user_id_str":null,"in_reply_to_screen_name":null,"user":{"id":194696003,"id_str":"194696003","name":"Amed Dicle","screen_name":"AmedDcle","location":"C\u00eehan-World ","url":"http:\/\/amedicle.blogspot.be","description":"Journalist\/Rojnamevan-Gazeteci...St\u00eark TV ameddicleinfo@gmail.com\nhttp:\/\/nuce-sirove.blogspot.be\/","protected":false,"verified":false,"followers_count":133249,"friends_count":1612,"listed_count":455,"favourites_count":581,"statuses_count":16439,"created_at":"Fri Sep 24 19:37:03 +0000 2010","utc_offset":-7200,"time_zone":"Greenland","geo_enabled":false,"lang":"tr","contributors_enabled":false,"is_translator":false,"profile_background_color":"352726","profile_background_image_url":"http:\/\/abs.twimg.com\/images\/themes\/theme5\/bg.gif","profile_background_image_url_https":"https:\/\/abs.twimg.com\/images\/themes\/theme5\/bg.gif","profile_background_tile":false,"profile_link_color":"D02B55","profile_sidebar_border_color":"829D5E","profile_sidebar_fill_color":"99CC33","profile_text_color":"3E4415","profile_use_background_image":true,"profile_image_url":"http:\/\/pbs.twimg.com\/profile_images\/624447410673070082\/aOAzlfry_normal.jpg","profile_image_url_https":"https:\/\/pbs.twimg.com\/profile_images\/624447410673070082\/aOAzlfry_normal.jpg","profile_banner_url":"https:\/\/pbs.twimg.com\/profile_banners\/194696003\/1416517535","default_profile":false,"default_profile_image":false,"following":null,"follow_request_sent":null,"notifications":null},"geo":null,"coordinates":null,"place":null,"contributors":null,"retweet_count":0,"favorite_count":0,"entities":{"hashtags":[{"text":"Cizre","indices":[118,124]}],"trends":[],"urls":[],"user_mentions":[],"symbols":[]},"favorited":false,"retweeted":false,"possibly_sensitive":false,"filter_level":"low","lang":"tr"},"retweet_count":1,"favorite_count":0,"entities":{"hashtags":[{"text":"CizreUnderAttack","indices":[94,111]}],"trends":[],"urls":[{"url":"https:\/\/t.co\/7yjVERINJl","expanded_url":"https:\/\/twitter.com\/AmedDcle\/status\/642067589485752320","display_url":"twitter.com\/AmedDcle\/statu\u2026","indices":[113,136]}],"user_mentions":[],"symbols":[]},"favorited":false,"retweeted":false,"possibly_sensitive":false,"filter_level":"low","lang":"de"},"retweet_count":0,"favorite_count":0,"entities":{"hashtags":[{"text":"CizreUnderAttack","indices":[112,129]}],"trends":[],"urls":[{"url":"https:\/\/t.co\/7yjVERINJl","expanded_url":"https:\/\/twitter.com\/AmedDcle\/status\/642067589485752320","display_url":"twitter.com\/AmedDcle\/statu\u2026","indices":[139,140]}],"user_mentions":[{"screen_name":"freejustitia","name":"justitia free","id":2808938301,"id_str":"2808938301","indices":[3,16]}],"symbols":[]},"favorited":false,"retweeted":false,"possibly_sensitive":true,"filter_level":"low","lang":"de","timestamp_ms":"1441916985179"}
