{"created_at":"Sat Sep 12 19:51:44 +0000 2015","id":642787698105839617,"id_str":"642787698105839617","text":"Fehlende Notunterk\u00fcnfte: M\u00fcnchen rechnet mit bis zu 13.000 Fl\u00fcchtlingen http:\/\/t.co\/7cPVzJf1p2 #DieNachrichten #Spiegel","source":"\u003ca href=\"http:\/\/ifttt.com\" rel=\"nofollow\"\u003eIFTTT\u003c\/a\u003e","truncated":false,"in_reply_to_status_id":null,"in_reply_to_status_id_str":null,"in_reply_to_user_id":null,"in_reply_to_user_id_str":null,"in_reply_to_screen_name":null,"user":{"id":2723425020,"id_str":"2723425020","name":"Newsflash","screen_name":"DieNachrichten","location":"","url":null,"description":"Alle News in einem Feed!","protected":false,"verified":false,"followers_count":316,"friends_count":7,"listed_count":53,"favourites_count":8,"statuses_count":318455,"created_at":"Mon Aug 11 08:07:17 +0000 2014","utc_offset":3600,"time_zone":"London","geo_enabled":false,"lang":"de","contributors_enabled":false,"is_translator":false,"profile_background_color":"022330","profile_background_image_url":"http:\/\/abs.twimg.com\/images\/themes\/theme15\/bg.png","profile_background_image_url_https":"https:\/\/abs.twimg.com\/images\/themes\/theme15\/bg.png","profile_background_tile":false,"profile_link_color":"0084B4","profile_sidebar_border_color":"FFFFFF","profile_sidebar_fill_color":"C0DFEC","profile_text_color":"333333","profile_use_background_image":true,"profile_image_url":"http:\/\/pbs.twimg.com\/profile_images\/582665336161452032\/uLrW-iJv_normal.jpg","profile_image_url_https":"https:\/\/pbs.twimg.com\/profile_images\/582665336161452032\/uLrW-iJv_normal.jpg","profile_banner_url":"https:\/\/pbs.twimg.com\/profile_banners\/2723425020\/1427753216","default_profile":false,"default_profile_image":false,"following":null,"follow_request_sent":null,"notifications":null},"geo":null,"coordinates":null,"place":null,"contributors":null,"retweet_count":0,"favorite_count":0,"entities":{"hashtags":[{"text":"DieNachrichten","indices":[95,110]},{"text":"Spiegel","indices":[111,119]}],"trends":[],"urls":[{"url":"http:\/\/t.co\/7cPVzJf1p2","expanded_url":"http:\/\/www.spiegel.de\/politik\/deutschland\/muenchen-rechnet-mit-bis-zu-13-000-fluechtlingen-a-1052662.html#ref=rss","display_url":"spiegel.de\/politik\/deutsc\u2026","indices":[72,94]}],"user_mentions":[],"symbols":[]},"favorited":false,"retweeted":false,"possibly_sensitive":false,"filter_level":"low","lang":"de","timestamp_ms":"1442087504303"}
