{"created_at":"Sat Sep 12 00:15:14 +0000 2015","id":642491623650234368,"id_str":"642491623650234368","text":"RT @knarfskrid: damals nannte man es #braunes Gedankengut-heute ist es #gr\u00fcnes \n\nmacht mal endlich eure Augen auf! Politik=Theater http:\/\/t\u2026","source":"\u003ca href=\"http:\/\/twitter.com\" rel=\"nofollow\"\u003eTwitter Web Client\u003c\/a\u003e","truncated":false,"in_reply_to_status_id":null,"in_reply_to_status_id_str":null,"in_reply_to_user_id":null,"in_reply_to_user_id_str":null,"in_reply_to_screen_name":null,"user":{"id":434284091,"id_str":"434284091","name":"g\u0454\u03c3\u044fg","screen_name":"dergeorg","location":"IN DER REPUBLIK","url":null,"description":"Mit Offenheit lassen sich viele T\u00fcren \u00f6ffnen und deshalb sind meine Tweets auch nicht gesch\u00fctzt.","protected":false,"verified":false,"followers_count":88,"friends_count":203,"listed_count":2,"favourites_count":116,"statuses_count":858,"created_at":"Sun Dec 11 17:23:54 +0000 2011","utc_offset":7200,"time_zone":"Berlin","geo_enabled":false,"lang":"de","contributors_enabled":false,"is_translator":false,"profile_background_color":"EFEBDF","profile_background_image_url":"http:\/\/pbs.twimg.com\/profile_background_images\/604632769\/gyo3w3mtabxjtpdb29ax.jpeg","profile_background_image_url_https":"https:\/\/pbs.twimg.com\/profile_background_images\/604632769\/gyo3w3mtabxjtpdb29ax.jpeg","profile_background_tile":true,"profile_link_color":"BD929C","profile_sidebar_border_color":"C0DEED","profile_sidebar_fill_color":"DDEEF6","profile_text_color":"333333","profile_use_background_image":true,"profile_image_url":"http:\/\/pbs.twimg.com\/profile_images\/3394360139\/6301417b30e504d54d4256757e016ed0_normal.jpeg","profile_image_url_https":"https:\/\/pbs.twimg.com\/profile_images\/3394360139\/6301417b30e504d54d4256757e016ed0_normal.jpeg","profile_banner_url":"https:\/\/pbs.twimg.com\/profile_banners\/434284091\/1363566103","default_profile":false,"default_profile_image":false,"following":null,"follow_request_sent":null,"notifications":null},"geo":null,"coordinates":null,"place":null,"contributors":null,"retweeted_status":{"created_at":"Wed Sep 09 16:38:12 +0000 2015","id":641651830540378112,"id_str":"641651830540378112","text":"damals nannte man es #braunes Gedankengut-heute ist es #gr\u00fcnes \n\nmacht mal endlich eure Augen auf! Politik=Theater http:\/\/t.co\/PFOhLVMEUo","source":"\u003ca href=\"http:\/\/twitter.com\" rel=\"nofollow\"\u003eTwitter Web Client\u003c\/a\u003e","truncated":false,"in_reply_to_status_id":null,"in_reply_to_status_id_str":null,"in_reply_to_user_id":null,"in_reply_to_user_id_str":null,"in_reply_to_screen_name":null,"user":{"id":3064309899,"id_str":"3064309899","name":"Merkel\u00b4s Mutter ","screen_name":"knarfskrid","location":"(flat) Planet Earth","url":null,"description":"anti Religion\/ anti Meat\/ anti Politics\/ \/look@me is totally 80`s ! time to wake up 1984!ps: bin NICHT hier um Freundschaften zu schliessen! vom Fach!","protected":false,"verified":false,"followers_count":76,"friends_count":62,"listed_count":6,"favourites_count":620,"statuses_count":2333,"created_at":"Fri Feb 27 10:32:19 +0000 2015","utc_offset":7200,"time_zone":"Belgrade","geo_enabled":false,"lang":"de","contributors_enabled":false,"is_translator":false,"profile_background_color":"000000","profile_background_image_url":"http:\/\/pbs.twimg.com\/profile_background_images\/624338022792830979\/9GiE0JUE.jpg","profile_background_image_url_https":"https:\/\/pbs.twimg.com\/profile_background_images\/624338022792830979\/9GiE0JUE.jpg","profile_background_tile":false,"profile_link_color":"94D487","profile_sidebar_border_color":"000000","profile_sidebar_fill_color":"000000","profile_text_color":"000000","profile_use_background_image":true,"profile_image_url":"http:\/\/pbs.twimg.com\/profile_images\/622423186685210625\/Fenl0EKw_normal.png","profile_image_url_https":"https:\/\/pbs.twimg.com\/profile_images\/622423186685210625\/Fenl0EKw_normal.png","profile_banner_url":"https:\/\/pbs.twimg.com\/profile_banners\/3064309899\/1439647432","default_profile":false,"default_profile_image":false,"following":null,"follow_request_sent":null,"notifications":null},"geo":null,"coordinates":null,"place":null,"contributors":null,"retweet_count":2,"favorite_count":0,"entities":{"hashtags":[{"text":"braunes","indices":[21,29]},{"text":"gr\u00fcnes","indices":[55,62]}],"trends":[],"urls":[],"user_mentions":[],"symbols":[],"media":[{"id":641651826635444224,"id_str":"641651826635444224","indices":[115,137],"media_url":"http:\/\/pbs.twimg.com\/media\/COea78wWEAAL75C.jpg","media_url_https":"https:\/\/pbs.twimg.com\/media\/COea78wWEAAL75C.jpg","url":"http:\/\/t.co\/PFOhLVMEUo","display_url":"pic.twitter.com\/PFOhLVMEUo","expanded_url":"http:\/\/twitter.com\/knarfskrid\/status\/641651830540378112\/photo\/1","type":"photo","sizes":{"large":{"w":450,"h":450,"resize":"fit"},"medium":{"w":450,"h":450,"resize":"fit"},"small":{"w":340,"h":340,"resize":"fit"},"thumb":{"w":150,"h":150,"resize":"crop"}}}]},"extended_entities":{"media":[{"id":641651826635444224,"id_str":"641651826635444224","indices":[115,137],"media_url":"http:\/\/pbs.twimg.com\/media\/COea78wWEAAL75C.jpg","media_url_https":"https:\/\/pbs.twimg.com\/media\/COea78wWEAAL75C.jpg","url":"http:\/\/t.co\/PFOhLVMEUo","display_url":"pic.twitter.com\/PFOhLVMEUo","expanded_url":"http:\/\/twitter.com\/knarfskrid\/status\/641651830540378112\/photo\/1","type":"photo","sizes":{"large":{"w":450,"h":450,"resize":"fit"},"medium":{"w":450,"h":450,"resize":"fit"},"small":{"w":340,"h":340,"resize":"fit"},"thumb":{"w":150,"h":150,"resize":"crop"}}},{"id":641651825138102272,"id_str":"641651825138102272","indices":[115,137],"media_url":"http:\/\/pbs.twimg.com\/media\/COea73LWcAAOyR0.jpg","media_url_https":"https:\/\/pbs.twimg.com\/media\/COea73LWcAAOyR0.jpg","url":"http:\/\/t.co\/PFOhLVMEUo","display_url":"pic.twitter.com\/PFOhLVMEUo","expanded_url":"http:\/\/twitter.com\/knarfskrid\/status\/641651830540378112\/photo\/1","type":"photo","sizes":{"medium":{"w":426,"h":293,"resize":"fit"},"thumb":{"w":150,"h":150,"resize":"crop"},"large":{"w":426,"h":293,"resize":"fit"},"small":{"w":340,"h":233,"resize":"fit"}}},{"id":641651828191531008,"id_str":"641651828191531008","indices":[115,137],"media_url":"http:\/\/pbs.twimg.com\/media\/COea8CjWEAAtfOX.jpg","media_url_https":"https:\/\/pbs.twimg.com\/media\/COea8CjWEAAtfOX.jpg","url":"http:\/\/t.co\/PFOhLVMEUo","display_url":"pic.twitter.com\/PFOhLVMEUo","expanded_url":"http:\/\/twitter.com\/knarfskrid\/status\/641651830540378112\/photo\/1","type":"photo","sizes":{"medium":{"w":572,"h":395,"resize":"fit"},"large":{"w":572,"h":395,"resize":"fit"},"thumb":{"w":150,"h":150,"resize":"crop"},"small":{"w":340,"h":234,"resize":"fit"}}},{"id":641651829579862016,"id_str":"641651829579862016","indices":[115,137],"media_url":"http:\/\/pbs.twimg.com\/media\/COea8HuWUAAFuZn.jpg","media_url_https":"https:\/\/pbs.twimg.com\/media\/COea8HuWUAAFuZn.jpg","url":"http:\/\/t.co\/PFOhLVMEUo","display_url":"pic.twitter.com\/PFOhLVMEUo","expanded_url":"http:\/\/twitter.com\/knarfskrid\/status\/641651830540378112\/photo\/1","type":"photo","sizes":{"medium":{"w":600,"h":465,"resize":"fit"},"small":{"w":340,"h":263,"resize":"fit"},"large":{"w":641,"h":497,"resize":"fit"},"thumb":{"w":150,"h":150,"resize":"crop"}}}]},"favorited":false,"retweeted":false,"possibly_sensitive":false,"filter_level":"low","lang":"de"},"retweet_count":0,"favorite_count":0,"entities":{"hashtags":[{"text":"braunes","indices":[37,45]},{"text":"gr\u00fcnes","indices":[71,78]}],"trends":[],"urls":[],"user_mentions":[{"screen_name":"knarfskrid","name":"Merkel\u00b4s Mutter ","id":3064309899,"id_str":"3064309899","indices":[3,14]}],"symbols":[],"media":[{"id":641651826635444224,"id_str":"641651826635444224","indices":[139,140],"media_url":"http:\/\/pbs.twimg.com\/media\/COea78wWEAAL75C.jpg","media_url_https":"https:\/\/pbs.twimg.com\/media\/COea78wWEAAL75C.jpg","url":"http:\/\/t.co\/PFOhLVMEUo","display_url":"pic.twitter.com\/PFOhLVMEUo","expanded_url":"http:\/\/twitter.com\/knarfskrid\/status\/641651830540378112\/photo\/1","type":"photo","sizes":{"large":{"w":450,"h":450,"resize":"fit"},"medium":{"w":450,"h":450,"resize":"fit"},"small":{"w":340,"h":340,"resize":"fit"},"thumb":{"w":150,"h":150,"resize":"crop"}},"source_status_id":641651830540378112,"source_status_id_str":"641651830540378112"}]},"extended_entities":{"media":[{"id":641651826635444224,"id_str":"641651826635444224","indices":[139,140],"media_url":"http:\/\/pbs.twimg.com\/media\/COea78wWEAAL75C.jpg","media_url_https":"https:\/\/pbs.twimg.com\/media\/COea78wWEAAL75C.jpg","url":"http:\/\/t.co\/PFOhLVMEUo","display_url":"pic.twitter.com\/PFOhLVMEUo","expanded_url":"http:\/\/twitter.com\/knarfskrid\/status\/641651830540378112\/photo\/1","type":"photo","sizes":{"large":{"w":450,"h":450,"resize":"fit"},"medium":{"w":450,"h":450,"resize":"fit"},"small":{"w":340,"h":340,"resize":"fit"},"thumb":{"w":150,"h":150,"resize":"crop"}},"source_status_id":641651830540378112,"source_status_id_str":"641651830540378112"},{"id":641651825138102272,"id_str":"641651825138102272","indices":[139,140],"media_url":"http:\/\/pbs.twimg.com\/media\/COea73LWcAAOyR0.jpg","media_url_https":"https:\/\/pbs.twimg.com\/media\/COea73LWcAAOyR0.jpg","url":"http:\/\/t.co\/PFOhLVMEUo","display_url":"pic.twitter.com\/PFOhLVMEUo","expanded_url":"http:\/\/twitter.com\/knarfskrid\/status\/641651830540378112\/photo\/1","type":"photo","sizes":{"medium":{"w":426,"h":293,"resize":"fit"},"thumb":{"w":150,"h":150,"resize":"crop"},"large":{"w":426,"h":293,"resize":"fit"},"small":{"w":340,"h":233,"resize":"fit"}},"source_status_id":641651830540378112,"source_status_id_str":"641651830540378112"},{"id":641651828191531008,"id_str":"641651828191531008","indices":[139,140],"media_url":"http:\/\/pbs.twimg.com\/media\/COea8CjWEAAtfOX.jpg","media_url_https":"https:\/\/pbs.twimg.com\/media\/COea8CjWEAAtfOX.jpg","url":"http:\/\/t.co\/PFOhLVMEUo","display_url":"pic.twitter.com\/PFOhLVMEUo","expanded_url":"http:\/\/twitter.com\/knarfskrid\/status\/641651830540378112\/photo\/1","type":"photo","sizes":{"medium":{"w":572,"h":395,"resize":"fit"},"large":{"w":572,"h":395,"resize":"fit"},"thumb":{"w":150,"h":150,"resize":"crop"},"small":{"w":340,"h":234,"resize":"fit"}},"source_status_id":641651830540378112,"source_status_id_str":"641651830540378112"},{"id":641651829579862016,"id_str":"641651829579862016","indices":[139,140],"media_url":"http:\/\/pbs.twimg.com\/media\/COea8HuWUAAFuZn.jpg","media_url_https":"https:\/\/pbs.twimg.com\/media\/COea8HuWUAAFuZn.jpg","url":"http:\/\/t.co\/PFOhLVMEUo","display_url":"pic.twitter.com\/PFOhLVMEUo","expanded_url":"http:\/\/twitter.com\/knarfskrid\/status\/641651830540378112\/photo\/1","type":"photo","sizes":{"medium":{"w":600,"h":465,"resize":"fit"},"small":{"w":340,"h":263,"resize":"fit"},"large":{"w":641,"h":497,"resize":"fit"},"thumb":{"w":150,"h":150,"resize":"crop"}},"source_status_id":641651830540378112,"source_status_id_str":"641651830540378112"}]},"favorited":false,"retweeted":false,"possibly_sensitive":false,"filter_level":"low","lang":"de","timestamp_ms":"1442016914652"}
