{"created_at":"Sat Sep 12 00:09:13 +0000 2015","id":642490110865485824,"id_str":"642490110865485824","text":"RT @JulianRoepcke: #Putin und #Assad\nDie n\u00e4chste destabilisierende Kombination nach \"pro-russische Separatisten\".\nhttp:\/\/t.co\/09rbf1duWD ht\u2026","source":"\u003ca href=\"http:\/\/twitter.com\" rel=\"nofollow\"\u003eTwitter Web Client\u003c\/a\u003e","truncated":false,"in_reply_to_status_id":null,"in_reply_to_status_id_str":null,"in_reply_to_user_id":null,"in_reply_to_user_id_str":null,"in_reply_to_screen_name":null,"user":{"id":2787739465,"id_str":"2787739465","name":"Gediminas","screen_name":"GediSv","location":"","url":null,"description":null,"protected":false,"verified":false,"followers_count":140,"friends_count":335,"listed_count":2,"favourites_count":15,"statuses_count":4934,"created_at":"Wed Sep 03 10:35:00 +0000 2014","utc_offset":null,"time_zone":null,"geo_enabled":false,"lang":"en","contributors_enabled":false,"is_translator":false,"profile_background_color":"215A60","profile_background_image_url":"http:\/\/abs.twimg.com\/images\/themes\/theme6\/bg.gif","profile_background_image_url_https":"https:\/\/abs.twimg.com\/images\/themes\/theme6\/bg.gif","profile_background_tile":false,"profile_link_color":"215A60","profile_sidebar_border_color":"FFFFFF","profile_sidebar_fill_color":"A0C5C7","profile_text_color":"333333","profile_use_background_image":true,"profile_image_url":"http:\/\/pbs.twimg.com\/profile_images\/508353704773177344\/KyDqgIDk_normal.jpeg","profile_image_url_https":"https:\/\/pbs.twimg.com\/profile_images\/508353704773177344\/KyDqgIDk_normal.jpeg","profile_banner_url":"https:\/\/pbs.twimg.com\/profile_banners\/2787739465\/1410035385","default_profile":false,"default_profile_image":false,"following":null,"follow_request_sent":null,"notifications":null},"geo":null,"coordinates":null,"place":null,"contributors":null,"retweeted_status":{"created_at":"Fri Sep 11 23:08:43 +0000 2015","id":642474881616080897,"id_str":"642474881616080897","text":"#Putin und #Assad\nDie n\u00e4chste destabilisierende Kombination nach \"pro-russische Separatisten\".\nhttp:\/\/t.co\/09rbf1duWD http:\/\/t.co\/Unje2QVIlV","source":"\u003ca href=\"https:\/\/about.twitter.com\/products\/tweetdeck\" rel=\"nofollow\"\u003eTweetDeck\u003c\/a\u003e","truncated":false,"in_reply_to_status_id":null,"in_reply_to_status_id_str":null,"in_reply_to_user_id":null,"in_reply_to_user_id_str":null,"in_reply_to_screen_name":null,"user":{"id":428140124,"id_str":"428140124","name":"Julian R\u00f6pcke","screen_name":"JulianRoepcke","location":"Germany","url":"http:\/\/www.ConflictReport.info","description":"Journalist\nMultimedia-Redakteur \/ editor @BILD This is my private account RT+Fav\u2260endorsement","protected":false,"verified":false,"followers_count":26642,"friends_count":655,"listed_count":1179,"favourites_count":5733,"statuses_count":61354,"created_at":"Sun Dec 04 11:42:45 +0000 2011","utc_offset":7200,"time_zone":"Ljubljana","geo_enabled":true,"lang":"en","contributors_enabled":false,"is_translator":false,"profile_background_color":"D9E1EB","profile_background_image_url":"http:\/\/pbs.twimg.com\/profile_background_images\/473804611527008256\/TiGlqyyt.png","profile_background_image_url_https":"https:\/\/pbs.twimg.com\/profile_background_images\/473804611527008256\/TiGlqyyt.png","profile_background_tile":false,"profile_link_color":"0101DF","profile_sidebar_border_color":"000000","profile_sidebar_fill_color":"DDEEF6","profile_text_color":"333333","profile_use_background_image":false,"profile_image_url":"http:\/\/pbs.twimg.com\/profile_images\/637757546342809600\/fNLQ8bq6_normal.jpg","profile_image_url_https":"https:\/\/pbs.twimg.com\/profile_images\/637757546342809600\/fNLQ8bq6_normal.jpg","profile_banner_url":"https:\/\/pbs.twimg.com\/profile_banners\/428140124\/1430652535","default_profile":false,"default_profile_image":false,"following":null,"follow_request_sent":null,"notifications":null},"geo":null,"coordinates":null,"place":null,"contributors":null,"retweet_count":5,"favorite_count":0,"entities":{"hashtags":[{"text":"Putin","indices":[0,6]},{"text":"Assad","indices":[11,17]}],"trends":[],"urls":[{"url":"http:\/\/t.co\/09rbf1duWD","expanded_url":"http:\/\/www.bild.de\/politik\/ausland\/baschar-al-assad\/wunschliste-fuer-putin-42535154.bild.html","display_url":"bild.de\/politik\/auslan\u2026","indices":[95,117]}],"user_mentions":[],"symbols":[],"media":[{"id":642474781292515328,"id_str":"642474781292515328","indices":[118,140],"media_url":"http:\/\/pbs.twimg.com\/media\/COqHaNwWUAAHAY-.png","media_url_https":"https:\/\/pbs.twimg.com\/media\/COqHaNwWUAAHAY-.png","url":"http:\/\/t.co\/Unje2QVIlV","display_url":"pic.twitter.com\/Unje2QVIlV","expanded_url":"http:\/\/twitter.com\/JulianRoepcke\/status\/642474881616080897\/photo\/1","type":"photo","sizes":{"medium":{"w":494,"h":746,"resize":"fit"},"small":{"w":340,"h":513,"resize":"fit"},"thumb":{"w":150,"h":150,"resize":"crop"},"large":{"w":494,"h":746,"resize":"fit"}}}]},"extended_entities":{"media":[{"id":642474781292515328,"id_str":"642474781292515328","indices":[118,140],"media_url":"http:\/\/pbs.twimg.com\/media\/COqHaNwWUAAHAY-.png","media_url_https":"https:\/\/pbs.twimg.com\/media\/COqHaNwWUAAHAY-.png","url":"http:\/\/t.co\/Unje2QVIlV","display_url":"pic.twitter.com\/Unje2QVIlV","expanded_url":"http:\/\/twitter.com\/JulianRoepcke\/status\/642474881616080897\/photo\/1","type":"photo","sizes":{"medium":{"w":494,"h":746,"resize":"fit"},"small":{"w":340,"h":513,"resize":"fit"},"thumb":{"w":150,"h":150,"resize":"crop"},"large":{"w":494,"h":746,"resize":"fit"}}}]},"favorited":false,"retweeted":false,"possibly_sensitive":false,"filter_level":"low","lang":"de"},"retweet_count":0,"favorite_count":0,"entities":{"hashtags":[{"text":"Putin","indices":[19,25]},{"text":"Assad","indices":[30,36]}],"trends":[],"urls":[{"url":"http:\/\/t.co\/09rbf1duWD","expanded_url":"http:\/\/www.bild.de\/politik\/ausland\/baschar-al-assad\/wunschliste-fuer-putin-42535154.bild.html","display_url":"bild.de\/politik\/auslan\u2026","indices":[114,136]}],"user_mentions":[{"screen_name":"JulianRoepcke","name":"Julian R\u00f6pcke","id":428140124,"id_str":"428140124","indices":[3,17]}],"symbols":[],"media":[{"id":642474781292515328,"id_str":"642474781292515328","indices":[139,140],"media_url":"http:\/\/pbs.twimg.com\/media\/COqHaNwWUAAHAY-.png","media_url_https":"https:\/\/pbs.twimg.com\/media\/COqHaNwWUAAHAY-.png","url":"http:\/\/t.co\/Unje2QVIlV","display_url":"pic.twitter.com\/Unje2QVIlV","expanded_url":"http:\/\/twitter.com\/JulianRoepcke\/status\/642474881616080897\/photo\/1","type":"photo","sizes":{"medium":{"w":494,"h":746,"resize":"fit"},"small":{"w":340,"h":513,"resize":"fit"},"thumb":{"w":150,"h":150,"resize":"crop"},"large":{"w":494,"h":746,"resize":"fit"}},"source_status_id":642474881616080897,"source_status_id_str":"642474881616080897"}]},"extended_entities":{"media":[{"id":642474781292515328,"id_str":"642474781292515328","indices":[139,140],"media_url":"http:\/\/pbs.twimg.com\/media\/COqHaNwWUAAHAY-.png","media_url_https":"https:\/\/pbs.twimg.com\/media\/COqHaNwWUAAHAY-.png","url":"http:\/\/t.co\/Unje2QVIlV","display_url":"pic.twitter.com\/Unje2QVIlV","expanded_url":"http:\/\/twitter.com\/JulianRoepcke\/status\/642474881616080897\/photo\/1","type":"photo","sizes":{"medium":{"w":494,"h":746,"resize":"fit"},"small":{"w":340,"h":513,"resize":"fit"},"thumb":{"w":150,"h":150,"resize":"crop"},"large":{"w":494,"h":746,"resize":"fit"}},"source_status_id":642474881616080897,"source_status_id_str":"642474881616080897"}]},"favorited":false,"retweeted":false,"possibly_sensitive":false,"filter_level":"low","lang":"de","timestamp_ms":"1442016553976"}
