{"created_at":"Sat Sep 12 00:07:06 +0000 2015","id":642489576011902980,"id_str":"642489576011902980","text":"Rottenburg Rottenburg: Krieg als Mittel der Politik f\u00fcr immer ausschlie\u00dfen http:\/\/t.co\/LParvciWPG","source":"\u003ca href=\"http:\/\/twitterfeed.com\" rel=\"nofollow\"\u003etwitterfeed\u003c\/a\u003e","truncated":false,"in_reply_to_status_id":null,"in_reply_to_status_id_str":null,"in_reply_to_user_id":null,"in_reply_to_user_id_str":null,"in_reply_to_screen_name":null,"user":{"id":78870657,"id_str":"78870657","name":"LocalXXL Rottenburg","screen_name":"Rottenburg_","location":"","url":null,"description":null,"protected":false,"verified":false,"followers_count":14,"friends_count":0,"listed_count":0,"favourites_count":0,"statuses_count":2663,"created_at":"Thu Oct 01 10:46:37 +0000 2009","utc_offset":null,"time_zone":null,"geo_enabled":false,"lang":"en","contributors_enabled":false,"is_translator":false,"profile_background_color":"C0DEED","profile_background_image_url":"http:\/\/abs.twimg.com\/images\/themes\/theme1\/bg.png","profile_background_image_url_https":"https:\/\/abs.twimg.com\/images\/themes\/theme1\/bg.png","profile_background_tile":false,"profile_link_color":"0084B4","profile_sidebar_border_color":"C0DEED","profile_sidebar_fill_color":"DDEEF6","profile_text_color":"333333","profile_use_background_image":true,"profile_image_url":"http:\/\/abs.twimg.com\/sticky\/default_profile_images\/default_profile_5_normal.png","profile_image_url_https":"https:\/\/abs.twimg.com\/sticky\/default_profile_images\/default_profile_5_normal.png","default_profile":true,"default_profile_image":true,"following":null,"follow_request_sent":null,"notifications":null},"geo":null,"coordinates":null,"place":null,"contributors":null,"retweet_count":0,"favorite_count":0,"entities":{"hashtags":[],"trends":[],"urls":[{"url":"http:\/\/t.co\/LParvciWPG","expanded_url":"http:\/\/bit.ly\/1ggqyc4","display_url":"bit.ly\/1ggqyc4","indices":[75,97]}],"user_mentions":[],"symbols":[]},"favorited":false,"retweeted":false,"possibly_sensitive":false,"filter_level":"low","lang":"de","timestamp_ms":"1442016426457"}
