{"created_at":"Thu Sep 10 20:21:28 +0000 2015","id":642070404148895744,"id_str":"642070404148895744","text":"Und hat der Papst sie zum richtigen Glauben bekehrt? Oder l\u00e4uft der Exorzismus noch? #Fl\u00fcchtlinge #Vatikan","source":"\u003ca href=\"http:\/\/tweetlogix.com\" rel=\"nofollow\"\u003eTweetlogix\u003c\/a\u003e","truncated":false,"in_reply_to_status_id":null,"in_reply_to_status_id_str":null,"in_reply_to_user_id":null,"in_reply_to_user_id_str":null,"in_reply_to_screen_name":null,"user":{"id":1192432626,"id_str":"1192432626","name":"beam2zap","screen_name":"beam2zap","location":"Neben mir","url":null,"description":"ZAP und wech","protected":false,"verified":false,"followers_count":406,"friends_count":394,"listed_count":44,"favourites_count":5572,"statuses_count":6143,"created_at":"Mon Feb 18 08:13:40 +0000 2013","utc_offset":-25200,"time_zone":"Pacific Time (US & Canada)","geo_enabled":false,"lang":"de","contributors_enabled":false,"is_translator":false,"profile_background_color":"C0DEED","profile_background_image_url":"http:\/\/abs.twimg.com\/images\/themes\/theme1\/bg.png","profile_background_image_url_https":"https:\/\/abs.twimg.com\/images\/themes\/theme1\/bg.png","profile_background_tile":false,"profile_link_color":"0084B4","profile_sidebar_border_color":"C0DEED","profile_sidebar_fill_color":"DDEEF6","profile_text_color":"333333","profile_use_background_image":true,"profile_image_url":"http:\/\/pbs.twimg.com\/profile_images\/378800000092125094\/09bca74bc0dde3f9d350377ab3a89255_normal.jpeg","profile_image_url_https":"https:\/\/pbs.twimg.com\/profile_images\/378800000092125094\/09bca74bc0dde3f9d350377ab3a89255_normal.jpeg","profile_banner_url":"https:\/\/pbs.twimg.com\/profile_banners\/1192432626\/1440101561","default_profile":true,"default_profile_image":false,"following":null,"follow_request_sent":null,"notifications":null},"geo":null,"coordinates":null,"place":null,"contributors":null,"retweet_count":0,"favorite_count":0,"entities":{"hashtags":[{"text":"Fl\u00fcchtlinge","indices":[85,97]},{"text":"Vatikan","indices":[98,106]}],"trends":[],"urls":[],"user_mentions":[],"symbols":[]},"favorited":false,"retweeted":false,"possibly_sensitive":false,"filter_level":"low","lang":"de","timestamp_ms":"1441916488097"}
