{"created_at":"Thu Sep 10 20:23:51 +0000 2015","id":642071005662433281,"id_str":"642071005662433281","text":"RT @Tschompot: Moskau: Sperrung des Luftraums durch Sofia ist unfreundlicher Schritt http:\/\/t.co\/BVrh70q3hL via @de_sputnik","source":"\u003ca href=\"http:\/\/twitter.com\/download\/android\" rel=\"nofollow\"\u003eTwitter for Android\u003c\/a\u003e","truncated":false,"in_reply_to_status_id":null,"in_reply_to_status_id_str":null,"in_reply_to_user_id":null,"in_reply_to_user_id_str":null,"in_reply_to_screen_name":null,"user":{"id":2876345079,"id_str":"2876345079","name":"NormanKunz","screen_name":"NormanKunz","location":"","url":null,"description":null,"protected":false,"verified":false,"followers_count":189,"friends_count":341,"listed_count":13,"favourites_count":5454,"statuses_count":8069,"created_at":"Fri Nov 14 12:57:28 +0000 2014","utc_offset":null,"time_zone":null,"geo_enabled":false,"lang":"de","contributors_enabled":false,"is_translator":false,"profile_background_color":"C0DEED","profile_background_image_url":"http:\/\/abs.twimg.com\/images\/themes\/theme1\/bg.png","profile_background_image_url_https":"https:\/\/abs.twimg.com\/images\/themes\/theme1\/bg.png","profile_background_tile":false,"profile_link_color":"0084B4","profile_sidebar_border_color":"C0DEED","profile_sidebar_fill_color":"DDEEF6","profile_text_color":"333333","profile_use_background_image":true,"profile_image_url":"http:\/\/pbs.twimg.com\/profile_images\/533597082754748416\/ftkQlteL_normal.jpeg","profile_image_url_https":"https:\/\/pbs.twimg.com\/profile_images\/533597082754748416\/ftkQlteL_normal.jpeg","profile_banner_url":"https:\/\/pbs.twimg.com\/profile_banners\/2876345079\/1435161308","default_profile":true,"default_profile_image":false,"following":null,"follow_request_sent":null,"notifications":null},"geo":null,"coordinates":null,"place":null,"contributors":null,"retweeted_status":{"created_at":"Thu Sep 10 18:15:56 +0000 2015","id":642038812395352065,"id_str":"642038812395352065","text":"Moskau: Sperrung des Luftraums durch Sofia ist unfreundlicher Schritt http:\/\/t.co\/BVrh70q3hL via @de_sputnik","source":"\u003ca href=\"http:\/\/twitter.com\" rel=\"nofollow\"\u003eTwitter Web Client\u003c\/a\u003e","truncated":false,"in_reply_to_status_id":null,"in_reply_to_status_id_str":null,"in_reply_to_user_id":null,"in_reply_to_user_id_str":null,"in_reply_to_screen_name":null,"user":{"id":336449190,"id_str":"336449190","name":"Tschompot","screen_name":"Tschompot","location":"","url":null,"description":"Es rettet uns kein h\u00f6h'res Wesen...","protected":false,"verified":false,"followers_count":1297,"friends_count":1297,"listed_count":24,"favourites_count":8392,"statuses_count":6567,"created_at":"Sat Jul 16 09:26:47 +0000 2011","utc_offset":7200,"time_zone":"Berlin","geo_enabled":false,"lang":"de","contributors_enabled":false,"is_translator":false,"profile_background_color":"0D2530","profile_background_image_url":"http:\/\/pbs.twimg.com\/profile_background_images\/384364227\/twitter-back.jpg","profile_background_image_url_https":"https:\/\/pbs.twimg.com\/profile_background_images\/384364227\/twitter-back.jpg","profile_background_tile":false,"profile_link_color":"182866","profile_sidebar_border_color":"FFFFFF","profile_sidebar_fill_color":"ABB7C4","profile_text_color":"333333","profile_use_background_image":false,"profile_image_url":"http:\/\/pbs.twimg.com\/profile_images\/577149877454397440\/aD-cSKzv_normal.jpeg","profile_image_url_https":"https:\/\/pbs.twimg.com\/profile_images\/577149877454397440\/aD-cSKzv_normal.jpeg","profile_banner_url":"https:\/\/pbs.twimg.com\/profile_banners\/336449190\/1426531874","default_profile":false,"default_profile_image":false,"following":null,"follow_request_sent":null,"notifications":null},"geo":null,"coordinates":null,"place":null,"contributors":null,"retweet_count":2,"favorite_count":1,"entities":{"hashtags":[],"trends":[],"urls":[{"url":"http:\/\/t.co\/BVrh70q3hL","expanded_url":"http:\/\/de.sputniknews.com\/politik\/20150910\/304253029.html","display_url":"de.sputniknews.com\/politik\/201509\u2026","indices":[70,92]}],"user_mentions":[{"screen_name":"de_sputnik","name":"Sputnik Deutschland","id":253026595,"id_str":"253026595","indices":[97,108]}],"symbols":[]},"favorited":false,"retweeted":false,"possibly_sensitive":false,"filter_level":"low","lang":"de"},"retweet_count":0,"favorite_count":0,"entities":{"hashtags":[],"trends":[],"urls":[{"url":"http:\/\/t.co\/BVrh70q3hL","expanded_url":"http:\/\/de.sputniknews.com\/politik\/20150910\/304253029.html","display_url":"de.sputniknews.com\/politik\/201509\u2026","indices":[85,107]}],"user_mentions":[{"screen_name":"Tschompot","name":"Tschompot","id":336449190,"id_str":"336449190","indices":[3,13]},{"screen_name":"de_sputnik","name":"Sputnik Deutschland","id":253026595,"id_str":"253026595","indices":[112,123]}],"symbols":[]},"favorited":false,"retweeted":false,"possibly_sensitive":false,"filter_level":"low","lang":"de","timestamp_ms":"1441916631509"}
