{"created_at":"Fri Sep 11 23:43:08 +0000 2015","id":642483545995366400,"id_str":"642483545995366400","text":"RT @fluxusx: Weitersagen, damit es alle wissen: ab heute bef\u00f6rdert die #Bahn Fl\u00fcchtlinge und Begleiter kostenlos http:\/\/t.co\/0FDhRoFVON #re\u2026","source":"\u003ca href=\"http:\/\/twitter.com\/download\/android\" rel=\"nofollow\"\u003eTwitter for Android\u003c\/a\u003e","truncated":false,"in_reply_to_status_id":null,"in_reply_to_status_id_str":null,"in_reply_to_user_id":null,"in_reply_to_user_id_str":null,"in_reply_to_screen_name":null,"user":{"id":764087412,"id_str":"764087412","name":"MsStrange","screen_name":"BecciStrange","location":"","url":null,"description":"Manchmal sehe ich alles schwarz. Aber dann f\u00e4llt mir ein, schwarz ist meine Lieblingsfarbe.","protected":false,"verified":false,"followers_count":610,"friends_count":256,"listed_count":34,"favourites_count":31305,"statuses_count":25410,"created_at":"Fri Aug 17 17:12:45 +0000 2012","utc_offset":7200,"time_zone":"Berlin","geo_enabled":true,"lang":"de","contributors_enabled":false,"is_translator":false,"profile_background_color":"1A1B1F","profile_background_image_url":"http:\/\/abs.twimg.com\/images\/themes\/theme9\/bg.gif","profile_background_image_url_https":"https:\/\/abs.twimg.com\/images\/themes\/theme9\/bg.gif","profile_background_tile":false,"profile_link_color":"2FC2EF","profile_sidebar_border_color":"181A1E","profile_sidebar_fill_color":"252429","profile_text_color":"666666","profile_use_background_image":true,"profile_image_url":"http:\/\/pbs.twimg.com\/profile_images\/636153859803619328\/0M6T4UPs_normal.jpg","profile_image_url_https":"https:\/\/pbs.twimg.com\/profile_images\/636153859803619328\/0M6T4UPs_normal.jpg","profile_banner_url":"https:\/\/pbs.twimg.com\/profile_banners\/764087412\/1440505873","default_profile":false,"default_profile_image":false,"following":null,"follow_request_sent":null,"notifications":null},"geo":null,"coordinates":null,"place":null,"contributors":null,"retweeted_status":{"created_at":"Fri Sep 11 21:11:43 +0000 2015","id":642445440689008640,"id_str":"642445440689008640","text":"Weitersagen, damit es alle wissen: ab heute bef\u00f6rdert die #Bahn Fl\u00fcchtlinge und Begleiter kostenlos http:\/\/t.co\/0FDhRoFVON #refugeeswelcome","source":"\u003ca href=\"https:\/\/sites.google.com\/site\/tweentwitterclient\/\" rel=\"nofollow\"\u003eTween\u003c\/a\u003e","truncated":false,"in_reply_to_status_id":null,"in_reply_to_status_id_str":null,"in_reply_to_user_id":null,"in_reply_to_user_id_str":null,"in_reply_to_screen_name":null,"user":{"id":21809931,"id_str":"21809931","name":"fluxus","screen_name":"fluxusx","location":"Berlin","url":null,"description":null,"protected":false,"verified":false,"followers_count":3563,"friends_count":1439,"listed_count":184,"favourites_count":2034,"statuses_count":67935,"created_at":"Tue Feb 24 23:05:37 +0000 2009","utc_offset":7200,"time_zone":"Ljubljana","geo_enabled":false,"lang":"en","contributors_enabled":false,"is_translator":false,"profile_background_color":"000000","profile_background_image_url":"http:\/\/pbs.twimg.com\/profile_background_images\/392671472\/snake.gif","profile_background_image_url_https":"https:\/\/pbs.twimg.com\/profile_background_images\/392671472\/snake.gif","profile_background_tile":true,"profile_link_color":"009999","profile_sidebar_border_color":"EEEEEE","profile_sidebar_fill_color":"EFEFEF","profile_text_color":"333333","profile_use_background_image":true,"profile_image_url":"http:\/\/pbs.twimg.com\/profile_images\/522204631984664576\/sfX2XzU0_normal.png","profile_image_url_https":"https:\/\/pbs.twimg.com\/profile_images\/522204631984664576\/sfX2XzU0_normal.png","default_profile":false,"default_profile_image":false,"following":null,"follow_request_sent":null,"notifications":null},"geo":null,"coordinates":null,"place":null,"contributors":null,"retweet_count":103,"favorite_count":41,"entities":{"hashtags":[{"text":"Bahn","indices":[58,63]},{"text":"refugeeswelcome","indices":[123,139]}],"trends":[],"urls":[{"url":"http:\/\/t.co\/0FDhRoFVON","expanded_url":"http:\/\/www.spiegel.de\/wirtschaft\/unternehmen\/fluechtlinge-bahn-befoerdert-fluechtlinge-und-helfer-kostenlos-a-1052536.html","display_url":"spiegel.de\/wirtschaft\/unt\u2026","indices":[100,122]}],"user_mentions":[],"symbols":[]},"favorited":false,"retweeted":false,"possibly_sensitive":false,"filter_level":"low","lang":"de"},"retweet_count":0,"favorite_count":0,"entities":{"hashtags":[{"text":"Bahn","indices":[71,76]},{"text":"refugeeswelcome","indices":[136,140]}],"trends":[],"urls":[{"url":"http:\/\/t.co\/0FDhRoFVON","expanded_url":"http:\/\/www.spiegel.de\/wirtschaft\/unternehmen\/fluechtlinge-bahn-befoerdert-fluechtlinge-und-helfer-kostenlos-a-1052536.html","display_url":"spiegel.de\/wirtschaft\/unt\u2026","indices":[113,135]}],"user_mentions":[{"screen_name":"fluxusx","name":"fluxus","id":21809931,"id_str":"21809931","indices":[3,11]}],"symbols":[]},"favorited":false,"retweeted":false,"possibly_sensitive":false,"filter_level":"low","lang":"de","timestamp_ms":"1442014988789"}
