{"created_at":"Thu Sep 10 20:22:32 +0000 2015","id":642070674966757376,"id_str":"642070674966757376","text":"RT @YvonneBuergin: Meine politische Position liegt fast genau in der Mitte. Und deine? Probier's aus: https:\/\/t.co\/2SC9yLyEry #wahlCH15 htt\u2026","source":"\u003ca href=\"http:\/\/twitter.com\/download\/iphone\" rel=\"nofollow\"\u003eTwitter for iPhone\u003c\/a\u003e","truncated":false,"in_reply_to_status_id":null,"in_reply_to_status_id_str":null,"in_reply_to_user_id":null,"in_reply_to_user_id_str":null,"in_reply_to_screen_name":null,"user":{"id":164184258,"id_str":"164184258","name":"Dr. Josef Wiederkehr","screen_name":"JosefWiederkehr","location":"Dietikon","url":"http:\/\/josef-wiederkehr.ch","description":"Kantonsrat CVP (Vizefraktionspr\u00e4sident) Pr\u00e4sident Schweizerischer Ger\u00fcstbau-Unternehmer-Verbands Vizepr\u00e4sident der CVP Kt ZH, NR-Kandidat, in love with @b_sabse","protected":false,"verified":false,"followers_count":1317,"friends_count":1985,"listed_count":107,"favourites_count":11388,"statuses_count":26761,"created_at":"Thu Jul 08 07:04:28 +0000 2010","utc_offset":-7200,"time_zone":"Greenland","geo_enabled":true,"lang":"en","contributors_enabled":false,"is_translator":false,"profile_background_color":"C0DEED","profile_background_image_url":"http:\/\/abs.twimg.com\/images\/themes\/theme1\/bg.png","profile_background_image_url_https":"https:\/\/abs.twimg.com\/images\/themes\/theme1\/bg.png","profile_background_tile":false,"profile_link_color":"0084B4","profile_sidebar_border_color":"C0DEED","profile_sidebar_fill_color":"DDEEF6","profile_text_color":"333333","profile_use_background_image":true,"profile_image_url":"http:\/\/pbs.twimg.com\/profile_images\/490061604214812672\/MGy5-uNd_normal.jpeg","profile_image_url_https":"https:\/\/pbs.twimg.com\/profile_images\/490061604214812672\/MGy5-uNd_normal.jpeg","profile_banner_url":"https:\/\/pbs.twimg.com\/profile_banners\/164184258\/1408986614","default_profile":true,"default_profile_image":false,"following":null,"follow_request_sent":null,"notifications":null},"geo":null,"coordinates":null,"place":null,"contributors":null,"retweeted_status":{"created_at":"Thu Sep 10 15:07:18 +0000 2015","id":641991344144130049,"id_str":"641991344144130049","text":"Meine politische Position liegt fast genau in der Mitte. Und deine? Probier's aus: https:\/\/t.co\/2SC9yLyEry #wahlCH15 http:\/\/t.co\/XODCmBoNp6","source":"\u003ca href=\"http:\/\/twitter.com\" rel=\"nofollow\"\u003eTwitter Web Client\u003c\/a\u003e","truncated":false,"in_reply_to_status_id":null,"in_reply_to_status_id_str":null,"in_reply_to_user_id":null,"in_reply_to_user_id_str":null,"in_reply_to_screen_name":null,"user":{"id":2380493820,"id_str":"2380493820","name":"Yvonne B\u00fcrgin","screen_name":"YvonneBuergin","location":"8630 R\u00fcti","url":"http:\/\/www.yvonne-buergin.ch","description":"Familienmanagerin Gewerblerin Kantonsr\u00e4tin #krzh \/ Nationalratskandidatin f\u00fcr @CVP_Zuerich #Familie #Bildung #KMU #Energie Freizeit: Turnverein, Serienjunkie","protected":false,"verified":false,"followers_count":511,"friends_count":528,"listed_count":47,"favourites_count":1524,"statuses_count":1304,"created_at":"Sun Mar 09 13:50:09 +0000 2014","utc_offset":7200,"time_zone":"Bern","geo_enabled":false,"lang":"de","contributors_enabled":false,"is_translator":false,"profile_background_color":"FB8A05","profile_background_image_url":"http:\/\/pbs.twimg.com\/profile_background_images\/443660240886587392\/PM5xZgZu.png","profile_background_image_url_https":"https:\/\/pbs.twimg.com\/profile_background_images\/443660240886587392\/PM5xZgZu.png","profile_background_tile":false,"profile_link_color":"F58B3F","profile_sidebar_border_color":"04E0D6","profile_sidebar_fill_color":"B7005B","profile_text_color":"190025","profile_use_background_image":false,"profile_image_url":"http:\/\/pbs.twimg.com\/profile_images\/634023424629862400\/3ILQfarU_normal.jpg","profile_image_url_https":"https:\/\/pbs.twimg.com\/profile_images\/634023424629862400\/3ILQfarU_normal.jpg","profile_banner_url":"https:\/\/pbs.twimg.com\/profile_banners\/2380493820\/1441794367","default_profile":false,"default_profile_image":false,"following":null,"follow_request_sent":null,"notifications":null},"geo":null,"coordinates":null,"place":null,"contributors":null,"retweet_count":1,"favorite_count":0,"entities":{"hashtags":[{"text":"wahlCH15","indices":[107,116]}],"trends":[],"urls":[{"url":"https:\/\/t.co\/2SC9yLyEry","expanded_url":"https:\/\/www.vimentis.ch\/d\/wahlen\/?wahl=36","display_url":"vimentis.ch\/d\/wahlen\/?wahl\u2026","indices":[83,106]}],"user_mentions":[],"symbols":[],"media":[{"id":641991342437072896,"id_str":"641991342437072896","indices":[117,139],"media_url":"http:\/\/pbs.twimg.com\/media\/COjPuXrWgAAoAms.jpg","media_url_https":"https:\/\/pbs.twimg.com\/media\/COjPuXrWgAAoAms.jpg","url":"http:\/\/t.co\/XODCmBoNp6","display_url":"pic.twitter.com\/XODCmBoNp6","expanded_url":"http:\/\/twitter.com\/YvonneBuergin\/status\/641991344144130049\/photo\/1","type":"photo","sizes":{"small":{"w":340,"h":340,"resize":"fit"},"thumb":{"w":150,"h":150,"resize":"crop"},"medium":{"w":600,"h":600,"resize":"fit"},"large":{"w":1024,"h":1024,"resize":"fit"}}}]},"extended_entities":{"media":[{"id":641991342437072896,"id_str":"641991342437072896","indices":[117,139],"media_url":"http:\/\/pbs.twimg.com\/media\/COjPuXrWgAAoAms.jpg","media_url_https":"https:\/\/pbs.twimg.com\/media\/COjPuXrWgAAoAms.jpg","url":"http:\/\/t.co\/XODCmBoNp6","display_url":"pic.twitter.com\/XODCmBoNp6","expanded_url":"http:\/\/twitter.com\/YvonneBuergin\/status\/641991344144130049\/photo\/1","type":"photo","sizes":{"small":{"w":340,"h":340,"resize":"fit"},"thumb":{"w":150,"h":150,"resize":"crop"},"medium":{"w":600,"h":600,"resize":"fit"},"large":{"w":1024,"h":1024,"resize":"fit"}}}]},"favorited":false,"retweeted":false,"possibly_sensitive":false,"filter_level":"low","lang":"de"},"retweet_count":0,"favorite_count":0,"entities":{"hashtags":[{"text":"wahlCH15","indices":[126,135]}],"trends":[],"urls":[{"url":"https:\/\/t.co\/2SC9yLyEry","expanded_url":"https:\/\/www.vimentis.ch\/d\/wahlen\/?wahl=36","display_url":"vimentis.ch\/d\/wahlen\/?wahl\u2026","indices":[102,125]}],"user_mentions":[{"screen_name":"YvonneBuergin","name":"Yvonne B\u00fcrgin","id":2380493820,"id_str":"2380493820","indices":[3,17]}],"symbols":[],"media":[{"id":641991342437072896,"id_str":"641991342437072896","indices":[139,140],"media_url":"http:\/\/pbs.twimg.com\/media\/COjPuXrWgAAoAms.jpg","media_url_https":"https:\/\/pbs.twimg.com\/media\/COjPuXrWgAAoAms.jpg","url":"http:\/\/t.co\/XODCmBoNp6","display_url":"pic.twitter.com\/XODCmBoNp6","expanded_url":"http:\/\/twitter.com\/YvonneBuergin\/status\/641991344144130049\/photo\/1","type":"photo","sizes":{"small":{"w":340,"h":340,"resize":"fit"},"thumb":{"w":150,"h":150,"resize":"crop"},"medium":{"w":600,"h":600,"resize":"fit"},"large":{"w":1024,"h":1024,"resize":"fit"}},"source_status_id":641991344144130049,"source_status_id_str":"641991344144130049"}]},"extended_entities":{"media":[{"id":641991342437072896,"id_str":"641991342437072896","indices":[139,140],"media_url":"http:\/\/pbs.twimg.com\/media\/COjPuXrWgAAoAms.jpg","media_url_https":"https:\/\/pbs.twimg.com\/media\/COjPuXrWgAAoAms.jpg","url":"http:\/\/t.co\/XODCmBoNp6","display_url":"pic.twitter.com\/XODCmBoNp6","expanded_url":"http:\/\/twitter.com\/YvonneBuergin\/status\/641991344144130049\/photo\/1","type":"photo","sizes":{"small":{"w":340,"h":340,"resize":"fit"},"thumb":{"w":150,"h":150,"resize":"crop"},"medium":{"w":600,"h":600,"resize":"fit"},"large":{"w":1024,"h":1024,"resize":"fit"}},"source_status_id":641991344144130049,"source_status_id_str":"641991344144130049"}]},"favorited":false,"retweeted":false,"possibly_sensitive":false,"filter_level":"low","lang":"de","timestamp_ms":"1441916552665"}
