{"created_at":"Thu Sep 10 20:22:04 +0000 2015","id":642070554917347328,"id_str":"642070554917347328","text":"aus dem Krieg in das Chaos: Fl\u00fcchtlinge am Westbahnhof in Wien: \u201eDas M\u00f6glichste reicht nicht mehr\u201c - taz.de\n http:\/\/t.co\/EphoGRA8qq","source":"\u003ca href=\"http:\/\/twitter.com\" rel=\"nofollow\"\u003eTwitter Web Client\u003c\/a\u003e","truncated":false,"in_reply_to_status_id":null,"in_reply_to_status_id_str":null,"in_reply_to_user_id":null,"in_reply_to_user_id_str":null,"in_reply_to_screen_name":null,"user":{"id":28570350,"id_str":"28570350","name":"Frau Kulli","screen_name":"FrauKulli","location":"","url":"http:\/\/about.me\/AugustevonBlau","description":"Gl\u00fcck gehabt- Berlinerin geworden!","protected":false,"verified":false,"followers_count":951,"friends_count":901,"listed_count":128,"favourites_count":12246,"statuses_count":34412,"created_at":"Fri Apr 03 14:13:50 +0000 2009","utc_offset":7200,"time_zone":"Berlin","geo_enabled":false,"lang":"de","contributors_enabled":false,"is_translator":false,"profile_background_color":"000000","profile_background_image_url":"http:\/\/abs.twimg.com\/images\/themes\/theme1\/bg.png","profile_background_image_url_https":"https:\/\/abs.twimg.com\/images\/themes\/theme1\/bg.png","profile_background_tile":false,"profile_link_color":"89C9FA","profile_sidebar_border_color":"000000","profile_sidebar_fill_color":"000000","profile_text_color":"000000","profile_use_background_image":false,"profile_image_url":"http:\/\/pbs.twimg.com\/profile_images\/546578051056676865\/LrWaZcZ7_normal.jpeg","profile_image_url_https":"https:\/\/pbs.twimg.com\/profile_images\/546578051056676865\/LrWaZcZ7_normal.jpeg","profile_banner_url":"https:\/\/pbs.twimg.com\/profile_banners\/28570350\/1419153870","default_profile":false,"default_profile_image":false,"following":null,"follow_request_sent":null,"notifications":null},"geo":null,"coordinates":null,"place":null,"contributors":null,"retweet_count":0,"favorite_count":0,"entities":{"hashtags":[],"trends":[],"urls":[{"url":"http:\/\/t.co\/EphoGRA8qq","expanded_url":"http:\/\/www.taz.de\/!5231684\/","display_url":"taz.de\/!5231684\/","indices":[109,131]}],"user_mentions":[],"symbols":[]},"favorited":false,"retweeted":false,"possibly_sensitive":false,"filter_level":"low","lang":"de","timestamp_ms":"1441916524043"}
