{"created_at":"Thu Sep 10 20:27:05 +0000 2015","id":642071820242432001,"id_str":"642071820242432001","text":"Der eine kann nicht, der andere will nicht - Wenn Innenminister in einer Ausnahmesituation an ihren Aufgaben versagen http:\/\/t.co\/d3zHboZmWO","source":"\u003ca href=\"http:\/\/twitter.com\/download\/iphone\" rel=\"nofollow\"\u003eTwitter for iPhone\u003c\/a\u003e","truncated":false,"in_reply_to_status_id":null,"in_reply_to_status_id_str":null,"in_reply_to_user_id":null,"in_reply_to_user_id_str":null,"in_reply_to_screen_name":null,"user":{"id":81860171,"id_str":"81860171","name":"Rene ","screen_name":"MerkelsSchatten","location":"Hamburg \/ Templin \/ Berlin","url":"http:\/\/internetz-zeitung.eu\/index.php\/127-war-angela-merkel-als-stasi-im-beschaeftigt","description":"Kritischer Begleiter der netten opportunen A.Merkel&Co!War Sie eine Stasi-Helferin?Warum schweigt Sie&die Medien dazu? War Sie IM Erika? -Fremdinhalte-","protected":false,"verified":false,"followers_count":5313,"friends_count":5846,"listed_count":253,"favourites_count":39,"statuses_count":3707,"created_at":"Mon Oct 12 14:56:35 +0000 2009","utc_offset":7200,"time_zone":"Berlin","geo_enabled":false,"lang":"de","contributors_enabled":false,"is_translator":false,"profile_background_color":"022330","profile_background_image_url":"http:\/\/pbs.twimg.com\/profile_background_images\/289507805\/33142171z.jpg","profile_background_image_url_https":"https:\/\/pbs.twimg.com\/profile_background_images\/289507805\/33142171z.jpg","profile_background_tile":true,"profile_link_color":"0084B4","profile_sidebar_border_color":"A8C7F7","profile_sidebar_fill_color":"C0DFEC","profile_text_color":"333333","profile_use_background_image":true,"profile_image_url":"http:\/\/pbs.twimg.com\/profile_images\/466650904\/Merkel_schatten_normal.jpg","profile_image_url_https":"https:\/\/pbs.twimg.com\/profile_images\/466650904\/Merkel_schatten_normal.jpg","default_profile":false,"default_profile_image":false,"following":null,"follow_request_sent":null,"notifications":null},"geo":null,"coordinates":null,"place":null,"contributors":null,"retweet_count":0,"favorite_count":0,"entities":{"hashtags":[],"trends":[],"urls":[{"url":"http:\/\/t.co\/d3zHboZmWO","expanded_url":"http:\/\/www.l-iz.de\/politik\/sachsen\/2015\/09\/wenn-deutsche-innenminister-in-einer-ausnahmesituation-an-ihren-aufgaben-versagen-106770","display_url":"l-iz.de\/politik\/sachse\u2026","indices":[118,140]}],"user_mentions":[],"symbols":[]},"favorited":false,"retweeted":false,"possibly_sensitive":false,"filter_level":"low","lang":"de","timestamp_ms":"1441916825720"}
