{"created_at":"Thu Sep 10 20:27:14 +0000 2015","id":642071855340384257,"id_str":"642071855340384257","text":"RT @elsterpiraten: Kein Tag ohne Angriffe auf Fl\u00fcchtlinge und Fl\u00fcchtlingsunterk\u00fcnfte,kein Tag ohne rassistische Hetze auf der Stra\u00dfe und im\u2026","source":"\u003ca href=\"http:\/\/twitter.com\/download\/android\" rel=\"nofollow\"\u003eTwitter for Android\u003c\/a\u003e","truncated":false,"in_reply_to_status_id":null,"in_reply_to_status_id_str":null,"in_reply_to_user_id":null,"in_reply_to_user_id_str":null,"in_reply_to_screen_name":null,"user":{"id":781215445,"id_str":"781215445","name":"Holger Schwarzenroth","screen_name":"schwarzenroth","location":"","url":null,"description":null,"protected":false,"verified":false,"followers_count":55,"friends_count":91,"listed_count":20,"favourites_count":3136,"statuses_count":7765,"created_at":"Sat Aug 25 22:26:26 +0000 2012","utc_offset":null,"time_zone":null,"geo_enabled":false,"lang":"de","contributors_enabled":false,"is_translator":false,"profile_background_color":"C0DEED","profile_background_image_url":"http:\/\/abs.twimg.com\/images\/themes\/theme1\/bg.png","profile_background_image_url_https":"https:\/\/abs.twimg.com\/images\/themes\/theme1\/bg.png","profile_background_tile":false,"profile_link_color":"0084B4","profile_sidebar_border_color":"C0DEED","profile_sidebar_fill_color":"DDEEF6","profile_text_color":"333333","profile_use_background_image":true,"profile_image_url":"http:\/\/pbs.twimg.com\/profile_images\/484204324349042688\/vq0ae-lQ_normal.jpeg","profile_image_url_https":"https:\/\/pbs.twimg.com\/profile_images\/484204324349042688\/vq0ae-lQ_normal.jpeg","profile_banner_url":"https:\/\/pbs.twimg.com\/profile_banners\/781215445\/1404278279","default_profile":true,"default_profile_image":false,"following":null,"follow_request_sent":null,"notifications":null},"geo":null,"coordinates":null,"place":null,"contributors":null,"retweeted_status":{"created_at":"Thu Sep 10 17:24:33 +0000 2015","id":642025881725177857,"id_str":"642025881725177857","text":"Kein Tag ohne Angriffe auf Fl\u00fcchtlinge und Fl\u00fcchtlingsunterk\u00fcnfte,kein Tag ohne rassistische Hetze auf der Stra\u00dfe und im Netz. #Deutschland","source":"\u003ca href=\"http:\/\/www.twitter.com\" rel=\"nofollow\"\u003eTwitter for Windows\u003c\/a\u003e","truncated":false,"in_reply_to_status_id":null,"in_reply_to_status_id_str":null,"in_reply_to_user_id":null,"in_reply_to_user_id_str":null,"in_reply_to_screen_name":null,"user":{"id":176539798,"id_str":"176539798","name":"elsterpiraten","screen_name":"elsterpiraten","location":"","url":"http:\/\/elsterpiraten.blogsport.de","description":"RL in der Provinz","protected":false,"verified":false,"followers_count":226,"friends_count":121,"listed_count":10,"favourites_count":401,"statuses_count":3040,"created_at":"Mon Aug 09 20:26:09 +0000 2010","utc_offset":7200,"time_zone":"Berlin","geo_enabled":false,"lang":"de","contributors_enabled":false,"is_translator":false,"profile_background_color":"18780D","profile_background_image_url":"http:\/\/pbs.twimg.com\/profile_background_images\/664520843\/17c334a4a1224bb33250762bf9511b51.jpeg","profile_background_image_url_https":"https:\/\/pbs.twimg.com\/profile_background_images\/664520843\/17c334a4a1224bb33250762bf9511b51.jpeg","profile_background_tile":true,"profile_link_color":"374347","profile_sidebar_border_color":"FFFFFF","profile_sidebar_fill_color":"A9CBD9","profile_text_color":"333333","profile_use_background_image":true,"profile_image_url":"http:\/\/pbs.twimg.com\/profile_images\/1101298772\/follow.your.leader_-_Kopie_normal.jpg","profile_image_url_https":"https:\/\/pbs.twimg.com\/profile_images\/1101298772\/follow.your.leader_-_Kopie_normal.jpg","profile_banner_url":"https:\/\/pbs.twimg.com\/profile_banners\/176539798\/1424803681","default_profile":false,"default_profile_image":false,"following":null,"follow_request_sent":null,"notifications":null},"geo":null,"coordinates":null,"place":null,"contributors":null,"retweet_count":3,"favorite_count":0,"entities":{"hashtags":[{"text":"Deutschland","indices":[127,139]}],"trends":[],"urls":[],"user_mentions":[],"symbols":[]},"favorited":false,"retweeted":false,"possibly_sensitive":false,"filter_level":"low","lang":"de"},"retweet_count":0,"favorite_count":0,"entities":{"hashtags":[{"text":"Deutschland","indices":[139,140]}],"trends":[],"urls":[],"user_mentions":[{"screen_name":"elsterpiraten","name":"elsterpiraten","id":176539798,"id_str":"176539798","indices":[3,17]}],"symbols":[]},"favorited":false,"retweeted":false,"possibly_sensitive":false,"filter_level":"low","lang":"de","timestamp_ms":"1441916834088"}
