{"created_at":"Thu Sep 10 20:28:50 +0000 2015","id":642072260531109888,"id_str":"642072260531109888","text":"RT @lemanshots: Kontakt f\u00fcr freiwillige Helfer in #M\u00fcnchen: blauer Infobus am Elisenhof.Dort werdenHilfsaktionen koordiniert.\n#fluechtlinge\u2026","source":"\u003ca href=\"http:\/\/twitter.com\" rel=\"nofollow\"\u003eTwitter Web Client\u003c\/a\u003e","truncated":false,"in_reply_to_status_id":null,"in_reply_to_status_id_str":null,"in_reply_to_user_id":null,"in_reply_to_user_id_str":null,"in_reply_to_screen_name":null,"user":{"id":184517401,"id_str":"184517401","name":"\u30c3","screen_name":"newborl","location":"\u00b7 \u00b7 Schuttgart\u00b7\u00b7  DE   \u00b7 \u00b7 \u00b7 ","url":null,"description":"Leute die Rassisten folgen oder Nazismus relativieren, ficken sich bitte ins Knie, aber folgen mir nicht, danke!","protected":false,"verified":false,"followers_count":581,"friends_count":554,"listed_count":74,"favourites_count":44752,"statuses_count":61944,"created_at":"Sun Aug 29 19:37:30 +0000 2010","utc_offset":7200,"time_zone":"Amsterdam","geo_enabled":true,"lang":"de","contributors_enabled":false,"is_translator":false,"profile_background_color":"C6E2EE","profile_background_image_url":"http:\/\/pbs.twimg.com\/profile_background_images\/616749606613962753\/baNChIuz.jpg","profile_background_image_url_https":"https:\/\/pbs.twimg.com\/profile_background_images\/616749606613962753\/baNChIuz.jpg","profile_background_tile":false,"profile_link_color":"4A913C","profile_sidebar_border_color":"FFFFFF","profile_sidebar_fill_color":"DAECF4","profile_text_color":"663B12","profile_use_background_image":true,"profile_image_url":"http:\/\/pbs.twimg.com\/profile_images\/635926237043642369\/a8vwTwyR_normal.jpg","profile_image_url_https":"https:\/\/pbs.twimg.com\/profile_images\/635926237043642369\/a8vwTwyR_normal.jpg","profile_banner_url":"https:\/\/pbs.twimg.com\/profile_banners\/184517401\/1441843733","default_profile":false,"default_profile_image":false,"following":null,"follow_request_sent":null,"notifications":null},"geo":null,"coordinates":null,"place":null,"contributors":null,"retweeted_status":{"created_at":"Thu Sep 10 08:08:18 +0000 2015","id":641885896753721344,"id_str":"641885896753721344","text":"Kontakt f\u00fcr freiwillige Helfer in #M\u00fcnchen: blauer Infobus am Elisenhof.Dort werdenHilfsaktionen koordiniert.\n#fluechtlinge #refugeeswelcome","source":"\u003ca href=\"http:\/\/twitter.com\/download\/android\" rel=\"nofollow\"\u003eTwitter for Android\u003c\/a\u003e","truncated":false,"in_reply_to_status_id":null,"in_reply_to_status_id_str":null,"in_reply_to_user_id":null,"in_reply_to_user_id_str":null,"in_reply_to_screen_name":null,"user":{"id":1089830286,"id_str":"1089830286","name":"Josephine","screen_name":"lemanshots","location":"","url":null,"description":"http:\/\/lemanshots.wordpress.com","protected":false,"verified":false,"followers_count":2169,"friends_count":1455,"listed_count":90,"favourites_count":49473,"statuses_count":40825,"created_at":"Mon Jan 14 18:51:37 +0000 2013","utc_offset":7200,"time_zone":"Amsterdam","geo_enabled":false,"lang":"de","contributors_enabled":false,"is_translator":false,"profile_background_color":"C0DEED","profile_background_image_url":"http:\/\/abs.twimg.com\/images\/themes\/theme1\/bg.png","profile_background_image_url_https":"https:\/\/abs.twimg.com\/images\/themes\/theme1\/bg.png","profile_background_tile":false,"profile_link_color":"0084B4","profile_sidebar_border_color":"C0DEED","profile_sidebar_fill_color":"DDEEF6","profile_text_color":"333333","profile_use_background_image":true,"profile_image_url":"http:\/\/pbs.twimg.com\/profile_images\/502135548064964608\/P7qRo8-M_normal.jpeg","profile_image_url_https":"https:\/\/pbs.twimg.com\/profile_images\/502135548064964608\/P7qRo8-M_normal.jpeg","default_profile":true,"default_profile_image":false,"following":null,"follow_request_sent":null,"notifications":null},"geo":null,"coordinates":null,"place":null,"contributors":null,"retweet_count":8,"favorite_count":2,"entities":{"hashtags":[{"text":"M\u00fcnchen","indices":[34,42]},{"text":"fluechtlinge","indices":[110,123]},{"text":"refugeeswelcome","indices":[124,140]}],"trends":[],"urls":[],"user_mentions":[],"symbols":[]},"favorited":false,"retweeted":false,"possibly_sensitive":false,"filter_level":"low","lang":"de"},"retweet_count":0,"favorite_count":0,"entities":{"hashtags":[{"text":"M\u00fcnchen","indices":[50,58]},{"text":"fluechtlinge","indices":[126,139]},{"text":"refugeeswelcome","indices":[139,140]}],"trends":[],"urls":[],"user_mentions":[{"screen_name":"lemanshots","name":"Josephine","id":1089830286,"id_str":"1089830286","indices":[3,14]}],"symbols":[]},"favorited":false,"retweeted":false,"possibly_sensitive":false,"filter_level":"low","lang":"de","timestamp_ms":"1441916930693"}
