{"created_at":"Thu Sep 10 20:26:34 +0000 2015","id":642071689245913092,"id_str":"642071689245913092","text":"Fl\u00fcchtlinge und die Rolle der USA: Es w\u00e4re so einfach: alle, ob Medien, PolitikerInnen, NGOs, fordern beharrli... http:\/\/t.co\/ERV5nwiS2s","source":"\u003ca href=\"http:\/\/twitterfeed.com\" rel=\"nofollow\"\u003etwitterfeed\u003c\/a\u003e","truncated":false,"in_reply_to_status_id":null,"in_reply_to_status_id_str":null,"in_reply_to_user_id":null,"in_reply_to_user_id_str":null,"in_reply_to_screen_name":null,"user":{"id":376023216,"id_str":"376023216","name":"Propagare News","screen_name":"propagare_de","location":"Germany","url":"http:\/\/www.propagare.de","description":null,"protected":false,"verified":false,"followers_count":1211,"friends_count":1059,"listed_count":13,"favourites_count":8,"statuses_count":22706,"created_at":"Mon Sep 19 05:09:30 +0000 2011","utc_offset":7200,"time_zone":"Berlin","geo_enabled":false,"lang":"de","contributors_enabled":false,"is_translator":false,"profile_background_color":"131516","profile_background_image_url":"http:\/\/pbs.twimg.com\/profile_background_images\/332899054\/propa.JPG","profile_background_image_url_https":"https:\/\/pbs.twimg.com\/profile_background_images\/332899054\/propa.JPG","profile_background_tile":true,"profile_link_color":"009999","profile_sidebar_border_color":"EEEEEE","profile_sidebar_fill_color":"EFEFEF","profile_text_color":"333333","profile_use_background_image":true,"profile_image_url":"http:\/\/pbs.twimg.com\/profile_images\/1572935475\/Propagare.de_normal.jpg","profile_image_url_https":"https:\/\/pbs.twimg.com\/profile_images\/1572935475\/Propagare.de_normal.jpg","default_profile":false,"default_profile_image":false,"following":null,"follow_request_sent":null,"notifications":null},"geo":null,"coordinates":null,"place":null,"contributors":null,"retweet_count":0,"favorite_count":0,"entities":{"hashtags":[],"trends":[],"urls":[{"url":"http:\/\/t.co\/ERV5nwiS2s","expanded_url":"http:\/\/bit.ly\/1JYepRN","display_url":"bit.ly\/1JYepRN","indices":[114,136]}],"user_mentions":[],"symbols":[]},"favorited":false,"retweeted":false,"possibly_sensitive":false,"filter_level":"low","lang":"de","timestamp_ms":"1441916794488"}
