{"created_at":"Thu Sep 10 20:25:06 +0000 2015","id":642071321346744320,"id_str":"642071321346744320","text":"RT @FreiheitHofer: Ich muss hier zur Grossdemo gegen unser Regierung aufrufen. ...das Volk wird systematisch verar...und betrogen...machen \u2026","source":"\u003ca href=\"http:\/\/twitter.com\/download\/iphone\" rel=\"nofollow\"\u003eTwitter for iPhone\u003c\/a\u003e","truncated":false,"in_reply_to_status_id":null,"in_reply_to_status_id_str":null,"in_reply_to_user_id":null,"in_reply_to_user_id_str":null,"in_reply_to_screen_name":null,"user":{"id":3401886922,"id_str":"3401886922","name":"Rough Rider","screen_name":"roughrider1312","location":"","url":null,"description":"antiislam\/anti wirtschagtsfl\u00fcchtlinge\/ t\u00e4towierer\/ \u00fcberfremdungskritisch","protected":false,"verified":false,"followers_count":18,"friends_count":48,"listed_count":0,"favourites_count":178,"statuses_count":169,"created_at":"Mon Aug 03 21:25:12 +0000 2015","utc_offset":null,"time_zone":null,"geo_enabled":false,"lang":"de","contributors_enabled":false,"is_translator":false,"profile_background_color":"C0DEED","profile_background_image_url":"http:\/\/abs.twimg.com\/images\/themes\/theme1\/bg.png","profile_background_image_url_https":"https:\/\/abs.twimg.com\/images\/themes\/theme1\/bg.png","profile_background_tile":false,"profile_link_color":"0084B4","profile_sidebar_border_color":"C0DEED","profile_sidebar_fill_color":"DDEEF6","profile_text_color":"333333","profile_use_background_image":true,"profile_image_url":"http:\/\/pbs.twimg.com\/profile_images\/628317117079797760\/ubt91hVJ_normal.jpg","profile_image_url_https":"https:\/\/pbs.twimg.com\/profile_images\/628317117079797760\/ubt91hVJ_normal.jpg","default_profile":true,"default_profile_image":false,"following":null,"follow_request_sent":null,"notifications":null},"geo":null,"coordinates":null,"place":null,"contributors":null,"retweeted_status":{"created_at":"Thu Sep 10 17:53:30 +0000 2015","id":642033168883826688,"id_str":"642033168883826688","text":"Ich muss hier zur Grossdemo gegen unser Regierung aufrufen. ...das Volk wird systematisch verar...und betrogen...machen wir endlich Schluss","source":"\u003ca href=\"http:\/\/twitter.com\/download\/android\" rel=\"nofollow\"\u003eTwitter for Android\u003c\/a\u003e","truncated":false,"in_reply_to_status_id":null,"in_reply_to_status_id_str":null,"in_reply_to_user_id":null,"in_reply_to_user_id_str":null,"in_reply_to_screen_name":null,"user":{"id":2948748281,"id_str":"2948748281","name":"Andreas Hofer","screen_name":"FreiheitHofer","location":"Freiheit-Widerstandsk\u00e4mpfer","url":null,"description":"Querdenker  und nicht angepasster Weltb\u00fcrger ! Deutschland muss reformiert werden..durch das Volk.Lasst uns gemeinsam marschieren.","protected":false,"verified":false,"followers_count":1093,"friends_count":1548,"listed_count":35,"favourites_count":24065,"statuses_count":14876,"created_at":"Mon Dec 29 08:01:06 +0000 2014","utc_offset":null,"time_zone":null,"geo_enabled":true,"lang":"de","contributors_enabled":false,"is_translator":false,"profile_background_color":"C0DEED","profile_background_image_url":"http:\/\/abs.twimg.com\/images\/themes\/theme1\/bg.png","profile_background_image_url_https":"https:\/\/abs.twimg.com\/images\/themes\/theme1\/bg.png","profile_background_tile":false,"profile_link_color":"0084B4","profile_sidebar_border_color":"C0DEED","profile_sidebar_fill_color":"DDEEF6","profile_text_color":"333333","profile_use_background_image":true,"profile_image_url":"http:\/\/pbs.twimg.com\/profile_images\/553516199988826112\/rmBlXtfn_normal.jpeg","profile_image_url_https":"https:\/\/pbs.twimg.com\/profile_images\/553516199988826112\/rmBlXtfn_normal.jpeg","profile_banner_url":"https:\/\/pbs.twimg.com\/profile_banners\/2948748281\/1420799285","default_profile":true,"default_profile_image":false,"following":null,"follow_request_sent":null,"notifications":null},"geo":null,"coordinates":null,"place":null,"contributors":null,"retweet_count":5,"favorite_count":4,"entities":{"hashtags":[],"trends":[],"urls":[],"user_mentions":[],"symbols":[]},"favorited":false,"retweeted":false,"possibly_sensitive":false,"filter_level":"low","lang":"de"},"retweet_count":0,"favorite_count":0,"entities":{"hashtags":[],"trends":[],"urls":[],"user_mentions":[{"screen_name":"FreiheitHofer","name":"Andreas Hofer","id":2948748281,"id_str":"2948748281","indices":[3,17]}],"symbols":[]},"favorited":false,"retweeted":false,"possibly_sensitive":false,"filter_level":"low","lang":"de","timestamp_ms":"1441916706774"}
