{"created_at":"Fri Sep 11 23:56:43 +0000 2015","id":642486962927063040,"id_str":"642486962927063040","text":"RT @RadioDresden: 200 Fl\u00fcchtlinge aus der Heeresoffizierschule in #Dresden sind einfach verschwunden: http:\/\/t.co\/NeajTrlkAz","source":"\u003ca href=\"https:\/\/about.twitter.com\/products\/tweetdeck\" rel=\"nofollow\"\u003eTweetDeck\u003c\/a\u003e","truncated":false,"in_reply_to_status_id":null,"in_reply_to_status_id_str":null,"in_reply_to_user_id":null,"in_reply_to_user_id_str":null,"in_reply_to_screen_name":null,"user":{"id":1479288224,"id_str":"1479288224","name":"Pinky Rutherford","screen_name":"PinkyRutherford","location":"","url":null,"description":"MEHR: Liberalismus, Demokratie, Bildung, Subsidiarit\u00e4t, Gewaltenteilung, Tierschutz  WENIGER: Sozialismus, Zentralismus, Eurokratie, \u00dcberwachung, WarOnAnything","protected":false,"verified":false,"followers_count":135,"friends_count":168,"listed_count":7,"favourites_count":1380,"statuses_count":2713,"created_at":"Mon Jun 03 09:27:57 +0000 2013","utc_offset":7200,"time_zone":"Berlin","geo_enabled":false,"lang":"de","contributors_enabled":false,"is_translator":false,"profile_background_color":"C0DEED","profile_background_image_url":"http:\/\/pbs.twimg.com\/profile_background_images\/378800000048147120\/5eb57626f43160c24cd722bc727c7c4a.png","profile_background_image_url_https":"https:\/\/pbs.twimg.com\/profile_background_images\/378800000048147120\/5eb57626f43160c24cd722bc727c7c4a.png","profile_background_tile":true,"profile_link_color":"000000","profile_sidebar_border_color":"FFFFFF","profile_sidebar_fill_color":"DDEEF6","profile_text_color":"0084B4","profile_use_background_image":true,"profile_image_url":"http:\/\/pbs.twimg.com\/profile_images\/465682190886379520\/cTBH6aCW_normal.jpeg","profile_image_url_https":"https:\/\/pbs.twimg.com\/profile_images\/465682190886379520\/cTBH6aCW_normal.jpeg","profile_banner_url":"https:\/\/pbs.twimg.com\/profile_banners\/1479288224\/1399897669","default_profile":false,"default_profile_image":false,"following":null,"follow_request_sent":null,"notifications":null},"geo":null,"coordinates":null,"place":null,"contributors":null,"retweeted_status":{"created_at":"Fri Sep 11 15:23:26 +0000 2015","id":642357790988763137,"id_str":"642357790988763137","text":"200 Fl\u00fcchtlinge aus der Heeresoffizierschule in #Dresden sind einfach verschwunden: http:\/\/t.co\/NeajTrlkAz","source":"\u003ca href=\"http:\/\/twitter.com\" rel=\"nofollow\"\u003eTwitter Web Client\u003c\/a\u003e","truncated":false,"in_reply_to_status_id":null,"in_reply_to_status_id_str":null,"in_reply_to_user_id":null,"in_reply_to_user_id_str":null,"in_reply_to_screen_name":null,"user":{"id":20851379,"id_str":"20851379","name":"Radio Dresden","screen_name":"RadioDresden","location":"Dresden","url":"http:\/\/www.radiodresden.de","description":"Aktuelle Nachrichten aus Dresden","protected":false,"verified":false,"followers_count":5989,"friends_count":399,"listed_count":182,"favourites_count":2977,"statuses_count":20185,"created_at":"Sat Feb 14 15:08:58 +0000 2009","utc_offset":7200,"time_zone":"Berlin","geo_enabled":true,"lang":"de","contributors_enabled":false,"is_translator":false,"profile_background_color":"C0DEED","profile_background_image_url":"http:\/\/pbs.twimg.com\/profile_background_images\/181462503\/Twitter-Template.jpg","profile_background_image_url_https":"https:\/\/pbs.twimg.com\/profile_background_images\/181462503\/Twitter-Template.jpg","profile_background_tile":false,"profile_link_color":"0084B4","profile_sidebar_border_color":"C0DEED","profile_sidebar_fill_color":"DDEEF6","profile_text_color":"333333","profile_use_background_image":true,"profile_image_url":"http:\/\/pbs.twimg.com\/profile_images\/378800000824545000\/1945ce91e56a609ad51379a1d3b96908_normal.jpeg","profile_image_url_https":"https:\/\/pbs.twimg.com\/profile_images\/378800000824545000\/1945ce91e56a609ad51379a1d3b96908_normal.jpeg","profile_banner_url":"https:\/\/pbs.twimg.com\/profile_banners\/20851379\/1359110626","default_profile":false,"default_profile_image":false,"following":null,"follow_request_sent":null,"notifications":null},"geo":null,"coordinates":null,"place":{"id":"00e647d09931fc10","url":"https:\/\/api.twitter.com\/1.1\/geo\/id\/00e647d09931fc10.json","place_type":"admin","name":"Dresden","full_name":"Dresden, Sachsen","country_code":"DE","country":"Deutschland","bounding_box":{"type":"Polygon","coordinates":[[[13.579443,50.975948],[13.579443,51.177706],[13.965473,51.177706],[13.965473,50.975948]]]},"attributes":{}},"contributors":null,"retweet_count":22,"favorite_count":10,"entities":{"hashtags":[{"text":"Dresden","indices":[48,56]}],"trends":[],"urls":[{"url":"http:\/\/t.co\/NeajTrlkAz","expanded_url":"http:\/\/www.radiodresden.de\/nachrichten\/lokalnachrichten\/200-fluechtlinge-aus-heeresoffizierschule-spurlos-verschwunden-1163560\/","display_url":"radiodresden.de\/nachrichten\/lo\u2026","indices":[84,106]}],"user_mentions":[],"symbols":[]},"favorited":false,"retweeted":false,"possibly_sensitive":false,"filter_level":"low","lang":"de"},"retweet_count":0,"favorite_count":0,"entities":{"hashtags":[{"text":"Dresden","indices":[66,74]}],"trends":[],"urls":[{"url":"http:\/\/t.co\/NeajTrlkAz","expanded_url":"http:\/\/www.radiodresden.de\/nachrichten\/lokalnachrichten\/200-fluechtlinge-aus-heeresoffizierschule-spurlos-verschwunden-1163560\/","display_url":"radiodresden.de\/nachrichten\/lo\u2026","indices":[102,124]}],"user_mentions":[{"screen_name":"RadioDresden","name":"Radio Dresden","id":20851379,"id_str":"20851379","indices":[3,16]}],"symbols":[]},"favorited":false,"retweeted":false,"possibly_sensitive":false,"filter_level":"low","lang":"de","timestamp_ms":"1442015803449"}
