{"created_at":"Thu Sep 10 20:24:46 +0000 2015","id":642071235027976192,"id_str":"642071235027976192","text":"Naja, Freundlichkeit haben sie schon gelernt\nDas wird schon :-)\n#Fluechtlingskrise #fluechtlingewillkommen  https:\/\/t.co\/GN8z6fJk1j","source":"\u003ca href=\"http:\/\/twitter.com\" rel=\"nofollow\"\u003eTwitter Web Client\u003c\/a\u003e","truncated":false,"in_reply_to_status_id":null,"in_reply_to_status_id_str":null,"in_reply_to_user_id":null,"in_reply_to_user_id_str":null,"in_reply_to_screen_name":null,"user":{"id":3096791550,"id_str":"3096791550","name":"Oliver","screen_name":"OliZeit","location":"","url":null,"description":null,"protected":false,"verified":false,"followers_count":18,"friends_count":24,"listed_count":0,"favourites_count":101,"statuses_count":1087,"created_at":"Thu Mar 19 00:09:01 +0000 2015","utc_offset":null,"time_zone":null,"geo_enabled":false,"lang":"de","contributors_enabled":false,"is_translator":false,"profile_background_color":"000000","profile_background_image_url":"http:\/\/abs.twimg.com\/images\/themes\/theme1\/bg.png","profile_background_image_url_https":"https:\/\/abs.twimg.com\/images\/themes\/theme1\/bg.png","profile_background_tile":false,"profile_link_color":"0084B4","profile_sidebar_border_color":"000000","profile_sidebar_fill_color":"000000","profile_text_color":"000000","profile_use_background_image":false,"profile_image_url":"http:\/\/pbs.twimg.com\/profile_images\/578358341900070912\/FMJVy9Nk_normal.jpeg","profile_image_url_https":"https:\/\/pbs.twimg.com\/profile_images\/578358341900070912\/FMJVy9Nk_normal.jpeg","profile_banner_url":"https:\/\/pbs.twimg.com\/profile_banners\/3096791550\/1426726323","default_profile":false,"default_profile_image":false,"following":null,"follow_request_sent":null,"notifications":null},"geo":null,"coordinates":null,"place":null,"contributors":null,"quoted_status_id":642064037413568512,"quoted_status_id_str":"642064037413568512","quoted_status":{"created_at":"Thu Sep 10 19:56:10 +0000 2015","id":642064037413568512,"id_str":"642064037413568512","text":"Typisch #Fl\u00fcchtlinge: lassen einen sp\u00e4tabends an der Supermarktkasse vor und l\u00e4cheln auch noch dabei. #refugeeswelcome","source":"\u003ca href=\"http:\/\/twitter.com\/download\/iphone\" rel=\"nofollow\"\u003eTwitter for iPhone\u003c\/a\u003e","truncated":false,"in_reply_to_status_id":null,"in_reply_to_status_id_str":null,"in_reply_to_user_id":null,"in_reply_to_user_id_str":null,"in_reply_to_screen_name":null,"user":{"id":553831200,"id_str":"553831200","name":"Markus Engelhardt","screen_name":"frei_los","location":"","url":"http:\/\/freilos.blogspot.de\/","description":"Ich schreibe meine Dialoge selbst. - Hier privat, auf @kartoffelsitz (mit @kiwein) \u00fcber TV und Kino, als Online-Teamleiter auf @mittelhessende (mit Kollegen).","protected":false,"verified":false,"followers_count":203,"friends_count":224,"listed_count":16,"favourites_count":1511,"statuses_count":3033,"created_at":"Sat Apr 14 18:44:49 +0000 2012","utc_offset":7200,"time_zone":"Amsterdam","geo_enabled":true,"lang":"de","contributors_enabled":false,"is_translator":false,"profile_background_color":"131516","profile_background_image_url":"http:\/\/abs.twimg.com\/images\/themes\/theme14\/bg.gif","profile_background_image_url_https":"https:\/\/abs.twimg.com\/images\/themes\/theme14\/bg.gif","profile_background_tile":true,"profile_link_color":"439418","profile_sidebar_border_color":"FFFFFF","profile_sidebar_fill_color":"EFEFEF","profile_text_color":"333333","profile_use_background_image":true,"profile_image_url":"http:\/\/pbs.twimg.com\/profile_images\/598497003602051072\/k8o1VuTu_normal.jpg","profile_image_url_https":"https:\/\/pbs.twimg.com\/profile_images\/598497003602051072\/k8o1VuTu_normal.jpg","profile_banner_url":"https:\/\/pbs.twimg.com\/profile_banners\/553831200\/1389330672","default_profile":false,"default_profile_image":false,"following":null,"follow_request_sent":null,"notifications":null},"geo":null,"coordinates":null,"place":null,"contributors":null,"retweet_count":0,"favorite_count":0,"entities":{"hashtags":[{"text":"Fl\u00fcchtlinge","indices":[8,20]},{"text":"refugeeswelcome","indices":[102,118]}],"trends":[],"urls":[],"user_mentions":[],"symbols":[]},"favorited":false,"retweeted":false,"possibly_sensitive":false,"filter_level":"low","lang":"de"},"retweet_count":0,"favorite_count":0,"entities":{"hashtags":[{"text":"Fluechtlingskrise","indices":[64,82]},{"text":"fluechtlingewillkommen","indices":[83,106]}],"trends":[],"urls":[{"url":"https:\/\/t.co\/GN8z6fJk1j","expanded_url":"https:\/\/twitter.com\/frei_los\/status\/642064037413568512","display_url":"twitter.com\/frei_los\/statu\u2026","indices":[108,131]}],"user_mentions":[],"symbols":[]},"favorited":false,"retweeted":false,"possibly_sensitive":false,"filter_level":"low","lang":"de","timestamp_ms":"1441916686194"}
