{"created_at":"Thu Sep 10 20:21:18 +0000 2015","id":642070365234200576,"id_str":"642070365234200576","text":"@cem_oezdemir Kurdische Politiker unterst\u00fctzen die PKK und drohen der Regierung! Welcher Staat duldet dues!Medien hetzen, Berichten falsch!","source":"\u003ca href=\"http:\/\/twitter.com\/download\/iphone\" rel=\"nofollow\"\u003eTwitter for iPhone\u003c\/a\u003e","truncated":false,"in_reply_to_status_id":642014106283831296,"in_reply_to_status_id_str":"642014106283831296","in_reply_to_user_id":19108766,"in_reply_to_user_id_str":"19108766","in_reply_to_screen_name":"cem_oezdemir","user":{"id":1051522039,"id_str":"1051522039","name":"Mel","screen_name":"melekgmx","location":"","url":null,"description":null,"protected":false,"verified":false,"followers_count":2,"friends_count":21,"listed_count":0,"favourites_count":8,"statuses_count":150,"created_at":"Tue Jan 01 00:53:03 +0000 2013","utc_offset":null,"time_zone":null,"geo_enabled":false,"lang":"de","contributors_enabled":false,"is_translator":false,"profile_background_color":"C0DEED","profile_background_image_url":"http:\/\/abs.twimg.com\/images\/themes\/theme1\/bg.png","profile_background_image_url_https":"https:\/\/abs.twimg.com\/images\/themes\/theme1\/bg.png","profile_background_tile":false,"profile_link_color":"0084B4","profile_sidebar_border_color":"C0DEED","profile_sidebar_fill_color":"DDEEF6","profile_text_color":"333333","profile_use_background_image":true,"profile_image_url":"http:\/\/abs.twimg.com\/sticky\/default_profile_images\/default_profile_1_normal.png","profile_image_url_https":"https:\/\/abs.twimg.com\/sticky\/default_profile_images\/default_profile_1_normal.png","default_profile":true,"default_profile_image":true,"following":null,"follow_request_sent":null,"notifications":null},"geo":null,"coordinates":null,"place":null,"contributors":null,"retweet_count":0,"favorite_count":0,"entities":{"hashtags":[],"trends":[],"urls":[],"user_mentions":[{"screen_name":"cem_oezdemir","name":"Cem \u00d6zdemir","id":19108766,"id_str":"19108766","indices":[0,13]}],"symbols":[]},"favorited":false,"retweeted":false,"possibly_sensitive":false,"filter_level":"low","lang":"de","timestamp_ms":"1441916478819"}
