{"created_at":"Sat Sep 12 00:10:01 +0000 2015","id":642490312162713600,"id_str":"642490312162713600","text":"Fl\u00fcchtlinge in Deutschland: Innenminister: Wir schaffen es nicht mehr - Tagesspiegel http:\/\/t.co\/KMNbis2T2g","source":"\u003ca href=\"http:\/\/ifttt.com\" rel=\"nofollow\"\u003eIFTTT\u003c\/a\u003e","truncated":false,"in_reply_to_status_id":null,"in_reply_to_status_id_str":null,"in_reply_to_user_id":null,"in_reply_to_user_id_str":null,"in_reply_to_screen_name":null,"user":{"id":1682709684,"id_str":"1682709684","name":"Ahmad Widodo","screen_name":"Widodo_Ndeso","location":"","url":null,"description":"#wongdeso","protected":false,"verified":false,"followers_count":124,"friends_count":97,"listed_count":11,"favourites_count":0,"statuses_count":47827,"created_at":"Mon Aug 19 08:43:47 +0000 2013","utc_offset":25200,"time_zone":"Bangkok","geo_enabled":false,"lang":"en","contributors_enabled":false,"is_translator":false,"profile_background_color":"C0DEED","profile_background_image_url":"http:\/\/abs.twimg.com\/images\/themes\/theme1\/bg.png","profile_background_image_url_https":"https:\/\/abs.twimg.com\/images\/themes\/theme1\/bg.png","profile_background_tile":false,"profile_link_color":"0084B4","profile_sidebar_border_color":"C0DEED","profile_sidebar_fill_color":"DDEEF6","profile_text_color":"333333","profile_use_background_image":true,"profile_image_url":"http:\/\/pbs.twimg.com\/profile_images\/378800000437814698\/888d547eb16ace2631ac46ae489ba5a3_normal.jpeg","profile_image_url_https":"https:\/\/pbs.twimg.com\/profile_images\/378800000437814698\/888d547eb16ace2631ac46ae489ba5a3_normal.jpeg","default_profile":true,"default_profile_image":false,"following":null,"follow_request_sent":null,"notifications":null},"geo":null,"coordinates":null,"place":null,"contributors":null,"retweet_count":0,"favorite_count":0,"entities":{"hashtags":[],"trends":[],"urls":[{"url":"http:\/\/t.co\/KMNbis2T2g","expanded_url":"http:\/\/ift.tt\/1i4W0LL","display_url":"ift.tt\/1i4W0LL","indices":[85,107]}],"user_mentions":[],"symbols":[]},"favorited":false,"retweeted":false,"possibly_sensitive":false,"filter_level":"low","lang":"de","timestamp_ms":"1442016601969"}
