{"created_at":"Thu Sep 10 20:25:50 +0000 2015","id":642071503811543041,"id_str":"642071503811543041","text":"RT @FAZ_NET: #Oktoberfest und #Fl\u00fcchtlinge: \u201eEs k\u00f6nnte eng werden\u201c (von Julian Staib, M\u00fcnchen) http:\/\/t.co\/QRJIlZR78Q","source":"\u003ca href=\"http:\/\/twitter.com\/download\/iphone\" rel=\"nofollow\"\u003eTwitter for iPhone\u003c\/a\u003e","truncated":false,"in_reply_to_status_id":null,"in_reply_to_status_id_str":null,"in_reply_to_user_id":null,"in_reply_to_user_id_str":null,"in_reply_to_screen_name":null,"user":{"id":1732996110,"id_str":"1732996110","name":"Charles Henry","screen_name":"10DMark","location":"","url":null,"description":"Mann mit Migrationshintergrund - kommt darauf an von welcher Seite man es betrachtet. RT's m\u00fcssen nicht unbedingt meine Meinung widerspiegeln.","protected":false,"verified":false,"followers_count":176,"friends_count":111,"listed_count":8,"favourites_count":2134,"statuses_count":4881,"created_at":"Thu Sep 05 20:34:19 +0000 2013","utc_offset":null,"time_zone":null,"geo_enabled":true,"lang":"en","contributors_enabled":false,"is_translator":false,"profile_background_color":"C0DEED","profile_background_image_url":"http:\/\/abs.twimg.com\/images\/themes\/theme1\/bg.png","profile_background_image_url_https":"https:\/\/abs.twimg.com\/images\/themes\/theme1\/bg.png","profile_background_tile":false,"profile_link_color":"0084B4","profile_sidebar_border_color":"C0DEED","profile_sidebar_fill_color":"DDEEF6","profile_text_color":"333333","profile_use_background_image":true,"profile_image_url":"http:\/\/pbs.twimg.com\/profile_images\/378800000424226428\/c8593b3f039e158ad0d386b106d3867e_normal.jpeg","profile_image_url_https":"https:\/\/pbs.twimg.com\/profile_images\/378800000424226428\/c8593b3f039e158ad0d386b106d3867e_normal.jpeg","profile_banner_url":"https:\/\/pbs.twimg.com\/profile_banners\/1732996110\/1382958051","default_profile":true,"default_profile_image":false,"following":null,"follow_request_sent":null,"notifications":null},"geo":null,"coordinates":null,"place":null,"contributors":null,"retweeted_status":{"created_at":"Thu Sep 10 19:32:56 +0000 2015","id":642058189966602240,"id_str":"642058189966602240","text":"#Oktoberfest und #Fl\u00fcchtlinge: \u201eEs k\u00f6nnte eng werden\u201c (von Julian Staib, M\u00fcnchen) http:\/\/t.co\/QRJIlZR78Q","source":"\u003ca href=\"http:\/\/www.faz.net\" rel=\"nofollow\"\u003eFAZ.NET\u003c\/a\u003e","truncated":false,"in_reply_to_status_id":null,"in_reply_to_status_id_str":null,"in_reply_to_user_id":null,"in_reply_to_user_id_str":null,"in_reply_to_screen_name":null,"user":{"id":18016521,"id_str":"18016521","name":"FAZ_NET komplett","screen_name":"FAZ_NET","location":"Frankfurt am Main - Germany","url":"http:\/\/www.faz.net\/","description":"Aktuelle Nachrichten der Frankfurter Allgemeinen Zeitung. http:\/\/www.faz.net","protected":false,"verified":true,"followers_count":28279,"friends_count":106,"listed_count":1200,"favourites_count":1,"statuses_count":193826,"created_at":"Wed Dec 10 10:17:27 +0000 2008","utc_offset":7200,"time_zone":"Berlin","geo_enabled":false,"lang":"de","contributors_enabled":false,"is_translator":false,"profile_background_color":"333333","profile_background_image_url":"http:\/\/pbs.twimg.com\/profile_background_images\/814641175\/1a378a20f0d578fb91e4ff1c8a72fbf9.png","profile_background_image_url_https":"https:\/\/pbs.twimg.com\/profile_background_images\/814641175\/1a378a20f0d578fb91e4ff1c8a72fbf9.png","profile_background_tile":false,"profile_link_color":"C60000","profile_sidebar_border_color":"000000","profile_sidebar_fill_color":"000000","profile_text_color":"000000","profile_use_background_image":true,"profile_image_url":"http:\/\/pbs.twimg.com\/profile_images\/477439590232358913\/xbZaJ1Ms_normal.jpeg","profile_image_url_https":"https:\/\/pbs.twimg.com\/profile_images\/477439590232358913\/xbZaJ1Ms_normal.jpeg","profile_banner_url":"https:\/\/pbs.twimg.com\/profile_banners\/18016521\/1435670290","default_profile":false,"default_profile_image":false,"following":null,"follow_request_sent":null,"notifications":null},"geo":null,"coordinates":null,"place":null,"contributors":null,"retweet_count":6,"favorite_count":1,"entities":{"hashtags":[{"text":"Oktoberfest","indices":[0,12]},{"text":"Fl\u00fcchtlinge","indices":[17,29]}],"trends":[],"urls":[{"url":"http:\/\/t.co\/QRJIlZR78Q","expanded_url":"http:\/\/www.faz.net\/aktuell\/politik\/fluechtlingskrise\/oktoberfest-und-fluechtlinge-es-koennte-eng-werden-13796182.html","display_url":"faz.net\/aktuell\/politi\u2026","indices":[82,104]}],"user_mentions":[],"symbols":[]},"favorited":false,"retweeted":false,"possibly_sensitive":false,"filter_level":"low","lang":"de"},"retweet_count":0,"favorite_count":0,"entities":{"hashtags":[{"text":"Oktoberfest","indices":[13,25]},{"text":"Fl\u00fcchtlinge","indices":[30,42]}],"trends":[],"urls":[{"url":"http:\/\/t.co\/QRJIlZR78Q","expanded_url":"http:\/\/www.faz.net\/aktuell\/politik\/fluechtlingskrise\/oktoberfest-und-fluechtlinge-es-koennte-eng-werden-13796182.html","display_url":"faz.net\/aktuell\/politi\u2026","indices":[95,117]}],"user_mentions":[{"screen_name":"FAZ_NET","name":"FAZ_NET komplett","id":18016521,"id_str":"18016521","indices":[3,11]}],"symbols":[]},"favorited":false,"retweeted":false,"possibly_sensitive":false,"filter_level":"low","lang":"de","timestamp_ms":"1441916750277"}
