{"created_at":"Sat Sep 12 00:09:02 +0000 2015","id":642490061599191040,"id_str":"642490061599191040","text":"Zur Unterbringung von Fl\u00fcchtlingen: Bund pr\u00fcft Zwangsvermietungen http:\/\/t.co\/aM9kbZBABQ #politik","source":"\u003ca href=\"http:\/\/ifttt.com\" rel=\"nofollow\"\u003eIFTTT\u003c\/a\u003e","truncated":false,"in_reply_to_status_id":null,"in_reply_to_status_id_str":null,"in_reply_to_user_id":null,"in_reply_to_user_id_str":null,"in_reply_to_screen_name":null,"user":{"id":155610027,"id_str":"155610027","name":"So isses","screen_name":"nichtspurlos","location":"Hamburg","url":"http:\/\/www.nicht-spurlos.de","description":"Dampfende Gedanken aus Hamburg. http:\/\/www.elb-dampfer.de \nImpressum: http:\/\/goo.gl\/XLywy","protected":false,"verified":false,"followers_count":348,"friends_count":338,"listed_count":37,"favourites_count":495,"statuses_count":11747,"created_at":"Mon Jun 14 16:26:07 +0000 2010","utc_offset":7200,"time_zone":"Berlin","geo_enabled":true,"lang":"de","contributors_enabled":false,"is_translator":false,"profile_background_color":"A8BCBD","profile_background_image_url":"http:\/\/pbs.twimg.com\/profile_background_images\/611151764\/5q5uw13sd26e2wiz7pbx.jpeg","profile_background_image_url_https":"https:\/\/pbs.twimg.com\/profile_background_images\/611151764\/5q5uw13sd26e2wiz7pbx.jpeg","profile_background_tile":false,"profile_link_color":"CC0A0A","profile_sidebar_border_color":"BDDCAD","profile_sidebar_fill_color":"DDFFCC","profile_text_color":"333333","profile_use_background_image":true,"profile_image_url":"http:\/\/pbs.twimg.com\/profile_images\/605785739888988162\/r_L-Ojwc_normal.jpg","profile_image_url_https":"https:\/\/pbs.twimg.com\/profile_images\/605785739888988162\/r_L-Ojwc_normal.jpg","default_profile":false,"default_profile_image":false,"following":null,"follow_request_sent":null,"notifications":null},"geo":null,"coordinates":null,"place":null,"contributors":null,"retweet_count":0,"favorite_count":0,"entities":{"hashtags":[{"text":"politik","indices":[89,97]}],"trends":[],"urls":[{"url":"http:\/\/t.co\/aM9kbZBABQ","expanded_url":"http:\/\/bit.ly\/1L7hhQu","display_url":"bit.ly\/1L7hhQu","indices":[66,88]}],"user_mentions":[],"symbols":[]},"favorited":false,"retweeted":false,"possibly_sensitive":false,"filter_level":"low","lang":"de","timestamp_ms":"1442016542230"}
