{"created_at":"Sat Sep 12 19:52:02 +0000 2015","id":642787773292785664,"id_str":"642787773292785664","text":"Bis zu 13 000 Fl\u00fcchtlinge in M\u00fcnchen - Sondersitzung des Kabinetts: Die bayerische Landeshauptstadt M\u00fcnchen st... http:\/\/t.co\/YvsL3eTCJ1","source":"\u003ca href=\"http:\/\/twitterfeed.com\" rel=\"nofollow\"\u003etwitterfeed\u003c\/a\u003e","truncated":false,"in_reply_to_status_id":null,"in_reply_to_status_id_str":null,"in_reply_to_user_id":null,"in_reply_to_user_id_str":null,"in_reply_to_screen_name":null,"user":{"id":3427357220,"id_str":"3427357220","name":"News Channel De","screen_name":"NewsChannelDe","location":"Germany","url":"http:\/\/sh.st\/vDdw9","description":"Just Read Latest and Hot News from all over the #Germany at @NewsChannelDe","protected":false,"verified":false,"followers_count":753,"friends_count":1466,"listed_count":8,"favourites_count":0,"statuses_count":12170,"created_at":"Wed Sep 02 15:57:45 +0000 2015","utc_offset":-25200,"time_zone":"Pacific Time (US & Canada)","geo_enabled":false,"lang":"en","contributors_enabled":false,"is_translator":false,"profile_background_color":"C0DEED","profile_background_image_url":"http:\/\/abs.twimg.com\/images\/themes\/theme1\/bg.png","profile_background_image_url_https":"https:\/\/abs.twimg.com\/images\/themes\/theme1\/bg.png","profile_background_tile":false,"profile_link_color":"0084B4","profile_sidebar_border_color":"C0DEED","profile_sidebar_fill_color":"DDEEF6","profile_text_color":"333333","profile_use_background_image":true,"profile_image_url":"http:\/\/pbs.twimg.com\/profile_images\/639123324912533504\/PHuHpo-J_normal.png","profile_image_url_https":"https:\/\/pbs.twimg.com\/profile_images\/639123324912533504\/PHuHpo-J_normal.png","profile_banner_url":"https:\/\/pbs.twimg.com\/profile_banners\/3427357220\/1441213874","default_profile":true,"default_profile_image":false,"following":null,"follow_request_sent":null,"notifications":null},"geo":null,"coordinates":null,"place":null,"contributors":null,"retweet_count":0,"favorite_count":0,"entities":{"hashtags":[],"trends":[],"urls":[{"url":"http:\/\/t.co\/YvsL3eTCJ1","expanded_url":"http:\/\/sh.st\/vN0Ll","display_url":"sh.st\/vN0Ll","indices":[114,136]}],"user_mentions":[],"symbols":[]},"favorited":false,"retweeted":false,"possibly_sensitive":false,"filter_level":"low","lang":"de","timestamp_ms":"1442087522229"}
