{"created_at":"Thu Sep 10 20:27:03 +0000 2015","id":642071812768202752,"id_str":"642071812768202752","text":"Unterwegs in #Chisinau an den Protesten gegen die Regierung. Ein Busfahrer stellt sich mir vor: \"Hallo! Ich bin Wladimir. Aber nicht Putin!\"","source":"\u003ca href=\"http:\/\/twitter.com\/download\/android\" rel=\"nofollow\"\u003eTwitter for Android\u003c\/a\u003e","truncated":false,"in_reply_to_status_id":null,"in_reply_to_status_id_str":null,"in_reply_to_user_id":null,"in_reply_to_user_id_str":null,"in_reply_to_screen_name":null,"user":{"id":320634411,"id_str":"320634411","name":"Luzia Tschirky","screen_name":"LuziaTschirky","location":"Moskau, Russland","url":"http:\/\/luziatschirky.ch","description":"Swiss Journo. Currently been for @srfnews in Russia. Ex-Intern @SPIEGELONLINE & #srfrundschau Volunteer @JJS_CH http:\/\/bit.ly\/pgpluzia info(a)luziatschirky.ch","protected":false,"verified":false,"followers_count":2648,"friends_count":997,"listed_count":104,"favourites_count":3814,"statuses_count":3840,"created_at":"Mon Jun 20 07:54:30 +0000 2011","utc_offset":7200,"time_zone":"Bern","geo_enabled":true,"lang":"en","contributors_enabled":false,"is_translator":false,"profile_background_color":"6DA9D1","profile_background_image_url":"http:\/\/pbs.twimg.com\/profile_background_images\/378800000158581208\/9MPTRvoB.jpeg","profile_background_image_url_https":"https:\/\/pbs.twimg.com\/profile_background_images\/378800000158581208\/9MPTRvoB.jpeg","profile_background_tile":true,"profile_link_color":"6173FF","profile_sidebar_border_color":"FFFFFF","profile_sidebar_fill_color":"DDEEF6","profile_text_color":"06151A","profile_use_background_image":true,"profile_image_url":"http:\/\/pbs.twimg.com\/profile_images\/458394101315280896\/A06AWcTn_normal.jpeg","profile_image_url_https":"https:\/\/pbs.twimg.com\/profile_images\/458394101315280896\/A06AWcTn_normal.jpeg","profile_banner_url":"https:\/\/pbs.twimg.com\/profile_banners\/320634411\/1355433163","default_profile":false,"default_profile_image":false,"following":null,"follow_request_sent":null,"notifications":null},"geo":null,"coordinates":null,"place":null,"contributors":null,"retweet_count":0,"favorite_count":0,"entities":{"hashtags":[{"text":"Chisinau","indices":[13,22]}],"trends":[],"urls":[],"user_mentions":[],"symbols":[]},"favorited":false,"retweeted":false,"possibly_sensitive":false,"filter_level":"low","lang":"de","timestamp_ms":"1441916823938"}
