{"created_at":"Sat Sep 12 00:01:59 +0000 2015","id":642488287718940672,"id_str":"642488287718940672","text":"RT @KonstantinNotz: Seehofer stellt sich und die #CSU neben Orb\u00e1n und ins politische Abseits http:\/\/t.co\/xALGG6WhDR","source":"\u003ca href=\"http:\/\/www.tweetcaster.com\" rel=\"nofollow\"\u003eTweetCaster for Android\u003c\/a\u003e","truncated":false,"in_reply_to_status_id":null,"in_reply_to_status_id_str":null,"in_reply_to_user_id":null,"in_reply_to_user_id_str":null,"in_reply_to_screen_name":null,"user":{"id":17460494,"id_str":"17460494","name":"andywue","screen_name":"andywue","location":"W\u00fcrzburg, Germany","url":null,"description":"#eat #sleep #svw","protected":false,"verified":false,"followers_count":309,"friends_count":378,"listed_count":24,"favourites_count":2457,"statuses_count":4765,"created_at":"Tue Nov 18 06:37:46 +0000 2008","utc_offset":7200,"time_zone":"Berlin","geo_enabled":false,"lang":"de","contributors_enabled":false,"is_translator":false,"profile_background_color":"0099B9","profile_background_image_url":"http:\/\/abs.twimg.com\/images\/themes\/theme4\/bg.gif","profile_background_image_url_https":"https:\/\/abs.twimg.com\/images\/themes\/theme4\/bg.gif","profile_background_tile":false,"profile_link_color":"0099B9","profile_sidebar_border_color":"5ED4DC","profile_sidebar_fill_color":"95E8EC","profile_text_color":"3C3940","profile_use_background_image":true,"profile_image_url":"http:\/\/pbs.twimg.com\/profile_images\/635955528955334656\/q_NcMBzJ_normal.png","profile_image_url_https":"https:\/\/pbs.twimg.com\/profile_images\/635955528955334656\/q_NcMBzJ_normal.png","profile_banner_url":"https:\/\/pbs.twimg.com\/profile_banners\/17460494\/1433202156","default_profile":false,"default_profile_image":false,"following":null,"follow_request_sent":null,"notifications":null},"geo":null,"coordinates":null,"place":null,"contributors":null,"retweeted_status":{"created_at":"Fri Sep 11 16:47:16 +0000 2015","id":642378887473852416,"id_str":"642378887473852416","text":"Seehofer stellt sich und die #CSU neben Orb\u00e1n und ins politische Abseits http:\/\/t.co\/xALGG6WhDR","source":"\u003ca href=\"http:\/\/www.echofon.com\/\" rel=\"nofollow\"\u003eEchofon\u003c\/a\u003e","truncated":false,"in_reply_to_status_id":null,"in_reply_to_status_id_str":null,"in_reply_to_user_id":null,"in_reply_to_user_id_str":null,"in_reply_to_screen_name":null,"user":{"id":17752770,"id_str":"17752770","name":"Konstantin v. Notz","screen_name":"KonstantinNotz","location":"Schleswig-Holstein und Berlin","url":"http:\/\/www.von-notz.de","description":"- Gr\u00fcner Bundestagsabgeordneter\n- Stellv. Fraktionsvorsitzender\r\n- Netzpolitischer Sprecher\n- Mitglied des Innenausschusses  \r\n- Mitglied des PUA zur NSA","protected":false,"verified":true,"followers_count":22939,"friends_count":1649,"listed_count":771,"favourites_count":1667,"statuses_count":15206,"created_at":"Sun Nov 30 11:20:58 +0000 2008","utc_offset":-7200,"time_zone":"Greenland","geo_enabled":false,"lang":"de","contributors_enabled":false,"is_translator":false,"profile_background_color":"EDECE9","profile_background_image_url":"http:\/\/abs.twimg.com\/images\/themes\/theme3\/bg.gif","profile_background_image_url_https":"https:\/\/abs.twimg.com\/images\/themes\/theme3\/bg.gif","profile_background_tile":false,"profile_link_color":"088253","profile_sidebar_border_color":"D3D2CF","profile_sidebar_fill_color":"E3E2DE","profile_text_color":"634047","profile_use_background_image":true,"profile_image_url":"http:\/\/pbs.twimg.com\/profile_images\/639018914245165057\/upWlnHh6_normal.jpg","profile_image_url_https":"https:\/\/pbs.twimg.com\/profile_images\/639018914245165057\/upWlnHh6_normal.jpg","profile_banner_url":"https:\/\/pbs.twimg.com\/profile_banners\/17752770\/1402088766","default_profile":false,"default_profile_image":false,"following":null,"follow_request_sent":null,"notifications":null},"geo":null,"coordinates":null,"place":null,"contributors":null,"retweet_count":18,"favorite_count":25,"entities":{"hashtags":[{"text":"CSU","indices":[29,33]}],"trends":[],"urls":[{"url":"http:\/\/t.co\/xALGG6WhDR","expanded_url":"http:\/\/m.spiegel.de\/politik\/deutschland\/a-1052455.html","display_url":"m.spiegel.de\/politik\/deutsc\u2026","indices":[73,95]}],"user_mentions":[],"symbols":[]},"favorited":false,"retweeted":false,"possibly_sensitive":false,"filter_level":"low","lang":"de"},"retweet_count":0,"favorite_count":0,"entities":{"hashtags":[{"text":"CSU","indices":[49,53]}],"trends":[],"urls":[{"url":"http:\/\/t.co\/xALGG6WhDR","expanded_url":"http:\/\/m.spiegel.de\/politik\/deutschland\/a-1052455.html","display_url":"m.spiegel.de\/politik\/deutsc\u2026","indices":[93,115]}],"user_mentions":[{"screen_name":"KonstantinNotz","name":"Konstantin v. Notz","id":17752770,"id_str":"17752770","indices":[3,18]}],"symbols":[]},"favorited":false,"retweeted":false,"possibly_sensitive":false,"filter_level":"low","lang":"de","timestamp_ms":"1442016119304"}
