{"created_at":"Sat Sep 12 19:52:24 +0000 2015","id":642787867224375296,"id_str":"642787867224375296","text":"Einen Fl\u00fcchtlingskoordinator hat ja die Steiermark ! Aber mehr noch nicht ! ;-)  https:\/\/t.co\/qB18KJINIY","source":"\u003ca href=\"http:\/\/twitter.com\/download\/iphone\" rel=\"nofollow\"\u003eTwitter for iPhone\u003c\/a\u003e","truncated":false,"in_reply_to_status_id":null,"in_reply_to_status_id_str":null,"in_reply_to_user_id":null,"in_reply_to_user_id_str":null,"in_reply_to_screen_name":null,"user":{"id":989559938,"id_str":"989559938","name":"O815","screen_name":"Ger0nicA","location":"","url":null,"description":null,"protected":false,"verified":false,"followers_count":484,"friends_count":500,"listed_count":15,"favourites_count":28527,"statuses_count":15755,"created_at":"Tue Dec 04 20:50:56 +0000 2012","utc_offset":7200,"time_zone":"Bern","geo_enabled":false,"lang":"de","contributors_enabled":false,"is_translator":false,"profile_background_color":"ABB8C2","profile_background_image_url":"http:\/\/pbs.twimg.com\/profile_background_images\/583259305010282496\/9vPv_ABI.png","profile_background_image_url_https":"https:\/\/pbs.twimg.com\/profile_background_images\/583259305010282496\/9vPv_ABI.png","profile_background_tile":true,"profile_link_color":"ABB8C2","profile_sidebar_border_color":"EEEEEE","profile_sidebar_fill_color":"EFEFEF","profile_text_color":"333333","profile_use_background_image":false,"profile_image_url":"http:\/\/pbs.twimg.com\/profile_images\/640845614281031680\/dCJjvwFE_normal.jpg","profile_image_url_https":"https:\/\/pbs.twimg.com\/profile_images\/640845614281031680\/dCJjvwFE_normal.jpg","default_profile":false,"default_profile_image":false,"following":null,"follow_request_sent":null,"notifications":null},"geo":null,"coordinates":null,"place":null,"contributors":null,"quoted_status_id":642786294230331392,"quoted_status_id_str":"642786294230331392","quoted_status":{"created_at":"Sat Sep 12 19:46:09 +0000 2015","id":642786294230331392,"id_str":"642786294230331392","text":"Die Bundesregierung ist gut beraten,\nsich um Quartiere und Aufnahmezentren f\u00fcr Fl\u00fcchtlinge\nim S\u00fcden \u00d6sterreichs zu bem\u00fchen.","source":"\u003ca href=\"http:\/\/twitter.com\" rel=\"nofollow\"\u003eTwitter Web Client\u003c\/a\u003e","truncated":false,"in_reply_to_status_id":null,"in_reply_to_status_id_str":null,"in_reply_to_user_id":null,"in_reply_to_user_id_str":null,"in_reply_to_screen_name":null,"user":{"id":236412458,"id_str":"236412458","name":"Alexs A. Zauner","screen_name":"Die_Alexs","location":"Wien - Vienna","url":"http:\/\/www.hanfpartei.at","description":"LieblingsJob: \u00d6sterr. Hanf Partei LieblingsHobby: Planet Begr\u00fcnen LieblingsSpa\u00df: Kluge Leute Lesen","protected":false,"verified":false,"followers_count":777,"friends_count":912,"listed_count":73,"favourites_count":12887,"statuses_count":49674,"created_at":"Mon Jan 10 14:47:36 +0000 2011","utc_offset":7200,"time_zone":"Amsterdam","geo_enabled":false,"lang":"de","contributors_enabled":false,"is_translator":false,"profile_background_color":"038F1F","profile_background_image_url":"http:\/\/pbs.twimg.com\/profile_background_images\/634463865401552896\/_PaYlNE8.jpg","profile_background_image_url_https":"https:\/\/pbs.twimg.com\/profile_background_images\/634463865401552896\/_PaYlNE8.jpg","profile_background_tile":true,"profile_link_color":"068B63","profile_sidebar_border_color":"FFFFFF","profile_sidebar_fill_color":"DDEEF6","profile_text_color":"333333","profile_use_background_image":true,"profile_image_url":"http:\/\/pbs.twimg.com\/profile_images\/638395347270811650\/arkXd4JN_normal.jpg","profile_image_url_https":"https:\/\/pbs.twimg.com\/profile_images\/638395347270811650\/arkXd4JN_normal.jpg","profile_banner_url":"https:\/\/pbs.twimg.com\/profile_banners\/236412458\/1397482212","default_profile":false,"default_profile_image":false,"following":null,"follow_request_sent":null,"notifications":null},"geo":null,"coordinates":null,"place":null,"contributors":null,"retweet_count":0,"favorite_count":0,"entities":{"hashtags":[],"trends":[],"urls":[],"user_mentions":[],"symbols":[]},"favorited":false,"retweeted":false,"possibly_sensitive":false,"filter_level":"low","lang":"de"},"retweet_count":0,"favorite_count":0,"entities":{"hashtags":[],"trends":[],"urls":[{"url":"https:\/\/t.co\/qB18KJINIY","expanded_url":"https:\/\/twitter.com\/die_alexs\/status\/642786294230331392","display_url":"twitter.com\/die_alexs\/stat\u2026","indices":[81,104]}],"user_mentions":[],"symbols":[]},"favorited":false,"retweeted":false,"possibly_sensitive":false,"filter_level":"low","lang":"de","timestamp_ms":"1442087544624"}
