{"created_at":"Thu Sep 10 20:20:53 +0000 2015","id":642070260913311744,"id_str":"642070260913311744","text":"Fl\u00fcchtlinge und die Rolle der USA: Es w\u00e4re so einfach: alle, ob Medien, PolitikerInnen, NGOs, fordern beharrli... http:\/\/t.co\/uvcIdLh1an","source":"\u003ca href=\"http:\/\/twitterfeed.com\" rel=\"nofollow\"\u003etwitterfeed\u003c\/a\u003e","truncated":false,"in_reply_to_status_id":null,"in_reply_to_status_id_str":null,"in_reply_to_user_id":null,"in_reply_to_user_id_str":null,"in_reply_to_screen_name":null,"user":{"id":94989905,"id_str":"94989905","name":"Net News Express","screen_name":"NetNewsExpress","location":"","url":"http:\/\/www.net-news-express.de","description":"Die gr\u00f6\u00dfte unabh\u00e4ngige Nachrichtenagentur der Republik. Mit Nachrichten, Artikeln und Videos direkt aus den Quellen der Informationswelt.","protected":false,"verified":false,"followers_count":1676,"friends_count":1,"listed_count":150,"favourites_count":12,"statuses_count":118279,"created_at":"Sun Dec 06 12:27:24 +0000 2009","utc_offset":10800,"time_zone":"Athens","geo_enabled":false,"lang":"de","contributors_enabled":false,"is_translator":false,"profile_background_color":"131516","profile_background_image_url":"http:\/\/pbs.twimg.com\/profile_background_images\/58106269\/nne.png","profile_background_image_url_https":"https:\/\/pbs.twimg.com\/profile_background_images\/58106269\/nne.png","profile_background_tile":false,"profile_link_color":"009999","profile_sidebar_border_color":"EEEEEE","profile_sidebar_fill_color":"EFEFEF","profile_text_color":"333333","profile_use_background_image":true,"profile_image_url":"http:\/\/pbs.twimg.com\/profile_images\/561490907\/nne_normal.png","profile_image_url_https":"https:\/\/pbs.twimg.com\/profile_images\/561490907\/nne_normal.png","default_profile":false,"default_profile_image":false,"following":null,"follow_request_sent":null,"notifications":null},"geo":null,"coordinates":null,"place":null,"contributors":null,"retweet_count":0,"favorite_count":0,"entities":{"hashtags":[],"trends":[],"urls":[{"url":"http:\/\/t.co\/uvcIdLh1an","expanded_url":"http:\/\/bit.ly\/1JYepRN","display_url":"bit.ly\/1JYepRN","indices":[114,136]}],"user_mentions":[],"symbols":[]},"favorited":false,"retweeted":false,"possibly_sensitive":false,"filter_level":"low","lang":"de","timestamp_ms":"1441916453947"}
