{"created_at":"Thu Sep 10 20:25:10 +0000 2015","id":642071336374788096,"id_str":"642071336374788096","text":"Radikalisierung - Salafisten werben um Fl\u00fcchtlinge - S\u00fcddeutsche.de: tz.deRadikalisierung - ... http:\/\/t.co\/zW0ilPlj5T #Muenchen #Munich","source":"\u003ca href=\"http:\/\/twitterfeed.com\" rel=\"nofollow\"\u003etwitterfeed\u003c\/a\u003e","truncated":false,"in_reply_to_status_id":null,"in_reply_to_status_id_str":null,"in_reply_to_user_id":null,"in_reply_to_user_id_str":null,"in_reply_to_screen_name":null,"user":{"id":63723031,"id_str":"63723031","name":"I love Munich","screen_name":"lovemunich","location":"M\u00fcnchen, Munich","url":null,"description":"Lovemunich berichtet Euch Neues und Interessantes \u00fcber die sch\u00f6ne Stadt M\u00fcnchen!","protected":false,"verified":false,"followers_count":1872,"friends_count":10,"listed_count":52,"favourites_count":0,"statuses_count":24283,"created_at":"Fri Aug 07 13:43:51 +0000 2009","utc_offset":7200,"time_zone":"Berlin","geo_enabled":false,"lang":"de","contributors_enabled":false,"is_translator":false,"profile_background_color":"C0DEED","profile_background_image_url":"http:\/\/abs.twimg.com\/images\/themes\/theme1\/bg.png","profile_background_image_url_https":"https:\/\/abs.twimg.com\/images\/themes\/theme1\/bg.png","profile_background_tile":false,"profile_link_color":"0084B4","profile_sidebar_border_color":"C0DEED","profile_sidebar_fill_color":"DDEEF6","profile_text_color":"333333","profile_use_background_image":true,"profile_image_url":"http:\/\/pbs.twimg.com\/profile_images\/608939625\/P1040405-small_normal.JPG","profile_image_url_https":"https:\/\/pbs.twimg.com\/profile_images\/608939625\/P1040405-small_normal.JPG","profile_banner_url":"https:\/\/pbs.twimg.com\/profile_banners\/63723031\/1414230777","default_profile":true,"default_profile_image":false,"following":null,"follow_request_sent":null,"notifications":null},"geo":null,"coordinates":null,"place":null,"contributors":null,"retweet_count":0,"favorite_count":0,"entities":{"hashtags":[{"text":"Muenchen","indices":[119,128]},{"text":"Munich","indices":[129,136]}],"trends":[],"urls":[{"url":"http:\/\/t.co\/zW0ilPlj5T","expanded_url":"http:\/\/bit.ly\/1J0PKKu","display_url":"bit.ly\/1J0PKKu","indices":[96,118]}],"user_mentions":[],"symbols":[]},"favorited":false,"retweeted":false,"possibly_sensitive":false,"filter_level":"low","lang":"de","timestamp_ms":"1441916710357"}
