{"created_at":"Fri Sep 11 23:52:12 +0000 2015","id":642485824429420544,"id_str":"642485824429420544","text":"RT @tagesschau: ARD-Brennpunkt - Zuspitzung in der Fl\u00fcchtlingskrise http:\/\/t.co\/mPCU10ORud #Brennpunkt #Fl\u00fcchtlinge","source":"\u003ca href=\"http:\/\/twitter.com\" rel=\"nofollow\"\u003eTwitter Web Client\u003c\/a\u003e","truncated":false,"in_reply_to_status_id":null,"in_reply_to_status_id_str":null,"in_reply_to_user_id":null,"in_reply_to_user_id_str":null,"in_reply_to_screen_name":null,"user":{"id":2365959637,"id_str":"2365959637","name":"Hilde Stadler","screen_name":"HildeStadler","location":"","url":null,"description":"Korrespondentin BR \/ ARD Fernsehen \u2013 Correspondent BR \/ ARD German TV \nBJV Vize \u2013 Vice President of Bavarian Journalist Association","protected":false,"verified":false,"followers_count":69,"friends_count":151,"listed_count":4,"favourites_count":3,"statuses_count":178,"created_at":"Fri Feb 28 18:05:54 +0000 2014","utc_offset":7200,"time_zone":"Berlin","geo_enabled":false,"lang":"de","contributors_enabled":false,"is_translator":false,"profile_background_color":"000000","profile_background_image_url":"http:\/\/abs.twimg.com\/images\/themes\/theme1\/bg.png","profile_background_image_url_https":"https:\/\/abs.twimg.com\/images\/themes\/theme1\/bg.png","profile_background_tile":false,"profile_link_color":"3B94D9","profile_sidebar_border_color":"000000","profile_sidebar_fill_color":"000000","profile_text_color":"000000","profile_use_background_image":false,"profile_image_url":"http:\/\/pbs.twimg.com\/profile_images\/600374037588615168\/qvObKNW3_normal.jpg","profile_image_url_https":"https:\/\/pbs.twimg.com\/profile_images\/600374037588615168\/qvObKNW3_normal.jpg","profile_banner_url":"https:\/\/pbs.twimg.com\/profile_banners\/2365959637\/1431974527","default_profile":false,"default_profile_image":false,"following":null,"follow_request_sent":null,"notifications":null},"geo":null,"coordinates":null,"place":null,"contributors":null,"retweeted_status":{"created_at":"Fri Sep 11 18:15:42 +0000 2015","id":642401144648679425,"id_str":"642401144648679425","text":"ARD-Brennpunkt - Zuspitzung in der Fl\u00fcchtlingskrise http:\/\/t.co\/mPCU10ORud #Brennpunkt #Fl\u00fcchtlinge","source":"\u003ca href=\"http:\/\/www.tagesschau.de\" rel=\"nofollow\"\u003etagesschau.de\u003c\/a\u003e","truncated":false,"in_reply_to_status_id":null,"in_reply_to_status_id_str":null,"in_reply_to_user_id":null,"in_reply_to_user_id_str":null,"in_reply_to_screen_name":null,"user":{"id":5734902,"id_str":"5734902","name":"tagesschau","screen_name":"tagesschau","location":"Hamburg","url":"http:\/\/www.tagesschau.de","description":"Die Nachrichten der ARD","protected":false,"verified":true,"followers_count":790455,"friends_count":269,"listed_count":6017,"favourites_count":2429,"statuses_count":106347,"created_at":"Thu May 03 08:42:42 +0000 2007","utc_offset":7200,"time_zone":"Berlin","geo_enabled":true,"lang":"de","contributors_enabled":false,"is_translator":false,"profile_background_color":"5985DF","profile_background_image_url":"http:\/\/pbs.twimg.com\/profile_background_images\/663561494\/77vatey16iwy2tclqmpx.png","profile_background_image_url_https":"https:\/\/pbs.twimg.com\/profile_background_images\/663561494\/77vatey16iwy2tclqmpx.png","profile_background_tile":true,"profile_link_color":"0000FF","profile_sidebar_border_color":"FFFFFF","profile_sidebar_fill_color":"E2EBF7","profile_text_color":"00044B","profile_use_background_image":true,"profile_image_url":"http:\/\/pbs.twimg.com\/profile_images\/531688614640365568\/U84uXoIT_normal.png","profile_image_url_https":"https:\/\/pbs.twimg.com\/profile_images\/531688614640365568\/U84uXoIT_normal.png","profile_banner_url":"https:\/\/pbs.twimg.com\/profile_banners\/5734902\/1420854767","default_profile":false,"default_profile_image":false,"following":null,"follow_request_sent":null,"notifications":null},"geo":null,"coordinates":null,"place":null,"contributors":null,"retweet_count":10,"favorite_count":6,"entities":{"hashtags":[{"text":"Brennpunkt","indices":[75,86]},{"text":"Fl\u00fcchtlinge","indices":[87,99]}],"trends":[],"urls":[{"url":"http:\/\/t.co\/mPCU10ORud","expanded_url":"http:\/\/www.daserste.de\/information\/nachrichten-wetter\/brennpunkt\/index.html","display_url":"daserste.de\/information\/na\u2026","indices":[52,74]}],"user_mentions":[],"symbols":[]},"favorited":false,"retweeted":false,"possibly_sensitive":false,"filter_level":"low","lang":"de"},"retweet_count":0,"favorite_count":0,"entities":{"hashtags":[{"text":"Brennpunkt","indices":[91,102]},{"text":"Fl\u00fcchtlinge","indices":[103,115]}],"trends":[],"urls":[{"url":"http:\/\/t.co\/mPCU10ORud","expanded_url":"http:\/\/www.daserste.de\/information\/nachrichten-wetter\/brennpunkt\/index.html","display_url":"daserste.de\/information\/na\u2026","indices":[68,90]}],"user_mentions":[{"screen_name":"tagesschau","name":"tagesschau","id":5734902,"id_str":"5734902","indices":[3,14]}],"symbols":[]},"favorited":false,"retweeted":false,"possibly_sensitive":false,"filter_level":"low","lang":"de","timestamp_ms":"1442015532010"}
