{"created_at":"Thu Sep 10 20:28:55 +0000 2015","id":642072282064666625,"id_str":"642072282064666625","text":"Es flieht eben die Mittelschicht. #refugeeswelcome #iphoneswelcome #zib2","source":"\u003ca href=\"http:\/\/twitter.com\/download\/iphone\" rel=\"nofollow\"\u003eTwitter for iPhone\u003c\/a\u003e","truncated":false,"in_reply_to_status_id":null,"in_reply_to_status_id_str":null,"in_reply_to_user_id":null,"in_reply_to_user_id_str":null,"in_reply_to_screen_name":null,"user":{"id":1935603751,"id_str":"1935603751","name":"Johannes Tschohl","screen_name":"johannestschohl","location":"CICLOPIA all about cycling","url":null,"description":"Journalismus FHWien der WKW | ORF V | Wien | Vorarlberg | Enduro | BluesRock | http:\/\/Instagram.com\/johannes_tschohl","protected":false,"verified":false,"followers_count":331,"friends_count":643,"listed_count":12,"favourites_count":3252,"statuses_count":1389,"created_at":"Fri Oct 04 21:43:50 +0000 2013","utc_offset":null,"time_zone":null,"geo_enabled":true,"lang":"de","contributors_enabled":false,"is_translator":false,"profile_background_color":"C0DEED","profile_background_image_url":"http:\/\/abs.twimg.com\/images\/themes\/theme1\/bg.png","profile_background_image_url_https":"https:\/\/abs.twimg.com\/images\/themes\/theme1\/bg.png","profile_background_tile":false,"profile_link_color":"0084B4","profile_sidebar_border_color":"C0DEED","profile_sidebar_fill_color":"DDEEF6","profile_text_color":"333333","profile_use_background_image":true,"profile_image_url":"http:\/\/pbs.twimg.com\/profile_images\/626508183209660416\/Cvw9vZFI_normal.jpg","profile_image_url_https":"https:\/\/pbs.twimg.com\/profile_images\/626508183209660416\/Cvw9vZFI_normal.jpg","profile_banner_url":"https:\/\/pbs.twimg.com\/profile_banners\/1935603751\/1438206085","default_profile":true,"default_profile_image":false,"following":null,"follow_request_sent":null,"notifications":null},"geo":null,"coordinates":null,"place":null,"contributors":null,"retweet_count":0,"favorite_count":0,"entities":{"hashtags":[{"text":"refugeeswelcome","indices":[34,50]},{"text":"iphoneswelcome","indices":[51,66]},{"text":"zib2","indices":[67,72]}],"trends":[],"urls":[],"user_mentions":[],"symbols":[]},"favorited":false,"retweeted":false,"possibly_sensitive":false,"filter_level":"low","lang":"de","timestamp_ms":"1441916935827"}
