{"created_at":"Sat Sep 12 00:02:48 +0000 2015","id":642488493525090304,"id_str":"642488493525090304","text":"RT @dieNagashi: #followerpower \u00dcbersetzer_innen gesucht! #refugeeswelcome  https:\/\/t.co\/q4AnDAlfxL","source":"\u003ca href=\"http:\/\/twitter.com\/download\/android\" rel=\"nofollow\"\u003eTwitter for Android\u003c\/a\u003e","truncated":false,"in_reply_to_status_id":null,"in_reply_to_status_id_str":null,"in_reply_to_user_id":null,"in_reply_to_user_id_str":null,"in_reply_to_screen_name":null,"user":{"id":2502614640,"id_str":"2502614640","name":"lilaEmma","screen_name":"lilaEmma5","location":"nirgendwo im irgendwo oder so","url":null,"description":"was wei\u00df denn ich \n*folge nicht zur\u00fcck*","protected":false,"verified":false,"followers_count":432,"friends_count":1076,"listed_count":72,"favourites_count":52362,"statuses_count":40657,"created_at":"Sat May 17 21:59:18 +0000 2014","utc_offset":null,"time_zone":null,"geo_enabled":false,"lang":"de","contributors_enabled":false,"is_translator":false,"profile_background_color":"C0DEED","profile_background_image_url":"http:\/\/abs.twimg.com\/images\/themes\/theme1\/bg.png","profile_background_image_url_https":"https:\/\/abs.twimg.com\/images\/themes\/theme1\/bg.png","profile_background_tile":false,"profile_link_color":"0084B4","profile_sidebar_border_color":"C0DEED","profile_sidebar_fill_color":"DDEEF6","profile_text_color":"333333","profile_use_background_image":true,"profile_image_url":"http:\/\/pbs.twimg.com\/profile_images\/583839323973406720\/PQrW7P4K_normal.jpg","profile_image_url_https":"https:\/\/pbs.twimg.com\/profile_images\/583839323973406720\/PQrW7P4K_normal.jpg","profile_banner_url":"https:\/\/pbs.twimg.com\/profile_banners\/2502614640\/1428032193","default_profile":true,"default_profile_image":false,"following":null,"follow_request_sent":null,"notifications":null},"geo":null,"coordinates":null,"place":null,"contributors":null,"retweeted_status":{"created_at":"Fri Sep 11 21:29:29 +0000 2015","id":642449909292081152,"id_str":"642449909292081152","text":"#followerpower \u00dcbersetzer_innen gesucht! #refugeeswelcome  https:\/\/t.co\/q4AnDAlfxL","source":"\u003ca href=\"http:\/\/twitter.com\" rel=\"nofollow\"\u003eTwitter Web Client\u003c\/a\u003e","truncated":false,"in_reply_to_status_id":null,"in_reply_to_status_id_str":null,"in_reply_to_user_id":null,"in_reply_to_user_id_str":null,"in_reply_to_screen_name":null,"user":{"id":22057580,"id_str":"22057580","name":"Nagashi","screen_name":"dieNagashi","location":"currently based in Vienna ","url":"http:\/\/www.facebook.com\/freiepresseungarn","description":"cosmopolitan | transnational | feminist | multilingual    \n[header photo:                                      The March of the Living Hungary \u00a9 @dieNagashi ]","protected":false,"verified":false,"followers_count":2701,"friends_count":140,"listed_count":229,"favourites_count":1689,"statuses_count":53840,"created_at":"Thu Feb 26 20:33:19 +0000 2009","utc_offset":7200,"time_zone":"Vienna","geo_enabled":true,"lang":"en","contributors_enabled":false,"is_translator":false,"profile_background_color":"FFFFFF","profile_background_image_url":"http:\/\/pbs.twimg.com\/profile_background_images\/775194801\/1cccd035f0cd292be75fe58f22476f41.jpeg","profile_background_image_url_https":"https:\/\/pbs.twimg.com\/profile_background_images\/775194801\/1cccd035f0cd292be75fe58f22476f41.jpeg","profile_background_tile":false,"profile_link_color":"9E0609","profile_sidebar_border_color":"FFFFFF","profile_sidebar_fill_color":"19211C","profile_text_color":"050405","profile_use_background_image":false,"profile_image_url":"http:\/\/pbs.twimg.com\/profile_images\/602516214594805760\/TBx5VgPn_normal.jpg","profile_image_url_https":"https:\/\/pbs.twimg.com\/profile_images\/602516214594805760\/TBx5VgPn_normal.jpg","profile_banner_url":"https:\/\/pbs.twimg.com\/profile_banners\/22057580\/1415908963","default_profile":false,"default_profile_image":false,"following":null,"follow_request_sent":null,"notifications":null},"geo":null,"coordinates":null,"place":null,"contributors":null,"quoted_status_id":642448402035417088,"quoted_status_id_str":"642448402035417088","quoted_status":{"created_at":"Fri Sep 11 21:23:29 +0000 2015","id":642448402035417088,"id_str":"642448402035417088","text":"#migaidhu is looking for translators fluent in English and one of this langs: arabic, urdu, pashto, greek, farsi.Reg:https:\/\/t.co\/40LHdx7tZ0","source":"\u003ca href=\"http:\/\/twitter.com\" rel=\"nofollow\"\u003eTwitter Web Client\u003c\/a\u003e","truncated":false,"in_reply_to_status_id":null,"in_reply_to_status_id_str":null,"in_reply_to_user_id":null,"in_reply_to_user_id_str":null,"in_reply_to_screen_name":null,"user":{"id":3480355637,"id_str":"3480355637","name":"MigrationAid Hungary","screen_name":"MigrationAidHu","location":"Hungary","url":"http:\/\/www.migrationaid.net","description":"Migration Aid is a civil initiative of volunteers in Hungary, helping refugees by food, information and all kind of humanitarian help to reach safe places.","protected":false,"verified":false,"followers_count":1705,"friends_count":28,"listed_count":96,"favourites_count":18,"statuses_count":281,"created_at":"Sat Aug 29 12:45:21 +0000 2015","utc_offset":7200,"time_zone":"Budapest","geo_enabled":false,"lang":"en","contributors_enabled":false,"is_translator":false,"profile_background_color":"C0DEED","profile_background_image_url":"http:\/\/abs.twimg.com\/images\/themes\/theme1\/bg.png","profile_background_image_url_https":"https:\/\/abs.twimg.com\/images\/themes\/theme1\/bg.png","profile_background_tile":false,"profile_link_color":"0084B4","profile_sidebar_border_color":"C0DEED","profile_sidebar_fill_color":"DDEEF6","profile_text_color":"333333","profile_use_background_image":true,"profile_image_url":"http:\/\/pbs.twimg.com\/profile_images\/637608072207273984\/-OwxCIYt_normal.jpg","profile_image_url_https":"https:\/\/pbs.twimg.com\/profile_images\/637608072207273984\/-OwxCIYt_normal.jpg","profile_banner_url":"https:\/\/pbs.twimg.com\/profile_banners\/3480355637\/1440927830","default_profile":true,"default_profile_image":false,"following":null,"follow_request_sent":null,"notifications":null},"geo":null,"coordinates":null,"place":null,"contributors":null,"retweet_count":0,"favorite_count":0,"entities":{"hashtags":[{"text":"migaidhu","indices":[0,9]}],"trends":[],"urls":[{"url":"https:\/\/t.co\/40LHdx7tZ0","expanded_url":"https:\/\/docs.google.com\/forms\/d\/1u8Kn00h5O2zVhOtkVxsCC30Sc2lssEBSuZEkD23vwuc\/viewform?c=0&w=1","display_url":"docs.google.com\/forms\/d\/1u8Kn0\u2026","indices":[117,140]}],"user_mentions":[],"symbols":[]},"favorited":false,"retweeted":false,"possibly_sensitive":false,"filter_level":"low","lang":"en"},"retweet_count":9,"favorite_count":1,"entities":{"hashtags":[{"text":"followerpower","indices":[0,14]},{"text":"refugeeswelcome","indices":[41,57]}],"trends":[],"urls":[{"url":"https:\/\/t.co\/q4AnDAlfxL","expanded_url":"https:\/\/twitter.com\/MigrationAidHu\/status\/642448402035417088","display_url":"twitter.com\/MigrationAidHu\u2026","indices":[59,82]}],"user_mentions":[],"symbols":[]},"favorited":false,"retweeted":false,"possibly_sensitive":false,"filter_level":"low","lang":"de"},"retweet_count":0,"favorite_count":0,"entities":{"hashtags":[{"text":"followerpower","indices":[16,30]},{"text":"refugeeswelcome","indices":[57,73]}],"trends":[],"urls":[{"url":"https:\/\/t.co\/q4AnDAlfxL","expanded_url":"https:\/\/twitter.com\/MigrationAidHu\/status\/642448402035417088","display_url":"twitter.com\/MigrationAidHu\u2026","indices":[75,98]}],"user_mentions":[{"screen_name":"dieNagashi","name":"Nagashi","id":22057580,"id_str":"22057580","indices":[3,14]}],"symbols":[]},"favorited":false,"retweeted":false,"possibly_sensitive":false,"filter_level":"low","lang":"de","timestamp_ms":"1442016168372"}
