{"created_at":"Sat Sep 12 00:15:34 +0000 2015","id":642491706668019713,"id_str":"642491706668019713","text":"News: Ebersberg (Stadt &amp; Kreis): Fl\u00fcchtlinge laufen f\u00fcr Kinderkrebshilfe \u2013 http:\/\/t.co\/9t95fkVIxR http:\/\/t.co\/8CXYYW9na1 #charity","source":"\u003ca href=\"http:\/\/dlvr.it\" rel=\"nofollow\"\u003edlvr.it\u003c\/a\u003e","truncated":false,"in_reply_to_status_id":null,"in_reply_to_status_id_str":null,"in_reply_to_user_id":null,"in_reply_to_user_id_str":null,"in_reply_to_screen_name":null,"user":{"id":2412992316,"id_str":"2412992316","name":"Charity Kuerzr","screen_name":"CharityKuerzr","location":"::1","url":"http:\/\/www.kuerzr.com\/","description":"Charity news powered by @Kuerzr. (A tweet is not an endorsement.)","protected":false,"verified":false,"followers_count":151,"friends_count":4,"listed_count":26,"favourites_count":0,"statuses_count":22422,"created_at":"Wed Mar 26 18:46:06 +0000 2014","utc_offset":null,"time_zone":null,"geo_enabled":false,"lang":"en","contributors_enabled":false,"is_translator":false,"profile_background_color":"C0DEED","profile_background_image_url":"http:\/\/abs.twimg.com\/images\/themes\/theme1\/bg.png","profile_background_image_url_https":"https:\/\/abs.twimg.com\/images\/themes\/theme1\/bg.png","profile_background_tile":false,"profile_link_color":"0084B4","profile_sidebar_border_color":"C0DEED","profile_sidebar_fill_color":"DDEEF6","profile_text_color":"333333","profile_use_background_image":true,"profile_image_url":"http:\/\/pbs.twimg.com\/profile_images\/448893832659079168\/0bfm9iBt_normal.png","profile_image_url_https":"https:\/\/pbs.twimg.com\/profile_images\/448893832659079168\/0bfm9iBt_normal.png","default_profile":true,"default_profile_image":false,"following":null,"follow_request_sent":null,"notifications":null},"geo":null,"coordinates":null,"place":null,"contributors":null,"retweet_count":0,"favorite_count":0,"entities":{"hashtags":[{"text":"charity","indices":[125,133]}],"trends":[],"urls":[{"url":"http:\/\/t.co\/9t95fkVIxR","expanded_url":"http:\/\/localxxl.com","display_url":"localxxl.com","indices":[79,101]},{"url":"http:\/\/t.co\/8CXYYW9na1","expanded_url":"http:\/\/dlvr.it\/C7GM47","display_url":"dlvr.it\/C7GM47","indices":[102,124]}],"user_mentions":[],"symbols":[]},"favorited":false,"retweeted":false,"possibly_sensitive":false,"filter_level":"low","lang":"de","timestamp_ms":"1442016934445"}
