{"created_at":"Thu Sep 10 20:28:46 +0000 2015","id":642072241941823489,"id_str":"642072241941823489","text":"\" Immer mehr Fl\u00fcchtlinge kommen nach Berlin. Daf\u00fcr werden dringend neue Unterk\u00fcnfte ben\u00f6tigt. Die SPD will  ... http:\/\/t.co\/K9wihxgMk4 \"","source":"\u003ca href=\"http:\/\/twitterfeed.com\" rel=\"nofollow\"\u003etwitterfeed\u003c\/a\u003e","truncated":false,"in_reply_to_status_id":null,"in_reply_to_status_id_str":null,"in_reply_to_user_id":null,"in_reply_to_user_id_str":null,"in_reply_to_screen_name":null,"user":{"id":2270913643,"id_str":"2270913643","name":"Erg","screen_name":"ErgLFC","location":"Liverpool - Berlin","url":null,"description":null,"protected":false,"verified":false,"followers_count":74,"friends_count":46,"listed_count":3,"favourites_count":1,"statuses_count":24621,"created_at":"Tue Dec 31 22:50:41 +0000 2013","utc_offset":null,"time_zone":null,"geo_enabled":false,"lang":"en","contributors_enabled":false,"is_translator":false,"profile_background_color":"C0DEED","profile_background_image_url":"http:\/\/abs.twimg.com\/images\/themes\/theme1\/bg.png","profile_background_image_url_https":"https:\/\/abs.twimg.com\/images\/themes\/theme1\/bg.png","profile_background_tile":false,"profile_link_color":"0084B4","profile_sidebar_border_color":"C0DEED","profile_sidebar_fill_color":"DDEEF6","profile_text_color":"333333","profile_use_background_image":true,"profile_image_url":"http:\/\/pbs.twimg.com\/profile_images\/487805994576404480\/VCZ_oKnC_normal.jpeg","profile_image_url_https":"https:\/\/pbs.twimg.com\/profile_images\/487805994576404480\/VCZ_oKnC_normal.jpeg","profile_banner_url":"https:\/\/pbs.twimg.com\/profile_banners\/2270913643\/1388530630","default_profile":true,"default_profile_image":false,"following":null,"follow_request_sent":null,"notifications":null},"geo":null,"coordinates":null,"place":null,"contributors":null,"retweet_count":0,"favorite_count":0,"entities":{"hashtags":[],"trends":[],"urls":[{"url":"http:\/\/t.co\/K9wihxgMk4","expanded_url":"http:\/\/bit.ly\/1J0QdMQ","display_url":"bit.ly\/1J0QdMQ","indices":[112,134]}],"user_mentions":[],"symbols":[]},"favorited":false,"retweeted":false,"possibly_sensitive":false,"filter_level":"low","lang":"de","timestamp_ms":"1441916926261"}
