{"created_at":"Thu Sep 10 20:20:56 +0000 2015","id":642070270958792705,"id_str":"642070270958792705","text":"#Fluechtlingskrise im Live-Ticker f\u00fcr die, die's interessiert:  http:\/\/t.co\/Klhu0A0Y0P","source":"\u003ca href=\"http:\/\/www.twitter.com\" rel=\"nofollow\"\u003eTwitter for Windows\u003c\/a\u003e","truncated":false,"in_reply_to_status_id":null,"in_reply_to_status_id_str":null,"in_reply_to_user_id":null,"in_reply_to_user_id_str":null,"in_reply_to_screen_name":null,"user":{"id":2202190269,"id_str":"2202190269","name":"Louis Meyer","screen_name":"Louis12435","location":"","url":"http:\/\/highbreaker.wordpress.com","description":"|-Nougatschnitte-||-Sch\u00fcler-||-bisschenFreakig-|","protected":false,"verified":false,"followers_count":4,"friends_count":40,"listed_count":0,"favourites_count":43,"statuses_count":126,"created_at":"Sat Nov 30 19:55:20 +0000 2013","utc_offset":null,"time_zone":null,"geo_enabled":false,"lang":"de","contributors_enabled":false,"is_translator":false,"profile_background_color":"C0DEED","profile_background_image_url":"http:\/\/abs.twimg.com\/images\/themes\/theme1\/bg.png","profile_background_image_url_https":"https:\/\/abs.twimg.com\/images\/themes\/theme1\/bg.png","profile_background_tile":false,"profile_link_color":"0084B4","profile_sidebar_border_color":"C0DEED","profile_sidebar_fill_color":"DDEEF6","profile_text_color":"333333","profile_use_background_image":true,"profile_image_url":"http:\/\/pbs.twimg.com\/profile_images\/606193739657322497\/OkFvvgvU_normal.jpg","profile_image_url_https":"https:\/\/pbs.twimg.com\/profile_images\/606193739657322497\/OkFvvgvU_normal.jpg","profile_banner_url":"https:\/\/pbs.twimg.com\/profile_banners\/2202190269\/1414360936","default_profile":true,"default_profile_image":false,"following":null,"follow_request_sent":null,"notifications":null},"geo":null,"coordinates":null,"place":null,"contributors":null,"retweet_count":0,"favorite_count":0,"entities":{"hashtags":[{"text":"Fluechtlingskrise","indices":[0,18]}],"trends":[],"urls":[{"url":"http:\/\/t.co\/Klhu0A0Y0P","expanded_url":"http:\/\/www.focus.de\/politik\/ausland\/fluechtlingskrise-im-news-ticker-oesterreichische-bahn-stellt-zugverkehr-nach-ungarn-ein_id_4939169.html","display_url":"focus.de\/politik\/auslan\u2026","indices":[64,86]}],"user_mentions":[],"symbols":[]},"favorited":false,"retweeted":false,"possibly_sensitive":false,"filter_level":"low","lang":"de","timestamp_ms":"1441916456342"}
