{"created_at":"Thu Sep 10 20:29:57 +0000 2015","id":642072540681248768,"id_str":"642072540681248768","text":"RT @newslinkzeitung: #P\u00c4DOPHILIE in hohen \u00e4mtern: #edathy-aff\u00e4re: #merkel-vize #GABRIEL hat \"erinnerungsl\u00fccken\". http:\/\/t.co\/X2ICfYavyG htt\u2026","source":"\u003ca href=\"http:\/\/twitter.com\" rel=\"nofollow\"\u003eTwitter Web Client\u003c\/a\u003e","truncated":false,"in_reply_to_status_id":null,"in_reply_to_status_id_str":null,"in_reply_to_user_id":null,"in_reply_to_user_id_str":null,"in_reply_to_screen_name":null,"user":{"id":3612993389,"id_str":"3612993389","name":"Kaltland? Nein!","screen_name":"Kaltland_","location":"","url":null,"description":"Wir Deutschen sind warmherzig, helfen nicht nur bei PR-Aktionen wie #Deutschlandhilft. Aber die Islam-Invasion m\u00fcssen wir uns nicht geben! Wehren wir uns!","protected":false,"verified":false,"followers_count":1,"friends_count":38,"listed_count":0,"favourites_count":34,"statuses_count":22,"created_at":"Thu Sep 10 20:13:41 +0000 2015","utc_offset":-25200,"time_zone":"Pacific Time (US & Canada)","geo_enabled":false,"lang":"de","contributors_enabled":false,"is_translator":false,"profile_background_color":"C0DEED","profile_background_image_url":"http:\/\/abs.twimg.com\/images\/themes\/theme1\/bg.png","profile_background_image_url_https":"https:\/\/abs.twimg.com\/images\/themes\/theme1\/bg.png","profile_background_tile":false,"profile_link_color":"0084B4","profile_sidebar_border_color":"C0DEED","profile_sidebar_fill_color":"DDEEF6","profile_text_color":"333333","profile_use_background_image":true,"profile_image_url":"http:\/\/pbs.twimg.com\/profile_images\/642070158777917445\/XtVHN5wZ_normal.png","profile_image_url_https":"https:\/\/pbs.twimg.com\/profile_images\/642070158777917445\/XtVHN5wZ_normal.png","profile_banner_url":"https:\/\/pbs.twimg.com\/profile_banners\/3612993389\/1441916344","default_profile":true,"default_profile_image":false,"following":null,"follow_request_sent":null,"notifications":null},"geo":null,"coordinates":null,"place":null,"contributors":null,"retweeted_status":{"created_at":"Thu Jun 18 18:41:05 +0000 2015","id":611604562038923266,"id_str":"611604562038923266","text":"#P\u00c4DOPHILIE in hohen \u00e4mtern: #edathy-aff\u00e4re: #merkel-vize #GABRIEL hat \"erinnerungsl\u00fccken\". http:\/\/t.co\/X2ICfYavyG http:\/\/t.co\/pE4p0FtyOx","source":"\u003ca href=\"http:\/\/twitter.com\" rel=\"nofollow\"\u003eTwitter Web Client\u003c\/a\u003e","truncated":false,"in_reply_to_status_id":null,"in_reply_to_status_id_str":null,"in_reply_to_user_id":null,"in_reply_to_user_id_str":null,"in_reply_to_screen_name":null,"user":{"id":3042882976,"id_str":"3042882976","name":"newslinkzeitung","screen_name":"newslinkzeitung","location":"","url":null,"description":"alternative info-plattform. hart aber herzlich. politik, natur, kultur, satire --- @newslinkjournal = english edition @schweizbrennt = ausgabe schweiz","protected":false,"verified":false,"followers_count":106,"friends_count":96,"listed_count":5,"favourites_count":2,"statuses_count":408,"created_at":"Tue Feb 17 15:54:32 +0000 2015","utc_offset":7200,"time_zone":"Belgrade","geo_enabled":false,"lang":"de","contributors_enabled":false,"is_translator":false,"profile_background_color":"000000","profile_background_image_url":"http:\/\/abs.twimg.com\/images\/themes\/theme1\/bg.png","profile_background_image_url_https":"https:\/\/abs.twimg.com\/images\/themes\/theme1\/bg.png","profile_background_tile":false,"profile_link_color":"3B94D9","profile_sidebar_border_color":"000000","profile_sidebar_fill_color":"000000","profile_text_color":"000000","profile_use_background_image":false,"profile_image_url":"http:\/\/pbs.twimg.com\/profile_images\/641009629393195008\/Qu5E5nQW_normal.jpg","profile_image_url_https":"https:\/\/pbs.twimg.com\/profile_images\/641009629393195008\/Qu5E5nQW_normal.jpg","profile_banner_url":"https:\/\/pbs.twimg.com\/profile_banners\/3042882976\/1441665330","default_profile":false,"default_profile_image":false,"following":null,"follow_request_sent":null,"notifications":null},"geo":null,"coordinates":null,"place":null,"contributors":null,"retweet_count":20,"favorite_count":13,"entities":{"hashtags":[{"text":"P\u00c4DOPHILIE","indices":[0,11]},{"text":"edathy","indices":[29,36]},{"text":"merkel","indices":[45,52]},{"text":"GABRIEL","indices":[58,66]}],"trends":[],"urls":[{"url":"http:\/\/t.co\/X2ICfYavyG","expanded_url":"http:\/\/www.spiegel.de\/politik\/deutschland\/untersuchungsausschuss-edathy-gabriel-mit-erinnerungsluecken-a-1039590.html","display_url":"spiegel.de\/politik\/deutsc\u2026","indices":[92,114]}],"user_mentions":[],"symbols":[],"media":[{"id":611604560952475648,"id_str":"611604560952475648","indices":[115,137],"media_url":"http:\/\/pbs.twimg.com\/media\/CHzbG5aUwAA1p_t.jpg","media_url_https":"https:\/\/pbs.twimg.com\/media\/CHzbG5aUwAA1p_t.jpg","url":"http:\/\/t.co\/pE4p0FtyOx","display_url":"pic.twitter.com\/pE4p0FtyOx","expanded_url":"http:\/\/twitter.com\/newslinkzeitung\/status\/611604562038923266\/photo\/1","type":"photo","sizes":{"small":{"w":340,"h":258,"resize":"fit"},"thumb":{"w":150,"h":150,"resize":"crop"},"large":{"w":793,"h":603,"resize":"fit"},"medium":{"w":600,"h":456,"resize":"fit"}}}]},"extended_entities":{"media":[{"id":611604560952475648,"id_str":"611604560952475648","indices":[115,137],"media_url":"http:\/\/pbs.twimg.com\/media\/CHzbG5aUwAA1p_t.jpg","media_url_https":"https:\/\/pbs.twimg.com\/media\/CHzbG5aUwAA1p_t.jpg","url":"http:\/\/t.co\/pE4p0FtyOx","display_url":"pic.twitter.com\/pE4p0FtyOx","expanded_url":"http:\/\/twitter.com\/newslinkzeitung\/status\/611604562038923266\/photo\/1","type":"photo","sizes":{"small":{"w":340,"h":258,"resize":"fit"},"thumb":{"w":150,"h":150,"resize":"crop"},"large":{"w":793,"h":603,"resize":"fit"},"medium":{"w":600,"h":456,"resize":"fit"}}}]},"favorited":false,"retweeted":false,"possibly_sensitive":false,"filter_level":"low","lang":"de"},"retweet_count":0,"favorite_count":0,"entities":{"hashtags":[{"text":"P\u00c4DOPHILIE","indices":[21,32]},{"text":"edathy","indices":[50,57]},{"text":"merkel","indices":[66,73]},{"text":"GABRIEL","indices":[79,87]}],"trends":[],"urls":[{"url":"http:\/\/t.co\/X2ICfYavyG","expanded_url":"http:\/\/www.spiegel.de\/politik\/deutschland\/untersuchungsausschuss-edathy-gabriel-mit-erinnerungsluecken-a-1039590.html","display_url":"spiegel.de\/politik\/deutsc\u2026","indices":[113,135]}],"user_mentions":[{"screen_name":"newslinkzeitung","name":"newslinkzeitung","id":3042882976,"id_str":"3042882976","indices":[3,19]}],"symbols":[],"media":[{"id":611604560952475648,"id_str":"611604560952475648","indices":[139,140],"media_url":"http:\/\/pbs.twimg.com\/media\/CHzbG5aUwAA1p_t.jpg","media_url_https":"https:\/\/pbs.twimg.com\/media\/CHzbG5aUwAA1p_t.jpg","url":"http:\/\/t.co\/pE4p0FtyOx","display_url":"pic.twitter.com\/pE4p0FtyOx","expanded_url":"http:\/\/twitter.com\/newslinkzeitung\/status\/611604562038923266\/photo\/1","type":"photo","sizes":{"small":{"w":340,"h":258,"resize":"fit"},"thumb":{"w":150,"h":150,"resize":"crop"},"large":{"w":793,"h":603,"resize":"fit"},"medium":{"w":600,"h":456,"resize":"fit"}},"source_status_id":611604562038923266,"source_status_id_str":"611604562038923266"}]},"extended_entities":{"media":[{"id":611604560952475648,"id_str":"611604560952475648","indices":[139,140],"media_url":"http:\/\/pbs.twimg.com\/media\/CHzbG5aUwAA1p_t.jpg","media_url_https":"https:\/\/pbs.twimg.com\/media\/CHzbG5aUwAA1p_t.jpg","url":"http:\/\/t.co\/pE4p0FtyOx","display_url":"pic.twitter.com\/pE4p0FtyOx","expanded_url":"http:\/\/twitter.com\/newslinkzeitung\/status\/611604562038923266\/photo\/1","type":"photo","sizes":{"small":{"w":340,"h":258,"resize":"fit"},"thumb":{"w":150,"h":150,"resize":"crop"},"large":{"w":793,"h":603,"resize":"fit"},"medium":{"w":600,"h":456,"resize":"fit"}},"source_status_id":611604562038923266,"source_status_id_str":"611604562038923266"}]},"favorited":false,"retweeted":false,"possibly_sensitive":false,"filter_level":"low","lang":"de","timestamp_ms":"1441916997486"}
