{"created_at":"Fri Sep 11 23:45:42 +0000 2015","id":642484192526340096,"id_str":"642484192526340096","text":"@Podolski10 Ruft den Namen der Kerl Sie Fu\u00dfball spielen, denn wir machen Politik bringen nicht du Dummkopf","source":"\u003ca href=\"http:\/\/twitter.com\/download\/android\" rel=\"nofollow\"\u003eTwitter for Android\u003c\/a\u003e","truncated":false,"in_reply_to_status_id":642482732820508672,"in_reply_to_status_id_str":"642482732820508672","in_reply_to_user_id":564053549,"in_reply_to_user_id_str":"564053549","in_reply_to_screen_name":"ba_goran","user":{"id":564053549,"id_str":"564053549","name":"YLDRY YNGN","screen_name":"ba_goran","location":"Frankfurt am Main, Hessen","url":null,"description":"Kobani ve ROJAVALIYIM","protected":false,"verified":false,"followers_count":101,"friends_count":133,"listed_count":0,"favourites_count":211,"statuses_count":2358,"created_at":"Thu Apr 26 21:27:32 +0000 2012","utc_offset":7200,"time_zone":"Berlin","geo_enabled":false,"lang":"de","contributors_enabled":false,"is_translator":false,"profile_background_color":"000000","profile_background_image_url":"http:\/\/abs.twimg.com\/images\/themes\/theme7\/bg.gif","profile_background_image_url_https":"https:\/\/abs.twimg.com\/images\/themes\/theme7\/bg.gif","profile_background_tile":false,"profile_link_color":"3B94D9","profile_sidebar_border_color":"000000","profile_sidebar_fill_color":"000000","profile_text_color":"000000","profile_use_background_image":false,"profile_image_url":"http:\/\/pbs.twimg.com\/profile_images\/586602209560911872\/9MPI6K8v_normal.jpg","profile_image_url_https":"https:\/\/pbs.twimg.com\/profile_images\/586602209560911872\/9MPI6K8v_normal.jpg","profile_banner_url":"https:\/\/pbs.twimg.com\/profile_banners\/564053549\/1438707469","default_profile":false,"default_profile_image":false,"following":null,"follow_request_sent":null,"notifications":null},"geo":null,"coordinates":null,"place":null,"contributors":null,"retweet_count":0,"favorite_count":0,"entities":{"hashtags":[],"trends":[],"urls":[],"user_mentions":[{"screen_name":"Podolski10","name":"Lukas-Podolski.com","id":19596687,"id_str":"19596687","indices":[0,11]}],"symbols":[]},"favorited":false,"retweeted":false,"possibly_sensitive":false,"filter_level":"low","lang":"de","timestamp_ms":"1442015142934"}
