{"created_at":"Fri Sep 11 23:45:30 +0000 2015","id":642484140789637120,"id_str":"642484140789637120","text":"Deswegen: Fl\u00fcchtlinge in Arbeitslager stecken. Aber er ist kein Nazi. #Domian","source":"\u003ca href=\"https:\/\/about.twitter.com\/products\/tweetdeck\" rel=\"nofollow\"\u003eTweetDeck\u003c\/a\u003e","truncated":false,"in_reply_to_status_id":null,"in_reply_to_status_id_str":null,"in_reply_to_user_id":null,"in_reply_to_user_id_str":null,"in_reply_to_screen_name":null,"user":{"id":234212819,"id_str":"234212819","name":"baked toaster","screen_name":"watchmefade92","location":"aarau \/ basel \/ irgendwo","url":"http:\/\/blauspan.tumblr.com","description":"ich bin nicht betrunken, ich bin germanistik-student und das hier ist satire, du schlampe. penistr\u00e4ger. feministin. bitte nicht verklagen.","protected":false,"verified":false,"followers_count":209,"friends_count":463,"listed_count":21,"favourites_count":2158,"statuses_count":32175,"created_at":"Wed Jan 05 03:00:53 +0000 2011","utc_offset":-7200,"time_zone":"Greenland","geo_enabled":true,"lang":"de","contributors_enabled":false,"is_translator":false,"profile_background_color":"022330","profile_background_image_url":"http:\/\/pbs.twimg.com\/profile_background_images\/794575330\/23c406096c5125388025609052e7cf06.jpeg","profile_background_image_url_https":"https:\/\/pbs.twimg.com\/profile_background_images\/794575330\/23c406096c5125388025609052e7cf06.jpeg","profile_background_tile":true,"profile_link_color":"0084B4","profile_sidebar_border_color":"000000","profile_sidebar_fill_color":"252429","profile_text_color":"666666","profile_use_background_image":true,"profile_image_url":"http:\/\/pbs.twimg.com\/profile_images\/641405010404896768\/0i-gFkKe_normal.jpg","profile_image_url_https":"https:\/\/pbs.twimg.com\/profile_images\/641405010404896768\/0i-gFkKe_normal.jpg","profile_banner_url":"https:\/\/pbs.twimg.com\/profile_banners\/234212819\/1441757547","default_profile":false,"default_profile_image":false,"following":null,"follow_request_sent":null,"notifications":null},"geo":null,"coordinates":null,"place":null,"contributors":null,"retweet_count":0,"favorite_count":0,"entities":{"hashtags":[{"text":"Domian","indices":[70,77]}],"trends":[],"urls":[],"user_mentions":[],"symbols":[]},"favorited":false,"retweeted":false,"possibly_sensitive":false,"filter_level":"low","lang":"de","timestamp_ms":"1442015130599"}
