{"created_at":"Thu Sep 10 20:21:57 +0000 2015","id":642070527503376384,"id_str":"642070527503376384","text":".\n\nEin bayrischer Politiker windet sich gerade\nin ZIB2 wie eine Schlange.\n\nEin paar Fl\u00fcchtlinge scho,\naber zuviele k\u00f6nnen wir nicht essen.","source":"\u003ca href=\"http:\/\/twitter.com\" rel=\"nofollow\"\u003eTwitter Web Client\u003c\/a\u003e","truncated":false,"in_reply_to_status_id":null,"in_reply_to_status_id_str":null,"in_reply_to_user_id":null,"in_reply_to_user_id_str":null,"in_reply_to_screen_name":null,"user":{"id":1894566612,"id_str":"1894566612","name":"Kiwi","screen_name":"gkiwa44","location":"CH","url":null,"description":"Vorsicht: Meine Tweets k\u00f6nnen erw\u00fcnschte \u00fcble Nebenwirkungen haben. SFi-Fan, Sportallergiker, Kabarettfan, d\u00fcnkelster, \u00e4tzender Humor. \u2642 Swiss. \nD, E, I.  No DM","protected":false,"verified":false,"followers_count":29214,"friends_count":27102,"listed_count":127,"favourites_count":21418,"statuses_count":47360,"created_at":"Sun Sep 22 18:09:08 +0000 2013","utc_offset":7200,"time_zone":"Belgrade","geo_enabled":false,"lang":"de","contributors_enabled":false,"is_translator":false,"profile_background_color":"C0DEED","profile_background_image_url":"http:\/\/abs.twimg.com\/images\/themes\/theme1\/bg.png","profile_background_image_url_https":"https:\/\/abs.twimg.com\/images\/themes\/theme1\/bg.png","profile_background_tile":false,"profile_link_color":"0084B4","profile_sidebar_border_color":"C0DEED","profile_sidebar_fill_color":"DDEEF6","profile_text_color":"333333","profile_use_background_image":true,"profile_image_url":"http:\/\/pbs.twimg.com\/profile_images\/378800000505997243\/6990511d2620ba4212bece880edac618_normal.jpeg","profile_image_url_https":"https:\/\/pbs.twimg.com\/profile_images\/378800000505997243\/6990511d2620ba4212bece880edac618_normal.jpeg","profile_banner_url":"https:\/\/pbs.twimg.com\/profile_banners\/1894566612\/1381841629","default_profile":true,"default_profile_image":false,"following":null,"follow_request_sent":null,"notifications":null},"geo":null,"coordinates":null,"place":null,"contributors":null,"retweet_count":0,"favorite_count":0,"entities":{"hashtags":[],"trends":[],"urls":[],"user_mentions":[],"symbols":[]},"favorited":false,"retweeted":false,"possibly_sensitive":false,"filter_level":"low","lang":"de","timestamp_ms":"1441916517507"}
