{"created_at":"Sat Sep 12 19:52:24 +0000 2015","id":642787866553241600,"id_str":"642787866553241600","text":"RT @BToFall: Nachricht auf BR24 - Bis zu 5.000 Fl\u00fcchtlinge m\u00fcssen auf Bahnhofsboden schlafen http:\/\/t.co\/bEK9WSzlJM","source":"\u003ca href=\"http:\/\/twitter.com\" rel=\"nofollow\"\u003eTwitter Web Client\u003c\/a\u003e","truncated":false,"in_reply_to_status_id":null,"in_reply_to_status_id_str":null,"in_reply_to_user_id":null,"in_reply_to_user_id_str":null,"in_reply_to_screen_name":null,"user":{"id":2223723068,"id_str":"2223723068","name":"Ulrich Mendgen","screen_name":"UlrichMendgen","location":"","url":null,"description":"Journalist NDR | Redakteur und CvD | @tagesthemen | hier privat","protected":false,"verified":false,"followers_count":444,"friends_count":275,"listed_count":27,"favourites_count":1932,"statuses_count":1049,"created_at":"Sat Nov 30 21:01:24 +0000 2013","utc_offset":7200,"time_zone":"Berlin","geo_enabled":false,"lang":"de","contributors_enabled":false,"is_translator":false,"profile_background_color":"C0DEED","profile_background_image_url":"http:\/\/abs.twimg.com\/images\/themes\/theme1\/bg.png","profile_background_image_url_https":"https:\/\/abs.twimg.com\/images\/themes\/theme1\/bg.png","profile_background_tile":false,"profile_link_color":"0084B4","profile_sidebar_border_color":"C0DEED","profile_sidebar_fill_color":"DDEEF6","profile_text_color":"333333","profile_use_background_image":true,"profile_image_url":"http:\/\/pbs.twimg.com\/profile_images\/537949345472348160\/4nXqYwio_normal.jpeg","profile_image_url_https":"https:\/\/pbs.twimg.com\/profile_images\/537949345472348160\/4nXqYwio_normal.jpeg","profile_banner_url":"https:\/\/pbs.twimg.com\/profile_banners\/2223723068\/1429020816","default_profile":true,"default_profile_image":false,"following":null,"follow_request_sent":null,"notifications":null},"geo":null,"coordinates":null,"place":null,"contributors":null,"retweeted_status":{"created_at":"Sat Sep 12 19:49:32 +0000 2015","id":642787147032956929,"id_str":"642787147032956929","text":"Nachricht auf BR24 - Bis zu 5.000 Fl\u00fcchtlinge m\u00fcssen auf Bahnhofsboden schlafen http:\/\/t.co\/bEK9WSzlJM","source":"\u003ca href=\"http:\/\/www.apple.com\" rel=\"nofollow\"\u003eiOS\u003c\/a\u003e","truncated":false,"in_reply_to_status_id":null,"in_reply_to_status_id_str":null,"in_reply_to_user_id":null,"in_reply_to_user_id_str":null,"in_reply_to_screen_name":null,"user":{"id":908561352,"id_str":"908561352","name":"Birgit ToFall","screen_name":"BToFall","location":"","url":null,"description":"Journalistin, tagesthemen CvD, Mutter","protected":false,"verified":false,"followers_count":95,"friends_count":178,"listed_count":4,"favourites_count":48,"statuses_count":169,"created_at":"Sat Oct 27 17:32:04 +0000 2012","utc_offset":7200,"time_zone":"Amsterdam","geo_enabled":false,"lang":"de","contributors_enabled":false,"is_translator":false,"profile_background_color":"C0DEED","profile_background_image_url":"http:\/\/abs.twimg.com\/images\/themes\/theme1\/bg.png","profile_background_image_url_https":"https:\/\/abs.twimg.com\/images\/themes\/theme1\/bg.png","profile_background_tile":false,"profile_link_color":"0084B4","profile_sidebar_border_color":"C0DEED","profile_sidebar_fill_color":"DDEEF6","profile_text_color":"333333","profile_use_background_image":true,"profile_image_url":"http:\/\/pbs.twimg.com\/profile_images\/518143995512643586\/LBf7gvoi_normal.jpeg","profile_image_url_https":"https:\/\/pbs.twimg.com\/profile_images\/518143995512643586\/LBf7gvoi_normal.jpeg","profile_banner_url":"https:\/\/pbs.twimg.com\/profile_banners\/908561352\/1378321109","default_profile":true,"default_profile_image":false,"following":null,"follow_request_sent":null,"notifications":null},"geo":null,"coordinates":null,"place":null,"contributors":null,"retweet_count":1,"favorite_count":0,"entities":{"hashtags":[],"trends":[],"urls":[{"url":"http:\/\/t.co\/bEK9WSzlJM","expanded_url":"http:\/\/br24.de\/nachrichten\/Das%20Wichtigste\/bis-zu-5000-fluechtlinge-muessen-auf-bahnhofsboden-schlafen","display_url":"br24.de\/nachrichten\/Da\u2026","indices":[80,102]}],"user_mentions":[],"symbols":[]},"favorited":false,"retweeted":false,"possibly_sensitive":false,"filter_level":"low","lang":"de"},"retweet_count":0,"favorite_count":0,"entities":{"hashtags":[],"trends":[],"urls":[{"url":"http:\/\/t.co\/bEK9WSzlJM","expanded_url":"http:\/\/br24.de\/nachrichten\/Das%20Wichtigste\/bis-zu-5000-fluechtlinge-muessen-auf-bahnhofsboden-schlafen","display_url":"br24.de\/nachrichten\/Da\u2026","indices":[93,115]}],"user_mentions":[{"screen_name":"BToFall","name":"Birgit ToFall","id":908561352,"id_str":"908561352","indices":[3,11]}],"symbols":[]},"favorited":false,"retweeted":false,"possibly_sensitive":false,"filter_level":"low","lang":"de","timestamp_ms":"1442087544464"}
