{"created_at":"Thu Sep 10 20:23:01 +0000 2015","id":642070796203106304,"id_str":"642070796203106304","text":"So so jetzt ist es Eigenbedarf wenn unsere B\u00fcrger f\u00fcr Fl\u00fcchtlinge Ihre Wohnungen verlassen m\u00fcssen! \nIch kann das... http:\/\/t.co\/YRCU07Fks0","source":"\u003ca href=\"http:\/\/www.facebook.com\/twitter\" rel=\"nofollow\"\u003eFacebook\u003c\/a\u003e","truncated":false,"in_reply_to_status_id":null,"in_reply_to_status_id_str":null,"in_reply_to_user_id":null,"in_reply_to_user_id_str":null,"in_reply_to_screen_name":null,"user":{"id":51658337,"id_str":"51658337","name":"antoniopizzi","screen_name":"antoniopizzi","location":"Europa","url":null,"description":"Gegen den politischen Islam, Genderwahn und p\u00e4dophile Fr\u00fchsexualisierung\nRot+Gr\u00fcn=Braun nicht Bunt!","protected":false,"verified":false,"followers_count":178,"friends_count":140,"listed_count":17,"favourites_count":152,"statuses_count":17432,"created_at":"Sun Jun 28 05:19:18 +0000 2009","utc_offset":7200,"time_zone":"Berlin","geo_enabled":false,"lang":"de","contributors_enabled":false,"is_translator":false,"profile_background_color":"E0D8A0","profile_background_image_url":"http:\/\/abs.twimg.com\/images\/themes\/theme7\/bg.gif","profile_background_image_url_https":"https:\/\/abs.twimg.com\/images\/themes\/theme7\/bg.gif","profile_background_tile":false,"profile_link_color":"002060","profile_sidebar_border_color":"FFFFFF","profile_sidebar_fill_color":"F3F3F3","profile_text_color":"333333","profile_use_background_image":false,"profile_image_url":"http:\/\/pbs.twimg.com\/profile_images\/618990538193301504\/qggLXa0f_normal.jpg","profile_image_url_https":"https:\/\/pbs.twimg.com\/profile_images\/618990538193301504\/qggLXa0f_normal.jpg","default_profile":false,"default_profile_image":false,"following":null,"follow_request_sent":null,"notifications":null},"geo":null,"coordinates":null,"place":null,"contributors":null,"retweet_count":0,"favorite_count":0,"entities":{"hashtags":[],"trends":[],"urls":[{"url":"http:\/\/t.co\/YRCU07Fks0","expanded_url":"http:\/\/fb.me\/2o9lq4RYm","display_url":"fb.me\/2o9lq4RYm","indices":[116,138]}],"user_mentions":[],"symbols":[]},"favorited":false,"retweeted":false,"possibly_sensitive":false,"filter_level":"low","lang":"de","timestamp_ms":"1441916581570"}
