{"created_at":"Fri Sep 11 23:49:11 +0000 2015","id":642485068141854721,"id_str":"642485068141854721","text":"RT @zeitonline: Das Verfassungsgericht hat den Neonazi-Aufmarsch \"Tag der Patrioten\" in #Hamburg endg\u00fcltig verboten. (nd) http:\/\/t.co\/OJItw\u2026","source":"\u003ca href=\"http:\/\/twitter.com\/download\/iphone\" rel=\"nofollow\"\u003eTwitter for iPhone\u003c\/a\u003e","truncated":false,"in_reply_to_status_id":null,"in_reply_to_status_id_str":null,"in_reply_to_user_id":null,"in_reply_to_user_id_str":null,"in_reply_to_screen_name":null,"user":{"id":2995536778,"id_str":"2995536778","name":"Dr. Anna Bauch","screen_name":"annelibauch","location":"Hamburg, Munich","url":null,"description":"Airbussi @ Really in love with Aircrafts. Sister of 1. Opinions expressed are my own. What we leave behind is not as important as how we've lived.","protected":false,"verified":false,"followers_count":30,"friends_count":210,"listed_count":2,"favourites_count":92,"statuses_count":217,"created_at":"Sat Jan 24 08:53:43 +0000 2015","utc_offset":null,"time_zone":null,"geo_enabled":false,"lang":"de","contributors_enabled":false,"is_translator":false,"profile_background_color":"C0DEED","profile_background_image_url":"http:\/\/abs.twimg.com\/images\/themes\/theme1\/bg.png","profile_background_image_url_https":"https:\/\/abs.twimg.com\/images\/themes\/theme1\/bg.png","profile_background_tile":false,"profile_link_color":"0084B4","profile_sidebar_border_color":"C0DEED","profile_sidebar_fill_color":"DDEEF6","profile_text_color":"333333","profile_use_background_image":true,"profile_image_url":"http:\/\/pbs.twimg.com\/profile_images\/558911338463105024\/cKAjlhfM_normal.jpeg","profile_image_url_https":"https:\/\/pbs.twimg.com\/profile_images\/558911338463105024\/cKAjlhfM_normal.jpeg","profile_banner_url":"https:\/\/pbs.twimg.com\/profile_banners\/2995536778\/1422091276","default_profile":true,"default_profile_image":false,"following":null,"follow_request_sent":null,"notifications":null},"geo":null,"coordinates":null,"place":null,"contributors":null,"retweeted_status":{"created_at":"Fri Sep 11 23:17:57 +0000 2015","id":642477206317473792,"id_str":"642477206317473792","text":"Das Verfassungsgericht hat den Neonazi-Aufmarsch \"Tag der Patrioten\" in #Hamburg endg\u00fcltig verboten. (nd) http:\/\/t.co\/OJItwLMAa9","source":"\u003ca href=\"http:\/\/www.zeit.de\" rel=\"nofollow\"\u003eZEITonline\u003c\/a\u003e","truncated":false,"in_reply_to_status_id":null,"in_reply_to_status_id_str":null,"in_reply_to_user_id":null,"in_reply_to_user_id_str":null,"in_reply_to_screen_name":null,"user":{"id":5715752,"id_str":"5715752","name":"ZEIT ONLINE","screen_name":"zeitonline","location":"Berlin und Hamburg, Germany","url":"http:\/\/www.zeit.de","description":"Ja, das ist unser offizieller Twitter-Account. Wenn nicht der Newsdesk (nd) twittert, finden Sie hier die handelnden Personen: http:\/\/www.zeit.de\/impressum","protected":false,"verified":true,"followers_count":847116,"friends_count":21,"listed_count":7756,"favourites_count":622,"statuses_count":79417,"created_at":"Wed May 02 15:17:01 +0000 2007","utc_offset":7200,"time_zone":"Berlin","geo_enabled":true,"lang":"de","contributors_enabled":false,"is_translator":false,"profile_background_color":"FFFFFF","profile_background_image_url":"http:\/\/pbs.twimg.com\/profile_background_images\/431753025443471362\/d4Qse5Sk.png","profile_background_image_url_https":"https:\/\/pbs.twimg.com\/profile_background_images\/431753025443471362\/d4Qse5Sk.png","profile_background_tile":false,"profile_link_color":"910202","profile_sidebar_border_color":"FFFFFF","profile_sidebar_fill_color":"FFFFFF","profile_text_color":"000000","profile_use_background_image":true,"profile_image_url":"http:\/\/pbs.twimg.com\/profile_images\/552865124906569728\/LJEllSbd_normal.jpeg","profile_image_url_https":"https:\/\/pbs.twimg.com\/profile_images\/552865124906569728\/LJEllSbd_normal.jpeg","profile_banner_url":"https:\/\/pbs.twimg.com\/profile_banners\/5715752\/1404719577","default_profile":false,"default_profile_image":false,"following":null,"follow_request_sent":null,"notifications":null},"geo":null,"coordinates":null,"place":null,"contributors":null,"retweet_count":9,"favorite_count":8,"entities":{"hashtags":[{"text":"Hamburg","indices":[72,80]}],"trends":[],"urls":[{"url":"http:\/\/t.co\/OJItwLMAa9","expanded_url":"http:\/\/www.zeit.de\/hamburg\/politik-wirtschaft\/2015-09\/hamburg-verfassungsgericht-patrioten-verbot","display_url":"zeit.de\/hamburg\/politi\u2026","indices":[106,128]}],"user_mentions":[],"symbols":[]},"favorited":false,"retweeted":false,"possibly_sensitive":false,"filter_level":"low","lang":"de"},"retweet_count":0,"favorite_count":0,"entities":{"hashtags":[{"text":"Hamburg","indices":[88,96]}],"trends":[],"urls":[{"url":"http:\/\/t.co\/OJItwLMAa9","expanded_url":"http:\/\/www.zeit.de\/hamburg\/politik-wirtschaft\/2015-09\/hamburg-verfassungsgericht-patrioten-verbot","display_url":"zeit.de\/hamburg\/politi\u2026","indices":[122,140]}],"user_mentions":[{"screen_name":"zeitonline","name":"ZEIT ONLINE","id":5715752,"id_str":"5715752","indices":[3,14]}],"symbols":[]},"favorited":false,"retweeted":false,"possibly_sensitive":false,"filter_level":"low","lang":"de","timestamp_ms":"1442015351697"}
