{"created_at":"Sat Sep 12 19:53:00 +0000 2015","id":642788017049088000,"id_str":"642788017049088000","text":"@RealSlimPaddy Das bringt die Politik dann wohl so mit sich. \ud83d\ude01","source":"\u003ca href=\"http:\/\/twitter.com\/download\/android\" rel=\"nofollow\"\u003eTwitter for Android\u003c\/a\u003e","truncated":false,"in_reply_to_status_id":642787590693855232,"in_reply_to_status_id_str":"642787590693855232","in_reply_to_user_id":3187054487,"in_reply_to_user_id_str":"3187054487","in_reply_to_screen_name":"RealSlimPaddy","user":{"id":133820102,"id_str":"133820102","name":"Thomas Ponier","screen_name":"Thomy_Freaky","location":"R\u00f6dermark, Hessen","url":"http:\/\/www.twtbizcard.com\/Thomy_Freaky","description":"YouTuber since 08 \u2022 photographer @neumeistermedia \u2022 Member of @c_netz, @JUHessen, JCDA, @JEF_Hessen, @CDU_Hessen, @CDA_Aktuell & @EuropaUnionDE \u2022 Team: #BERchis","protected":false,"verified":false,"followers_count":784,"friends_count":822,"listed_count":75,"favourites_count":5189,"statuses_count":95959,"created_at":"Fri Apr 16 18:23:36 +0000 2010","utc_offset":7200,"time_zone":"Berlin","geo_enabled":true,"lang":"de","contributors_enabled":false,"is_translator":false,"profile_background_color":"000000","profile_background_image_url":"http:\/\/pbs.twimg.com\/profile_background_images\/378800000169911328\/_np3xfQQ.jpeg","profile_background_image_url_https":"https:\/\/pbs.twimg.com\/profile_background_images\/378800000169911328\/_np3xfQQ.jpeg","profile_background_tile":false,"profile_link_color":"3B94D9","profile_sidebar_border_color":"000000","profile_sidebar_fill_color":"F7DA93","profile_text_color":"000000","profile_use_background_image":true,"profile_image_url":"http:\/\/pbs.twimg.com\/profile_images\/622788764570660864\/sARPxYyY_normal.jpg","profile_image_url_https":"https:\/\/pbs.twimg.com\/profile_images\/622788764570660864\/sARPxYyY_normal.jpg","profile_banner_url":"https:\/\/pbs.twimg.com\/profile_banners\/133820102\/1409252431","default_profile":false,"default_profile_image":false,"following":null,"follow_request_sent":null,"notifications":null},"geo":null,"coordinates":null,"place":null,"contributors":null,"retweet_count":0,"favorite_count":0,"entities":{"hashtags":[],"trends":[],"urls":[],"user_mentions":[{"screen_name":"RealSlimPaddy","name":"Afraid of the Dark","id":3187054487,"id_str":"3187054487","indices":[0,14]}],"symbols":[]},"favorited":false,"retweeted":false,"possibly_sensitive":false,"filter_level":"low","lang":"de","timestamp_ms":"1442087580345"}
