{"created_at":"Thu Sep 10 20:23:52 +0000 2015","id":642071008757727233,"id_str":"642071008757727233","text":"Ich habe ein @YouTube-Video positiv bewertet: http:\/\/t.co\/AcVECiCIyC Fl\u00fcchtlinge raus! - Kuchen Talks #101","source":"\u003ca href=\"http:\/\/www.google.com\/\" rel=\"nofollow\"\u003eGoogle\u003c\/a\u003e","truncated":false,"in_reply_to_status_id":null,"in_reply_to_status_id_str":null,"in_reply_to_user_id":null,"in_reply_to_user_id_str":null,"in_reply_to_screen_name":null,"user":{"id":3078473813,"id_str":"3078473813","name":"Ladobar","screen_name":"xAlexalabrador","location":"","url":"https:\/\/m.youtube.com\/channel\/UCfr-S_bdRTs1ox2M74VeEZw","description":"Habe Spa\u00dfi spa\u00df auf YT! :D","protected":false,"verified":false,"followers_count":57,"friends_count":305,"listed_count":1,"favourites_count":1387,"statuses_count":5102,"created_at":"Sun Mar 08 00:48:55 +0000 2015","utc_offset":null,"time_zone":null,"geo_enabled":false,"lang":"de","contributors_enabled":false,"is_translator":false,"profile_background_color":"C0DEED","profile_background_image_url":"http:\/\/abs.twimg.com\/images\/themes\/theme1\/bg.png","profile_background_image_url_https":"https:\/\/abs.twimg.com\/images\/themes\/theme1\/bg.png","profile_background_tile":false,"profile_link_color":"0084B4","profile_sidebar_border_color":"C0DEED","profile_sidebar_fill_color":"DDEEF6","profile_text_color":"333333","profile_use_background_image":true,"profile_image_url":"http:\/\/pbs.twimg.com\/profile_images\/636250938932600832\/5z17bFDn_normal.jpg","profile_image_url_https":"https:\/\/pbs.twimg.com\/profile_images\/636250938932600832\/5z17bFDn_normal.jpg","profile_banner_url":"https:\/\/pbs.twimg.com\/profile_banners\/3078473813\/1440855262","default_profile":true,"default_profile_image":false,"following":null,"follow_request_sent":null,"notifications":null},"geo":null,"coordinates":null,"place":null,"contributors":null,"retweet_count":0,"favorite_count":0,"entities":{"hashtags":[],"trends":[],"urls":[{"url":"http:\/\/t.co\/AcVECiCIyC","expanded_url":"http:\/\/youtu.be\/Ei0k54QSG3o?a","display_url":"youtu.be\/Ei0k54QSG3o?a","indices":[46,68]}],"user_mentions":[{"screen_name":"YouTube","name":"YouTube","id":10228272,"id_str":"10228272","indices":[13,21]}],"symbols":[]},"favorited":false,"retweeted":false,"possibly_sensitive":false,"filter_level":"low","lang":"de","timestamp_ms":"1441916632247"}
