{"created_at":"Thu Sep 10 20:25:52 +0000 2015","id":642071513882095616,"id_str":"642071513882095616","text":"RT @GeonKlijsig: Wahlkampf in #Griechenland: Keiner lehnt sich aus dem Fenster - https:\/\/t.co\/mQtaj5Qr7e via @GRZeitung","source":"\u003ca href=\"http:\/\/twitter.com\/download\/android\" rel=\"nofollow\"\u003eTwitter for Android\u003c\/a\u003e","truncated":false,"in_reply_to_status_id":null,"in_reply_to_status_id_str":null,"in_reply_to_user_id":null,"in_reply_to_user_id_str":null,"in_reply_to_screen_name":null,"user":{"id":3091003138,"id_str":"3091003138","name":"mexLongwhyla","screen_name":"kanzleramtsmann","location":"\u05d0\u05d9\u05df \u05e1\u05d5\u05e3 \u05d0\u05d5\u05e8","url":null,"description":"zeitzeuge","protected":false,"verified":false,"followers_count":156,"friends_count":153,"listed_count":58,"favourites_count":524,"statuses_count":19822,"created_at":"Fri Mar 13 09:33:00 +0000 2015","utc_offset":7200,"time_zone":"Belgrade","geo_enabled":false,"lang":"de","contributors_enabled":false,"is_translator":false,"profile_background_color":"C0DEED","profile_background_image_url":"http:\/\/abs.twimg.com\/images\/themes\/theme1\/bg.png","profile_background_image_url_https":"https:\/\/abs.twimg.com\/images\/themes\/theme1\/bg.png","profile_background_tile":false,"profile_link_color":"0084B4","profile_sidebar_border_color":"C0DEED","profile_sidebar_fill_color":"DDEEF6","profile_text_color":"333333","profile_use_background_image":true,"profile_image_url":"http:\/\/pbs.twimg.com\/profile_images\/606844153247449088\/U935ggG4_normal.jpg","profile_image_url_https":"https:\/\/pbs.twimg.com\/profile_images\/606844153247449088\/U935ggG4_normal.jpg","profile_banner_url":"https:\/\/pbs.twimg.com\/profile_banners\/3091003138\/1441905586","default_profile":true,"default_profile_image":false,"following":null,"follow_request_sent":null,"notifications":null},"geo":null,"coordinates":null,"place":null,"contributors":null,"retweeted_status":{"created_at":"Thu Sep 10 18:08:54 +0000 2015","id":642037043997097984,"id_str":"642037043997097984","text":"Wahlkampf in #Griechenland: Keiner lehnt sich aus dem Fenster - https:\/\/t.co\/mQtaj5Qr7e via @GRZeitung","source":"\u003ca href=\"http:\/\/twitter.com\" rel=\"nofollow\"\u003eTwitter Web Client\u003c\/a\u003e","truncated":false,"in_reply_to_status_id":null,"in_reply_to_status_id_str":null,"in_reply_to_user_id":null,"in_reply_to_user_id_str":null,"in_reply_to_screen_name":null,"user":{"id":589054947,"id_str":"589054947","name":"Geon Klijsig","screen_name":"GeonKlijsig","location":"Kreta-Griechenland \/ M\u00fcnchen","url":null,"description":"Das Ungeheuer wird mit dem Dolch get\u00f6tet der zwischen unseren Rippen steckt\u2026\nGegen jede Art von Ungerechtigkeit und Unterdr\u00fcckung.","protected":false,"verified":false,"followers_count":1043,"friends_count":1913,"listed_count":40,"favourites_count":4813,"statuses_count":17056,"created_at":"Thu May 24 09:07:50 +0000 2012","utc_offset":10800,"time_zone":"Athens","geo_enabled":false,"lang":"de","contributors_enabled":false,"is_translator":false,"profile_background_color":"C0DEED","profile_background_image_url":"http:\/\/abs.twimg.com\/images\/themes\/theme1\/bg.png","profile_background_image_url_https":"https:\/\/abs.twimg.com\/images\/themes\/theme1\/bg.png","profile_background_tile":false,"profile_link_color":"0084B4","profile_sidebar_border_color":"C0DEED","profile_sidebar_fill_color":"DDEEF6","profile_text_color":"333333","profile_use_background_image":true,"profile_image_url":"http:\/\/pbs.twimg.com\/profile_images\/617342865568567296\/q2UhONas_normal.jpg","profile_image_url_https":"https:\/\/pbs.twimg.com\/profile_images\/617342865568567296\/q2UhONas_normal.jpg","profile_banner_url":"https:\/\/pbs.twimg.com\/profile_banners\/589054947\/1398206492","default_profile":true,"default_profile_image":false,"following":null,"follow_request_sent":null,"notifications":null},"geo":null,"coordinates":null,"place":null,"contributors":null,"retweet_count":1,"favorite_count":0,"entities":{"hashtags":[{"text":"Griechenland","indices":[13,26]}],"trends":[],"urls":[{"url":"https:\/\/t.co\/mQtaj5Qr7e","expanded_url":"https:\/\/www.griechenland.net\/nachrichten\/politik\/19004-fernsehauftritt-der-parteif\u00fchrer-keiner-lehnt-sich-aus-dem-fenster","display_url":"griechenland.net\/nachrichten\/po\u2026","indices":[64,87]}],"user_mentions":[{"screen_name":"GRZeitung","name":"Griechenland Zeitung","id":330264502,"id_str":"330264502","indices":[92,102]}],"symbols":[]},"favorited":false,"retweeted":false,"possibly_sensitive":false,"filter_level":"low","lang":"de"},"retweet_count":0,"favorite_count":0,"entities":{"hashtags":[{"text":"Griechenland","indices":[30,43]}],"trends":[],"urls":[{"url":"https:\/\/t.co\/mQtaj5Qr7e","expanded_url":"https:\/\/www.griechenland.net\/nachrichten\/politik\/19004-fernsehauftritt-der-parteif\u00fchrer-keiner-lehnt-sich-aus-dem-fenster","display_url":"griechenland.net\/nachrichten\/po\u2026","indices":[81,104]}],"user_mentions":[{"screen_name":"GeonKlijsig","name":"Geon Klijsig","id":589054947,"id_str":"589054947","indices":[3,15]},{"screen_name":"GRZeitung","name":"Griechenland Zeitung","id":330264502,"id_str":"330264502","indices":[109,119]}],"symbols":[]},"favorited":false,"retweeted":false,"possibly_sensitive":false,"filter_level":"low","lang":"de","timestamp_ms":"1441916752678"}
