{"created_at":"Thu Sep 10 20:24:23 +0000 2015","id":642071139481714689,"id_str":"642071139481714689","text":"RT @Jim_Beau_27: #Fl\u00fcchtlinge vergehen sich an den Kindern im Asylheim. #refugeeswelcome  https:\/\/t.co\/TcrkQgXi23","source":"\u003ca href=\"http:\/\/twitter.com\" rel=\"nofollow\"\u003eTwitter Web Client\u003c\/a\u003e","truncated":false,"in_reply_to_status_id":null,"in_reply_to_status_id_str":null,"in_reply_to_user_id":null,"in_reply_to_user_id_str":null,"in_reply_to_screen_name":null,"user":{"id":3612993389,"id_str":"3612993389","name":"Kaltland? Nein!","screen_name":"Kaltland_","location":"","url":null,"description":"Wir Deutschen sind warmherzig, helfen nicht nur bei PR-Aktionen wie #Deutschlandhilft. Aber die Islam-Invasion m\u00fcssen wir uns nicht geben! Wehren wir uns!","protected":false,"verified":false,"followers_count":0,"friends_count":2,"listed_count":0,"favourites_count":1,"statuses_count":5,"created_at":"Thu Sep 10 20:13:41 +0000 2015","utc_offset":-25200,"time_zone":"Pacific Time (US & Canada)","geo_enabled":false,"lang":"de","contributors_enabled":false,"is_translator":false,"profile_background_color":"C0DEED","profile_background_image_url":"http:\/\/abs.twimg.com\/images\/themes\/theme1\/bg.png","profile_background_image_url_https":"https:\/\/abs.twimg.com\/images\/themes\/theme1\/bg.png","profile_background_tile":false,"profile_link_color":"0084B4","profile_sidebar_border_color":"C0DEED","profile_sidebar_fill_color":"DDEEF6","profile_text_color":"333333","profile_use_background_image":true,"profile_image_url":"http:\/\/pbs.twimg.com\/profile_images\/642070158777917445\/XtVHN5wZ_normal.png","profile_image_url_https":"https:\/\/pbs.twimg.com\/profile_images\/642070158777917445\/XtVHN5wZ_normal.png","profile_banner_url":"https:\/\/pbs.twimg.com\/profile_banners\/3612993389\/1441916344","default_profile":true,"default_profile_image":false,"following":null,"follow_request_sent":null,"notifications":null},"geo":null,"coordinates":null,"place":null,"contributors":null,"retweeted_status":{"created_at":"Thu Sep 10 14:25:56 +0000 2015","id":641980933474787334,"id_str":"641980933474787334","text":"#Fl\u00fcchtlinge vergehen sich an den Kindern im Asylheim. #refugeeswelcome  https:\/\/t.co\/TcrkQgXi23","source":"\u003ca href=\"http:\/\/twitter.com\" rel=\"nofollow\"\u003eTwitter Web Client\u003c\/a\u003e","truncated":false,"in_reply_to_status_id":null,"in_reply_to_status_id_str":null,"in_reply_to_user_id":null,"in_reply_to_user_id_str":null,"in_reply_to_screen_name":null,"user":{"id":2387000779,"id_str":"2387000779","name":"Jim Beau","screen_name":"Jim_Beau_27","location":"Infidelistan","url":null,"description":"Habe eine Aversion gegen alles was links-gr\u00fcn ist. Patriot und Gutmenschen-Schreck. Hier kommt die Wahrheit auf den Tisch.","protected":false,"verified":false,"followers_count":880,"friends_count":644,"listed_count":14,"favourites_count":8374,"statuses_count":7623,"created_at":"Thu Mar 13 13:37:16 +0000 2014","utc_offset":7200,"time_zone":"Bern","geo_enabled":false,"lang":"de","contributors_enabled":false,"is_translator":false,"profile_background_color":"C0DEED","profile_background_image_url":"http:\/\/abs.twimg.com\/images\/themes\/theme1\/bg.png","profile_background_image_url_https":"https:\/\/abs.twimg.com\/images\/themes\/theme1\/bg.png","profile_background_tile":false,"profile_link_color":"0084B4","profile_sidebar_border_color":"C0DEED","profile_sidebar_fill_color":"DDEEF6","profile_text_color":"333333","profile_use_background_image":true,"profile_image_url":"http:\/\/pbs.twimg.com\/profile_images\/554317686117650434\/t8T3H8BN_normal.jpeg","profile_image_url_https":"https:\/\/pbs.twimg.com\/profile_images\/554317686117650434\/t8T3H8BN_normal.jpeg","profile_banner_url":"https:\/\/pbs.twimg.com\/profile_banners\/2387000779\/1433776932","default_profile":true,"default_profile_image":false,"following":null,"follow_request_sent":null,"notifications":null},"geo":null,"coordinates":null,"place":null,"contributors":null,"quoted_status_id":641976047173505024,"quoted_status_id_str":"641976047173505024","quoted_status":{"created_at":"Thu Sep 10 14:06:31 +0000 2015","id":641976047173505024,"id_str":"641976047173505024","text":"Tatort Fl\u00fcchtlingsheim - \nWo Kinder zum Freiwild werden http:\/\/t.co\/cMHS65GFI6","source":"\u003ca href=\"http:\/\/ifttt.com\" rel=\"nofollow\"\u003eIFTTT\u003c\/a\u003e","truncated":false,"in_reply_to_status_id":null,"in_reply_to_status_id_str":null,"in_reply_to_user_id":null,"in_reply_to_user_id_str":null,"in_reply_to_screen_name":null,"user":{"id":15738602,"id_str":"15738602","name":"N24","screen_name":"N24","location":"Berlin","url":"http:\/\/www.N24.de","description":"N24 - Wir kommen zur Sache","protected":false,"verified":true,"followers_count":201015,"friends_count":3320,"listed_count":2778,"favourites_count":439,"statuses_count":85566,"created_at":"Tue Aug 05 17:07:30 +0000 2008","utc_offset":7200,"time_zone":"Brussels","geo_enabled":true,"lang":"de","contributors_enabled":false,"is_translator":false,"profile_background_color":"0C3A59","profile_background_image_url":"http:\/\/pbs.twimg.com\/profile_background_images\/477044241\/120216_N24_Twitter_03.jpg","profile_background_image_url_https":"https:\/\/pbs.twimg.com\/profile_background_images\/477044241\/120216_N24_Twitter_03.jpg","profile_background_tile":false,"profile_link_color":"F5770A","profile_sidebar_border_color":"000000","profile_sidebar_fill_color":"FFFFFF","profile_text_color":"333333","profile_use_background_image":true,"profile_image_url":"http:\/\/pbs.twimg.com\/profile_images\/2455474765\/oo5ltd4p48q2xo3svj04_normal.png","profile_image_url_https":"https:\/\/pbs.twimg.com\/profile_images\/2455474765\/oo5ltd4p48q2xo3svj04_normal.png","profile_banner_url":"https:\/\/pbs.twimg.com\/profile_banners\/15738602\/1396967602","default_profile":false,"default_profile_image":false,"following":null,"follow_request_sent":null,"notifications":null},"geo":null,"coordinates":null,"place":null,"contributors":null,"retweet_count":0,"favorite_count":0,"entities":{"hashtags":[],"trends":[],"urls":[{"url":"http:\/\/t.co\/cMHS65GFI6","expanded_url":"http:\/\/l.n24.de\/1Q3ziP9","display_url":"l.n24.de\/1Q3ziP9","indices":[56,78]}],"user_mentions":[],"symbols":[]},"favorited":false,"retweeted":false,"possibly_sensitive":false,"filter_level":"low","lang":"de"},"retweet_count":12,"favorite_count":4,"entities":{"hashtags":[{"text":"Fl\u00fcchtlinge","indices":[0,12]},{"text":"refugeeswelcome","indices":[55,71]}],"trends":[],"urls":[{"url":"https:\/\/t.co\/TcrkQgXi23","expanded_url":"https:\/\/twitter.com\/N24\/status\/641976047173505024","display_url":"twitter.com\/N24\/status\/641\u2026","indices":[73,96]}],"user_mentions":[],"symbols":[]},"favorited":false,"retweeted":false,"possibly_sensitive":false,"filter_level":"low","lang":"de"},"retweet_count":0,"favorite_count":0,"entities":{"hashtags":[{"text":"Fl\u00fcchtlinge","indices":[17,29]},{"text":"refugeeswelcome","indices":[72,88]}],"trends":[],"urls":[{"url":"https:\/\/t.co\/TcrkQgXi23","expanded_url":"https:\/\/twitter.com\/N24\/status\/641976047173505024","display_url":"twitter.com\/N24\/status\/641\u2026","indices":[90,113]}],"user_mentions":[{"screen_name":"Jim_Beau_27","name":"Jim Beau","id":2387000779,"id_str":"2387000779","indices":[3,15]}],"symbols":[]},"favorited":false,"retweeted":false,"possibly_sensitive":false,"filter_level":"low","lang":"de","timestamp_ms":"1441916663414"}
