{"created_at":"Sat Sep 12 19:51:45 +0000 2015","id":642787701247356928,"id_str":"642787701247356928","text":"RT @ColliniSue: Auf Grund der Notlage in M\u00fcnchen meldeten 15 ! Bundesl\u00e4nder 1500 freie Pl\u00e4tze.\nEs ist so besch\u00e4mend.\nhttp:\/\/t.co\/k6o6Wv7lUU","source":"\u003ca href=\"http:\/\/tapbots.com\/tweetbot\" rel=\"nofollow\"\u003eTweetbot for i\u039fS\u003c\/a\u003e","truncated":false,"in_reply_to_status_id":null,"in_reply_to_status_id_str":null,"in_reply_to_user_id":null,"in_reply_to_user_id_str":null,"in_reply_to_screen_name":null,"user":{"id":116225100,"id_str":"116225100","name":"Micky Rust (Ben)","screen_name":"MickyRust","location":"Neuburg \/ Donau (Bayern)","url":"http:\/\/www.dermachel.de","description":"Das Leben kann so einfach sein: Bayern, FCB, Apple, CSU. B\u00c4M!","protected":false,"verified":false,"followers_count":654,"friends_count":1609,"listed_count":34,"favourites_count":10131,"statuses_count":25215,"created_at":"Sun Feb 21 17:11:39 +0000 2010","utc_offset":7200,"time_zone":"Berlin","geo_enabled":true,"lang":"de","contributors_enabled":false,"is_translator":false,"profile_background_color":"131516","profile_background_image_url":"http:\/\/abs.twimg.com\/images\/themes\/theme14\/bg.gif","profile_background_image_url_https":"https:\/\/abs.twimg.com\/images\/themes\/theme14\/bg.gif","profile_background_tile":true,"profile_link_color":"009999","profile_sidebar_border_color":"EEEEEE","profile_sidebar_fill_color":"EFEFEF","profile_text_color":"333333","profile_use_background_image":true,"profile_image_url":"http:\/\/pbs.twimg.com\/profile_images\/447833935570284545\/e5wj6V7m_normal.jpeg","profile_image_url_https":"https:\/\/pbs.twimg.com\/profile_images\/447833935570284545\/e5wj6V7m_normal.jpeg","profile_banner_url":"https:\/\/pbs.twimg.com\/profile_banners\/116225100\/1430660497","default_profile":false,"default_profile_image":false,"following":null,"follow_request_sent":null,"notifications":null},"geo":null,"coordinates":null,"place":null,"contributors":null,"retweeted_status":{"created_at":"Sat Sep 12 19:36:20 +0000 2015","id":642783823185489920,"id_str":"642783823185489920","text":"Auf Grund der Notlage in M\u00fcnchen meldeten 15 ! Bundesl\u00e4nder 1500 freie Pl\u00e4tze.\nEs ist so besch\u00e4mend.\nhttp:\/\/t.co\/k6o6Wv7lUU","source":"\u003ca href=\"http:\/\/twitter.com\/download\/iphone\" rel=\"nofollow\"\u003eTwitter for iPhone\u003c\/a\u003e","truncated":false,"in_reply_to_status_id":null,"in_reply_to_status_id_str":null,"in_reply_to_user_id":null,"in_reply_to_user_id_str":null,"in_reply_to_screen_name":null,"user":{"id":980866921,"id_str":"980866921","name":"Ex-Rebell","screen_name":"ColliniSue","location":"","url":"http:\/\/www.wochenendrebell.de","description":null,"protected":false,"verified":false,"followers_count":2752,"friends_count":1075,"listed_count":100,"favourites_count":27323,"statuses_count":56982,"created_at":"Fri Nov 30 17:11:37 +0000 2012","utc_offset":null,"time_zone":null,"geo_enabled":true,"lang":"de","contributors_enabled":false,"is_translator":false,"profile_background_color":"C0DEED","profile_background_image_url":"http:\/\/pbs.twimg.com\/profile_background_images\/378800000155245895\/LYobPQwc.jpeg","profile_background_image_url_https":"https:\/\/pbs.twimg.com\/profile_background_images\/378800000155245895\/LYobPQwc.jpeg","profile_background_tile":false,"profile_link_color":"B30000","profile_sidebar_border_color":"FFFFFF","profile_sidebar_fill_color":"DDEEF6","profile_text_color":"333333","profile_use_background_image":false,"profile_image_url":"http:\/\/pbs.twimg.com\/profile_images\/635883743777918977\/jdQ25K8q_normal.png","profile_image_url_https":"https:\/\/pbs.twimg.com\/profile_images\/635883743777918977\/jdQ25K8q_normal.png","profile_banner_url":"https:\/\/pbs.twimg.com\/profile_banners\/980866921\/1401039607","default_profile":false,"default_profile_image":false,"following":null,"follow_request_sent":null,"notifications":null},"geo":null,"coordinates":null,"place":null,"contributors":null,"retweet_count":8,"favorite_count":8,"entities":{"hashtags":[],"trends":[],"urls":[{"url":"http:\/\/t.co\/k6o6Wv7lUU","expanded_url":"http:\/\/m.faz.net\/aktuell\/politik\/fluechtlingskrise\/fluechtlingsansturm-in-muenchen-behoerden-pruefen-notunterbringung-in-olympiahalle-13800066.html","display_url":"m.faz.net\/aktuell\/politi\u2026","indices":[101,123]}],"user_mentions":[],"symbols":[]},"favorited":false,"retweeted":false,"possibly_sensitive":false,"filter_level":"low","lang":"de"},"retweet_count":0,"favorite_count":0,"entities":{"hashtags":[],"trends":[],"urls":[{"url":"http:\/\/t.co\/k6o6Wv7lUU","expanded_url":"http:\/\/m.faz.net\/aktuell\/politik\/fluechtlingskrise\/fluechtlingsansturm-in-muenchen-behoerden-pruefen-notunterbringung-in-olympiahalle-13800066.html","display_url":"m.faz.net\/aktuell\/politi\u2026","indices":[117,139]}],"user_mentions":[{"screen_name":"ColliniSue","name":"Ex-Rebell","id":980866921,"id_str":"980866921","indices":[3,14]}],"symbols":[]},"favorited":false,"retweeted":false,"possibly_sensitive":false,"filter_level":"low","lang":"de","timestamp_ms":"1442087505052"}
