{"created_at":"Thu Sep 10 20:21:45 +0000 2015","id":642070475225624576,"id_str":"642070475225624576","text":"RT @dielinkeberlin: Erst Dementi, dann #Henkel in Erkl\u00e4rungsnot #Armbinden f\u00fcr erkrankte #refugeeswelcome #Berlin #AGH \nhttp:\/\/t.co\/JheE4Qg\u2026","source":"\u003ca href=\"http:\/\/twitter.com\/download\/iphone\" rel=\"nofollow\"\u003eTwitter for iPhone\u003c\/a\u003e","truncated":false,"in_reply_to_status_id":null,"in_reply_to_status_id_str":null,"in_reply_to_user_id":null,"in_reply_to_user_id_str":null,"in_reply_to_screen_name":null,"user":{"id":512034241,"id_str":"512034241","name":"Andreas Kopietz","screen_name":"KopietzAndreas","location":"Berlin","url":"http:\/\/www.berliner-zeitung.de","description":"Kriminalreporter der Berliner Zeitung. Recherchiere zu Polizei, Sicherheit, vielem was auf -ismus endet und Verschw\u00f6rungsdeppen.","protected":false,"verified":false,"followers_count":2920,"friends_count":984,"listed_count":108,"favourites_count":614,"statuses_count":5237,"created_at":"Fri Mar 02 14:53:56 +0000 2012","utc_offset":null,"time_zone":null,"geo_enabled":false,"lang":"de","contributors_enabled":false,"is_translator":false,"profile_background_color":"C0DEED","profile_background_image_url":"http:\/\/pbs.twimg.com\/profile_background_images\/773814742\/0e2ec39ac50d0b62b75e69369a9e605d.jpeg","profile_background_image_url_https":"https:\/\/pbs.twimg.com\/profile_background_images\/773814742\/0e2ec39ac50d0b62b75e69369a9e605d.jpeg","profile_background_tile":false,"profile_link_color":"0084B4","profile_sidebar_border_color":"FFFFFF","profile_sidebar_fill_color":"DDEEF6","profile_text_color":"333333","profile_use_background_image":true,"profile_image_url":"http:\/\/pbs.twimg.com\/profile_images\/618731787477385217\/wI2jM3Ld_normal.jpg","profile_image_url_https":"https:\/\/pbs.twimg.com\/profile_images\/618731787477385217\/wI2jM3Ld_normal.jpg","profile_banner_url":"https:\/\/pbs.twimg.com\/profile_banners\/512034241\/1424104385","default_profile":false,"default_profile_image":false,"following":null,"follow_request_sent":null,"notifications":null},"geo":null,"coordinates":null,"place":null,"contributors":null,"retweeted_status":{"created_at":"Thu Sep 10 14:55:16 +0000 2015","id":641988312975187972,"id_str":"641988312975187972","text":"Erst Dementi, dann #Henkel in Erkl\u00e4rungsnot #Armbinden f\u00fcr erkrankte #refugeeswelcome #Berlin #AGH \nhttp:\/\/t.co\/JheE4QgSSY","source":"\u003ca href=\"http:\/\/twitter.com\" rel=\"nofollow\"\u003eTwitter Web Client\u003c\/a\u003e","truncated":false,"in_reply_to_status_id":null,"in_reply_to_status_id_str":null,"in_reply_to_user_id":null,"in_reply_to_user_id_str":null,"in_reply_to_screen_name":null,"user":{"id":196330258,"id_str":"196330258","name":"DIE LINKE. Berlin","screen_name":"dielinkeberlin","location":"Berlin","url":"http:\/\/www.die-linke-berlin.de","description":"Politik, links, Berlin. Hier gibt's Infos, Termine, Meinung, Sachen, die uns auffallen, und nat\u00fcrlich Debatte. Wer schreibt? Meist Sebastian, Tomtom, Nik.","protected":false,"verified":false,"followers_count":3689,"friends_count":1016,"listed_count":130,"favourites_count":324,"statuses_count":5770,"created_at":"Tue Sep 28 21:47:26 +0000 2010","utc_offset":7200,"time_zone":"Berlin","geo_enabled":false,"lang":"de","contributors_enabled":false,"is_translator":false,"profile_background_color":"E10000","profile_background_image_url":"http:\/\/pbs.twimg.com\/profile_background_images\/492286135515611136\/kYBYUD4G.png","profile_background_image_url_https":"https:\/\/pbs.twimg.com\/profile_background_images\/492286135515611136\/kYBYUD4G.png","profile_background_tile":false,"profile_link_color":"E10000","profile_sidebar_border_color":"FFFFFF","profile_sidebar_fill_color":"E5EAED","profile_text_color":"333333","profile_use_background_image":true,"profile_image_url":"http:\/\/pbs.twimg.com\/profile_images\/1565794145\/sozial_normal.gif","profile_image_url_https":"https:\/\/pbs.twimg.com\/profile_images\/1565794145\/sozial_normal.gif","profile_banner_url":"https:\/\/pbs.twimg.com\/profile_banners\/196330258\/1406123457","default_profile":false,"default_profile_image":false,"following":null,"follow_request_sent":null,"notifications":null},"geo":null,"coordinates":null,"place":null,"contributors":null,"retweet_count":7,"favorite_count":2,"entities":{"hashtags":[{"text":"Henkel","indices":[19,26]},{"text":"Armbinden","indices":[44,54]},{"text":"refugeeswelcome","indices":[69,85]},{"text":"Berlin","indices":[86,93]},{"text":"AGH","indices":[94,98]}],"trends":[],"urls":[{"url":"http:\/\/t.co\/JheE4QgSSY","expanded_url":"http:\/\/www.linksfraktion-berlin.de\/nc\/politik\/presse\/detail\/zurueck\/aktuelles-2\/artikel\/stigmatisierung-erkrankter-fluechtlinge-ausschliessen\/","display_url":"linksfraktion-berlin.de\/nc\/politik\/pre\u2026","indices":[100,122]}],"user_mentions":[],"symbols":[]},"favorited":false,"retweeted":false,"possibly_sensitive":false,"filter_level":"low","lang":"de"},"retweet_count":0,"favorite_count":0,"entities":{"hashtags":[{"text":"Henkel","indices":[39,46]},{"text":"Armbinden","indices":[64,74]},{"text":"refugeeswelcome","indices":[89,105]},{"text":"Berlin","indices":[106,113]},{"text":"AGH","indices":[114,118]}],"trends":[],"urls":[{"url":"http:\/\/t.co\/JheE4QgSSY","expanded_url":"http:\/\/www.linksfraktion-berlin.de\/nc\/politik\/presse\/detail\/zurueck\/aktuelles-2\/artikel\/stigmatisierung-erkrankter-fluechtlinge-ausschliessen\/","display_url":"linksfraktion-berlin.de\/nc\/politik\/pre\u2026","indices":[120,140]}],"user_mentions":[{"screen_name":"dielinkeberlin","name":"DIE LINKE. Berlin","id":196330258,"id_str":"196330258","indices":[3,18]}],"symbols":[]},"favorited":false,"retweeted":false,"possibly_sensitive":false,"filter_level":"low","lang":"de","timestamp_ms":"1441916505043"}
