{"created_at":"Fri Sep 11 23:56:38 +0000 2015","id":642486941649358848,"id_str":"642486941649358848","text":"Lesen! So blickt die Welt auf Deutschland - sieben Korrespondenten berichten. SA im @online_MM #Fl\u00fcchtlinge Dankesch\u00f6n an Manfred Loimeier!","source":"\u003ca href=\"https:\/\/mobile.twitter.com\" rel=\"nofollow\"\u003eMobile Web (M5)\u003c\/a\u003e","truncated":false,"in_reply_to_status_id":null,"in_reply_to_status_id_str":null,"in_reply_to_user_id":null,"in_reply_to_user_id_str":null,"in_reply_to_screen_name":null,"user":{"id":748969644,"id_str":"748969644","name":"Melanie Ahlemeier","screen_name":"MelanieAhlemeie","location":"","url":null,"description":"stellv. Chefredakteurin & Newsroomchefin Mannheimer Morgen, hier privat unterwegs","protected":false,"verified":false,"followers_count":642,"friends_count":599,"listed_count":40,"favourites_count":62,"statuses_count":885,"created_at":"Fri Aug 10 08:56:06 +0000 2012","utc_offset":null,"time_zone":null,"geo_enabled":false,"lang":"de","contributors_enabled":false,"is_translator":false,"profile_background_color":"C0DEED","profile_background_image_url":"http:\/\/abs.twimg.com\/images\/themes\/theme1\/bg.png","profile_background_image_url_https":"https:\/\/abs.twimg.com\/images\/themes\/theme1\/bg.png","profile_background_tile":false,"profile_link_color":"060708","profile_sidebar_border_color":"C0DEED","profile_sidebar_fill_color":"DDEEF6","profile_text_color":"333333","profile_use_background_image":true,"profile_image_url":"http:\/\/pbs.twimg.com\/profile_images\/2856647685\/9e1681246515cab43e1f5240001fce7c_normal.jpeg","profile_image_url_https":"https:\/\/pbs.twimg.com\/profile_images\/2856647685\/9e1681246515cab43e1f5240001fce7c_normal.jpeg","profile_banner_url":"https:\/\/pbs.twimg.com\/profile_banners\/748969644\/1435249994","default_profile":false,"default_profile_image":false,"following":null,"follow_request_sent":null,"notifications":null},"geo":null,"coordinates":null,"place":null,"contributors":null,"retweet_count":0,"favorite_count":0,"entities":{"hashtags":[{"text":"Fl\u00fcchtlinge","indices":[95,107]}],"trends":[],"urls":[],"user_mentions":[{"screen_name":"online_MM","name":"Mannheimer Morgen ","id":406955423,"id_str":"406955423","indices":[84,94]}],"symbols":[]},"favorited":false,"retweeted":false,"possibly_sensitive":false,"filter_level":"low","lang":"de","timestamp_ms":"1442015798376"}
