{"created_at":"Fri Sep 11 23:56:08 +0000 2015","id":642486816826859520,"id_str":"642486816826859520","text":"RT @weidenkatzl: So ist es! Die #Asylobergrenze liegt DORT, wo pro #Asylant weniger als ein DINA4 Blatt Bundesrepublik zugewiesen ist https\u2026","source":"\u003ca href=\"http:\/\/twitter.com\" rel=\"nofollow\"\u003eTwitter Web Client\u003c\/a\u003e","truncated":false,"in_reply_to_status_id":null,"in_reply_to_status_id_str":null,"in_reply_to_user_id":null,"in_reply_to_user_id_str":null,"in_reply_to_screen_name":null,"user":{"id":221732311,"id_str":"221732311","name":"D.HaneW","screen_name":"hapatamast","location":"","url":"https:\/\/waffenbesitz.wordpress.com\/2015\/05\/28\/waffen-legalisierung-fur-deutsche-mundige-unbescholten","description":"Alles was ein Mensch \u00fcber einen anderen aussagt, sagt m\u00f6glichenfalls genau so viel \u00fcber den Redner aus  wer erz\u00e4hlet, spricht \u00fcber sich.","protected":false,"verified":false,"followers_count":1323,"friends_count":1363,"listed_count":15,"favourites_count":84098,"statuses_count":8271,"created_at":"Wed Dec 01 13:18:48 +0000 2010","utc_offset":7200,"time_zone":"Ljubljana","geo_enabled":false,"lang":"de","contributors_enabled":false,"is_translator":false,"profile_background_color":"022330","profile_background_image_url":"http:\/\/abs.twimg.com\/images\/themes\/theme15\/bg.png","profile_background_image_url_https":"https:\/\/abs.twimg.com\/images\/themes\/theme15\/bg.png","profile_background_tile":false,"profile_link_color":"0084B4","profile_sidebar_border_color":"A8C7F7","profile_sidebar_fill_color":"C0DFEC","profile_text_color":"333333","profile_use_background_image":true,"profile_image_url":"http:\/\/pbs.twimg.com\/profile_images\/605533992599883778\/78XOhvWg_normal.jpg","profile_image_url_https":"https:\/\/pbs.twimg.com\/profile_images\/605533992599883778\/78XOhvWg_normal.jpg","profile_banner_url":"https:\/\/pbs.twimg.com\/profile_banners\/221732311\/1433205895","default_profile":false,"default_profile_image":false,"following":null,"follow_request_sent":null,"notifications":null},"geo":null,"coordinates":null,"place":null,"contributors":null,"retweeted_status":{"created_at":"Fri Sep 11 23:14:25 +0000 2015","id":642476317821267968,"id_str":"642476317821267968","text":"So ist es! Die #Asylobergrenze liegt DORT, wo pro #Asylant weniger als ein DINA4 Blatt Bundesrepublik zugewiesen ist https:\/\/t.co\/C2SbGw9DoR","source":"\u003ca href=\"http:\/\/twitter.com\" rel=\"nofollow\"\u003eTwitter Web Client\u003c\/a\u003e","truncated":false,"in_reply_to_status_id":null,"in_reply_to_status_id_str":null,"in_reply_to_user_id":null,"in_reply_to_user_id_str":null,"in_reply_to_screen_name":null,"user":{"id":2941652236,"id_str":"2941652236","name":"Anton Heideman","screen_name":"weidenkatzl","location":"Schwarzwald \/ Alemania","url":null,"description":"ICQ Fan - Musik, Politik, Natur, Filmkunst,  Non-Mainstream,   . too old to rock`n roll, to young to die. RT are RT - not more !","protected":false,"verified":false,"followers_count":1369,"friends_count":1432,"listed_count":107,"favourites_count":9069,"statuses_count":51157,"created_at":"Fri Dec 26 02:05:53 +0000 2014","utc_offset":7200,"time_zone":"Paris","geo_enabled":false,"lang":"de","contributors_enabled":false,"is_translator":false,"profile_background_color":"000000","profile_background_image_url":"http:\/\/abs.twimg.com\/images\/themes\/theme1\/bg.png","profile_background_image_url_https":"https:\/\/abs.twimg.com\/images\/themes\/theme1\/bg.png","profile_background_tile":false,"profile_link_color":"9266CC","profile_sidebar_border_color":"000000","profile_sidebar_fill_color":"000000","profile_text_color":"000000","profile_use_background_image":false,"profile_image_url":"http:\/\/pbs.twimg.com\/profile_images\/549773768680144897\/f4yd247l_normal.jpeg","profile_image_url_https":"https:\/\/pbs.twimg.com\/profile_images\/549773768680144897\/f4yd247l_normal.jpeg","default_profile":false,"default_profile_image":false,"following":null,"follow_request_sent":null,"notifications":null},"geo":null,"coordinates":null,"place":null,"contributors":null,"quoted_status_id":642475864794505220,"quoted_status_id_str":"642475864794505220","quoted_status":{"created_at":"Fri Sep 11 23:12:37 +0000 2015","id":642475864794505220,"id_str":"642475864794505220","text":"Das Grundrecht auf Asyl kennt keine Obergrenze\nhttp:\/\/t.co\/pkLHXY48Oe","source":"\u003ca href=\"http:\/\/twitter.com\" rel=\"nofollow\"\u003eTwitter Web Client\u003c\/a\u003e","truncated":false,"in_reply_to_status_id":null,"in_reply_to_status_id_str":null,"in_reply_to_user_id":null,"in_reply_to_user_id_str":null,"in_reply_to_screen_name":null,"user":{"id":221732311,"id_str":"221732311","name":"D.HaneW","screen_name":"hapatamast","location":"","url":"https:\/\/waffenbesitz.wordpress.com\/2015\/05\/28\/waffen-legalisierung-fur-deutsche-mundige-unbescholten","description":"Alles was ein Mensch \u00fcber einen anderen aussagt, sagt m\u00f6glichenfalls genau so viel \u00fcber den Redner aus  wer erz\u00e4hlet, spricht \u00fcber sich.","protected":false,"verified":false,"followers_count":1323,"friends_count":1363,"listed_count":15,"favourites_count":84098,"statuses_count":8270,"created_at":"Wed Dec 01 13:18:48 +0000 2010","utc_offset":7200,"time_zone":"Ljubljana","geo_enabled":false,"lang":"de","contributors_enabled":false,"is_translator":false,"profile_background_color":"022330","profile_background_image_url":"http:\/\/abs.twimg.com\/images\/themes\/theme15\/bg.png","profile_background_image_url_https":"https:\/\/abs.twimg.com\/images\/themes\/theme15\/bg.png","profile_background_tile":false,"profile_link_color":"0084B4","profile_sidebar_border_color":"A8C7F7","profile_sidebar_fill_color":"C0DFEC","profile_text_color":"333333","profile_use_background_image":true,"profile_image_url":"http:\/\/pbs.twimg.com\/profile_images\/605533992599883778\/78XOhvWg_normal.jpg","profile_image_url_https":"https:\/\/pbs.twimg.com\/profile_images\/605533992599883778\/78XOhvWg_normal.jpg","profile_banner_url":"https:\/\/pbs.twimg.com\/profile_banners\/221732311\/1433205895","default_profile":false,"default_profile_image":false,"following":null,"follow_request_sent":null,"notifications":null},"geo":null,"coordinates":null,"place":null,"contributors":null,"retweet_count":0,"favorite_count":0,"entities":{"hashtags":[],"trends":[],"urls":[{"url":"http:\/\/t.co\/pkLHXY48Oe","expanded_url":"http:\/\/www.sueddeutsche.de\/politik\/bundeskanzlerin-merkel-das-grundrecht-auf-asyl-kennt-keine-obergrenze-1.2643260","display_url":"sueddeutsche.de\/politik\/bundes\u2026","indices":[47,69]}],"user_mentions":[],"symbols":[]},"favorited":false,"retweeted":false,"possibly_sensitive":false,"filter_level":"low","lang":"de"},"retweet_count":1,"favorite_count":1,"entities":{"hashtags":[{"text":"Asylobergrenze","indices":[15,30]},{"text":"Asylant","indices":[50,58]}],"trends":[],"urls":[{"url":"https:\/\/t.co\/C2SbGw9DoR","expanded_url":"https:\/\/twitter.com\/hapatamast\/status\/642475864794505220","display_url":"twitter.com\/hapatamast\/sta\u2026","indices":[117,140]}],"user_mentions":[],"symbols":[]},"favorited":false,"retweeted":false,"possibly_sensitive":false,"filter_level":"low","lang":"de"},"retweet_count":0,"favorite_count":0,"entities":{"hashtags":[{"text":"Asylobergrenze","indices":[32,47]},{"text":"Asylant","indices":[67,75]}],"trends":[],"urls":[{"url":"https:\/\/t.co\/C2SbGw9DoR","expanded_url":"https:\/\/twitter.com\/hapatamast\/status\/642475864794505220","display_url":"twitter.com\/hapatamast\/sta\u2026","indices":[139,140]}],"user_mentions":[{"screen_name":"weidenkatzl","name":"Anton Heideman","id":2941652236,"id_str":"2941652236","indices":[3,15]}],"symbols":[]},"favorited":false,"retweeted":false,"possibly_sensitive":false,"filter_level":"low","lang":"de","timestamp_ms":"1442015768616"}
