{"created_at":"Sat Sep 12 19:53:04 +0000 2015","id":642788034702888960,"id_str":"642788034702888960","text":"RT @ClaudiHammer: Ist das jetzt der Beginn eines Notstandes? Bitte helft, wer Decken und Isomatten \u00fcbrig hat. #Fl\u00fcchtlinge #M\u00fcnchen https:\/\u2026","source":"\u003ca href=\"http:\/\/twitter.com\" rel=\"nofollow\"\u003eTwitter Web Client\u003c\/a\u003e","truncated":false,"in_reply_to_status_id":null,"in_reply_to_status_id_str":null,"in_reply_to_user_id":null,"in_reply_to_user_id_str":null,"in_reply_to_screen_name":null,"user":{"id":2597544726,"id_str":"2597544726","name":"Karlchen","screen_name":"Karlchen0815","location":"Prignitz","url":null,"description":null,"protected":false,"verified":false,"followers_count":133,"friends_count":121,"listed_count":18,"favourites_count":1348,"statuses_count":12857,"created_at":"Tue Jul 01 07:20:56 +0000 2014","utc_offset":10800,"time_zone":"Athens","geo_enabled":false,"lang":"de","contributors_enabled":false,"is_translator":false,"profile_background_color":"94D487","profile_background_image_url":"http:\/\/abs.twimg.com\/images\/themes\/theme1\/bg.png","profile_background_image_url_https":"https:\/\/abs.twimg.com\/images\/themes\/theme1\/bg.png","profile_background_tile":false,"profile_link_color":"4A913C","profile_sidebar_border_color":"000000","profile_sidebar_fill_color":"000000","profile_text_color":"000000","profile_use_background_image":false,"profile_image_url":"http:\/\/pbs.twimg.com\/profile_images\/593043977261158400\/AOD26S3h_normal.jpg","profile_image_url_https":"https:\/\/pbs.twimg.com\/profile_images\/593043977261158400\/AOD26S3h_normal.jpg","profile_banner_url":"https:\/\/pbs.twimg.com\/profile_banners\/2597544726\/1405580466","default_profile":false,"default_profile_image":false,"following":null,"follow_request_sent":null,"notifications":null},"geo":null,"coordinates":null,"place":null,"contributors":null,"retweeted_status":{"created_at":"Sat Sep 12 18:56:46 +0000 2015","id":642773864683073536,"id_str":"642773864683073536","text":"Ist das jetzt der Beginn eines Notstandes? Bitte helft, wer Decken und Isomatten \u00fcbrig hat. #Fl\u00fcchtlinge #M\u00fcnchen https:\/\/t.co\/yDwHdm4lqz","source":"\u003ca href=\"http:\/\/twitter.com\/download\/android\" rel=\"nofollow\"\u003eTwitter for Android\u003c\/a\u003e","truncated":false,"in_reply_to_status_id":null,"in_reply_to_status_id_str":null,"in_reply_to_user_id":null,"in_reply_to_user_id_str":null,"in_reply_to_screen_name":null,"user":{"id":426664583,"id_str":"426664583","name":"ClaudiaHammerschmidt","screen_name":"ClaudiHammer","location":"Bavaria, Germany","url":null,"description":"Hier lesen Sie meine private Meinung zum allgemeinen Zeitgeschehen. -Privat Twitter Account","protected":false,"verified":false,"followers_count":220,"friends_count":318,"listed_count":6,"favourites_count":2172,"statuses_count":2745,"created_at":"Fri Dec 02 14:44:08 +0000 2011","utc_offset":null,"time_zone":null,"geo_enabled":false,"lang":"de","contributors_enabled":false,"is_translator":false,"profile_background_color":"C0DEED","profile_background_image_url":"http:\/\/abs.twimg.com\/images\/themes\/theme1\/bg.png","profile_background_image_url_https":"https:\/\/abs.twimg.com\/images\/themes\/theme1\/bg.png","profile_background_tile":false,"profile_link_color":"0084B4","profile_sidebar_border_color":"C0DEED","profile_sidebar_fill_color":"DDEEF6","profile_text_color":"333333","profile_use_background_image":true,"profile_image_url":"http:\/\/pbs.twimg.com\/profile_images\/511234310331187200\/iW8prnYA_normal.jpeg","profile_image_url_https":"https:\/\/pbs.twimg.com\/profile_images\/511234310331187200\/iW8prnYA_normal.jpeg","profile_banner_url":"https:\/\/pbs.twimg.com\/profile_banners\/426664583\/1429899339","default_profile":true,"default_profile_image":false,"following":null,"follow_request_sent":null,"notifications":null},"geo":null,"coordinates":null,"place":null,"contributors":null,"quoted_status_id":642771029450993665,"quoted_status_id_str":"642771029450993665","quoted_status":{"created_at":"Sat Sep 12 18:45:30 +0000 2015","id":642771029450993665,"id_str":"642771029450993665","text":"Infopoint #munchenhilft ben\u00f6tigen 800 Isomatten und Decken anstatt Betten f\u00fcr #fl\u00fcchtlinge","source":"\u003ca href=\"http:\/\/twitter.com\" rel=\"nofollow\"\u003eTwitter Web Client\u003c\/a\u003e","truncated":false,"in_reply_to_status_id":null,"in_reply_to_status_id_str":null,"in_reply_to_user_id":null,"in_reply_to_user_id_str":null,"in_reply_to_screen_name":null,"user":{"id":2810902381,"id_str":"2810902381","name":"Polizei M\u00fcnchen","screen_name":"PolizeiMuenchen","location":"M\u00fcnchen","url":"http:\/\/www.polizei.bayern.de\/muenchen","description":"keine Anzeigenaufnahme, keine Einsatzannahme, kein 24\/7 Monitoring, in Notf\u00e4llen bitte die 110 w\u00e4hlen","protected":false,"verified":true,"followers_count":12059,"friends_count":49,"listed_count":148,"favourites_count":196,"statuses_count":1142,"created_at":"Mon Sep 15 07:36:34 +0000 2014","utc_offset":7200,"time_zone":"Berlin","geo_enabled":true,"lang":"de","contributors_enabled":false,"is_translator":false,"profile_background_color":"C0DEED","profile_background_image_url":"http:\/\/abs.twimg.com\/images\/themes\/theme1\/bg.png","profile_background_image_url_https":"https:\/\/abs.twimg.com\/images\/themes\/theme1\/bg.png","profile_background_tile":false,"profile_link_color":"0084B4","profile_sidebar_border_color":"C0DEED","profile_sidebar_fill_color":"DDEEF6","profile_text_color":"333333","profile_use_background_image":true,"profile_image_url":"http:\/\/pbs.twimg.com\/profile_images\/511419548788985856\/V9U2KfZL_normal.png","profile_image_url_https":"https:\/\/pbs.twimg.com\/profile_images\/511419548788985856\/V9U2KfZL_normal.png","profile_banner_url":"https:\/\/pbs.twimg.com\/profile_banners\/2810902381\/1410773143","default_profile":true,"default_profile_image":false,"following":null,"follow_request_sent":null,"notifications":null},"geo":null,"coordinates":null,"place":null,"contributors":null,"retweet_count":0,"favorite_count":0,"entities":{"hashtags":[{"text":"munchenhilft","indices":[10,23]},{"text":"fl\u00fcchtlinge","indices":[78,90]}],"trends":[],"urls":[],"user_mentions":[],"symbols":[]},"favorited":false,"retweeted":false,"possibly_sensitive":false,"filter_level":"low","lang":"de"},"retweet_count":2,"favorite_count":1,"entities":{"hashtags":[{"text":"Fl\u00fcchtlinge","indices":[92,104]},{"text":"M\u00fcnchen","indices":[105,113]}],"trends":[],"urls":[{"url":"https:\/\/t.co\/yDwHdm4lqz","expanded_url":"https:\/\/twitter.com\/PolizeiMuenchen\/status\/642771029450993665","display_url":"twitter.com\/PolizeiMuenche\u2026","indices":[114,137]}],"user_mentions":[],"symbols":[]},"favorited":false,"retweeted":false,"possibly_sensitive":false,"filter_level":"low","lang":"de"},"retweet_count":0,"favorite_count":0,"entities":{"hashtags":[{"text":"Fl\u00fcchtlinge","indices":[110,122]},{"text":"M\u00fcnchen","indices":[123,131]}],"trends":[],"urls":[{"url":"https:\/\/t.co\/yDwHdm4lqz","expanded_url":"https:\/\/twitter.com\/PolizeiMuenchen\/status\/642771029450993665","display_url":"twitter.com\/PolizeiMuenche\u2026","indices":[139,140]}],"user_mentions":[{"screen_name":"ClaudiHammer","name":"ClaudiaHammerschmidt","id":426664583,"id_str":"426664583","indices":[3,16]}],"symbols":[]},"favorited":false,"retweeted":false,"possibly_sensitive":false,"filter_level":"low","lang":"de","timestamp_ms":"1442087584554"}
