{"created_at":"Sat Sep 12 19:50:50 +0000 2015","id":642787470820671488,"id_str":"642787470820671488","text":"Lage in #M\u00fcnchen immer dramatischer: Fl\u00fcchtlinge m\u00fcssen auf dem Boden schlafen. http:\/\/t.co\/JIDUDhKNGL","source":"\u003ca href=\"https:\/\/about.twitter.com\/products\/tweetdeck\" rel=\"nofollow\"\u003eTweetDeck\u003c\/a\u003e","truncated":false,"in_reply_to_status_id":null,"in_reply_to_status_id_str":null,"in_reply_to_user_id":null,"in_reply_to_user_id_str":null,"in_reply_to_screen_name":null,"user":{"id":34231651,"id_str":"34231651","name":"Mittelbayerische","screen_name":"mz_de","location":"Regensburg, Germany","url":"http:\/\/www.mittelbayerische.de","description":"Nachrichten aus der Oberpfalz, Bayern und der Welt - Impressum: http:\/\/bit.ly\/X2lFq2","protected":false,"verified":true,"followers_count":6097,"friends_count":422,"listed_count":315,"favourites_count":361,"statuses_count":67689,"created_at":"Wed Apr 22 09:45:27 +0000 2009","utc_offset":7200,"time_zone":"Berlin","geo_enabled":false,"lang":"de","contributors_enabled":false,"is_translator":false,"profile_background_color":"EBEBEB","profile_background_image_url":"http:\/\/pbs.twimg.com\/profile_background_images\/17318951\/mgro_2.jpg","profile_background_image_url_https":"https:\/\/pbs.twimg.com\/profile_background_images\/17318951\/mgro_2.jpg","profile_background_tile":false,"profile_link_color":"0F1CA8","profile_sidebar_border_color":"DFDFDF","profile_sidebar_fill_color":"F3F3F3","profile_text_color":"333333","profile_use_background_image":true,"profile_image_url":"http:\/\/pbs.twimg.com\/profile_images\/1715994210\/Logo_normal.jpg","profile_image_url_https":"https:\/\/pbs.twimg.com\/profile_images\/1715994210\/Logo_normal.jpg","profile_banner_url":"https:\/\/pbs.twimg.com\/profile_banners\/34231651\/1421073448","default_profile":false,"default_profile_image":false,"following":null,"follow_request_sent":null,"notifications":null},"geo":null,"coordinates":null,"place":null,"contributors":null,"retweet_count":0,"favorite_count":0,"entities":{"hashtags":[{"text":"M\u00fcnchen","indices":[8,16]}],"trends":[],"urls":[{"url":"http:\/\/t.co\/JIDUDhKNGL","expanded_url":"http:\/\/bit.ly\/1NvxMrB","display_url":"bit.ly\/1NvxMrB","indices":[80,102]}],"user_mentions":[],"symbols":[]},"favorited":false,"retweeted":false,"possibly_sensitive":false,"filter_level":"low","lang":"de","timestamp_ms":"1442087450114"}
