{"created_at":"Sat Sep 12 19:52:36 +0000 2015","id":642787915312025600,"id_str":"642787915312025600","text":"RT @bloxxter: Totes Fl\u00fcchtlingskind: Irakische Familie erhebt schwere Vorw\u00fcrfe gegen Ailans Vater http:\/\/t.co\/nAI5xvryHg #stoprefugees #ref\u2026","source":"\u003ca href=\"http:\/\/twitter.com\/#!\/download\/ipad\" rel=\"nofollow\"\u003eTwitter for iPad\u003c\/a\u003e","truncated":false,"in_reply_to_status_id":null,"in_reply_to_status_id_str":null,"in_reply_to_user_id":null,"in_reply_to_user_id_str":null,"in_reply_to_screen_name":null,"user":{"id":1914033360,"id_str":"1914033360","name":"Tronje","screen_name":"wolfisegrimm","location":"","url":null,"description":null,"protected":false,"verified":false,"followers_count":1167,"friends_count":1854,"listed_count":46,"favourites_count":7977,"statuses_count":17572,"created_at":"Sat Sep 28 12:42:17 +0000 2013","utc_offset":null,"time_zone":null,"geo_enabled":true,"lang":"de","contributors_enabled":false,"is_translator":false,"profile_background_color":"C0DEED","profile_background_image_url":"http:\/\/abs.twimg.com\/images\/themes\/theme1\/bg.png","profile_background_image_url_https":"https:\/\/abs.twimg.com\/images\/themes\/theme1\/bg.png","profile_background_tile":false,"profile_link_color":"0084B4","profile_sidebar_border_color":"C0DEED","profile_sidebar_fill_color":"DDEEF6","profile_text_color":"333333","profile_use_background_image":true,"profile_image_url":"http:\/\/pbs.twimg.com\/profile_images\/378800000541899363\/20917db915d2167fb9ac5ce0c742d768_normal.jpeg","profile_image_url_https":"https:\/\/pbs.twimg.com\/profile_images\/378800000541899363\/20917db915d2167fb9ac5ce0c742d768_normal.jpeg","default_profile":true,"default_profile_image":false,"following":null,"follow_request_sent":null,"notifications":null},"geo":null,"coordinates":null,"place":null,"contributors":null,"retweeted_status":{"created_at":"Sat Sep 12 19:00:19 +0000 2015","id":642774761467179008,"id_str":"642774761467179008","text":"Totes Fl\u00fcchtlingskind: Irakische Familie erhebt schwere Vorw\u00fcrfe gegen Ailans Vater http:\/\/t.co\/nAI5xvryHg #stoprefugees #refugeeswelcome","source":"\u003ca href=\"http:\/\/www.apple.com\" rel=\"nofollow\"\u003eiOS\u003c\/a\u003e","truncated":false,"in_reply_to_status_id":null,"in_reply_to_status_id_str":null,"in_reply_to_user_id":null,"in_reply_to_user_id_str":null,"in_reply_to_screen_name":null,"user":{"id":727911950,"id_str":"727911950","name":"bloxxter\u24c2\ufe0f","screen_name":"bloxxter","location":"Berlin | Germany","url":null,"description":"since 31-07-2012 | nicht Frau, nicht schwul, nicht behindert, nicht Migrant, nicht links, nicht rechts, nicht politisch korrekt","protected":false,"verified":false,"followers_count":927,"friends_count":1038,"listed_count":37,"favourites_count":37962,"statuses_count":31125,"created_at":"Tue Jul 31 08:28:26 +0000 2012","utc_offset":7200,"time_zone":"Berlin","geo_enabled":true,"lang":"de","contributors_enabled":false,"is_translator":false,"profile_background_color":"131516","profile_background_image_url":"http:\/\/abs.twimg.com\/images\/themes\/theme14\/bg.gif","profile_background_image_url_https":"https:\/\/abs.twimg.com\/images\/themes\/theme14\/bg.gif","profile_background_tile":true,"profile_link_color":"DD2E44","profile_sidebar_border_color":"000000","profile_sidebar_fill_color":"EFEFEF","profile_text_color":"333333","profile_use_background_image":true,"profile_image_url":"http:\/\/pbs.twimg.com\/profile_images\/641917981690327040\/_UKzzed-_normal.jpg","profile_image_url_https":"https:\/\/pbs.twimg.com\/profile_images\/641917981690327040\/_UKzzed-_normal.jpg","profile_banner_url":"https:\/\/pbs.twimg.com\/profile_banners\/727911950\/1441880219","default_profile":false,"default_profile_image":false,"following":null,"follow_request_sent":null,"notifications":null},"geo":null,"coordinates":null,"place":null,"contributors":null,"retweet_count":1,"favorite_count":0,"entities":{"hashtags":[{"text":"stoprefugees","indices":[107,120]},{"text":"refugeeswelcome","indices":[121,137]}],"trends":[],"urls":[{"url":"http:\/\/t.co\/nAI5xvryHg","expanded_url":"http:\/\/www.stern.de\/panorama\/weltgeschehen\/totes-fluechtlingskind-irakische-familie-erhebt-schwere-vorwuerfe-gegen-ailans-vater-6448364.html","display_url":"stern.de\/panorama\/weltg\u2026","indices":[84,106]}],"user_mentions":[],"symbols":[]},"favorited":false,"retweeted":false,"possibly_sensitive":false,"filter_level":"low","lang":"de"},"retweet_count":0,"favorite_count":0,"entities":{"hashtags":[{"text":"stoprefugees","indices":[121,134]},{"text":"refugeeswelcome","indices":[135,140]}],"trends":[],"urls":[{"url":"http:\/\/t.co\/nAI5xvryHg","expanded_url":"http:\/\/www.stern.de\/panorama\/weltgeschehen\/totes-fluechtlingskind-irakische-familie-erhebt-schwere-vorwuerfe-gegen-ailans-vater-6448364.html","display_url":"stern.de\/panorama\/weltg\u2026","indices":[98,120]}],"user_mentions":[{"screen_name":"bloxxter","name":"bloxxter\u24c2\ufe0f","id":727911950,"id_str":"727911950","indices":[3,12]}],"symbols":[]},"favorited":false,"retweeted":false,"possibly_sensitive":false,"filter_level":"low","lang":"de","timestamp_ms":"1442087556089"}
