{"created_at":"Fri Sep 11 23:44:30 +0000 2015","id":642483887130677249,"id_str":"642483887130677249","text":"RT @NPLCenter: Sie sagen, sie w\u00e4ren gegen Rassimus. Aber in Wirklichkeit sind sie gegen Wei\u00dfe\n\n#Fl\u00fcchtlinge #gerstungen #Asyl http:\/\/t.co\/q\u2026","source":"\u003ca href=\"https:\/\/about.twitter.com\/products\/tweetdeck\" rel=\"nofollow\"\u003eTweetDeck\u003c\/a\u003e","truncated":false,"in_reply_to_status_id":null,"in_reply_to_status_id_str":null,"in_reply_to_user_id":null,"in_reply_to_user_id_str":null,"in_reply_to_screen_name":null,"user":{"id":2900006120,"id_str":"2900006120","name":"Bob Whitaker 4 Prez","screen_name":"BGarrisini","location":"Samizdat HQ","url":"http:\/\/WhiteRabbitRadio.net","description":"Multiculturalism is an #antiWhite genocidal con. Follow @BobWhitaker2016 to stop #WhiteGenocide. http:\/\/Whitaker2016.com","protected":false,"verified":false,"followers_count":767,"friends_count":755,"listed_count":34,"favourites_count":4030,"statuses_count":12264,"created_at":"Sat Nov 15 05:39:10 +0000 2014","utc_offset":36000,"time_zone":"Solomon Is.","geo_enabled":false,"lang":"en","contributors_enabled":false,"is_translator":false,"profile_background_color":"000000","profile_background_image_url":"http:\/\/pbs.twimg.com\/profile_background_images\/629653103113928705\/Q3rPjyOc.jpg","profile_background_image_url_https":"https:\/\/pbs.twimg.com\/profile_background_images\/629653103113928705\/Q3rPjyOc.jpg","profile_background_tile":true,"profile_link_color":"4A913C","profile_sidebar_border_color":"000000","profile_sidebar_fill_color":"000000","profile_text_color":"000000","profile_use_background_image":true,"profile_image_url":"http:\/\/pbs.twimg.com\/profile_images\/601056500719570944\/A9QP9K_y_normal.jpg","profile_image_url_https":"https:\/\/pbs.twimg.com\/profile_images\/601056500719570944\/A9QP9K_y_normal.jpg","profile_banner_url":"https:\/\/pbs.twimg.com\/profile_banners\/2900006120\/1438163179","default_profile":false,"default_profile_image":false,"following":null,"follow_request_sent":null,"notifications":null},"geo":null,"coordinates":null,"place":null,"contributors":null,"retweeted_status":{"created_at":"Fri Sep 11 14:06:52 +0000 2015","id":642338523736055808,"id_str":"642338523736055808","text":"Sie sagen, sie w\u00e4ren gegen Rassimus. Aber in Wirklichkeit sind sie gegen Wei\u00dfe\n\n#Fl\u00fcchtlinge #gerstungen #Asyl http:\/\/t.co\/qibHzkreox","source":"\u003ca href=\"http:\/\/twitter.com\" rel=\"nofollow\"\u003eTwitter Web Client\u003c\/a\u003e","truncated":false,"in_reply_to_status_id":null,"in_reply_to_status_id_str":null,"in_reply_to_user_id":null,"in_reply_to_user_id_str":null,"in_reply_to_screen_name":null,"user":{"id":751513441,"id_str":"751513441","name":"NPLCenter","screen_name":"NPLCenter","location":"In a White Country","url":null,"description":"Northern Poverty Law Center - Feel free to steal & post my #WhiteGenocide memes far & wide.  Let's bring down the anti-whites!","protected":false,"verified":false,"followers_count":4511,"friends_count":4753,"listed_count":51,"favourites_count":1690,"statuses_count":26901,"created_at":"Sat Aug 11 16:14:49 +0000 2012","utc_offset":-25200,"time_zone":"Pacific Time (US & Canada)","geo_enabled":false,"lang":"en","contributors_enabled":false,"is_translator":false,"profile_background_color":"000000","profile_background_image_url":"http:\/\/pbs.twimg.com\/profile_background_images\/453984848663703552\/AohhUya-.jpeg","profile_background_image_url_https":"https:\/\/pbs.twimg.com\/profile_background_images\/453984848663703552\/AohhUya-.jpeg","profile_background_tile":false,"profile_link_color":"262D52","profile_sidebar_border_color":"000000","profile_sidebar_fill_color":"252429","profile_text_color":"666666","profile_use_background_image":false,"profile_image_url":"http:\/\/pbs.twimg.com\/profile_images\/631746179018035200\/dV6kVQ9d_normal.jpg","profile_image_url_https":"https:\/\/pbs.twimg.com\/profile_images\/631746179018035200\/dV6kVQ9d_normal.jpg","profile_banner_url":"https:\/\/pbs.twimg.com\/profile_banners\/751513441\/1434819566","default_profile":false,"default_profile_image":false,"following":null,"follow_request_sent":null,"notifications":null},"geo":null,"coordinates":null,"place":null,"contributors":null,"retweet_count":12,"favorite_count":11,"entities":{"hashtags":[{"text":"Fl\u00fcchtlinge","indices":[80,92]},{"text":"gerstungen","indices":[93,104]},{"text":"Asyl","indices":[105,110]}],"trends":[],"urls":[],"user_mentions":[],"symbols":[],"media":[{"id":642338522972581888,"id_str":"642338522972581888","indices":[111,133],"media_url":"http:\/\/pbs.twimg.com\/media\/COoLe79UcAAAm8w.jpg","media_url_https":"https:\/\/pbs.twimg.com\/media\/COoLe79UcAAAm8w.jpg","url":"http:\/\/t.co\/qibHzkreox","display_url":"pic.twitter.com\/qibHzkreox","expanded_url":"http:\/\/twitter.com\/NPLCenter\/status\/642338523736055808\/photo\/1","type":"photo","sizes":{"medium":{"w":600,"h":525,"resize":"fit"},"thumb":{"w":150,"h":150,"resize":"crop"},"small":{"w":340,"h":297,"resize":"fit"},"large":{"w":700,"h":613,"resize":"fit"}}}]},"extended_entities":{"media":[{"id":642338522972581888,"id_str":"642338522972581888","indices":[111,133],"media_url":"http:\/\/pbs.twimg.com\/media\/COoLe79UcAAAm8w.jpg","media_url_https":"https:\/\/pbs.twimg.com\/media\/COoLe79UcAAAm8w.jpg","url":"http:\/\/t.co\/qibHzkreox","display_url":"pic.twitter.com\/qibHzkreox","expanded_url":"http:\/\/twitter.com\/NPLCenter\/status\/642338523736055808\/photo\/1","type":"photo","sizes":{"medium":{"w":600,"h":525,"resize":"fit"},"thumb":{"w":150,"h":150,"resize":"crop"},"small":{"w":340,"h":297,"resize":"fit"},"large":{"w":700,"h":613,"resize":"fit"}}}]},"favorited":false,"retweeted":false,"possibly_sensitive":false,"filter_level":"low","lang":"de"},"retweet_count":0,"favorite_count":0,"entities":{"hashtags":[{"text":"Fl\u00fcchtlinge","indices":[95,107]},{"text":"gerstungen","indices":[108,119]},{"text":"Asyl","indices":[120,125]}],"trends":[],"urls":[],"user_mentions":[{"screen_name":"NPLCenter","name":"NPLCenter","id":751513441,"id_str":"751513441","indices":[3,13]}],"symbols":[],"media":[{"id":642338522972581888,"id_str":"642338522972581888","indices":[126,140],"media_url":"http:\/\/pbs.twimg.com\/media\/COoLe79UcAAAm8w.jpg","media_url_https":"https:\/\/pbs.twimg.com\/media\/COoLe79UcAAAm8w.jpg","url":"http:\/\/t.co\/qibHzkreox","display_url":"pic.twitter.com\/qibHzkreox","expanded_url":"http:\/\/twitter.com\/NPLCenter\/status\/642338523736055808\/photo\/1","type":"photo","sizes":{"medium":{"w":600,"h":525,"resize":"fit"},"thumb":{"w":150,"h":150,"resize":"crop"},"small":{"w":340,"h":297,"resize":"fit"},"large":{"w":700,"h":613,"resize":"fit"}},"source_status_id":642338523736055808,"source_status_id_str":"642338523736055808"}]},"extended_entities":{"media":[{"id":642338522972581888,"id_str":"642338522972581888","indices":[126,140],"media_url":"http:\/\/pbs.twimg.com\/media\/COoLe79UcAAAm8w.jpg","media_url_https":"https:\/\/pbs.twimg.com\/media\/COoLe79UcAAAm8w.jpg","url":"http:\/\/t.co\/qibHzkreox","display_url":"pic.twitter.com\/qibHzkreox","expanded_url":"http:\/\/twitter.com\/NPLCenter\/status\/642338523736055808\/photo\/1","type":"photo","sizes":{"medium":{"w":600,"h":525,"resize":"fit"},"thumb":{"w":150,"h":150,"resize":"crop"},"small":{"w":340,"h":297,"resize":"fit"},"large":{"w":700,"h":613,"resize":"fit"}},"source_status_id":642338523736055808,"source_status_id_str":"642338523736055808"}]},"favorited":false,"retweeted":false,"possibly_sensitive":false,"filter_level":"low","lang":"de","timestamp_ms":"1442015070122"}
