{"created_at":"Sat Sep 12 19:51:28 +0000 2015","id":642787632666251265,"id_str":"642787632666251265","text":"Die Berge wachsen #refugeeswelcome #muenchen http:\/\/t.co\/XWPQdIuoAE","source":"\u003ca href=\"http:\/\/www.echofon.com\/\" rel=\"nofollow\"\u003eEchofon\u003c\/a\u003e","truncated":false,"in_reply_to_status_id":null,"in_reply_to_status_id_str":null,"in_reply_to_user_id":null,"in_reply_to_user_id_str":null,"in_reply_to_screen_name":null,"user":{"id":14747888,"id_str":"14747888","name":"Andreas Lohrum","screen_name":"alomuc","location":"Munich, Germany","url":"http:\/\/www.consulting4projects.com","description":"father, husband and project manager\r\nPGP-Key http:\/\/twitter.com\/alomuc\/status\/396794796674920449","protected":false,"verified":false,"followers_count":687,"friends_count":561,"listed_count":70,"favourites_count":6275,"statuses_count":11692,"created_at":"Mon May 12 18:46:57 +0000 2008","utc_offset":7200,"time_zone":"Berlin","geo_enabled":true,"lang":"de","contributors_enabled":false,"is_translator":false,"profile_background_color":"B0D0F8","profile_background_image_url":"http:\/\/pbs.twimg.com\/profile_background_images\/327231336\/Twitter_Hintergrund.jpg","profile_background_image_url_https":"https:\/\/pbs.twimg.com\/profile_background_images\/327231336\/Twitter_Hintergrund.jpg","profile_background_tile":false,"profile_link_color":"0089BB","profile_sidebar_border_color":"A0A0FF","profile_sidebar_fill_color":"B0D0F0","profile_text_color":"333333","profile_use_background_image":true,"profile_image_url":"http:\/\/pbs.twimg.com\/profile_images\/472494792576745472\/AK8pHg1p_normal.jpeg","profile_image_url_https":"https:\/\/pbs.twimg.com\/profile_images\/472494792576745472\/AK8pHg1p_normal.jpeg","default_profile":false,"default_profile_image":false,"following":null,"follow_request_sent":null,"notifications":null},"geo":null,"coordinates":null,"place":null,"contributors":null,"retweet_count":0,"favorite_count":0,"entities":{"hashtags":[{"text":"refugeeswelcome","indices":[18,34]},{"text":"muenchen","indices":[35,44]}],"trends":[],"urls":[],"user_mentions":[],"symbols":[],"media":[{"id":642787630564962304,"id_str":"642787630564962304","indices":[45,67],"media_url":"http:\/\/pbs.twimg.com\/media\/COuj8cHW8AAQ762.jpg","media_url_https":"https:\/\/pbs.twimg.com\/media\/COuj8cHW8AAQ762.jpg","url":"http:\/\/t.co\/XWPQdIuoAE","display_url":"pic.twitter.com\/XWPQdIuoAE","expanded_url":"http:\/\/twitter.com\/alomuc\/status\/642787632666251265\/photo\/1","type":"photo","sizes":{"small":{"w":340,"h":453,"resize":"fit"},"medium":{"w":600,"h":800,"resize":"fit"},"thumb":{"w":150,"h":150,"resize":"crop"},"large":{"w":768,"h":1024,"resize":"fit"}}}]},"extended_entities":{"media":[{"id":642787630564962304,"id_str":"642787630564962304","indices":[45,67],"media_url":"http:\/\/pbs.twimg.com\/media\/COuj8cHW8AAQ762.jpg","media_url_https":"https:\/\/pbs.twimg.com\/media\/COuj8cHW8AAQ762.jpg","url":"http:\/\/t.co\/XWPQdIuoAE","display_url":"pic.twitter.com\/XWPQdIuoAE","expanded_url":"http:\/\/twitter.com\/alomuc\/status\/642787632666251265\/photo\/1","type":"photo","sizes":{"small":{"w":340,"h":453,"resize":"fit"},"medium":{"w":600,"h":800,"resize":"fit"},"thumb":{"w":150,"h":150,"resize":"crop"},"large":{"w":768,"h":1024,"resize":"fit"}}}]},"favorited":false,"retweeted":false,"possibly_sensitive":false,"filter_level":"low","lang":"de","timestamp_ms":"1442087488701"}
