{"created_at":"Sat Sep 12 00:10:04 +0000 2015","id":642490322816266240,"id_str":"642490322816266240","text":"Fl\u00fcchtlinge in Deutschland: Innenminister: Wir schaffen es nicht mehr - Tagesspiegel http:\/\/t.co\/pd3Qe6QOzi","source":"\u003ca href=\"http:\/\/ifttt.com\" rel=\"nofollow\"\u003eIFTTT\u003c\/a\u003e","truncated":false,"in_reply_to_status_id":null,"in_reply_to_status_id_str":null,"in_reply_to_user_id":null,"in_reply_to_user_id_str":null,"in_reply_to_screen_name":null,"user":{"id":1724553974,"id_str":"1724553974","name":"Ahmad Munandar","screen_name":"AhmadMunandar8","location":"Lampung","url":null,"description":"It brings back the same feeling that i felt 10 or 11 years a go","protected":false,"verified":false,"followers_count":123,"friends_count":102,"listed_count":5,"favourites_count":0,"statuses_count":33712,"created_at":"Tue Sep 03 06:07:59 +0000 2013","utc_offset":null,"time_zone":null,"geo_enabled":false,"lang":"en","contributors_enabled":false,"is_translator":false,"profile_background_color":"131516","profile_background_image_url":"http:\/\/abs.twimg.com\/images\/themes\/theme14\/bg.gif","profile_background_image_url_https":"https:\/\/abs.twimg.com\/images\/themes\/theme14\/bg.gif","profile_background_tile":true,"profile_link_color":"009999","profile_sidebar_border_color":"EEEEEE","profile_sidebar_fill_color":"EFEFEF","profile_text_color":"333333","profile_use_background_image":true,"profile_image_url":"http:\/\/pbs.twimg.com\/profile_images\/378800000403968320\/da9caf5ab03c5bc0fe1151e82ec0b2ad_normal.jpeg","profile_image_url_https":"https:\/\/pbs.twimg.com\/profile_images\/378800000403968320\/da9caf5ab03c5bc0fe1151e82ec0b2ad_normal.jpeg","profile_banner_url":"https:\/\/pbs.twimg.com\/profile_banners\/1724553974\/1378189048","default_profile":false,"default_profile_image":false,"following":null,"follow_request_sent":null,"notifications":null},"geo":null,"coordinates":null,"place":null,"contributors":null,"retweet_count":0,"favorite_count":0,"entities":{"hashtags":[],"trends":[],"urls":[{"url":"http:\/\/t.co\/pd3Qe6QOzi","expanded_url":"http:\/\/ift.tt\/1i4W0LL","display_url":"ift.tt\/1i4W0LL","indices":[85,107]}],"user_mentions":[],"symbols":[]},"favorited":false,"retweeted":false,"possibly_sensitive":false,"filter_level":"low","lang":"de","timestamp_ms":"1442016604509"}
