{"created_at":"Thu Sep 10 20:21:45 +0000 2015","id":642070475447894016,"id_str":"642070475447894016","text":"Zuwanderung: Nicht Fl\u00fcchtlinge umverteilen, sondern Reichtum http:\/\/t.co\/Q9aWi6bjV1 via @FRonline","source":"\u003ca href=\"http:\/\/twitter.com\" rel=\"nofollow\"\u003eTwitter Web Client\u003c\/a\u003e","truncated":false,"in_reply_to_status_id":null,"in_reply_to_status_id_str":null,"in_reply_to_user_id":null,"in_reply_to_user_id_str":null,"in_reply_to_screen_name":null,"user":{"id":273953375,"id_str":"273953375","name":"Daniel Hoffmann","screen_name":"Hoffmann_Daniel","location":"Wulfen, NRW, Germany","url":"https:\/\/www.facebook.com\/daniel.hoffmann.5492","description":"Fan vom @VfLBochum1848eV, BSV Wulfen, @WWE. @SPDde und @JUSOS Mitglied. Interessiere mich f\u00fcr #Politik und #Basketball","protected":false,"verified":false,"followers_count":613,"friends_count":1233,"listed_count":15,"favourites_count":2298,"statuses_count":10634,"created_at":"Tue Mar 29 13:01:04 +0000 2011","utc_offset":7200,"time_zone":"Berlin","geo_enabled":true,"lang":"de","contributors_enabled":false,"is_translator":false,"profile_background_color":"1A1B1F","profile_background_image_url":"http:\/\/abs.twimg.com\/images\/themes\/theme9\/bg.gif","profile_background_image_url_https":"https:\/\/abs.twimg.com\/images\/themes\/theme9\/bg.gif","profile_background_tile":false,"profile_link_color":"2FC2EF","profile_sidebar_border_color":"181A1E","profile_sidebar_fill_color":"252429","profile_text_color":"666666","profile_use_background_image":true,"profile_image_url":"http:\/\/pbs.twimg.com\/profile_images\/467779224409878529\/l2jmP8uV_normal.jpeg","profile_image_url_https":"https:\/\/pbs.twimg.com\/profile_images\/467779224409878529\/l2jmP8uV_normal.jpeg","profile_banner_url":"https:\/\/pbs.twimg.com\/profile_banners\/273953375\/1441476806","default_profile":false,"default_profile_image":false,"following":null,"follow_request_sent":null,"notifications":null},"geo":null,"coordinates":null,"place":null,"contributors":null,"retweet_count":0,"favorite_count":0,"entities":{"hashtags":[],"trends":[],"urls":[{"url":"http:\/\/t.co\/Q9aWi6bjV1","expanded_url":"http:\/\/www.fr-online.de\/flucht-und-zuwanderung\/zuwanderung-nicht-fluechtlinge-umverteilen--sondern-reichtum,24931854,31745784.html?dmcid=sm_tw","display_url":"fr-online.de\/flucht-und-zuw\u2026","indices":[61,83]}],"user_mentions":[{"screen_name":"FRonline","name":"FrankfurterRundschau","id":17835938,"id_str":"17835938","indices":[88,97]}],"symbols":[]},"favorited":false,"retweeted":false,"possibly_sensitive":false,"filter_level":"low","lang":"de","timestamp_ms":"1441916505096"}
