{"created_at":"Thu Sep 10 20:22:15 +0000 2015","id":642070601126031361,"id_str":"642070601126031361","text":"RT @L_Petersdotter: Wer mit einigen tausend Gefl\u00fcchteten \u00fcberfordert ist, sollte seine Olympiabewerbung zur\u00fcckziehen. #refugeeswelcome","source":"\u003ca href=\"http:\/\/twitter.com\" rel=\"nofollow\"\u003eTwitter Web Client\u003c\/a\u003e","truncated":false,"in_reply_to_status_id":null,"in_reply_to_status_id_str":null,"in_reply_to_user_id":null,"in_reply_to_user_id_str":null,"in_reply_to_screen_name":null,"user":{"id":2225329508,"id_str":"2225329508","name":"freier Dampfer","screen_name":"freierDampfer","location":"Deutschland","url":null,"description":null,"protected":false,"verified":false,"followers_count":328,"friends_count":411,"listed_count":26,"favourites_count":3936,"statuses_count":8351,"created_at":"Sun Dec 01 17:43:30 +0000 2013","utc_offset":7200,"time_zone":"Berlin","geo_enabled":false,"lang":"de","contributors_enabled":false,"is_translator":false,"profile_background_color":"4A913C","profile_background_image_url":"http:\/\/abs.twimg.com\/images\/themes\/theme8\/bg.gif","profile_background_image_url_https":"https:\/\/abs.twimg.com\/images\/themes\/theme8\/bg.gif","profile_background_tile":false,"profile_link_color":"4A913C","profile_sidebar_border_color":"FFFFFF","profile_sidebar_fill_color":"EADEAA","profile_text_color":"333333","profile_use_background_image":false,"profile_image_url":"http:\/\/abs.twimg.com\/sticky\/default_profile_images\/default_profile_3_normal.png","profile_image_url_https":"https:\/\/abs.twimg.com\/sticky\/default_profile_images\/default_profile_3_normal.png","default_profile":false,"default_profile_image":true,"following":null,"follow_request_sent":null,"notifications":null},"geo":null,"coordinates":null,"place":null,"contributors":null,"retweeted_status":{"created_at":"Thu Sep 10 20:15:51 +0000 2015","id":642068994388815872,"id_str":"642068994388815872","text":"Wer mit einigen tausend Gefl\u00fcchteten \u00fcberfordert ist, sollte seine Olympiabewerbung zur\u00fcckziehen. #refugeeswelcome","source":"\u003ca href=\"http:\/\/www.twitter.com\" rel=\"nofollow\"\u003eTwitter for BlackBerry\u003c\/a\u003e","truncated":false,"in_reply_to_status_id":null,"in_reply_to_status_id_str":null,"in_reply_to_user_id":null,"in_reply_to_user_id_str":null,"in_reply_to_screen_name":null,"user":{"id":1281030504,"id_str":"1281030504","name":"Lasse Petersdotter","screen_name":"L_Petersdotter","location":"Kiel","url":null,"description":"Sprecher der Gr\u00fcnen Jugend SH                                                    Hochschulpolitik, Innenpolitik und Tierschutz\nhttp:\/\/www.lasse-petersdotter.de","protected":false,"verified":false,"followers_count":352,"friends_count":430,"listed_count":16,"favourites_count":573,"statuses_count":2376,"created_at":"Tue Mar 19 17:38:56 +0000 2013","utc_offset":null,"time_zone":null,"geo_enabled":false,"lang":"de","contributors_enabled":false,"is_translator":false,"profile_background_color":"000000","profile_background_image_url":"http:\/\/abs.twimg.com\/images\/themes\/theme1\/bg.png","profile_background_image_url_https":"https:\/\/abs.twimg.com\/images\/themes\/theme1\/bg.png","profile_background_tile":false,"profile_link_color":"ABB8C2","profile_sidebar_border_color":"000000","profile_sidebar_fill_color":"000000","profile_text_color":"000000","profile_use_background_image":false,"profile_image_url":"http:\/\/pbs.twimg.com\/profile_images\/630654778272555008\/armleOod_normal.jpg","profile_image_url_https":"https:\/\/pbs.twimg.com\/profile_images\/630654778272555008\/armleOod_normal.jpg","profile_banner_url":"https:\/\/pbs.twimg.com\/profile_banners\/1281030504\/1439194815","default_profile":false,"default_profile_image":false,"following":null,"follow_request_sent":null,"notifications":null},"geo":null,"coordinates":null,"place":null,"contributors":null,"retweet_count":3,"favorite_count":3,"entities":{"hashtags":[{"text":"refugeeswelcome","indices":[98,114]}],"trends":[],"urls":[],"user_mentions":[],"symbols":[]},"favorited":false,"retweeted":false,"possibly_sensitive":false,"filter_level":"low","lang":"de"},"retweet_count":0,"favorite_count":0,"entities":{"hashtags":[{"text":"refugeeswelcome","indices":[118,134]}],"trends":[],"urls":[],"user_mentions":[{"screen_name":"L_Petersdotter","name":"Lasse Petersdotter","id":1281030504,"id_str":"1281030504","indices":[3,18]}],"symbols":[]},"favorited":false,"retweeted":false,"possibly_sensitive":false,"filter_level":"low","lang":"de","timestamp_ms":"1441916535060"}
