{"created_at":"Sat Sep 12 00:08:57 +0000 2015","id":642490043123281920,"id_str":"642490043123281920","text":"RT @Jim_Beau_27: Nahles: 90% der Fl\u00fcchtlinge w\/fehlender Qualifikat.ohne Chance auf Arbeit. Noch vor 2 Tagen w\u00e4re man mit der Aussage ein N\u2026","source":"\u003ca href=\"http:\/\/twitter.com\" rel=\"nofollow\"\u003eTwitter Web Client\u003c\/a\u003e","truncated":false,"in_reply_to_status_id":null,"in_reply_to_status_id_str":null,"in_reply_to_user_id":null,"in_reply_to_user_id_str":null,"in_reply_to_screen_name":null,"user":{"id":2300772277,"id_str":"2300772277","name":"King_CoinVirt","screen_name":"CoinVirt","location":"","url":null,"description":null,"protected":false,"verified":false,"followers_count":145,"friends_count":211,"listed_count":18,"favourites_count":820,"statuses_count":2173,"created_at":"Mon Jan 20 04:36:21 +0000 2014","utc_offset":7200,"time_zone":"Ljubljana","geo_enabled":false,"lang":"de","contributors_enabled":false,"is_translator":false,"profile_background_color":"C0DEED","profile_background_image_url":"http:\/\/abs.twimg.com\/images\/themes\/theme1\/bg.png","profile_background_image_url_https":"https:\/\/abs.twimg.com\/images\/themes\/theme1\/bg.png","profile_background_tile":false,"profile_link_color":"0084B4","profile_sidebar_border_color":"C0DEED","profile_sidebar_fill_color":"DDEEF6","profile_text_color":"333333","profile_use_background_image":true,"profile_image_url":"http:\/\/pbs.twimg.com\/profile_images\/527240182622220288\/P6BqsLDJ_normal.jpeg","profile_image_url_https":"https:\/\/pbs.twimg.com\/profile_images\/527240182622220288\/P6BqsLDJ_normal.jpeg","default_profile":true,"default_profile_image":false,"following":null,"follow_request_sent":null,"notifications":null},"geo":null,"coordinates":null,"place":null,"contributors":null,"retweeted_status":{"created_at":"Thu Sep 10 22:47:59 +0000 2015","id":642107278154444800,"id_str":"642107278154444800","text":"Nahles: 90% der Fl\u00fcchtlinge w\/fehlender Qualifikat.ohne Chance auf Arbeit. Noch vor 2 Tagen w\u00e4re man mit der Aussage ein Nazi gewesen. #Lanz","source":"\u003ca href=\"http:\/\/twitter.com\" rel=\"nofollow\"\u003eTwitter Web Client\u003c\/a\u003e","truncated":false,"in_reply_to_status_id":null,"in_reply_to_status_id_str":null,"in_reply_to_user_id":null,"in_reply_to_user_id_str":null,"in_reply_to_screen_name":null,"user":{"id":2387000779,"id_str":"2387000779","name":"Jim Beau","screen_name":"Jim_Beau_27","location":"Infidelistan","url":null,"description":"Habe eine Aversion gegen alles was links-gr\u00fcn ist. Patriot und Gutmenschen-Schreck. Hier kommt die Wahrheit auf den Tisch.","protected":false,"verified":false,"followers_count":882,"friends_count":651,"listed_count":14,"favourites_count":8427,"statuses_count":7651,"created_at":"Thu Mar 13 13:37:16 +0000 2014","utc_offset":7200,"time_zone":"Bern","geo_enabled":false,"lang":"de","contributors_enabled":false,"is_translator":false,"profile_background_color":"C0DEED","profile_background_image_url":"http:\/\/abs.twimg.com\/images\/themes\/theme1\/bg.png","profile_background_image_url_https":"https:\/\/abs.twimg.com\/images\/themes\/theme1\/bg.png","profile_background_tile":false,"profile_link_color":"0084B4","profile_sidebar_border_color":"C0DEED","profile_sidebar_fill_color":"DDEEF6","profile_text_color":"333333","profile_use_background_image":true,"profile_image_url":"http:\/\/pbs.twimg.com\/profile_images\/554317686117650434\/t8T3H8BN_normal.jpeg","profile_image_url_https":"https:\/\/pbs.twimg.com\/profile_images\/554317686117650434\/t8T3H8BN_normal.jpeg","profile_banner_url":"https:\/\/pbs.twimg.com\/profile_banners\/2387000779\/1433776932","default_profile":true,"default_profile_image":false,"following":null,"follow_request_sent":null,"notifications":null},"geo":null,"coordinates":null,"place":null,"contributors":null,"retweet_count":68,"favorite_count":65,"entities":{"hashtags":[{"text":"Lanz","indices":[135,140]}],"trends":[],"urls":[],"user_mentions":[],"symbols":[]},"favorited":false,"retweeted":false,"possibly_sensitive":false,"filter_level":"low","lang":"de"},"retweet_count":0,"favorite_count":0,"entities":{"hashtags":[{"text":"Lanz","indices":[139,140]}],"trends":[],"urls":[],"user_mentions":[{"screen_name":"Jim_Beau_27","name":"Jim Beau","id":2387000779,"id_str":"2387000779","indices":[3,15]}],"symbols":[]},"favorited":false,"retweeted":false,"possibly_sensitive":false,"filter_level":"low","lang":"de","timestamp_ms":"1442016537825"}
