{"created_at":"Thu Sep 10 20:29:03 +0000 2015","id":642072312485969920,"id_str":"642072312485969920","text":"\u00d6ffentliche Mittel f\u00fcrs #Ifoinstitut sparen f\u00fcr #Fl\u00fcchtlinge! Experte fordert: F\u00fcr #Asyl-Kosten bei der Rente sparen https:\/\/t.co\/9KrzDhcrSq","source":"\u003ca href=\"http:\/\/twitter.com\" rel=\"nofollow\"\u003eTwitter Web Client\u003c\/a\u003e","truncated":false,"in_reply_to_status_id":null,"in_reply_to_status_id_str":null,"in_reply_to_user_id":null,"in_reply_to_user_id_str":null,"in_reply_to_screen_name":null,"user":{"id":217182452,"id_str":"217182452","name":"Sven","screen_name":"Schwabono","location":"L\u00e4ndle (BW)","url":null,"description":"Politisch inkorrekter, m\u00fcndiger Demokrat.","protected":false,"verified":false,"followers_count":1432,"friends_count":521,"listed_count":72,"favourites_count":3214,"statuses_count":23274,"created_at":"Thu Nov 18 20:23:10 +0000 2010","utc_offset":7200,"time_zone":"Bern","geo_enabled":false,"lang":"de","contributors_enabled":false,"is_translator":false,"profile_background_color":"DBDEBA","profile_background_image_url":"http:\/\/pbs.twimg.com\/profile_background_images\/489143092633554945\/SqskTYgW.jpeg","profile_background_image_url_https":"https:\/\/pbs.twimg.com\/profile_background_images\/489143092633554945\/SqskTYgW.jpeg","profile_background_tile":true,"profile_link_color":"00A2FF","profile_sidebar_border_color":"FFFFFF","profile_sidebar_fill_color":"FFF7CC","profile_text_color":"0C3E53","profile_use_background_image":true,"profile_image_url":"http:\/\/pbs.twimg.com\/profile_images\/638383125572227072\/sdlhMJut_normal.jpg","profile_image_url_https":"https:\/\/pbs.twimg.com\/profile_images\/638383125572227072\/sdlhMJut_normal.jpg","profile_banner_url":"https:\/\/pbs.twimg.com\/profile_banners\/217182452\/1408008803","default_profile":false,"default_profile_image":false,"following":null,"follow_request_sent":null,"notifications":null},"geo":null,"coordinates":null,"place":null,"contributors":null,"retweet_count":0,"favorite_count":0,"entities":{"hashtags":[{"text":"Ifoinstitut","indices":[24,36]},{"text":"Fl\u00fcchtlinge","indices":[48,60]},{"text":"Asyl","indices":[83,88]}],"trends":[],"urls":[{"url":"https:\/\/t.co\/9KrzDhcrSq","expanded_url":"https:\/\/mopo24.de\/nachrichten\/rentenalter-fuer-fluechtlinge-rauf-11995","display_url":"mopo24.de\/nachrichten\/re\u2026","indices":[117,140]}],"user_mentions":[],"symbols":[]},"favorited":false,"retweeted":false,"possibly_sensitive":false,"filter_level":"low","lang":"de","timestamp_ms":"1441916943080"}
