{"created_at":"Thu Sep 10 20:29:47 +0000 2015","id":642072500600504320,"id_str":"642072500600504320","text":"@zeitonline klar, die USA bekommen das \u00d6l und wir die Fl\u00fcchtlinge. Die USA Politik wird in der Knesset gemacht, wo ist Obama?","source":"\u003ca href=\"http:\/\/twitter.com\" rel=\"nofollow\"\u003eTwitter Web Client\u003c\/a\u003e","truncated":false,"in_reply_to_status_id":642067394958114816,"in_reply_to_status_id_str":"642067394958114816","in_reply_to_user_id":5715752,"in_reply_to_user_id_str":"5715752","in_reply_to_screen_name":"zeitonline","user":{"id":3413316987,"id_str":"3413316987","name":"chris kruger","screen_name":"stativ66","location":"","url":null,"description":null,"protected":false,"verified":false,"followers_count":0,"friends_count":36,"listed_count":0,"favourites_count":0,"statuses_count":8,"created_at":"Mon Aug 10 19:20:12 +0000 2015","utc_offset":null,"time_zone":null,"geo_enabled":false,"lang":"de","contributors_enabled":false,"is_translator":false,"profile_background_color":"C0DEED","profile_background_image_url":"http:\/\/abs.twimg.com\/images\/themes\/theme1\/bg.png","profile_background_image_url_https":"https:\/\/abs.twimg.com\/images\/themes\/theme1\/bg.png","profile_background_tile":false,"profile_link_color":"0084B4","profile_sidebar_border_color":"C0DEED","profile_sidebar_fill_color":"DDEEF6","profile_text_color":"333333","profile_use_background_image":true,"profile_image_url":"http:\/\/pbs.twimg.com\/profile_images\/630823145772044288\/j45_o_ep_normal.jpg","profile_image_url_https":"https:\/\/pbs.twimg.com\/profile_images\/630823145772044288\/j45_o_ep_normal.jpg","default_profile":true,"default_profile_image":false,"following":null,"follow_request_sent":null,"notifications":null},"geo":null,"coordinates":null,"place":null,"contributors":null,"retweet_count":0,"favorite_count":0,"entities":{"hashtags":[],"trends":[],"urls":[],"user_mentions":[{"screen_name":"zeitonline","name":"ZEIT ONLINE","id":5715752,"id_str":"5715752","indices":[0,11]}],"symbols":[]},"favorited":false,"retweeted":false,"possibly_sensitive":false,"filter_level":"low","lang":"de","timestamp_ms":"1441916987930"}
