{"created_at":"Fri Sep 11 23:43:26 +0000 2015","id":642483620343496704,"id_str":"642483620343496704","text":"Wiesng\u00e4ste und Fl\u00fcchtlinge - M\u00fcnchen bereitet sich vor: M\u00fcnchen - Tausende Fl\u00fcchtlinge im M\u00fcn... http:\/\/t.co\/PRL9YuKVPl #Ludwigsvorstadt","source":"\u003ca href=\"http:\/\/twitterfeed.com\" rel=\"nofollow\"\u003etwitterfeed\u003c\/a\u003e","truncated":false,"in_reply_to_status_id":null,"in_reply_to_status_id_str":null,"in_reply_to_user_id":null,"in_reply_to_user_id_str":null,"in_reply_to_screen_name":null,"user":{"id":69566871,"id_str":"69566871","name":"Ludwigsvorstadt","screen_name":"Ludwigsvorstadt","location":"Ludwigsvorstadt","url":"http:\/\/www.localxxl.com\/de\/lokal_nachrichten\/ludwigsvorstadt\/1\/","description":"Lokale Nachrichten und Informationen aus der Ludwigsvorstadt","protected":false,"verified":false,"followers_count":7,"friends_count":0,"listed_count":0,"favourites_count":0,"statuses_count":640,"created_at":"Fri Aug 28 11:38:40 +0000 2009","utc_offset":7200,"time_zone":"Berlin","geo_enabled":false,"lang":"de","contributors_enabled":false,"is_translator":false,"profile_background_color":"C0DEED","profile_background_image_url":"http:\/\/abs.twimg.com\/images\/themes\/theme1\/bg.png","profile_background_image_url_https":"https:\/\/abs.twimg.com\/images\/themes\/theme1\/bg.png","profile_background_tile":false,"profile_link_color":"0084B4","profile_sidebar_border_color":"C0DEED","profile_sidebar_fill_color":"DDEEF6","profile_text_color":"333333","profile_use_background_image":true,"profile_image_url":"http:\/\/pbs.twimg.com\/profile_images\/1415485637\/Facebook_Ludwigsvorstadt_normal.jpg","profile_image_url_https":"https:\/\/pbs.twimg.com\/profile_images\/1415485637\/Facebook_Ludwigsvorstadt_normal.jpg","default_profile":true,"default_profile_image":false,"following":null,"follow_request_sent":null,"notifications":null},"geo":null,"coordinates":null,"place":null,"contributors":null,"retweet_count":0,"favorite_count":0,"entities":{"hashtags":[{"text":"Ludwigsvorstadt","indices":[120,136]}],"trends":[],"urls":[{"url":"http:\/\/t.co\/PRL9YuKVPl","expanded_url":"http:\/\/bit.ly\/1Qu1bAD","display_url":"bit.ly\/1Qu1bAD","indices":[97,119]}],"user_mentions":[],"symbols":[]},"favorited":false,"retweeted":false,"possibly_sensitive":false,"filter_level":"low","lang":"de","timestamp_ms":"1442015006515"}
