{"created_at":"Sat Sep 12 19:52:51 +0000 2015","id":642787978687946752,"id_str":"642787978687946752","text":"RT @marcelsardo: Serbische Beh\u00f6rden melden dramatischen Anstieg ankommender Fl\u00fcchtlinge \u2013 bis zu 6\u2019000 pro Tag. \n\nhttp:\/\/t.co\/lFeO72ZrJz","source":"\u003ca href=\"http:\/\/twitter.com\" rel=\"nofollow\"\u003eTwitter Web Client\u003c\/a\u003e","truncated":false,"in_reply_to_status_id":null,"in_reply_to_status_id_str":null,"in_reply_to_user_id":null,"in_reply_to_user_id_str":null,"in_reply_to_screen_name":null,"user":{"id":2641726901,"id_str":"2641726901","name":"joseph rhein","screen_name":"JosephRhein","location":"","url":null,"description":"Systemisches Denken ist nicht die St\u00e4rke des EU Regimes. Nur geeinigt im Hass auf Russland und der Liebe zum Alkohol","protected":false,"verified":false,"followers_count":67,"friends_count":26,"listed_count":11,"favourites_count":4025,"statuses_count":7890,"created_at":"Wed Jun 25 20:39:10 +0000 2014","utc_offset":7200,"time_zone":"Bern","geo_enabled":false,"lang":"de","contributors_enabled":false,"is_translator":false,"profile_background_color":"000000","profile_background_image_url":"http:\/\/abs.twimg.com\/images\/themes\/theme1\/bg.png","profile_background_image_url_https":"https:\/\/abs.twimg.com\/images\/themes\/theme1\/bg.png","profile_background_tile":false,"profile_link_color":"ABB8C2","profile_sidebar_border_color":"000000","profile_sidebar_fill_color":"000000","profile_text_color":"000000","profile_use_background_image":false,"profile_image_url":"http:\/\/pbs.twimg.com\/profile_images\/602897556054482944\/Rg7ywwR0_normal.jpg","profile_image_url_https":"https:\/\/pbs.twimg.com\/profile_images\/602897556054482944\/Rg7ywwR0_normal.jpg","profile_banner_url":"https:\/\/pbs.twimg.com\/profile_banners\/2641726901\/1432577077","default_profile":false,"default_profile_image":false,"following":null,"follow_request_sent":null,"notifications":null},"geo":null,"coordinates":null,"place":null,"contributors":null,"retweeted_status":{"created_at":"Sat Sep 12 19:47:50 +0000 2015","id":642786716705812480,"id_str":"642786716705812480","text":"Serbische Beh\u00f6rden melden dramatischen Anstieg ankommender Fl\u00fcchtlinge \u2013 bis zu 6\u2019000 pro Tag. \n\nhttp:\/\/t.co\/lFeO72ZrJz","source":"\u003ca href=\"https:\/\/about.twitter.com\/products\/tweetdeck\" rel=\"nofollow\"\u003eTweetDeck\u003c\/a\u003e","truncated":false,"in_reply_to_status_id":null,"in_reply_to_status_id_str":null,"in_reply_to_user_id":null,"in_reply_to_user_id_str":null,"in_reply_to_screen_name":null,"user":{"id":285502685,"id_str":"285502685","name":"Marcel Sardo","screen_name":"marcelsardo","location":"Z\u00fcrich","url":"http:\/\/www.marcelsardo.com","description":"I am a Pro-Russia Media-Sniper. If you don\u2019t like it - move along. \u2014\u2014  This Feed is not related to my business \u2014\u2014 Motto: I cross the bridge when I get there.","protected":false,"verified":false,"followers_count":5592,"friends_count":1752,"listed_count":206,"favourites_count":24756,"statuses_count":45111,"created_at":"Thu Apr 21 08:15:10 +0000 2011","utc_offset":7200,"time_zone":"Bern","geo_enabled":false,"lang":"en-gb","contributors_enabled":false,"is_translator":false,"profile_background_color":"131516","profile_background_image_url":"http:\/\/pbs.twimg.com\/profile_background_images\/543994976976121856\/lZPLc4WB.jpeg","profile_background_image_url_https":"https:\/\/pbs.twimg.com\/profile_background_images\/543994976976121856\/lZPLc4WB.jpeg","profile_background_tile":true,"profile_link_color":"009999","profile_sidebar_border_color":"FFFFFF","profile_sidebar_fill_color":"EFEFEF","profile_text_color":"333333","profile_use_background_image":true,"profile_image_url":"http:\/\/pbs.twimg.com\/profile_images\/471665466092441601\/xZEuxFKX_normal.jpeg","profile_image_url_https":"https:\/\/pbs.twimg.com\/profile_images\/471665466092441601\/xZEuxFKX_normal.jpeg","profile_banner_url":"https:\/\/pbs.twimg.com\/profile_banners\/285502685\/1398455122","default_profile":false,"default_profile_image":false,"following":null,"follow_request_sent":null,"notifications":null},"geo":null,"coordinates":null,"place":null,"contributors":null,"retweet_count":2,"favorite_count":0,"entities":{"hashtags":[],"trends":[],"urls":[{"url":"http:\/\/t.co\/lFeO72ZrJz","expanded_url":"http:\/\/friedensblick.de\/17784\/serbische-behoerden-melden-gerade-dramatischen-anstieg-ankommender-fluechtlinge\/","display_url":"friedensblick.de\/17784\/serbisch\u2026","indices":[97,119]}],"user_mentions":[],"symbols":[]},"favorited":false,"retweeted":false,"possibly_sensitive":false,"filter_level":"low","lang":"de"},"retweet_count":0,"favorite_count":0,"entities":{"hashtags":[],"trends":[],"urls":[{"url":"http:\/\/t.co\/lFeO72ZrJz","expanded_url":"http:\/\/friedensblick.de\/17784\/serbische-behoerden-melden-gerade-dramatischen-anstieg-ankommender-fluechtlinge\/","display_url":"friedensblick.de\/17784\/serbisch\u2026","indices":[114,136]}],"user_mentions":[{"screen_name":"marcelsardo","name":"Marcel Sardo","id":285502685,"id_str":"285502685","indices":[3,15]}],"symbols":[]},"favorited":false,"retweeted":false,"possibly_sensitive":false,"filter_level":"low","lang":"de","timestamp_ms":"1442087571199"}
