{"created_at":"Thu Sep 10 20:21:11 +0000 2015","id":642070335991476224,"id_str":"642070335991476224","text":"RT @fabikde: Das ist Naseeb bevor Krieg in Syrien begann. Jetzt lebt er mit 14 anderen in Zelt in #Hamburg. #refugeeswelcome http:\/\/t.co\/BM\u2026","source":"\u003ca href=\"http:\/\/twitter.com\/download\/android\" rel=\"nofollow\"\u003eTwitter for Android\u003c\/a\u003e","truncated":false,"in_reply_to_status_id":null,"in_reply_to_status_id_str":null,"in_reply_to_user_id":null,"in_reply_to_user_id_str":null,"in_reply_to_screen_name":null,"user":{"id":3304610278,"id_str":"3304610278","name":"SabrinaTroy","screen_name":"55b611aafb96498","location":"Dortmund, Nordrhein-Westfalen","url":null,"description":null,"protected":false,"verified":false,"followers_count":71,"friends_count":319,"listed_count":3,"favourites_count":960,"statuses_count":588,"created_at":"Sun May 31 12:05:39 +0000 2015","utc_offset":null,"time_zone":null,"geo_enabled":false,"lang":"de","contributors_enabled":false,"is_translator":false,"profile_background_color":"C0DEED","profile_background_image_url":"http:\/\/abs.twimg.com\/images\/themes\/theme1\/bg.png","profile_background_image_url_https":"https:\/\/abs.twimg.com\/images\/themes\/theme1\/bg.png","profile_background_tile":false,"profile_link_color":"0084B4","profile_sidebar_border_color":"C0DEED","profile_sidebar_fill_color":"DDEEF6","profile_text_color":"333333","profile_use_background_image":true,"profile_image_url":"http:\/\/pbs.twimg.com\/profile_images\/604983949174153216\/qVEitRUE_normal.jpg","profile_image_url_https":"https:\/\/pbs.twimg.com\/profile_images\/604983949174153216\/qVEitRUE_normal.jpg","profile_banner_url":"https:\/\/pbs.twimg.com\/profile_banners\/3304610278\/1435510955","default_profile":true,"default_profile_image":false,"following":null,"follow_request_sent":null,"notifications":null},"geo":null,"coordinates":null,"place":null,"contributors":null,"retweeted_status":{"created_at":"Thu Sep 10 19:53:18 +0000 2015","id":642063317327081473,"id_str":"642063317327081473","text":"Das ist Naseeb bevor Krieg in Syrien begann. Jetzt lebt er mit 14 anderen in Zelt in #Hamburg. #refugeeswelcome http:\/\/t.co\/BMwhtfPJnd","source":"\u003ca href=\"http:\/\/twitter.com\/download\/android\" rel=\"nofollow\"\u003eTwitter for Android\u003c\/a\u003e","truncated":false,"in_reply_to_status_id":null,"in_reply_to_status_id_str":null,"in_reply_to_user_id":null,"in_reply_to_user_id_str":null,"in_reply_to_screen_name":null,"user":{"id":870020082,"id_str":"870020082","name":"Fabian K\u00f6hler","screen_name":"fabikde","location":"","url":"https:\/\/www.torial.com\/fabian.koehler","description":"noch so ein Journalist | schreibt gern \u00fcber, noch lieber aus Nahost | auch \u00fcber Fl\u00fcchtlinge, Islam(ophobie) | nach Feierabend: @seawatchcrew","protected":false,"verified":false,"followers_count":2907,"friends_count":175,"listed_count":114,"favourites_count":525,"statuses_count":3022,"created_at":"Tue Oct 09 14:51:57 +0000 2012","utc_offset":7200,"time_zone":"Bern","geo_enabled":true,"lang":"de","contributors_enabled":false,"is_translator":false,"profile_background_color":"C4C0C4","profile_background_image_url":"http:\/\/pbs.twimg.com\/profile_background_images\/441163769226342400\/crJ1WbNd.jpeg","profile_background_image_url_https":"https:\/\/pbs.twimg.com\/profile_background_images\/441163769226342400\/crJ1WbNd.jpeg","profile_background_tile":false,"profile_link_color":"BA0404","profile_sidebar_border_color":"000000","profile_sidebar_fill_color":"DDEEF6","profile_text_color":"333333","profile_use_background_image":true,"profile_image_url":"http:\/\/pbs.twimg.com\/profile_images\/2698566524\/206d4c6f41c3169f2418e6ba272c1bff_normal.jpeg","profile_image_url_https":"https:\/\/pbs.twimg.com\/profile_images\/2698566524\/206d4c6f41c3169f2418e6ba272c1bff_normal.jpeg","profile_banner_url":"https:\/\/pbs.twimg.com\/profile_banners\/870020082\/1398258988","default_profile":false,"default_profile_image":false,"following":null,"follow_request_sent":null,"notifications":null},"geo":null,"coordinates":null,"place":{"id":"5bcd72da50f0ee77","url":"https:\/\/api.twitter.com\/1.1\/geo\/id\/5bcd72da50f0ee77.json","place_type":"city","name":"Hamburg","full_name":"Hamburg, Deutschland","country_code":"DE","country":"Deutschland","bounding_box":{"type":"Polygon","coordinates":[[[8.4201604,53.395118],[8.4201604,53.9646546],[10.325199,53.9646546],[10.325199,53.395118]]]},"attributes":{}},"contributors":null,"retweet_count":12,"favorite_count":12,"entities":{"hashtags":[{"text":"Hamburg","indices":[85,93]},{"text":"refugeeswelcome","indices":[95,111]}],"trends":[],"urls":[],"user_mentions":[],"symbols":[],"media":[{"id":642063316085534720,"id_str":"642063316085534720","indices":[112,134],"media_url":"http:\/\/pbs.twimg.com\/media\/COkRLyaWcAAIrAh.jpg","media_url_https":"https:\/\/pbs.twimg.com\/media\/COkRLyaWcAAIrAh.jpg","url":"http:\/\/t.co\/BMwhtfPJnd","display_url":"pic.twitter.com\/BMwhtfPJnd","expanded_url":"http:\/\/twitter.com\/fabikde\/status\/642063317327081473\/photo\/1","type":"photo","sizes":{"large":{"w":539,"h":960,"resize":"fit"},"thumb":{"w":150,"h":150,"resize":"crop"},"small":{"w":340,"h":605,"resize":"fit"},"medium":{"w":539,"h":960,"resize":"fit"}}}]},"extended_entities":{"media":[{"id":642063316085534720,"id_str":"642063316085534720","indices":[112,134],"media_url":"http:\/\/pbs.twimg.com\/media\/COkRLyaWcAAIrAh.jpg","media_url_https":"https:\/\/pbs.twimg.com\/media\/COkRLyaWcAAIrAh.jpg","url":"http:\/\/t.co\/BMwhtfPJnd","display_url":"pic.twitter.com\/BMwhtfPJnd","expanded_url":"http:\/\/twitter.com\/fabikde\/status\/642063317327081473\/photo\/1","type":"photo","sizes":{"large":{"w":539,"h":960,"resize":"fit"},"thumb":{"w":150,"h":150,"resize":"crop"},"small":{"w":340,"h":605,"resize":"fit"},"medium":{"w":539,"h":960,"resize":"fit"}}}]},"favorited":false,"retweeted":false,"possibly_sensitive":false,"filter_level":"low","lang":"de"},"retweet_count":0,"favorite_count":0,"entities":{"hashtags":[{"text":"Hamburg","indices":[98,106]},{"text":"refugeeswelcome","indices":[108,124]}],"trends":[],"urls":[],"user_mentions":[{"screen_name":"fabikde","name":"Fabian K\u00f6hler","id":870020082,"id_str":"870020082","indices":[3,11]}],"symbols":[],"media":[{"id":642063316085534720,"id_str":"642063316085534720","indices":[125,140],"media_url":"http:\/\/pbs.twimg.com\/media\/COkRLyaWcAAIrAh.jpg","media_url_https":"https:\/\/pbs.twimg.com\/media\/COkRLyaWcAAIrAh.jpg","url":"http:\/\/t.co\/BMwhtfPJnd","display_url":"pic.twitter.com\/BMwhtfPJnd","expanded_url":"http:\/\/twitter.com\/fabikde\/status\/642063317327081473\/photo\/1","type":"photo","sizes":{"large":{"w":539,"h":960,"resize":"fit"},"thumb":{"w":150,"h":150,"resize":"crop"},"small":{"w":340,"h":605,"resize":"fit"},"medium":{"w":539,"h":960,"resize":"fit"}},"source_status_id":642063317327081473,"source_status_id_str":"642063317327081473"}]},"extended_entities":{"media":[{"id":642063316085534720,"id_str":"642063316085534720","indices":[125,140],"media_url":"http:\/\/pbs.twimg.com\/media\/COkRLyaWcAAIrAh.jpg","media_url_https":"https:\/\/pbs.twimg.com\/media\/COkRLyaWcAAIrAh.jpg","url":"http:\/\/t.co\/BMwhtfPJnd","display_url":"pic.twitter.com\/BMwhtfPJnd","expanded_url":"http:\/\/twitter.com\/fabikde\/status\/642063317327081473\/photo\/1","type":"photo","sizes":{"large":{"w":539,"h":960,"resize":"fit"},"thumb":{"w":150,"h":150,"resize":"crop"},"small":{"w":340,"h":605,"resize":"fit"},"medium":{"w":539,"h":960,"resize":"fit"}},"source_status_id":642063317327081473,"source_status_id_str":"642063317327081473"}]},"favorited":false,"retweeted":false,"possibly_sensitive":false,"filter_level":"low","lang":"de","timestamp_ms":"1441916471847"}
