{"created_at":"Fri Sep 11 23:51:39 +0000 2015","id":642485687573311489,"id_str":"642485687573311489","text":"Erlangen bereitet sich auf die Ankunft weiterer Fl\u00fcchtlinge vor: Wegen der steigenden Zahl von Fl\u00fcchtlingen, d... http:\/\/t.co\/msVzkYEH38","source":"\u003ca href=\"http:\/\/twitterfeed.com\" rel=\"nofollow\"\u003etwitterfeed\u003c\/a\u003e","truncated":false,"in_reply_to_status_id":null,"in_reply_to_status_id_str":null,"in_reply_to_user_id":null,"in_reply_to_user_id_str":null,"in_reply_to_screen_name":null,"user":{"id":81080703,"id_str":"81080703","name":"Lokales Erlangen","screen_name":"Erlangen_","location":"Erlangen","url":"http:\/\/www.localxxl.com\/de\/lokal_nachrichten\/erlangen\/1\/","description":"Lokale Nachrichten und Informationen aus Erlangen","protected":false,"verified":false,"followers_count":126,"friends_count":0,"listed_count":8,"favourites_count":0,"statuses_count":1614,"created_at":"Fri Oct 09 10:50:28 +0000 2009","utc_offset":7200,"time_zone":"Berlin","geo_enabled":false,"lang":"de","contributors_enabled":false,"is_translator":false,"profile_background_color":"C0DEED","profile_background_image_url":"http:\/\/abs.twimg.com\/images\/themes\/theme1\/bg.png","profile_background_image_url_https":"https:\/\/abs.twimg.com\/images\/themes\/theme1\/bg.png","profile_background_tile":false,"profile_link_color":"0084B4","profile_sidebar_border_color":"C0DEED","profile_sidebar_fill_color":"DDEEF6","profile_text_color":"333333","profile_use_background_image":true,"profile_image_url":"http:\/\/pbs.twimg.com\/profile_images\/1427497185\/Facebook_Erlangen_normal.jpg","profile_image_url_https":"https:\/\/pbs.twimg.com\/profile_images\/1427497185\/Facebook_Erlangen_normal.jpg","default_profile":true,"default_profile_image":false,"following":null,"follow_request_sent":null,"notifications":null},"geo":null,"coordinates":null,"place":null,"contributors":null,"retweet_count":0,"favorite_count":0,"entities":{"hashtags":[],"trends":[],"urls":[{"url":"http:\/\/t.co\/msVzkYEH38","expanded_url":"http:\/\/bit.ly\/1XUSSTw","display_url":"bit.ly\/1XUSSTw","indices":[114,136]}],"user_mentions":[],"symbols":[]},"favorited":false,"retweeted":false,"possibly_sensitive":false,"filter_level":"low","lang":"de","timestamp_ms":"1442015499381"}
