{"created_at":"Thu Sep 10 20:26:26 +0000 2015","id":642071655645347841,"id_str":"642071655645347841","text":"185.000 Ausreisepflichtige -&gt; 134.000 Geduldete #asylwahn #abschiebung-sofort #tagesthemen #refugeeswelcome","source":"\u003ca href=\"http:\/\/twitter.com\" rel=\"nofollow\"\u003eTwitter Web Client\u003c\/a\u003e","truncated":false,"in_reply_to_status_id":null,"in_reply_to_status_id_str":null,"in_reply_to_user_id":null,"in_reply_to_user_id_str":null,"in_reply_to_screen_name":null,"user":{"id":629715036,"id_str":"629715036","name":"hessenbursche","screen_name":"hessenbursche","location":"Hessen","url":null,"description":"Hessenbursche. Realit\u00e4tsinteressiert. Diskussionsfreudig.","protected":false,"verified":false,"followers_count":132,"friends_count":112,"listed_count":5,"favourites_count":2050,"statuses_count":6789,"created_at":"Sat Jul 07 20:47:52 +0000 2012","utc_offset":7200,"time_zone":"Bern","geo_enabled":false,"lang":"de","contributors_enabled":false,"is_translator":false,"profile_background_color":"C0DEED","profile_background_image_url":"http:\/\/abs.twimg.com\/images\/themes\/theme1\/bg.png","profile_background_image_url_https":"https:\/\/abs.twimg.com\/images\/themes\/theme1\/bg.png","profile_background_tile":false,"profile_link_color":"0084B4","profile_sidebar_border_color":"C0DEED","profile_sidebar_fill_color":"DDEEF6","profile_text_color":"333333","profile_use_background_image":true,"profile_image_url":"http:\/\/pbs.twimg.com\/profile_images\/467748493725929472\/R4Z3VqxN_normal.jpeg","profile_image_url_https":"https:\/\/pbs.twimg.com\/profile_images\/467748493725929472\/R4Z3VqxN_normal.jpeg","default_profile":true,"default_profile_image":false,"following":null,"follow_request_sent":null,"notifications":null},"geo":null,"coordinates":null,"place":null,"contributors":null,"retweet_count":0,"favorite_count":0,"entities":{"hashtags":[{"text":"asylwahn","indices":[51,60]},{"text":"abschiebung","indices":[61,73]},{"text":"tagesthemen","indices":[81,93]},{"text":"refugeeswelcome","indices":[94,110]}],"trends":[],"urls":[],"user_mentions":[],"symbols":[]},"favorited":false,"retweeted":false,"possibly_sensitive":false,"filter_level":"low","lang":"de","timestamp_ms":"1441916786477"}
