{"created_at":"Sat Sep 12 19:53:43 +0000 2015","id":642788199698444288,"id_str":"642788199698444288","text":"An alle jungen Menschen in Europa und Nordamerika (Kapitel 1)\nhttps:\/\/t.co\/8JuWrTNeBX\n#Politik\n#Bildung\n#Treffen http:\/\/t.co\/zjlHy98s5G","source":"\u003ca href=\"http:\/\/www.uestoftruth21.com\" rel=\"nofollow\"\u003equestoftruth21\u003c\/a\u003e","truncated":false,"in_reply_to_status_id":null,"in_reply_to_status_id_str":null,"in_reply_to_user_id":null,"in_reply_to_user_id_str":null,"in_reply_to_screen_name":null,"user":{"id":2991347631,"id_str":"2991347631","name":"Rosa Parks","screen_name":"johny_kroos","location":"","url":null,"description":null,"protected":false,"verified":false,"followers_count":432,"friends_count":1659,"listed_count":58,"favourites_count":964,"statuses_count":135020,"created_at":"Thu Jan 22 04:19:34 +0000 2015","utc_offset":null,"time_zone":null,"geo_enabled":false,"lang":"en","contributors_enabled":false,"is_translator":false,"profile_background_color":"000000","profile_background_image_url":"http:\/\/abs.twimg.com\/images\/themes\/theme1\/bg.png","profile_background_image_url_https":"https:\/\/abs.twimg.com\/images\/themes\/theme1\/bg.png","profile_background_tile":false,"profile_link_color":"89C9FA","profile_sidebar_border_color":"000000","profile_sidebar_fill_color":"000000","profile_text_color":"000000","profile_use_background_image":false,"profile_image_url":"http:\/\/pbs.twimg.com\/profile_images\/559391112779948032\/Rx3kJYZg_normal.jpeg","profile_image_url_https":"https:\/\/pbs.twimg.com\/profile_images\/559391112779948032\/Rx3kJYZg_normal.jpeg","profile_banner_url":"https:\/\/pbs.twimg.com\/profile_banners\/2991347631\/1422206904","default_profile":false,"default_profile_image":false,"following":null,"follow_request_sent":null,"notifications":null},"geo":null,"coordinates":null,"place":null,"contributors":null,"retweet_count":0,"favorite_count":0,"entities":{"hashtags":[{"text":"Politik","indices":[86,94]},{"text":"Bildung","indices":[95,103]},{"text":"Treffen","indices":[104,112]}],"trends":[],"urls":[{"url":"https:\/\/t.co\/8JuWrTNeBX","expanded_url":"https:\/\/www.flickr.com\/photos\/130169972@N08\/20810741919\/in\/dateposted\/","display_url":"flickr.com\/photos\/1301699\u2026","indices":[62,85]}],"user_mentions":[],"symbols":[],"media":[{"id":642788199597801472,"id_str":"642788199597801472","indices":[113,135],"media_url":"http:\/\/pbs.twimg.com\/media\/COukdj7XAAA1sLO.jpg","media_url_https":"https:\/\/pbs.twimg.com\/media\/COukdj7XAAA1sLO.jpg","url":"http:\/\/t.co\/zjlHy98s5G","display_url":"pic.twitter.com\/zjlHy98s5G","expanded_url":"http:\/\/twitter.com\/johny_kroos\/status\/642788199698444288\/photo\/1","type":"photo","sizes":{"large":{"w":922,"h":306,"resize":"fit"},"thumb":{"w":150,"h":150,"resize":"crop"},"small":{"w":340,"h":112,"resize":"fit"},"medium":{"w":600,"h":199,"resize":"fit"}}}]},"extended_entities":{"media":[{"id":642788199597801472,"id_str":"642788199597801472","indices":[113,135],"media_url":"http:\/\/pbs.twimg.com\/media\/COukdj7XAAA1sLO.jpg","media_url_https":"https:\/\/pbs.twimg.com\/media\/COukdj7XAAA1sLO.jpg","url":"http:\/\/t.co\/zjlHy98s5G","display_url":"pic.twitter.com\/zjlHy98s5G","expanded_url":"http:\/\/twitter.com\/johny_kroos\/status\/642788199698444288\/photo\/1","type":"photo","sizes":{"large":{"w":922,"h":306,"resize":"fit"},"thumb":{"w":150,"h":150,"resize":"crop"},"small":{"w":340,"h":112,"resize":"fit"},"medium":{"w":600,"h":199,"resize":"fit"}}}]},"favorited":false,"retweeted":false,"possibly_sensitive":false,"filter_level":"low","lang":"de","timestamp_ms":"1442087623892"}
