{"created_at":"Thu Sep 10 20:22:19 +0000 2015","id":642070621317410816,"id_str":"642070621317410816","text":"RT @DrKissler: Da kann @sigmargabriel noch oft nach Teheran pilgern und Auftr\u00e4ge eint\u00fcten f\u00fcr \"uns Deutsche\". https:\/\/t.co\/8QvDsm59n9","source":"\u003ca href=\"http:\/\/twitter.com\/download\/android\" rel=\"nofollow\"\u003eTwitter for Android\u003c\/a\u003e","truncated":false,"in_reply_to_status_id":null,"in_reply_to_status_id_str":null,"in_reply_to_user_id":null,"in_reply_to_user_id_str":null,"in_reply_to_screen_name":null,"user":{"id":14854824,"id_str":"14854824","name":"GerdKotoll","screen_name":"GerdKotoll","location":"Hamburg, Germany","url":"http:\/\/www.facebook.com\/profile.php?ref=name&id=1069153026","description":"Netzwerker, eigene Meinung, politisch, aktiv, selbst\u00e4ndig, unabh\u00e4ngig, frei. Und: Vater, Christ, Leser, G\u00e4rtner, Harburger, S3-Fahrer, Feuerwehrmann","protected":false,"verified":false,"followers_count":1726,"friends_count":1939,"listed_count":61,"favourites_count":8359,"statuses_count":19663,"created_at":"Wed May 21 10:37:49 +0000 2008","utc_offset":7200,"time_zone":"Berlin","geo_enabled":false,"lang":"de","contributors_enabled":false,"is_translator":false,"profile_background_color":"0099B9","profile_background_image_url":"http:\/\/pbs.twimg.com\/profile_background_images\/33875807\/cruise_days-00212121_20080806_1797326551.jpg","profile_background_image_url_https":"https:\/\/pbs.twimg.com\/profile_background_images\/33875807\/cruise_days-00212121_20080806_1797326551.jpg","profile_background_tile":true,"profile_link_color":"0099B9","profile_sidebar_border_color":"5ED4DC","profile_sidebar_fill_color":"95E8EC","profile_text_color":"3C3940","profile_use_background_image":true,"profile_image_url":"http:\/\/pbs.twimg.com\/profile_images\/54477991\/foto_kotoll_091007_067_normal.jpg","profile_image_url_https":"https:\/\/pbs.twimg.com\/profile_images\/54477991\/foto_kotoll_091007_067_normal.jpg","profile_banner_url":"https:\/\/pbs.twimg.com\/profile_banners\/14854824\/1389384419","default_profile":false,"default_profile_image":false,"following":null,"follow_request_sent":null,"notifications":null},"geo":null,"coordinates":null,"place":null,"contributors":null,"retweeted_status":{"created_at":"Thu Sep 10 20:15:41 +0000 2015","id":642068949354594304,"id_str":"642068949354594304","text":"Da kann @sigmargabriel noch oft nach Teheran pilgern und Auftr\u00e4ge eint\u00fcten f\u00fcr \"uns Deutsche\". https:\/\/t.co\/8QvDsm59n9","source":"\u003ca href=\"http:\/\/twitter.com\/download\/android\" rel=\"nofollow\"\u003eTwitter for Android\u003c\/a\u003e","truncated":false,"in_reply_to_status_id":null,"in_reply_to_status_id_str":null,"in_reply_to_user_id":null,"in_reply_to_user_id_str":null,"in_reply_to_screen_name":null,"user":{"id":58285254,"id_str":"58285254","name":"Alexander Kissler","screen_name":"DrKissler","location":"Berlin","url":"http:\/\/www.alexander-kissler.de","description":"Monatsmagazin CICERO - Ressortleitung Kultur - Hier pers\u00f6nlich - RT bedeutet nicht prinzipiell Zustimmung","protected":false,"verified":false,"followers_count":1575,"friends_count":745,"listed_count":74,"favourites_count":4829,"statuses_count":11271,"created_at":"Sun Jul 19 20:25:40 +0000 2009","utc_offset":-7200,"time_zone":"Greenland","geo_enabled":false,"lang":"de","contributors_enabled":false,"is_translator":false,"profile_background_color":"C0DEED","profile_background_image_url":"http:\/\/abs.twimg.com\/images\/themes\/theme1\/bg.png","profile_background_image_url_https":"https:\/\/abs.twimg.com\/images\/themes\/theme1\/bg.png","profile_background_tile":false,"profile_link_color":"0084B4","profile_sidebar_border_color":"C0DEED","profile_sidebar_fill_color":"DDEEF6","profile_text_color":"333333","profile_use_background_image":true,"profile_image_url":"http:\/\/pbs.twimg.com\/profile_images\/552556424576782336\/90lCe154_normal.jpeg","profile_image_url_https":"https:\/\/pbs.twimg.com\/profile_images\/552556424576782336\/90lCe154_normal.jpeg","profile_banner_url":"https:\/\/pbs.twimg.com\/profile_banners\/58285254\/1421185917","default_profile":true,"default_profile_image":false,"following":null,"follow_request_sent":null,"notifications":null},"geo":null,"coordinates":null,"place":null,"contributors":null,"quoted_status_id":642065104700223488,"quoted_status_id_str":"642065104700223488","quoted_status":{"created_at":"Thu Sep 10 20:00:24 +0000 2015","id":642065104700223488,"id_str":"642065104700223488","text":"Irans oberster Anf\u00fchrer Chamenei: \u00bbIsrael wird in 25 Jahren nicht mehr existieren: http:\/\/t.co\/1EFOAGpIlR http:\/\/t.co\/miKdvMQwHb","source":"\u003ca href=\"https:\/\/about.twitter.com\/products\/tweetdeck\" rel=\"nofollow\"\u003eTweetDeck\u003c\/a\u003e","truncated":false,"in_reply_to_status_id":null,"in_reply_to_status_id_str":null,"in_reply_to_user_id":null,"in_reply_to_user_id_str":null,"in_reply_to_screen_name":null,"user":{"id":236415290,"id_str":"236415290","name":"BILD Politik","screen_name":"BILD_Politik","location":"Berlin","url":"http:\/\/BILD.de","description":"Hier twittert das Ressort Politik und Wirtschaft von BILD \u00b7 Impressum: http:\/\/on.bild.de\/BILDinfo","protected":false,"verified":true,"followers_count":7678,"friends_count":76,"listed_count":160,"favourites_count":50,"statuses_count":21159,"created_at":"Mon Jan 10 14:55:29 +0000 2011","utc_offset":7200,"time_zone":"Berlin","geo_enabled":false,"lang":"de","contributors_enabled":false,"is_translator":false,"profile_background_color":"292929","profile_background_image_url":"http:\/\/pbs.twimg.com\/profile_background_images\/190989891\/431x120--twitter-HG-Text-Kachel-Bild-Aktuell-090407-01.gif","profile_background_image_url_https":"https:\/\/pbs.twimg.com\/profile_background_images\/190989891\/431x120--twitter-HG-Text-Kachel-Bild-Aktuell-090407-01.gif","profile_background_tile":true,"profile_link_color":"E3001B","profile_sidebar_border_color":"FFFFFF","profile_sidebar_fill_color":"DDEEF6","profile_text_color":"333333","profile_use_background_image":false,"profile_image_url":"http:\/\/pbs.twimg.com\/profile_images\/577458296845516800\/tNsYSZtV_normal.jpeg","profile_image_url_https":"https:\/\/pbs.twimg.com\/profile_images\/577458296845516800\/tNsYSZtV_normal.jpeg","profile_banner_url":"https:\/\/pbs.twimg.com\/profile_banners\/236415290\/1411738237","default_profile":false,"default_profile_image":false,"following":null,"follow_request_sent":null,"notifications":null},"geo":null,"coordinates":null,"place":null,"contributors":null,"retweet_count":0,"favorite_count":0,"entities":{"hashtags":[],"trends":[],"urls":[{"url":"http:\/\/t.co\/1EFOAGpIlR","expanded_url":"http:\/\/www.bild.de\/politik\/ausland\/iran\/in-25-jahren-gibt-es-den-staat-nicht-mehr-42529452.bild.html","display_url":"bild.de\/politik\/auslan\u2026","indices":[83,105]}],"user_mentions":[],"symbols":[],"media":[{"id":642048946202918912,"id_str":"642048946202918912","indices":[106,128],"media_url":"http:\/\/pbs.twimg.com\/media\/COkEHWbWwAAvg0h.jpg","media_url_https":"https:\/\/pbs.twimg.com\/media\/COkEHWbWwAAvg0h.jpg","url":"http:\/\/t.co\/miKdvMQwHb","display_url":"pic.twitter.com\/miKdvMQwHb","expanded_url":"http:\/\/twitter.com\/BILD_Politik\/status\/642065104700223488\/photo\/1","type":"photo","sizes":{"thumb":{"w":150,"h":150,"resize":"crop"},"small":{"w":340,"h":191,"resize":"fit"},"large":{"w":650,"h":366,"resize":"fit"},"medium":{"w":600,"h":337,"resize":"fit"}}}]},"extended_entities":{"media":[{"id":642048946202918912,"id_str":"642048946202918912","indices":[106,128],"media_url":"http:\/\/pbs.twimg.com\/media\/COkEHWbWwAAvg0h.jpg","media_url_https":"https:\/\/pbs.twimg.com\/media\/COkEHWbWwAAvg0h.jpg","url":"http:\/\/t.co\/miKdvMQwHb","display_url":"pic.twitter.com\/miKdvMQwHb","expanded_url":"http:\/\/twitter.com\/BILD_Politik\/status\/642065104700223488\/photo\/1","type":"photo","sizes":{"thumb":{"w":150,"h":150,"resize":"crop"},"small":{"w":340,"h":191,"resize":"fit"},"large":{"w":650,"h":366,"resize":"fit"},"medium":{"w":600,"h":337,"resize":"fit"}}}]},"favorited":false,"retweeted":false,"possibly_sensitive":false,"filter_level":"low","lang":"de"},"retweet_count":2,"favorite_count":0,"entities":{"hashtags":[],"trends":[],"urls":[{"url":"https:\/\/t.co\/8QvDsm59n9","expanded_url":"https:\/\/twitter.com\/BILD_Politik\/status\/642065104700223488","display_url":"twitter.com\/BILD_Politik\/s\u2026","indices":[95,118]}],"user_mentions":[{"screen_name":"sigmargabriel","name":"Sigmar Gabriel","id":569832889,"id_str":"569832889","indices":[8,22]}],"symbols":[]},"favorited":false,"retweeted":false,"possibly_sensitive":false,"filter_level":"low","lang":"de"},"retweet_count":0,"favorite_count":0,"entities":{"hashtags":[],"trends":[],"urls":[{"url":"https:\/\/t.co\/8QvDsm59n9","expanded_url":"https:\/\/twitter.com\/BILD_Politik\/status\/642065104700223488","display_url":"twitter.com\/BILD_Politik\/s\u2026","indices":[110,133]}],"user_mentions":[{"screen_name":"DrKissler","name":"Alexander Kissler","id":58285254,"id_str":"58285254","indices":[3,13]},{"screen_name":"sigmargabriel","name":"Sigmar Gabriel","id":569832889,"id_str":"569832889","indices":[23,37]}],"symbols":[]},"favorited":false,"retweeted":false,"possibly_sensitive":false,"filter_level":"low","lang":"de","timestamp_ms":"1441916539874"}
