{"created_at":"Fri Sep 11 23:43:55 +0000 2015","id":642483741198319616,"id_str":"642483741198319616","text":"RT @KlingerPaul: \"Eskalation\": Nickelsdorf-B\u00fcrgermeister r\u00fcgt Kanzler und Innenministerin http:\/\/t.co\/5vuibGj45T","source":"\u003ca href=\"http:\/\/twitter.com\/download\/android\" rel=\"nofollow\"\u003eTwitter for Android\u003c\/a\u003e","truncated":false,"in_reply_to_status_id":null,"in_reply_to_status_id_str":null,"in_reply_to_user_id":null,"in_reply_to_user_id_str":null,"in_reply_to_screen_name":null,"user":{"id":13278322,"id_str":"13278322","name":"Community entwickeln","screen_name":"fritzLetsch","location":"M\u00fcnchen, Bayern, S\u00fcdosten","url":"http:\/\/about.me\/fritz.letsch","description":"Forumtheater und Gestalt, befreiende P\u00e4dagogik, Bewegungen, Supervision & Radio, interkultur, sexp\u00e4d, gemeinn\u00fctzige OE zur Beteiligung http:\/\/t.co\/AhvIUKMPI1","protected":false,"verified":false,"followers_count":1384,"friends_count":1980,"listed_count":122,"favourites_count":56741,"statuses_count":38049,"created_at":"Sat Feb 09 10:27:16 +0000 2008","utc_offset":7200,"time_zone":"Berlin","geo_enabled":false,"lang":"de","contributors_enabled":false,"is_translator":false,"profile_background_color":"FFF04D","profile_background_image_url":"http:\/\/pbs.twimg.com\/profile_background_images\/838354710\/cb3384bda795a89c681fbd89c56c5aa3.jpeg","profile_background_image_url_https":"https:\/\/pbs.twimg.com\/profile_background_images\/838354710\/cb3384bda795a89c681fbd89c56c5aa3.jpeg","profile_background_tile":true,"profile_link_color":"103AA3","profile_sidebar_border_color":"000000","profile_sidebar_fill_color":"79ED26","profile_text_color":"66202E","profile_use_background_image":true,"profile_image_url":"http:\/\/pbs.twimg.com\/profile_images\/420529817407066112\/PSDX0Ypb_normal.jpeg","profile_image_url_https":"https:\/\/pbs.twimg.com\/profile_images\/420529817407066112\/PSDX0Ypb_normal.jpeg","profile_banner_url":"https:\/\/pbs.twimg.com\/profile_banners\/13278322\/1389098323","default_profile":false,"default_profile_image":false,"following":null,"follow_request_sent":null,"notifications":null},"geo":null,"coordinates":null,"place":null,"contributors":null,"retweeted_status":{"created_at":"Fri Sep 11 13:09:09 +0000 2015","id":642323999029075968,"id_str":"642323999029075968","text":"\"Eskalation\": Nickelsdorf-B\u00fcrgermeister r\u00fcgt Kanzler und Innenministerin http:\/\/t.co\/5vuibGj45T","source":"\u003ca href=\"http:\/\/twitter.com\/download\/iphone\" rel=\"nofollow\"\u003eTwitter for iPhone\u003c\/a\u003e","truncated":false,"in_reply_to_status_id":null,"in_reply_to_status_id_str":null,"in_reply_to_user_id":null,"in_reply_to_user_id_str":null,"in_reply_to_screen_name":null,"user":{"id":136802616,"id_str":"136802616","name":"Paul Klinger","screen_name":"KlingerPaul","location":"Salzburg","url":null,"description":"22, Single\nInteressen: Politik, Geschichte, Medien, Wirtschaft, Mode, Musik, Sport","protected":false,"verified":false,"followers_count":1161,"friends_count":1915,"listed_count":44,"favourites_count":9489,"statuses_count":12956,"created_at":"Sun Apr 25 00:12:15 +0000 2010","utc_offset":-7200,"time_zone":"Mid-Atlantic","geo_enabled":true,"lang":"de","contributors_enabled":false,"is_translator":false,"profile_background_color":"FFFFFF","profile_background_image_url":"http:\/\/pbs.twimg.com\/profile_background_images\/378800000053491936\/894990d728937d6564a6c45d0c5c9db4.jpeg","profile_background_image_url_https":"https:\/\/pbs.twimg.com\/profile_background_images\/378800000053491936\/894990d728937d6564a6c45d0c5c9db4.jpeg","profile_background_tile":true,"profile_link_color":"57261F","profile_sidebar_border_color":"FFFFFF","profile_sidebar_fill_color":"130A38","profile_text_color":"F5F5F5","profile_use_background_image":true,"profile_image_url":"http:\/\/pbs.twimg.com\/profile_images\/634404111925014528\/Y2y0935Z_normal.jpg","profile_image_url_https":"https:\/\/pbs.twimg.com\/profile_images\/634404111925014528\/Y2y0935Z_normal.jpg","profile_banner_url":"https:\/\/pbs.twimg.com\/profile_banners\/136802616\/1431556733","default_profile":false,"default_profile_image":false,"following":null,"follow_request_sent":null,"notifications":null},"geo":null,"coordinates":null,"place":null,"contributors":null,"retweet_count":1,"favorite_count":0,"entities":{"hashtags":[],"trends":[],"urls":[{"url":"http:\/\/t.co\/5vuibGj45T","expanded_url":"http:\/\/m.diepresse.com\/home\/politik\/innenpolitik\/4819104\/index.do","display_url":"m.diepresse.com\/home\/politik\/i\u2026","indices":[73,95]}],"user_mentions":[],"symbols":[]},"favorited":false,"retweeted":false,"possibly_sensitive":false,"filter_level":"low","lang":"de"},"retweet_count":0,"favorite_count":0,"entities":{"hashtags":[],"trends":[],"urls":[{"url":"http:\/\/t.co\/5vuibGj45T","expanded_url":"http:\/\/m.diepresse.com\/home\/politik\/innenpolitik\/4819104\/index.do","display_url":"m.diepresse.com\/home\/politik\/i\u2026","indices":[90,112]}],"user_mentions":[{"screen_name":"KlingerPaul","name":"Paul Klinger","id":136802616,"id_str":"136802616","indices":[3,15]}],"symbols":[]},"favorited":false,"retweeted":false,"possibly_sensitive":false,"filter_level":"low","lang":"de","timestamp_ms":"1442015035329"}
