{"created_at":"Fri Sep 11 23:58:17 +0000 2015","id":642487355941781504,"id_str":"642487355941781504","text":"RT @PolitikWelt: Wer jetzt noch die Zahlen der Abschiebungen recherchiert erlebt einen \"AHA\" ! - Moment https:\/\/t.co\/n7xexgq4gf","source":"\u003ca href=\"http:\/\/twitter.com\" rel=\"nofollow\"\u003eTwitter Web Client\u003c\/a\u003e","truncated":false,"in_reply_to_status_id":null,"in_reply_to_status_id_str":null,"in_reply_to_user_id":null,"in_reply_to_user_id_str":null,"in_reply_to_screen_name":null,"user":{"id":1278184561,"id_str":"1278184561","name":"Carlos Castaneda","screen_name":"KrabatKabat","location":"Planeta Tierra","url":null,"description":"I am German -No NWO-No Imperialism-Countries back to the People-Against Islamization- Founder of WORD HEALTH ORGANISATION Freedom means Freedom and not War","protected":false,"verified":false,"followers_count":656,"friends_count":699,"listed_count":30,"favourites_count":279,"statuses_count":19256,"created_at":"Mon Mar 18 16:26:32 +0000 2013","utc_offset":-10800,"time_zone":"Atlantic Time (Canada)","geo_enabled":false,"lang":"de","contributors_enabled":false,"is_translator":false,"profile_background_color":"C0DEED","profile_background_image_url":"http:\/\/pbs.twimg.com\/profile_background_images\/599270386967023616\/FcLUgTz-.jpg","profile_background_image_url_https":"https:\/\/pbs.twimg.com\/profile_background_images\/599270386967023616\/FcLUgTz-.jpg","profile_background_tile":true,"profile_link_color":"0084B4","profile_sidebar_border_color":"000000","profile_sidebar_fill_color":"DDEEF6","profile_text_color":"333333","profile_use_background_image":true,"profile_image_url":"http:\/\/pbs.twimg.com\/profile_images\/621506142024376320\/trsc51Fk_normal.jpg","profile_image_url_https":"https:\/\/pbs.twimg.com\/profile_images\/621506142024376320\/trsc51Fk_normal.jpg","profile_banner_url":"https:\/\/pbs.twimg.com\/profile_banners\/1278184561\/1431714048","default_profile":false,"default_profile_image":false,"following":null,"follow_request_sent":null,"notifications":null},"geo":null,"coordinates":null,"place":null,"contributors":null,"retweeted_status":{"created_at":"Fri Sep 11 23:57:40 +0000 2015","id":642487202241314816,"id_str":"642487202241314816","text":"Wer jetzt noch die Zahlen der Abschiebungen recherchiert erlebt einen \"AHA\" ! - Moment https:\/\/t.co\/n7xexgq4gf","source":"\u003ca href=\"https:\/\/about.twitter.com\/products\/tweetdeck\" rel=\"nofollow\"\u003eTweetDeck\u003c\/a\u003e","truncated":false,"in_reply_to_status_id":null,"in_reply_to_status_id_str":null,"in_reply_to_user_id":null,"in_reply_to_user_id_str":null,"in_reply_to_screen_name":null,"user":{"id":167226855,"id_str":"167226855","name":"Ray","screen_name":"PolitikWelt","location":"Meinungs - Agentur","url":"http:\/\/meinungsagentur.blogspot.de\/","description":"Finden kann man mich im Web als Blogwart des  Blog Meinungs - Agentur","protected":false,"verified":false,"followers_count":697,"friends_count":1661,"listed_count":21,"favourites_count":3065,"statuses_count":4533,"created_at":"Fri Jul 16 01:56:49 +0000 2010","utc_offset":7200,"time_zone":"Ljubljana","geo_enabled":false,"lang":"de","contributors_enabled":false,"is_translator":false,"profile_background_color":"022330","profile_background_image_url":"http:\/\/abs.twimg.com\/images\/themes\/theme15\/bg.png","profile_background_image_url_https":"https:\/\/abs.twimg.com\/images\/themes\/theme15\/bg.png","profile_background_tile":false,"profile_link_color":"0084B4","profile_sidebar_border_color":"FFFFFF","profile_sidebar_fill_color":"C0DFEC","profile_text_color":"333333","profile_use_background_image":true,"profile_image_url":"http:\/\/pbs.twimg.com\/profile_images\/1191253129\/Bewerbungsfoto_Online_normal.jpg","profile_image_url_https":"https:\/\/pbs.twimg.com\/profile_images\/1191253129\/Bewerbungsfoto_Online_normal.jpg","profile_banner_url":"https:\/\/pbs.twimg.com\/profile_banners\/167226855\/1420931303","default_profile":false,"default_profile_image":false,"following":null,"follow_request_sent":null,"notifications":null},"geo":null,"coordinates":null,"place":null,"contributors":null,"quoted_status_id":642223696317431808,"quoted_status_id_str":"642223696317431808","quoted_status":{"created_at":"Fri Sep 11 06:30:35 +0000 2015","id":642223696317431808,"id_str":"642223696317431808","text":"1,8 Prozent aller Asylantr\u00e4ge wurden 2014 als berechtigt nach Artikel 16a Grundgesetz anerkannt #Fl\u00fcchtlinge #Merkel http:\/\/t.co\/hAvSgS652T","source":"\u003ca href=\"http:\/\/twitter.com\" rel=\"nofollow\"\u003eTwitter Web Client\u003c\/a\u003e","truncated":false,"in_reply_to_status_id":null,"in_reply_to_status_id_str":null,"in_reply_to_user_id":null,"in_reply_to_user_id_str":null,"in_reply_to_screen_name":null,"user":{"id":194538182,"id_str":"194538182","name":"Wirtschaft","screen_name":"WirtschaftDE","location":"Impressum","url":"http:\/\/goo.gl\/9htg9J","description":"Nachrichten und Meinungen zu Wirtschaft und Politik","protected":false,"verified":false,"followers_count":2129,"friends_count":535,"listed_count":170,"favourites_count":4074,"statuses_count":326631,"created_at":"Fri Sep 24 11:30:51 +0000 2010","utc_offset":7200,"time_zone":"Brussels","geo_enabled":false,"lang":"de","contributors_enabled":false,"is_translator":false,"profile_background_color":"696969","profile_background_image_url":"http:\/\/pbs.twimg.com\/profile_background_images\/672132567\/33ea97d334ca291274fe051c3ced0bb7.jpeg","profile_background_image_url_https":"https:\/\/pbs.twimg.com\/profile_background_images\/672132567\/33ea97d334ca291274fe051c3ced0bb7.jpeg","profile_background_tile":true,"profile_link_color":"527DFC","profile_sidebar_border_color":"FFFFFF","profile_sidebar_fill_color":"EADEAA","profile_text_color":"333333","profile_use_background_image":false,"profile_image_url":"http:\/\/pbs.twimg.com\/profile_images\/2666156173\/1dc1dfd9105a77b870914368c039ba9e_normal.png","profile_image_url_https":"https:\/\/pbs.twimg.com\/profile_images\/2666156173\/1dc1dfd9105a77b870914368c039ba9e_normal.png","profile_banner_url":"https:\/\/pbs.twimg.com\/profile_banners\/194538182\/1398271968","default_profile":false,"default_profile_image":false,"following":null,"follow_request_sent":null,"notifications":null},"geo":null,"coordinates":null,"place":null,"contributors":null,"retweet_count":0,"favorite_count":0,"entities":{"hashtags":[{"text":"Fl\u00fcchtlinge","indices":[96,108]},{"text":"Merkel","indices":[109,116]}],"trends":[],"urls":[],"user_mentions":[],"symbols":[],"media":[{"id":642223695411445760,"id_str":"642223695411445760","indices":[117,139],"media_url":"http:\/\/pbs.twimg.com\/media\/COmjDF9WgAAF5lH.png","media_url_https":"https:\/\/pbs.twimg.com\/media\/COmjDF9WgAAF5lH.png","url":"http:\/\/t.co\/hAvSgS652T","display_url":"pic.twitter.com\/hAvSgS652T","expanded_url":"http:\/\/twitter.com\/WirtschaftDE\/status\/642223696317431808\/photo\/1","type":"photo","sizes":{"large":{"w":756,"h":471,"resize":"fit"},"thumb":{"w":150,"h":150,"resize":"crop"},"small":{"w":340,"h":211,"resize":"fit"},"medium":{"w":600,"h":373,"resize":"fit"}}}]},"extended_entities":{"media":[{"id":642223695411445760,"id_str":"642223695411445760","indices":[117,139],"media_url":"http:\/\/pbs.twimg.com\/media\/COmjDF9WgAAF5lH.png","media_url_https":"https:\/\/pbs.twimg.com\/media\/COmjDF9WgAAF5lH.png","url":"http:\/\/t.co\/hAvSgS652T","display_url":"pic.twitter.com\/hAvSgS652T","expanded_url":"http:\/\/twitter.com\/WirtschaftDE\/status\/642223696317431808\/photo\/1","type":"photo","sizes":{"large":{"w":756,"h":471,"resize":"fit"},"thumb":{"w":150,"h":150,"resize":"crop"},"small":{"w":340,"h":211,"resize":"fit"},"medium":{"w":600,"h":373,"resize":"fit"}}}]},"favorited":false,"retweeted":false,"possibly_sensitive":false,"filter_level":"low","lang":"de"},"retweet_count":1,"favorite_count":0,"entities":{"hashtags":[],"trends":[],"urls":[{"url":"https:\/\/t.co\/n7xexgq4gf","expanded_url":"https:\/\/twitter.com\/WirtschaftDE\/status\/642223696317431808","display_url":"twitter.com\/WirtschaftDE\/s\u2026","indices":[87,110]}],"user_mentions":[],"symbols":[]},"favorited":false,"retweeted":false,"possibly_sensitive":false,"filter_level":"low","lang":"de"},"retweet_count":0,"favorite_count":0,"entities":{"hashtags":[],"trends":[],"urls":[{"url":"https:\/\/t.co\/n7xexgq4gf","expanded_url":"https:\/\/twitter.com\/WirtschaftDE\/status\/642223696317431808","display_url":"twitter.com\/WirtschaftDE\/s\u2026","indices":[104,127]}],"user_mentions":[{"screen_name":"PolitikWelt","name":"Ray","id":167226855,"id_str":"167226855","indices":[3,15]}],"symbols":[]},"favorited":false,"retweeted":false,"possibly_sensitive":false,"filter_level":"low","lang":"de","timestamp_ms":"1442015897151"}
