{"created_at":"Sat Sep 12 19:52:20 +0000 2015","id":642787848639254528,"id_str":"642787848639254528","text":"RT @NiceBastard: Wahrscheinlich w\u00e4ren die Chancen gr\u00f6\u00dfer, w\u00fcrde man in M\u00fcnchen nach 800 Yogamatten statt Isomatten fragen #refugeeswelcome","source":"\u003ca href=\"http:\/\/twitter.com\" rel=\"nofollow\"\u003eTwitter Web Client\u003c\/a\u003e","truncated":false,"in_reply_to_status_id":null,"in_reply_to_status_id_str":null,"in_reply_to_user_id":null,"in_reply_to_user_id_str":null,"in_reply_to_screen_name":null,"user":{"id":266703523,"id_str":"266703523","name":"Dagmar Dehmer-Omondi","screen_name":"dpomondi","location":"","url":null,"description":"Journalist for Der Tagesspiegel, Berlin. Topics: Environment, Africa.","protected":false,"verified":false,"followers_count":1846,"friends_count":2009,"listed_count":111,"favourites_count":2102,"statuses_count":14930,"created_at":"Tue Mar 15 17:24:22 +0000 2011","utc_offset":10800,"time_zone":"Athens","geo_enabled":false,"lang":"en","contributors_enabled":false,"is_translator":false,"profile_background_color":"352726","profile_background_image_url":"http:\/\/abs.twimg.com\/images\/themes\/theme5\/bg.gif","profile_background_image_url_https":"https:\/\/abs.twimg.com\/images\/themes\/theme5\/bg.gif","profile_background_tile":false,"profile_link_color":"D02B55","profile_sidebar_border_color":"829D5E","profile_sidebar_fill_color":"99CC33","profile_text_color":"3E4415","profile_use_background_image":true,"profile_image_url":"http:\/\/pbs.twimg.com\/profile_images\/494418331756015616\/NJEAwnd9_normal.jpeg","profile_image_url_https":"https:\/\/pbs.twimg.com\/profile_images\/494418331756015616\/NJEAwnd9_normal.jpeg","profile_banner_url":"https:\/\/pbs.twimg.com\/profile_banners\/266703523\/1381587200","default_profile":false,"default_profile_image":false,"following":null,"follow_request_sent":null,"notifications":null},"geo":null,"coordinates":null,"place":null,"contributors":null,"retweeted_status":{"created_at":"Sat Sep 12 19:51:14 +0000 2015","id":642787573216223232,"id_str":"642787573216223232","text":"Wahrscheinlich w\u00e4ren die Chancen gr\u00f6\u00dfer, w\u00fcrde man in M\u00fcnchen nach 800 Yogamatten statt Isomatten fragen #refugeeswelcome","source":"\u003ca href=\"http:\/\/itunes.apple.com\/us\/app\/twitter\/id409789998?mt=12\" rel=\"nofollow\"\u003eTwitter for Mac\u003c\/a\u003e","truncated":false,"in_reply_to_status_id":null,"in_reply_to_status_id_str":null,"in_reply_to_user_id":null,"in_reply_to_user_id_str":null,"in_reply_to_screen_name":null,"user":{"id":15483126,"id_str":"15483126","name":"Dorin Popa","screen_name":"NiceBastard","location":"Munich","url":"http:\/\/www.dorinpopa.de","description":"Disorderly Conduct","protected":false,"verified":false,"followers_count":3686,"friends_count":1635,"listed_count":331,"favourites_count":21096,"statuses_count":149825,"created_at":"Fri Jul 18 16:48:13 +0000 2008","utc_offset":7200,"time_zone":"Berlin","geo_enabled":true,"lang":"en","contributors_enabled":false,"is_translator":false,"profile_background_color":"D61B15","profile_background_image_url":"http:\/\/pbs.twimg.com\/profile_background_images\/680558034\/fec819d93d493da1f05a1502f54666ae.jpeg","profile_background_image_url_https":"https:\/\/pbs.twimg.com\/profile_background_images\/680558034\/fec819d93d493da1f05a1502f54666ae.jpeg","profile_background_tile":false,"profile_link_color":"0000FF","profile_sidebar_border_color":"FFFFFF","profile_sidebar_fill_color":"E0FF92","profile_text_color":"000000","profile_use_background_image":true,"profile_image_url":"http:\/\/pbs.twimg.com\/profile_images\/3619110588\/2fd0179e9a6ddb65958b038eb12aa6cb_normal.jpeg","profile_image_url_https":"https:\/\/pbs.twimg.com\/profile_images\/3619110588\/2fd0179e9a6ddb65958b038eb12aa6cb_normal.jpeg","profile_banner_url":"https:\/\/pbs.twimg.com\/profile_banners\/15483126\/1398237130","default_profile":false,"default_profile_image":false,"following":null,"follow_request_sent":null,"notifications":null},"geo":null,"coordinates":null,"place":null,"contributors":null,"retweet_count":1,"favorite_count":2,"entities":{"hashtags":[{"text":"refugeeswelcome","indices":[105,121]}],"trends":[],"urls":[],"user_mentions":[],"symbols":[]},"favorited":false,"retweeted":false,"possibly_sensitive":false,"filter_level":"low","lang":"de"},"retweet_count":0,"favorite_count":0,"entities":{"hashtags":[{"text":"refugeeswelcome","indices":[122,138]}],"trends":[],"urls":[],"user_mentions":[{"screen_name":"NiceBastard","name":"Dorin Popa","id":15483126,"id_str":"15483126","indices":[3,15]}],"symbols":[]},"favorited":false,"retweeted":false,"possibly_sensitive":false,"filter_level":"low","lang":"de","timestamp_ms":"1442087540193"}
