{"created_at":"Thu Sep 10 20:25:32 +0000 2015","id":642071429987610624,"id_str":"642071429987610624","text":"RT @offenenetze: W-Lan in Heimen: St\u00f6rerhaftung wirkt wie Kontaktsperre f\u00fcr Fl\u00fcchtlinge - Tagesspiegel - http:\/\/t.co\/edY2m7iKN6 via @freifu\u2026","source":"\u003ca href=\"https:\/\/about.twitter.com\/products\/tweetdeck\" rel=\"nofollow\"\u003eTweetDeck\u003c\/a\u003e","truncated":false,"in_reply_to_status_id":null,"in_reply_to_status_id_str":null,"in_reply_to_user_id":null,"in_reply_to_user_id_str":null,"in_reply_to_screen_name":null,"user":{"id":148409634,"id_str":"148409634","name":"J\u00f6rn Bastian","screen_name":"JoernOnline","location":"Sachsen-Anhalt, Magdeburg","url":null,"description":null,"protected":false,"verified":false,"followers_count":101,"friends_count":655,"listed_count":12,"favourites_count":2433,"statuses_count":2025,"created_at":"Wed May 26 16:36:37 +0000 2010","utc_offset":7200,"time_zone":"Berlin","geo_enabled":true,"lang":"de","contributors_enabled":false,"is_translator":false,"profile_background_color":"C0DEED","profile_background_image_url":"http:\/\/abs.twimg.com\/images\/themes\/theme1\/bg.png","profile_background_image_url_https":"https:\/\/abs.twimg.com\/images\/themes\/theme1\/bg.png","profile_background_tile":false,"profile_link_color":"0084B4","profile_sidebar_border_color":"C0DEED","profile_sidebar_fill_color":"DDEEF6","profile_text_color":"333333","profile_use_background_image":true,"profile_image_url":"http:\/\/pbs.twimg.com\/profile_images\/491632761241751552\/FlfkVTUx_normal.jpeg","profile_image_url_https":"https:\/\/pbs.twimg.com\/profile_images\/491632761241751552\/FlfkVTUx_normal.jpeg","profile_banner_url":"https:\/\/pbs.twimg.com\/profile_banners\/148409634\/1406049183","default_profile":true,"default_profile_image":false,"following":null,"follow_request_sent":null,"notifications":null},"geo":null,"coordinates":null,"place":null,"contributors":null,"retweeted_status":{"created_at":"Thu Sep 10 20:19:57 +0000 2015","id":642070023889113092,"id_str":"642070023889113092","text":"W-Lan in Heimen: St\u00f6rerhaftung wirkt wie Kontaktsperre f\u00fcr Fl\u00fcchtlinge - Tagesspiegel - http:\/\/t.co\/edY2m7iKN6 via @freifunk","source":"\u003ca href=\"https:\/\/play.google.com\/store\/apps\/details?id=org.mariotaku.twidere\" rel=\"nofollow\"\u003eTwidere for Android #4\u003c\/a\u003e","truncated":false,"in_reply_to_status_id":null,"in_reply_to_status_id_str":null,"in_reply_to_user_id":null,"in_reply_to_user_id_str":null,"in_reply_to_screen_name":null,"user":{"id":143842282,"id_str":"143842282","name":"offenenetze","screen_name":"offenenetze","location":"Germany","url":"http:\/\/www.offenenetze.de","description":"Offene Netze (und Recht), IT-Sicherheit, IT- und Urh-Recht, Open Content etc.;\r\nOpen networks (and law), IT security, IT and copyright law, Open Content etc.","protected":false,"verified":false,"followers_count":1067,"friends_count":97,"listed_count":103,"favourites_count":19,"statuses_count":10825,"created_at":"Fri May 14 15:13:12 +0000 2010","utc_offset":7200,"time_zone":"Berlin","geo_enabled":false,"lang":"en","contributors_enabled":false,"is_translator":false,"profile_background_color":"C0DEED","profile_background_image_url":"http:\/\/abs.twimg.com\/images\/themes\/theme1\/bg.png","profile_background_image_url_https":"https:\/\/abs.twimg.com\/images\/themes\/theme1\/bg.png","profile_background_tile":false,"profile_link_color":"0084B4","profile_sidebar_border_color":"C0DEED","profile_sidebar_fill_color":"DDEEF6","profile_text_color":"333333","profile_use_background_image":true,"profile_image_url":"http:\/\/pbs.twimg.com\/profile_images\/941527984\/AdHoc-Modus_normal.png","profile_image_url_https":"https:\/\/pbs.twimg.com\/profile_images\/941527984\/AdHoc-Modus_normal.png","default_profile":true,"default_profile_image":false,"following":null,"follow_request_sent":null,"notifications":null},"geo":null,"coordinates":null,"place":null,"contributors":null,"retweet_count":1,"favorite_count":1,"entities":{"hashtags":[],"trends":[],"urls":[{"url":"http:\/\/t.co\/edY2m7iKN6","expanded_url":"http:\/\/www.tagesspiegel.de\/medien\/w-lan-in-heimen-stoererhaftung-wirkt-wie-kontaktsperre-fuer-fluechtlinge\/12258716.html","display_url":"tagesspiegel.de\/medien\/w-lan-i\u2026","indices":[88,110]}],"user_mentions":[{"screen_name":"freifunk","name":"freifunk","id":14918419,"id_str":"14918419","indices":[115,124]}],"symbols":[]},"favorited":false,"retweeted":false,"possibly_sensitive":false,"filter_level":"low","lang":"de"},"retweet_count":0,"favorite_count":0,"entities":{"hashtags":[],"trends":[],"urls":[{"url":"http:\/\/t.co\/edY2m7iKN6","expanded_url":"http:\/\/www.tagesspiegel.de\/medien\/w-lan-in-heimen-stoererhaftung-wirkt-wie-kontaktsperre-fuer-fluechtlinge\/12258716.html","display_url":"tagesspiegel.de\/medien\/w-lan-i\u2026","indices":[105,127]}],"user_mentions":[{"screen_name":"offenenetze","name":"offenenetze","id":143842282,"id_str":"143842282","indices":[3,15]},{"screen_name":"freifunk","name":"freifunk","id":14918419,"id_str":"14918419","indices":[132,140]}],"symbols":[]},"favorited":false,"retweeted":false,"possibly_sensitive":false,"filter_level":"low","lang":"de","timestamp_ms":"1441916732676"}
