{"created_at":"Sat Sep 12 00:12:21 +0000 2015","id":642490895430983680,"id_str":"642490895430983680","text":"Sieg Kaiser Drumpf! #shitlords4trump #trump2016 http:\/\/t.co\/659h12rAhD","source":"\u003ca href=\"http:\/\/twitter.com\" rel=\"nofollow\"\u003eTwitter Web Client\u003c\/a\u003e","truncated":false,"in_reply_to_status_id":null,"in_reply_to_status_id_str":null,"in_reply_to_user_id":null,"in_reply_to_user_id_str":null,"in_reply_to_screen_name":null,"user":{"id":3335709279,"id_str":"3335709279","name":"Lawrence Murray","screen_name":"AtlanticCent","location":"The Right Stuff.biz","url":"https:\/\/atlanticcenturion.wordpress.com\/","description":"Another voice on the electronic right and an Anglo-American edgelord.","protected":false,"verified":false,"followers_count":638,"friends_count":452,"listed_count":10,"favourites_count":1509,"statuses_count":1855,"created_at":"Fri Jun 19 23:35:17 +0000 2015","utc_offset":-25200,"time_zone":"Pacific Time (US & Canada)","geo_enabled":false,"lang":"en","contributors_enabled":false,"is_translator":false,"profile_background_color":"000000","profile_background_image_url":"http:\/\/pbs.twimg.com\/profile_background_images\/625865536853909504\/w7WvZzIR.png","profile_background_image_url_https":"https:\/\/pbs.twimg.com\/profile_background_images\/625865536853909504\/w7WvZzIR.png","profile_background_tile":false,"profile_link_color":"FA743E","profile_sidebar_border_color":"000000","profile_sidebar_fill_color":"000000","profile_text_color":"000000","profile_use_background_image":true,"profile_image_url":"http:\/\/pbs.twimg.com\/profile_images\/630545488131928064\/vmaXHY7V_normal.jpg","profile_image_url_https":"https:\/\/pbs.twimg.com\/profile_images\/630545488131928064\/vmaXHY7V_normal.jpg","profile_banner_url":"https:\/\/pbs.twimg.com\/profile_banners\/3335709279\/1434757086","default_profile":false,"default_profile_image":false,"following":null,"follow_request_sent":null,"notifications":null},"geo":null,"coordinates":null,"place":null,"contributors":null,"retweet_count":0,"favorite_count":0,"entities":{"hashtags":[{"text":"shitlords4trump","indices":[20,36]},{"text":"trump2016","indices":[37,47]}],"trends":[],"urls":[{"url":"http:\/\/t.co\/659h12rAhD","expanded_url":"http:\/\/abcnews.go.com\/Politics\/rick-perry-drops-2016-presidential-race\/story?id=33696891","display_url":"abcnews.go.com\/Politics\/rick-\u2026","indices":[48,70]}],"user_mentions":[],"symbols":[]},"favorited":false,"retweeted":false,"possibly_sensitive":false,"filter_level":"low","lang":"de","timestamp_ms":"1442016741031"}
