{"created_at":"Fri Sep 11 23:57:57 +0000 2015","id":642487274236715008,"id_str":"642487274236715008","text":"Heutiges Thema: \nSex\nFl\u00fcchtlinge\nVerkehrsfluss #Domian","source":"\u003ca href=\"http:\/\/twitter.com\/download\/iphone\" rel=\"nofollow\"\u003eTwitter for iPhone\u003c\/a\u003e","truncated":false,"in_reply_to_status_id":null,"in_reply_to_status_id_str":null,"in_reply_to_user_id":null,"in_reply_to_user_id_str":null,"in_reply_to_screen_name":null,"user":{"id":61157383,"id_str":"61157383","name":"Jens Benz","screen_name":"Jensss_Benz","location":"N\u00e4he K\u00f6ln","url":"https:\/\/www.youtube.com\/JensBenzLife","description":"warum? darum! mir ist vieles oft egal, hauptsache mir geht es gut, klingt egoistisch aber das bin ich nicht.","protected":false,"verified":false,"followers_count":2050,"friends_count":1830,"listed_count":34,"favourites_count":8864,"statuses_count":22710,"created_at":"Wed Jul 29 09:35:55 +0000 2009","utc_offset":7200,"time_zone":"Bern","geo_enabled":true,"lang":"de","contributors_enabled":false,"is_translator":false,"profile_background_color":"0099B9","profile_background_image_url":"http:\/\/pbs.twimg.com\/profile_background_images\/378800000072150560\/d5cd3a8c44d6825e5839a8797fdf2343.jpeg","profile_background_image_url_https":"https:\/\/pbs.twimg.com\/profile_background_images\/378800000072150560\/d5cd3a8c44d6825e5839a8797fdf2343.jpeg","profile_background_tile":true,"profile_link_color":"00B800","profile_sidebar_border_color":"FFFFFF","profile_sidebar_fill_color":"C0DFEC","profile_text_color":"333333","profile_use_background_image":true,"profile_image_url":"http:\/\/pbs.twimg.com\/profile_images\/477181151631929344\/LMm5f2GY_normal.jpeg","profile_image_url_https":"https:\/\/pbs.twimg.com\/profile_images\/477181151631929344\/LMm5f2GY_normal.jpeg","profile_banner_url":"https:\/\/pbs.twimg.com\/profile_banners\/61157383\/1417042966","default_profile":false,"default_profile_image":false,"following":null,"follow_request_sent":null,"notifications":null},"geo":null,"coordinates":null,"place":null,"contributors":null,"retweet_count":0,"favorite_count":0,"entities":{"hashtags":[{"text":"Domian","indices":[47,54]}],"trends":[],"urls":[],"user_mentions":[],"symbols":[]},"favorited":false,"retweeted":false,"possibly_sensitive":false,"filter_level":"low","lang":"de","timestamp_ms":"1442015877671"}
