{"created_at":"Fri Sep 11 23:59:17 +0000 2015","id":642487607298027520,"id_str":"642487607298027520","text":"RT @KrabatKabat: @WirtschaftDE wieviel Fl\u00fcchtlinge sind verschwunden-und warum-Terrornester werden geschaffen","source":"\u003ca href=\"http:\/\/twitter.com\" rel=\"nofollow\"\u003eTwitter Web Client\u003c\/a\u003e","truncated":false,"in_reply_to_status_id":null,"in_reply_to_status_id_str":null,"in_reply_to_user_id":null,"in_reply_to_user_id_str":null,"in_reply_to_screen_name":null,"user":{"id":157760091,"id_str":"157760091","name":"Carlo Chiccone","screen_name":"eisbaer55","location":"Oes","url":"http:\/\/eisbaer55.wordpress.com\/","description":"Boshafter Bio-Deutscher & Mensch.\n#HRRDN\nFather, technologist, hunter, artist & human!  Against: violent disorder - rape, homicide, burglary & ISis\u2026","protected":false,"verified":false,"followers_count":1630,"friends_count":1494,"listed_count":51,"favourites_count":7810,"statuses_count":23744,"created_at":"Sun Jun 20 20:08:53 +0000 2010","utc_offset":7200,"time_zone":"Berlin","geo_enabled":false,"lang":"de","contributors_enabled":false,"is_translator":false,"profile_background_color":"000000","profile_background_image_url":"http:\/\/abs.twimg.com\/images\/themes\/theme16\/bg.gif","profile_background_image_url_https":"https:\/\/abs.twimg.com\/images\/themes\/theme16\/bg.gif","profile_background_tile":false,"profile_link_color":"89C9FA","profile_sidebar_border_color":"000000","profile_sidebar_fill_color":"000000","profile_text_color":"000000","profile_use_background_image":false,"profile_image_url":"http:\/\/pbs.twimg.com\/profile_images\/616570747935453185\/6mS_Ep0g_normal.jpg","profile_image_url_https":"https:\/\/pbs.twimg.com\/profile_images\/616570747935453185\/6mS_Ep0g_normal.jpg","profile_banner_url":"https:\/\/pbs.twimg.com\/profile_banners\/157760091\/1433170216","default_profile":false,"default_profile_image":false,"following":null,"follow_request_sent":null,"notifications":null},"geo":null,"coordinates":null,"place":null,"contributors":null,"retweeted_status":{"created_at":"Fri Sep 11 13:35:47 +0000 2015","id":642330699014533120,"id_str":"642330699014533120","text":"@WirtschaftDE wieviel Fl\u00fcchtlinge sind verschwunden-und warum-Terrornester werden geschaffen","source":"\u003ca href=\"http:\/\/twitter.com\" rel=\"nofollow\"\u003eTwitter Web Client\u003c\/a\u003e","truncated":false,"in_reply_to_status_id":642330276803293184,"in_reply_to_status_id_str":"642330276803293184","in_reply_to_user_id":194538182,"in_reply_to_user_id_str":"194538182","in_reply_to_screen_name":"WirtschaftDE","user":{"id":1278184561,"id_str":"1278184561","name":"Carlos Castaneda","screen_name":"KrabatKabat","location":"Planeta Tierra","url":null,"description":"I am German -No NWO-No Imperialism-Countries back to the People-Against Islamization- Founder of WORD HEALTH ORGANISATION Freedom means Freedom and not War","protected":false,"verified":false,"followers_count":656,"friends_count":699,"listed_count":30,"favourites_count":279,"statuses_count":19256,"created_at":"Mon Mar 18 16:26:32 +0000 2013","utc_offset":-10800,"time_zone":"Atlantic Time (Canada)","geo_enabled":false,"lang":"de","contributors_enabled":false,"is_translator":false,"profile_background_color":"C0DEED","profile_background_image_url":"http:\/\/pbs.twimg.com\/profile_background_images\/599270386967023616\/FcLUgTz-.jpg","profile_background_image_url_https":"https:\/\/pbs.twimg.com\/profile_background_images\/599270386967023616\/FcLUgTz-.jpg","profile_background_tile":true,"profile_link_color":"0084B4","profile_sidebar_border_color":"000000","profile_sidebar_fill_color":"DDEEF6","profile_text_color":"333333","profile_use_background_image":true,"profile_image_url":"http:\/\/pbs.twimg.com\/profile_images\/621506142024376320\/trsc51Fk_normal.jpg","profile_image_url_https":"https:\/\/pbs.twimg.com\/profile_images\/621506142024376320\/trsc51Fk_normal.jpg","profile_banner_url":"https:\/\/pbs.twimg.com\/profile_banners\/1278184561\/1431714048","default_profile":false,"default_profile_image":false,"following":null,"follow_request_sent":null,"notifications":null},"geo":null,"coordinates":null,"place":null,"contributors":null,"retweet_count":8,"favorite_count":5,"entities":{"hashtags":[],"trends":[],"urls":[],"user_mentions":[{"screen_name":"WirtschaftDE","name":"Wirtschaft","id":194538182,"id_str":"194538182","indices":[0,13]}],"symbols":[]},"favorited":false,"retweeted":false,"possibly_sensitive":false,"filter_level":"low","lang":"de"},"retweet_count":0,"favorite_count":0,"entities":{"hashtags":[],"trends":[],"urls":[],"user_mentions":[{"screen_name":"KrabatKabat","name":"Carlos Castaneda","id":1278184561,"id_str":"1278184561","indices":[3,15]},{"screen_name":"WirtschaftDE","name":"Wirtschaft","id":194538182,"id_str":"194538182","indices":[17,30]}],"symbols":[]},"favorited":false,"retweeted":false,"possibly_sensitive":false,"filter_level":"low","lang":"de","timestamp_ms":"1442015957079"}
