{"created_at":"Sat Sep 12 00:08:22 +0000 2015","id":642489893785108480,"id_str":"642489893785108480","text":"RT @fcstpauli: Klare Ansage zusammen mit dem @bvb! #fcspbvb #refugeeswelcome http:\/\/t.co\/vZFxmOC1Lf","source":"\u003ca href=\"http:\/\/twitter.com\" rel=\"nofollow\"\u003eTwitter Web Client\u003c\/a\u003e","truncated":false,"in_reply_to_status_id":null,"in_reply_to_status_id_str":null,"in_reply_to_user_id":null,"in_reply_to_user_id_str":null,"in_reply_to_screen_name":null,"user":{"id":2393020010,"id_str":"2393020010","name":"Linje 17 mot rasism","screen_name":"L17MotRasism","location":"","url":null,"description":"Vi arbetar f\u00f6r ett inkluderande samh\u00e4lle, mot rasism och nazism, l\u00e4ngs v\u00e5r tunnelbanelinje och i hela Sverige. https:\/\/www.facebook.com\/linje17motrasism","protected":false,"verified":false,"followers_count":1225,"friends_count":261,"listed_count":7,"favourites_count":613,"statuses_count":1074,"created_at":"Sun Mar 16 17:10:13 +0000 2014","utc_offset":null,"time_zone":null,"geo_enabled":false,"lang":"sv","contributors_enabled":false,"is_translator":false,"profile_background_color":"E81728","profile_background_image_url":"http:\/\/pbs.twimg.com\/profile_background_images\/451470621386354689\/pvnUEs89.jpeg","profile_background_image_url_https":"https:\/\/pbs.twimg.com\/profile_background_images\/451470621386354689\/pvnUEs89.jpeg","profile_background_tile":false,"profile_link_color":"2B2225","profile_sidebar_border_color":"FFFFFF","profile_sidebar_fill_color":"DDEEF6","profile_text_color":"333333","profile_use_background_image":true,"profile_image_url":"http:\/\/pbs.twimg.com\/profile_images\/445589315066662912\/uQ1jqT3a_normal.jpeg","profile_image_url_https":"https:\/\/pbs.twimg.com\/profile_images\/445589315066662912\/uQ1jqT3a_normal.jpeg","profile_banner_url":"https:\/\/pbs.twimg.com\/profile_banners\/2393020010\/1396998494","default_profile":false,"default_profile_image":false,"following":null,"follow_request_sent":null,"notifications":null},"geo":null,"coordinates":null,"place":null,"contributors":null,"retweeted_status":{"created_at":"Tue Sep 08 18:24:32 +0000 2015","id":641316201659006976,"id_str":"641316201659006976","text":"Klare Ansage zusammen mit dem @bvb! #fcspbvb #refugeeswelcome http:\/\/t.co\/vZFxmOC1Lf","source":"\u003ca href=\"http:\/\/twitter.com\/download\/android\" rel=\"nofollow\"\u003eTwitter for Android\u003c\/a\u003e","truncated":false,"in_reply_to_status_id":null,"in_reply_to_status_id_str":null,"in_reply_to_user_id":null,"in_reply_to_user_id_str":null,"in_reply_to_screen_name":null,"user":{"id":1086529322,"id_str":"1086529322","name":"FC St. Pauli","screen_name":"fcstpauli","location":"St. Pauli","url":"http:\/\/fcstpauli.com","description":"+++ Offizieller Twitter-Account des FC St. Pauli +++ #fcsp +++","protected":false,"verified":true,"followers_count":80019,"friends_count":115,"listed_count":590,"favourites_count":400,"statuses_count":10008,"created_at":"Sun Jan 13 16:14:26 +0000 2013","utc_offset":7200,"time_zone":"Amsterdam","geo_enabled":true,"lang":"de","contributors_enabled":false,"is_translator":false,"profile_background_color":"C0DEED","profile_background_image_url":"http:\/\/pbs.twimg.com\/profile_background_images\/456798205896716288\/vXIEzsSA.jpeg","profile_background_image_url_https":"https:\/\/pbs.twimg.com\/profile_background_images\/456798205896716288\/vXIEzsSA.jpeg","profile_background_tile":false,"profile_link_color":"0084B4","profile_sidebar_border_color":"FFFFFF","profile_sidebar_fill_color":"DDEEF6","profile_text_color":"333333","profile_use_background_image":true,"profile_image_url":"http:\/\/pbs.twimg.com\/profile_images\/599879212275769344\/PkEDyNhS_normal.png","profile_image_url_https":"https:\/\/pbs.twimg.com\/profile_images\/599879212275769344\/PkEDyNhS_normal.png","profile_banner_url":"https:\/\/pbs.twimg.com\/profile_banners\/1086529322\/1410875455","default_profile":false,"default_profile_image":false,"following":null,"follow_request_sent":null,"notifications":null},"geo":null,"coordinates":null,"place":null,"contributors":null,"retweet_count":642,"favorite_count":784,"entities":{"hashtags":[{"text":"fcspbvb","indices":[36,44]},{"text":"refugeeswelcome","indices":[45,61]}],"trends":[],"urls":[],"user_mentions":[{"screen_name":"BVB","name":"Borussia Dortmund","id":165699676,"id_str":"165699676","indices":[30,34]}],"symbols":[],"media":[{"id":641316179626315776,"id_str":"641316179626315776","indices":[62,84],"media_url":"http:\/\/pbs.twimg.com\/media\/COZpquNWUAAes4l.jpg","media_url_https":"https:\/\/pbs.twimg.com\/media\/COZpquNWUAAes4l.jpg","url":"http:\/\/t.co\/vZFxmOC1Lf","display_url":"pic.twitter.com\/vZFxmOC1Lf","expanded_url":"http:\/\/twitter.com\/fcstpauli\/status\/641316201659006976\/photo\/1","type":"photo","sizes":{"large":{"w":1024,"h":574,"resize":"fit"},"thumb":{"w":150,"h":150,"resize":"crop"},"small":{"w":340,"h":190,"resize":"fit"},"medium":{"w":600,"h":336,"resize":"fit"}}}]},"extended_entities":{"media":[{"id":641316179626315776,"id_str":"641316179626315776","indices":[62,84],"media_url":"http:\/\/pbs.twimg.com\/media\/COZpquNWUAAes4l.jpg","media_url_https":"https:\/\/pbs.twimg.com\/media\/COZpquNWUAAes4l.jpg","url":"http:\/\/t.co\/vZFxmOC1Lf","display_url":"pic.twitter.com\/vZFxmOC1Lf","expanded_url":"http:\/\/twitter.com\/fcstpauli\/status\/641316201659006976\/photo\/1","type":"photo","sizes":{"large":{"w":1024,"h":574,"resize":"fit"},"thumb":{"w":150,"h":150,"resize":"crop"},"small":{"w":340,"h":190,"resize":"fit"},"medium":{"w":600,"h":336,"resize":"fit"}}}]},"favorited":false,"retweeted":false,"possibly_sensitive":false,"filter_level":"low","lang":"de"},"retweet_count":0,"favorite_count":0,"entities":{"hashtags":[{"text":"fcspbvb","indices":[51,59]},{"text":"refugeeswelcome","indices":[60,76]}],"trends":[],"urls":[],"user_mentions":[{"screen_name":"fcstpauli","name":"FC St. Pauli","id":1086529322,"id_str":"1086529322","indices":[3,13]},{"screen_name":"BVB","name":"Borussia Dortmund","id":165699676,"id_str":"165699676","indices":[45,49]}],"symbols":[],"media":[{"id":641316179626315776,"id_str":"641316179626315776","indices":[77,99],"media_url":"http:\/\/pbs.twimg.com\/media\/COZpquNWUAAes4l.jpg","media_url_https":"https:\/\/pbs.twimg.com\/media\/COZpquNWUAAes4l.jpg","url":"http:\/\/t.co\/vZFxmOC1Lf","display_url":"pic.twitter.com\/vZFxmOC1Lf","expanded_url":"http:\/\/twitter.com\/fcstpauli\/status\/641316201659006976\/photo\/1","type":"photo","sizes":{"large":{"w":1024,"h":574,"resize":"fit"},"thumb":{"w":150,"h":150,"resize":"crop"},"small":{"w":340,"h":190,"resize":"fit"},"medium":{"w":600,"h":336,"resize":"fit"}},"source_status_id":641316201659006976,"source_status_id_str":"641316201659006976"}]},"extended_entities":{"media":[{"id":641316179626315776,"id_str":"641316179626315776","indices":[77,99],"media_url":"http:\/\/pbs.twimg.com\/media\/COZpquNWUAAes4l.jpg","media_url_https":"https:\/\/pbs.twimg.com\/media\/COZpquNWUAAes4l.jpg","url":"http:\/\/t.co\/vZFxmOC1Lf","display_url":"pic.twitter.com\/vZFxmOC1Lf","expanded_url":"http:\/\/twitter.com\/fcstpauli\/status\/641316201659006976\/photo\/1","type":"photo","sizes":{"large":{"w":1024,"h":574,"resize":"fit"},"thumb":{"w":150,"h":150,"resize":"crop"},"small":{"w":340,"h":190,"resize":"fit"},"medium":{"w":600,"h":336,"resize":"fit"}},"source_status_id":641316201659006976,"source_status_id_str":"641316201659006976"}]},"favorited":false,"retweeted":false,"possibly_sensitive":false,"filter_level":"low","lang":"de","timestamp_ms":"1442016502220"}
