{"created_at":"Sat Sep 12 19:52:08 +0000 2015","id":642787800899801088,"id_str":"642787800899801088","text":"RT @FreakkaerF: \u00bbSelbstorganisation\u2026\u00fcber das Internet scheint besser zu funktionieren, als beh\u00f6rdliche Erstaufnahme\u00ab @SeeroiberJenny #om15 \u2026","source":"\u003ca href=\"http:\/\/twitter.com\/download\/android\" rel=\"nofollow\"\u003eTwitter for Android\u003c\/a\u003e","truncated":false,"in_reply_to_status_id":null,"in_reply_to_status_id_str":null,"in_reply_to_user_id":null,"in_reply_to_user_id_str":null,"in_reply_to_screen_name":null,"user":{"id":106292114,"id_str":"106292114","name":"CeBe","screen_name":"cebe_cc","location":"Berlin, Alfeld","url":"http:\/\/cebe.cc\/","description":"Freelance #PHP developer and SysAdmin. #Yii Framework core developer.","protected":false,"verified":false,"followers_count":399,"friends_count":215,"listed_count":45,"favourites_count":3571,"statuses_count":6156,"created_at":"Tue Jan 19 02:53:13 +0000 2010","utc_offset":7200,"time_zone":"Berlin","geo_enabled":true,"lang":"de","contributors_enabled":false,"is_translator":false,"profile_background_color":"ACDED6","profile_background_image_url":"http:\/\/abs.twimg.com\/images\/themes\/theme18\/bg.gif","profile_background_image_url_https":"https:\/\/abs.twimg.com\/images\/themes\/theme18\/bg.gif","profile_background_tile":false,"profile_link_color":"038543","profile_sidebar_border_color":"EEEEEE","profile_sidebar_fill_color":"F6F6F6","profile_text_color":"333333","profile_use_background_image":true,"profile_image_url":"http:\/\/pbs.twimg.com\/profile_images\/2677247204\/041f97cef6ceaaeee75dc34decdf1be8_normal.png","profile_image_url_https":"https:\/\/pbs.twimg.com\/profile_images\/2677247204\/041f97cef6ceaaeee75dc34decdf1be8_normal.png","profile_banner_url":"https:\/\/pbs.twimg.com\/profile_banners\/106292114\/1400602175","default_profile":false,"default_profile_image":false,"following":null,"follow_request_sent":null,"notifications":null},"geo":null,"coordinates":null,"place":null,"contributors":null,"retweeted_status":{"created_at":"Sat Sep 12 08:29:11 +0000 2015","id":642615931596763137,"id_str":"642615931596763137","text":"\u00bbSelbstorganisation\u2026\u00fcber das Internet scheint besser zu funktionieren, als beh\u00f6rdliche Erstaufnahme\u00ab @SeeroiberJenny #om15 #refugeeswelcome","source":"\u003ca href=\"http:\/\/www.echofon.com\/\" rel=\"nofollow\"\u003eEchofon\u003c\/a\u003e","truncated":false,"in_reply_to_status_id":null,"in_reply_to_status_id_str":null,"in_reply_to_user_id":null,"in_reply_to_user_id_str":null,"in_reply_to_screen_name":null,"user":{"id":39258305,"id_str":"39258305","name":"\u00c9dition ka\u00ebrF","screen_name":"FreakkaerF","location":"(b)XL","url":"http:\/\/nerdpolitik.org\/","description":"Die sprichw\u00f6rtliche Weisheit, zu erkennen, welche Dinge ich nicht \u00e4ndern kann, m\u00f6chte ich gar nicht erlangen. | APA @senficon","protected":false,"verified":false,"followers_count":1105,"friends_count":1964,"listed_count":104,"favourites_count":7086,"statuses_count":36497,"created_at":"Mon May 11 14:14:35 +0000 2009","utc_offset":3600,"time_zone":"Dublin","geo_enabled":true,"lang":"en","contributors_enabled":false,"is_translator":false,"profile_background_color":"000000","profile_background_image_url":"http:\/\/abs.twimg.com\/images\/themes\/theme19\/bg.gif","profile_background_image_url_https":"https:\/\/abs.twimg.com\/images\/themes\/theme19\/bg.gif","profile_background_tile":false,"profile_link_color":"6C6C6C","profile_sidebar_border_color":"FFFFFF","profile_sidebar_fill_color":"F6FFD1","profile_text_color":"333333","profile_use_background_image":false,"profile_image_url":"http:\/\/pbs.twimg.com\/profile_images\/639061761908457472\/WIV-JPVp_normal.jpg","profile_image_url_https":"https:\/\/pbs.twimg.com\/profile_images\/639061761908457472\/WIV-JPVp_normal.jpg","profile_banner_url":"https:\/\/pbs.twimg.com\/profile_banners\/39258305\/1432762564","default_profile":false,"default_profile_image":false,"following":null,"follow_request_sent":null,"notifications":null},"geo":null,"coordinates":null,"place":null,"contributors":null,"retweet_count":17,"favorite_count":16,"entities":{"hashtags":[{"text":"om15","indices":[117,122]},{"text":"refugeeswelcome","indices":[123,139]}],"trends":[],"urls":[],"user_mentions":[{"screen_name":"SeeroiberJenny","name":"Anne Helm","id":145180684,"id_str":"145180684","indices":[101,116]}],"symbols":[]},"favorited":false,"retweeted":false,"possibly_sensitive":false,"filter_level":"low","lang":"de"},"retweet_count":0,"favorite_count":0,"entities":{"hashtags":[{"text":"om15","indices":[133,138]},{"text":"refugeeswelcome","indices":[139,140]}],"trends":[],"urls":[],"user_mentions":[{"screen_name":"FreakkaerF","name":"\u00c9dition ka\u00ebrF","id":39258305,"id_str":"39258305","indices":[3,14]},{"screen_name":"SeeroiberJenny","name":"Anne Helm","id":145180684,"id_str":"145180684","indices":[117,132]}],"symbols":[]},"favorited":false,"retweeted":false,"possibly_sensitive":false,"filter_level":"low","lang":"de","timestamp_ms":"1442087528811"}
