{"created_at":"Sat Sep 12 00:03:44 +0000 2015","id":642488729374982144,"id_str":"642488729374982144","text":"Bund plant Zwangsvermietungen leer stehender H\u00e4user an Fl\u00fcchtlinge |... http:\/\/t.co\/87ozRAT6lk","source":"\u003ca href=\"http:\/\/www.facebook.com\/twitter\" rel=\"nofollow\"\u003eFacebook\u003c\/a\u003e","truncated":false,"in_reply_to_status_id":null,"in_reply_to_status_id_str":null,"in_reply_to_user_id":null,"in_reply_to_user_id_str":null,"in_reply_to_screen_name":null,"user":{"id":252072343,"id_str":"252072343","name":"Investor-SMS B\u00f6rse","screen_name":"ISMSBoerse","location":"","url":"http:\/\/www.investor-sms.de\/Boersenbriefe","description":"Investor-SMS B\u00f6rsenbriefe: Ihre starke Finanzwebseite!\r\n\r\nF\u00fcr hochinteressante Marktnachrichten folgen Sie uns auf @InvestorSMS","protected":false,"verified":false,"followers_count":5575,"friends_count":5124,"listed_count":60,"favourites_count":0,"statuses_count":55423,"created_at":"Mon Feb 14 12:39:22 +0000 2011","utc_offset":7200,"time_zone":"Amsterdam","geo_enabled":false,"lang":"de","contributors_enabled":false,"is_translator":false,"profile_background_color":"131516","profile_background_image_url":"http:\/\/pbs.twimg.com\/profile_background_images\/796428916\/f9cc9c34632f8768950f4f5dfdbca184.gif","profile_background_image_url_https":"https:\/\/pbs.twimg.com\/profile_background_images\/796428916\/f9cc9c34632f8768950f4f5dfdbca184.gif","profile_background_tile":true,"profile_link_color":"1942E6","profile_sidebar_border_color":"000000","profile_sidebar_fill_color":"EFEFEF","profile_text_color":"333333","profile_use_background_image":true,"profile_image_url":"http:\/\/pbs.twimg.com\/profile_images\/1244074145\/isms_normal_normal.jpg","profile_image_url_https":"https:\/\/pbs.twimg.com\/profile_images\/1244074145\/isms_normal_normal.jpg","profile_banner_url":"https:\/\/pbs.twimg.com\/profile_banners\/252072343\/1361442239","default_profile":false,"default_profile_image":false,"following":null,"follow_request_sent":null,"notifications":null},"geo":null,"coordinates":null,"place":null,"contributors":null,"retweet_count":0,"favorite_count":0,"entities":{"hashtags":[],"trends":[],"urls":[{"url":"http:\/\/t.co\/87ozRAT6lk","expanded_url":"http:\/\/fb.me\/4HgXYyoUI","display_url":"fb.me\/4HgXYyoUI","indices":[72,94]}],"user_mentions":[],"symbols":[]},"favorited":false,"retweeted":false,"possibly_sensitive":false,"filter_level":"low","lang":"de","timestamp_ms":"1442016224603"}
