{"created_at":"Thu Sep 10 20:24:18 +0000 2015","id":642071117566488576,"id_str":"642071117566488576","text":"Da wird beim BFC-Anhang Freude aufkommen,\n\nFl\u00fcchtlinge in #Berlin : Sportforum wird Fl\u00fcchtlingsheim http:\/\/t.co\/vAz7tixA4m via @BLZonline","source":"\u003ca href=\"http:\/\/twitter.com\" rel=\"nofollow\"\u003eTwitter Web Client\u003c\/a\u003e","truncated":false,"in_reply_to_status_id":null,"in_reply_to_status_id_str":null,"in_reply_to_user_id":null,"in_reply_to_user_id_str":null,"in_reply_to_screen_name":null,"user":{"id":461307954,"id_str":"461307954","name":"Zorngickel","screen_name":"Ph_Ha","location":"","url":null,"description":"Allwetterradfahrer \/\/ Kriminologie \/\/ Fu\u00dfballkultur \/\/ Schweden \/\/Reihenmittelhauspunkrocker \/\/ Abseitiges und latent beklopptes \/\/Exil-Frankfurter in Berlin","protected":false,"verified":false,"followers_count":291,"friends_count":561,"listed_count":12,"favourites_count":10068,"statuses_count":10111,"created_at":"Wed Jan 11 17:26:36 +0000 2012","utc_offset":null,"time_zone":null,"geo_enabled":true,"lang":"de","contributors_enabled":false,"is_translator":false,"profile_background_color":"C0DEED","profile_background_image_url":"http:\/\/abs.twimg.com\/images\/themes\/theme1\/bg.png","profile_background_image_url_https":"https:\/\/abs.twimg.com\/images\/themes\/theme1\/bg.png","profile_background_tile":false,"profile_link_color":"0084B4","profile_sidebar_border_color":"C0DEED","profile_sidebar_fill_color":"DDEEF6","profile_text_color":"333333","profile_use_background_image":true,"profile_image_url":"http:\/\/pbs.twimg.com\/profile_images\/635901232423395328\/y9AMt64f_normal.png","profile_image_url_https":"https:\/\/pbs.twimg.com\/profile_images\/635901232423395328\/y9AMt64f_normal.png","profile_banner_url":"https:\/\/pbs.twimg.com\/profile_banners\/461307954\/1417167043","default_profile":true,"default_profile_image":false,"following":null,"follow_request_sent":null,"notifications":null},"geo":null,"coordinates":null,"place":null,"contributors":null,"retweet_count":0,"favorite_count":0,"entities":{"hashtags":[{"text":"Berlin","indices":[58,65]}],"trends":[],"urls":[{"url":"http:\/\/t.co\/vAz7tixA4m","expanded_url":"http:\/\/www.berliner-zeitung.de\/berlin\/fluechtlinge-in-berlin-sportforum-wird-fluechtlingsheim,10809148,31779442.html?dmcid=sm_tw","display_url":"berliner-zeitung.de\/berlin\/fluecht\u2026","indices":[100,122]}],"user_mentions":[{"screen_name":"BLZonline","name":"Berliner Zeitung","id":149030786,"id_str":"149030786","indices":[127,137]}],"symbols":[]},"favorited":false,"retweeted":false,"possibly_sensitive":false,"filter_level":"low","lang":"de","timestamp_ms":"1441916658189"}
