{"created_at":"Thu Sep 10 20:23:49 +0000 2015","id":642070997890400256,"id_str":"642070997890400256","text":"Was macht Regierung, wenn Deutschland Fl\u00fcchtlinge, die via \u00d6sterreich kommen nicht mehr aufnimmt? #zib2 #bayern","source":"\u003ca href=\"http:\/\/twitter.com\/#!\/download\/ipad\" rel=\"nofollow\"\u003eTwitter for iPad\u003c\/a\u003e","truncated":false,"in_reply_to_status_id":null,"in_reply_to_status_id_str":null,"in_reply_to_user_id":null,"in_reply_to_user_id_str":null,"in_reply_to_screen_name":null,"user":{"id":89947367,"id_str":"89947367","name":"Isabelle Daniel","screen_name":"isabelledaniel","location":"Vienna, Austria","url":"http:\/\/www.oe24.at","description":"journalist, expressing my own views.","protected":false,"verified":false,"followers_count":17320,"friends_count":384,"listed_count":425,"favourites_count":9814,"statuses_count":16682,"created_at":"Sat Nov 14 14:35:41 +0000 2009","utc_offset":-7200,"time_zone":"Greenland","geo_enabled":false,"lang":"en","contributors_enabled":false,"is_translator":false,"profile_background_color":"0099B9","profile_background_image_url":"http:\/\/pbs.twimg.com\/profile_background_images\/97162940\/twilk_background_4bdb1423493e3.jpg","profile_background_image_url_https":"https:\/\/pbs.twimg.com\/profile_background_images\/97162940\/twilk_background_4bdb1423493e3.jpg","profile_background_tile":true,"profile_link_color":"0099B9","profile_sidebar_border_color":"5ED4DC","profile_sidebar_fill_color":"95E8EC","profile_text_color":"3C3940","profile_use_background_image":true,"profile_image_url":"http:\/\/pbs.twimg.com\/profile_images\/552116670018625536\/gfTL4CHG_normal.jpeg","profile_image_url_https":"https:\/\/pbs.twimg.com\/profile_images\/552116670018625536\/gfTL4CHG_normal.jpeg","profile_banner_url":"https:\/\/pbs.twimg.com\/profile_banners\/89947367\/1440877775","default_profile":false,"default_profile_image":false,"following":null,"follow_request_sent":null,"notifications":null},"geo":null,"coordinates":null,"place":null,"contributors":null,"retweet_count":0,"favorite_count":0,"entities":{"hashtags":[{"text":"zib2","indices":[98,103]},{"text":"bayern","indices":[104,111]}],"trends":[],"urls":[],"user_mentions":[],"symbols":[]},"favorited":false,"retweeted":false,"possibly_sensitive":false,"filter_level":"low","lang":"de","timestamp_ms":"1441916629656"}
