{"created_at":"Sat Sep 12 19:53:40 +0000 2015","id":642788185261637633,"id_str":"642788185261637633","text":"13.000 Fl\u00fcchtlinge an nur einem Tag: Diese 16 Zahlen zeigen, dass M\u00fcnchen am Limit ist http:\/\/t.co\/EsuTGO2nkw","source":"\u003ca href=\"http:\/\/twitter.com\" rel=\"nofollow\"\u003eTwitter Web Client\u003c\/a\u003e","truncated":false,"in_reply_to_status_id":null,"in_reply_to_status_id_str":null,"in_reply_to_user_id":null,"in_reply_to_user_id_str":null,"in_reply_to_screen_name":null,"user":{"id":2241380992,"id_str":"2241380992","name":"TREX","screen_name":"fgerl01","location":"Worldwide  ","url":null,"description":"Libert\u00e9, D\u00e9mocratique, Pacifique","protected":false,"verified":false,"followers_count":5,"friends_count":23,"listed_count":0,"favourites_count":1,"statuses_count":17,"created_at":"Tue Dec 24 10:19:11 +0000 2013","utc_offset":7200,"time_zone":"Berlin","geo_enabled":false,"lang":"de","contributors_enabled":false,"is_translator":false,"profile_background_color":"022330","profile_background_image_url":"http:\/\/pbs.twimg.com\/profile_background_images\/459421938444533761\/Jie1eBxC.jpeg","profile_background_image_url_https":"https:\/\/pbs.twimg.com\/profile_background_images\/459421938444533761\/Jie1eBxC.jpeg","profile_background_tile":false,"profile_link_color":"0084B4","profile_sidebar_border_color":"FFFFFF","profile_sidebar_fill_color":"C0DFEC","profile_text_color":"333333","profile_use_background_image":false,"profile_image_url":"http:\/\/pbs.twimg.com\/profile_images\/632519308795617280\/csuNzBFu_normal.jpg","profile_image_url_https":"https:\/\/pbs.twimg.com\/profile_images\/632519308795617280\/csuNzBFu_normal.jpg","profile_banner_url":"https:\/\/pbs.twimg.com\/profile_banners\/2241380992\/1439635623","default_profile":false,"default_profile_image":false,"following":null,"follow_request_sent":null,"notifications":null},"geo":null,"coordinates":null,"place":null,"contributors":null,"retweet_count":0,"favorite_count":0,"entities":{"hashtags":[],"trends":[],"urls":[{"url":"http:\/\/t.co\/EsuTGO2nkw","expanded_url":"http:\/\/www.huffingtonpost.de\/2015\/09\/12\/tausende-ankommende-fluechtlinge-diese-17-zahlen-zeigen-dass-munchen-am-limit-ist_n_8127774.html","display_url":"huffingtonpost.de\/2015\/09\/12\/tau\u2026","indices":[87,109]}],"user_mentions":[],"symbols":[]},"favorited":false,"retweeted":false,"possibly_sensitive":false,"filter_level":"low","lang":"de","timestamp_ms":"1442087620450"}
