{"created_at":"Sat Sep 12 19:52:37 +0000 2015","id":642787922496888832,"id_str":"642787922496888832","text":". @pawko \u00fcber die freiwilligen Helfer vom Hauptbahnhof http:\/\/t.co\/YAPD6uWAqy","source":"\u003ca href=\"http:\/\/mobile.twitter.com\" rel=\"nofollow\"\u003eMobile Web\u003c\/a\u003e","truncated":false,"in_reply_to_status_id":null,"in_reply_to_status_id_str":null,"in_reply_to_user_id":null,"in_reply_to_user_id_str":null,"in_reply_to_screen_name":null,"user":{"id":313997409,"id_str":"313997409","name":"bettina steiner","screen_name":"bestchen","location":"wien","url":null,"description":"liest, schreibt (f\u00fcr die presse, wien)","protected":false,"verified":false,"followers_count":403,"friends_count":359,"listed_count":21,"favourites_count":1874,"statuses_count":662,"created_at":"Thu Jun 09 15:06:50 +0000 2011","utc_offset":null,"time_zone":null,"geo_enabled":false,"lang":"de","contributors_enabled":false,"is_translator":false,"profile_background_color":"C0DEED","profile_background_image_url":"http:\/\/abs.twimg.com\/images\/themes\/theme1\/bg.png","profile_background_image_url_https":"https:\/\/abs.twimg.com\/images\/themes\/theme1\/bg.png","profile_background_tile":false,"profile_link_color":"0084B4","profile_sidebar_border_color":"C0DEED","profile_sidebar_fill_color":"DDEEF6","profile_text_color":"333333","profile_use_background_image":true,"profile_image_url":"http:\/\/pbs.twimg.com\/profile_images\/425926844253474816\/FqC9U9d8_normal.jpeg","profile_image_url_https":"https:\/\/pbs.twimg.com\/profile_images\/425926844253474816\/FqC9U9d8_normal.jpeg","default_profile":true,"default_profile_image":false,"following":null,"follow_request_sent":null,"notifications":null},"geo":null,"coordinates":null,"place":null,"contributors":null,"retweet_count":0,"favorite_count":0,"entities":{"hashtags":[],"trends":[],"urls":[{"url":"http:\/\/t.co\/YAPD6uWAqy","expanded_url":"http:\/\/diepresse.com\/home\/politik\/innenpolitik\/4820006\/Die-freiwilligen-Helfer-vom-Hauptbahnhof","display_url":"diepresse.com\/home\/politik\/i\u2026","indices":[55,77]}],"user_mentions":[{"screen_name":"pawko","name":"Erich Kocina","id":14871856,"id_str":"14871856","indices":[2,8]}],"symbols":[]},"favorited":false,"retweeted":false,"possibly_sensitive":false,"filter_level":"low","lang":"de","timestamp_ms":"1442087557802"}
