{"created_at":"Sat Sep 12 19:53:06 +0000 2015","id":642788044052013057,"id_str":"642788044052013057","text":"RT @Schmel2012: Undankbare Fl\u00fcchtlinge zeigen ihr wahres Gesicht: http:\/\/t.co\/epHkSI1F5k \u043d\u0430 @YouTube","source":"\u003ca href=\"http:\/\/twitter.com\/#!\/download\/ipad\" rel=\"nofollow\"\u003eTwitter for iPad\u003c\/a\u003e","truncated":false,"in_reply_to_status_id":null,"in_reply_to_status_id_str":null,"in_reply_to_user_id":null,"in_reply_to_user_id_str":null,"in_reply_to_screen_name":null,"user":{"id":609404704,"id_str":"609404704","name":"\u041c\u0430\u043c\u043e\u043d\u043eff","screen_name":"mamonov74spb","location":"","url":null,"description":"\u0414\u043e\u043b\u0433\u043e \u0437\u0430\u043f\u0440\u044f\u0433\u0430\u044e - \u043d\u043e \u0431\u044b\u0441\u0442\u0440\u043e \u0435\u0434\u0443 \/\/\/\/ \u041d\u0435 \u043f\u043b\u044b\u0432\u0443 \u043f\u043e \u0442\u0435\u0447\u0435\u043d\u0438\u044e!\n\u0415\u0441\u043b\u0438 \u0432\u044b \u043f\u043b\u044e\u043d\u0435\u0442\u0435 \u0432 \u0420\u043e\u0441\u0441\u0438\u044e, \u043e\u043d\u0430 \u0443\u0442\u0440\u0435\u0442\u0441\u044f, \u0430 \u0435\u0441\u043b\u0438 \u043e\u043d\u0430 \u0432 \u0432\u0430\u0441 \u043f\u043b\u044e\u043d\u0435\u0442 - \u0432\u044b \u0443\u0442\u043e\u043d\u0435\u0442\u0435!))","protected":false,"verified":false,"followers_count":185,"friends_count":209,"listed_count":10,"favourites_count":861,"statuses_count":42252,"created_at":"Fri Jun 15 20:16:01 +0000 2012","utc_offset":null,"time_zone":null,"geo_enabled":false,"lang":"ru","contributors_enabled":false,"is_translator":false,"profile_background_color":"C0DEED","profile_background_image_url":"http:\/\/abs.twimg.com\/images\/themes\/theme1\/bg.png","profile_background_image_url_https":"https:\/\/abs.twimg.com\/images\/themes\/theme1\/bg.png","profile_background_tile":false,"profile_link_color":"0084B4","profile_sidebar_border_color":"C0DEED","profile_sidebar_fill_color":"DDEEF6","profile_text_color":"333333","profile_use_background_image":true,"profile_image_url":"http:\/\/pbs.twimg.com\/profile_images\/620364060719226880\/1-EUysWT_normal.jpg","profile_image_url_https":"https:\/\/pbs.twimg.com\/profile_images\/620364060719226880\/1-EUysWT_normal.jpg","profile_banner_url":"https:\/\/pbs.twimg.com\/profile_banners\/609404704\/1436741291","default_profile":true,"default_profile_image":false,"following":null,"follow_request_sent":null,"notifications":null},"geo":null,"coordinates":null,"place":null,"contributors":null,"retweeted_status":{"created_at":"Sat Sep 12 19:40:38 +0000 2015","id":642784907077545984,"id_str":"642784907077545984","text":"Undankbare Fl\u00fcchtlinge zeigen ihr wahres Gesicht: http:\/\/t.co\/epHkSI1F5k \u043d\u0430 @YouTube","source":"\u003ca href=\"http:\/\/www.google.com\/\" rel=\"nofollow\"\u003eGoogle\u003c\/a\u003e","truncated":false,"in_reply_to_status_id":null,"in_reply_to_status_id_str":null,"in_reply_to_user_id":null,"in_reply_to_user_id_str":null,"in_reply_to_screen_name":null,"user":{"id":445560786,"id_str":"445560786","name":"\u0421\u0435\u0440\u0451\u0433\u0430 \u0428\u041c\u0415\u041b\u042c","screen_name":"Schmel2012","location":"","url":"http:\/\/www.odnoklassniki.ru\/opolchenzi","description":"\u0412\u0415\u0416\u041b\u0418\u0412\u042b\u0419 \u041a\u0410\u041a \u0428\u041c\u0415\u041b\u042c. \u0412\u0441\u0435\u0433\u0434\u0430 \u043f\u0435\u0440\u0432\u044b\u0439!","protected":false,"verified":false,"followers_count":2679,"friends_count":306,"listed_count":48,"favourites_count":66,"statuses_count":9814,"created_at":"Sat Dec 24 15:15:32 +0000 2011","utc_offset":null,"time_zone":null,"geo_enabled":true,"lang":"ru","contributors_enabled":false,"is_translator":false,"profile_background_color":"022330","profile_background_image_url":"http:\/\/abs.twimg.com\/images\/themes\/theme15\/bg.png","profile_background_image_url_https":"https:\/\/abs.twimg.com\/images\/themes\/theme15\/bg.png","profile_background_tile":false,"profile_link_color":"0084B4","profile_sidebar_border_color":"FFFFFF","profile_sidebar_fill_color":"C0DFEC","profile_text_color":"333333","profile_use_background_image":true,"profile_image_url":"http:\/\/pbs.twimg.com\/profile_images\/551413656974405635\/UfQW44Wo_normal.jpeg","profile_image_url_https":"https:\/\/pbs.twimg.com\/profile_images\/551413656974405635\/UfQW44Wo_normal.jpeg","profile_banner_url":"https:\/\/pbs.twimg.com\/profile_banners\/445560786\/1417971911","default_profile":false,"default_profile_image":false,"following":null,"follow_request_sent":null,"notifications":null},"geo":null,"coordinates":null,"place":null,"contributors":null,"retweet_count":1,"favorite_count":0,"entities":{"hashtags":[],"trends":[],"urls":[{"url":"http:\/\/t.co\/epHkSI1F5k","expanded_url":"http:\/\/youtu.be\/hlU2ZYtAVv0?a","display_url":"youtu.be\/hlU2ZYtAVv0?a","indices":[50,72]}],"user_mentions":[{"screen_name":"YouTube","name":"YouTube","id":10228272,"id_str":"10228272","indices":[76,84]}],"symbols":[]},"favorited":false,"retweeted":false,"possibly_sensitive":false,"filter_level":"low","lang":"de"},"retweet_count":0,"favorite_count":0,"entities":{"hashtags":[],"trends":[],"urls":[{"url":"http:\/\/t.co\/epHkSI1F5k","expanded_url":"http:\/\/youtu.be\/hlU2ZYtAVv0?a","display_url":"youtu.be\/hlU2ZYtAVv0?a","indices":[66,88]}],"user_mentions":[{"screen_name":"Schmel2012","name":"\u0421\u0435\u0440\u0451\u0433\u0430 \u0428\u041c\u0415\u041b\u042c","id":445560786,"id_str":"445560786","indices":[3,14]},{"screen_name":"YouTube","name":"YouTube","id":10228272,"id_str":"10228272","indices":[92,100]}],"symbols":[]},"favorited":false,"retweeted":false,"possibly_sensitive":false,"filter_level":"low","lang":"de","timestamp_ms":"1442087586783"}
