{"created_at":"Sat Sep 12 19:50:55 +0000 2015","id":642787493797064704,"id_str":"642787493797064704","text":"RT @bitzeli14: Mit zwei Isomatten und zwei Decken auf dem Weg zum HBF #M\u00fcnchen #m\u00fcnchenhilft #refugeeswelcome","source":"\u003ca href=\"https:\/\/play.google.com\/store\/apps\/details?id=org.mariotaku.twidere\" rel=\"nofollow\"\u003eTwidere for Android\u003c\/a\u003e","truncated":false,"in_reply_to_status_id":null,"in_reply_to_status_id_str":null,"in_reply_to_user_id":null,"in_reply_to_user_id_str":null,"in_reply_to_screen_name":null,"user":{"id":107164467,"id_str":"107164467","name":"Thomas Eugene Torres","screen_name":"T_E_Torres","location":"","url":"http:\/\/www.piraten-esslingen.de\/","description":"Pirat \n\nFragen? - http:\/\/ask.fm\/TETorres","protected":false,"verified":false,"followers_count":583,"friends_count":544,"listed_count":59,"favourites_count":10229,"statuses_count":81940,"created_at":"Thu Jan 21 18:45:40 +0000 2010","utc_offset":7200,"time_zone":"Berlin","geo_enabled":false,"lang":"de","contributors_enabled":false,"is_translator":false,"profile_background_color":"000000","profile_background_image_url":"http:\/\/pbs.twimg.com\/profile_background_images\/68670698\/jokulsarlon_1280x1024.JPG","profile_background_image_url_https":"https:\/\/pbs.twimg.com\/profile_background_images\/68670698\/jokulsarlon_1280x1024.JPG","profile_background_tile":true,"profile_link_color":"009999","profile_sidebar_border_color":"EEEEEE","profile_sidebar_fill_color":"EFEFEF","profile_text_color":"333333","profile_use_background_image":true,"profile_image_url":"http:\/\/pbs.twimg.com\/profile_images\/1092259111\/233f014e-2806-470e-96d1-079a8d418584_normal.png","profile_image_url_https":"https:\/\/pbs.twimg.com\/profile_images\/1092259111\/233f014e-2806-470e-96d1-079a8d418584_normal.png","profile_banner_url":"https:\/\/pbs.twimg.com\/profile_banners\/107164467\/1355655681","default_profile":false,"default_profile_image":false,"following":null,"follow_request_sent":null,"notifications":null},"geo":null,"coordinates":null,"place":null,"contributors":null,"retweeted_status":{"created_at":"Sat Sep 12 19:41:26 +0000 2015","id":642785105396764672,"id_str":"642785105396764672","text":"Mit zwei Isomatten und zwei Decken auf dem Weg zum HBF #M\u00fcnchen #m\u00fcnchenhilft #refugeeswelcome","source":"\u003ca href=\"https:\/\/play.google.com\/store\/apps\/details?id=org.mariotaku.twidere\" rel=\"nofollow\"\u003eTwidere for Android #2\u003c\/a\u003e","truncated":false,"in_reply_to_status_id":null,"in_reply_to_status_id_str":null,"in_reply_to_user_id":null,"in_reply_to_user_id_str":null,"in_reply_to_screen_name":null,"user":{"id":572928182,"id_str":"572928182","name":"Motiviert","screen_name":"bitzeli14","location":"Neuland","url":null,"description":"Allrounder. Logistiker. Ich. Meister der Prokrastination. Hilfsbereit. Team Edward S. Schneek\u00f6nigin. Pirat.\r\n\r\n5. Vorname: Chaos. Kann auch der 4. sein...","protected":false,"verified":false,"followers_count":666,"friends_count":494,"listed_count":46,"favourites_count":8469,"statuses_count":14773,"created_at":"Sun May 06 19:10:19 +0000 2012","utc_offset":7200,"time_zone":"Amsterdam","geo_enabled":false,"lang":"de","contributors_enabled":false,"is_translator":false,"profile_background_color":"1A1B1F","profile_background_image_url":"http:\/\/abs.twimg.com\/images\/themes\/theme9\/bg.gif","profile_background_image_url_https":"https:\/\/abs.twimg.com\/images\/themes\/theme9\/bg.gif","profile_background_tile":false,"profile_link_color":"2FC2EF","profile_sidebar_border_color":"181A1E","profile_sidebar_fill_color":"252429","profile_text_color":"666666","profile_use_background_image":true,"profile_image_url":"http:\/\/pbs.twimg.com\/profile_images\/466664423830986752\/EYMJelL6_normal.jpeg","profile_image_url_https":"https:\/\/pbs.twimg.com\/profile_images\/466664423830986752\/EYMJelL6_normal.jpeg","profile_banner_url":"https:\/\/pbs.twimg.com\/profile_banners\/572928182\/1400096513","default_profile":false,"default_profile_image":false,"following":null,"follow_request_sent":null,"notifications":null},"geo":null,"coordinates":null,"place":null,"contributors":null,"retweet_count":2,"favorite_count":5,"entities":{"hashtags":[{"text":"M\u00fcnchen","indices":[55,63]},{"text":"m\u00fcnchenhilft","indices":[64,77]},{"text":"refugeeswelcome","indices":[78,94]}],"trends":[],"urls":[],"user_mentions":[],"symbols":[]},"favorited":false,"retweeted":false,"possibly_sensitive":false,"filter_level":"low","lang":"de"},"retweet_count":0,"favorite_count":0,"entities":{"hashtags":[{"text":"M\u00fcnchen","indices":[70,78]},{"text":"m\u00fcnchenhilft","indices":[79,92]},{"text":"refugeeswelcome","indices":[93,109]}],"trends":[],"urls":[],"user_mentions":[{"screen_name":"bitzeli14","name":"Motiviert","id":572928182,"id_str":"572928182","indices":[3,13]}],"symbols":[]},"favorited":false,"retweeted":false,"possibly_sensitive":false,"filter_level":"low","lang":"de","timestamp_ms":"1442087455592"}
