{"created_at":"Thu Sep 10 20:24:13 +0000 2015","id":642071095936466945,"id_str":"642071095936466945","text":"RT @RZBadEms: 200 Fl\u00fcchtlinge werden erwartet: Helfer arbeiten im Akkord http:\/\/t.co\/q9xnsENQnj","source":"\u003ca href=\"http:\/\/twitter.com\/download\/android\" rel=\"nofollow\"\u003eTwitter for Android\u003c\/a\u003e","truncated":false,"in_reply_to_status_id":null,"in_reply_to_status_id_str":null,"in_reply_to_user_id":null,"in_reply_to_user_id_str":null,"in_reply_to_screen_name":null,"user":{"id":60689486,"id_str":"60689486","name":"olaf von der heydt","screen_name":"olafvonderheydt","location":"Singhofen ","url":"http:\/\/www.hoerspieltipps.net","description":"HaR bei @hoerspieltipps, podcaster beim @ohrcast","protected":false,"verified":false,"followers_count":137,"friends_count":154,"listed_count":7,"favourites_count":314,"statuses_count":1819,"created_at":"Mon Jul 27 19:42:30 +0000 2009","utc_offset":null,"time_zone":null,"geo_enabled":true,"lang":"en","contributors_enabled":false,"is_translator":false,"profile_background_color":"FA743E","profile_background_image_url":"http:\/\/abs.twimg.com\/images\/themes\/theme1\/bg.png","profile_background_image_url_https":"https:\/\/abs.twimg.com\/images\/themes\/theme1\/bg.png","profile_background_tile":false,"profile_link_color":"FA743E","profile_sidebar_border_color":"000000","profile_sidebar_fill_color":"000000","profile_text_color":"000000","profile_use_background_image":false,"profile_image_url":"http:\/\/pbs.twimg.com\/profile_images\/639721920515178496\/FT5phBg5_normal.jpg","profile_image_url_https":"https:\/\/pbs.twimg.com\/profile_images\/639721920515178496\/FT5phBg5_normal.jpg","default_profile":false,"default_profile_image":false,"following":null,"follow_request_sent":null,"notifications":null},"geo":null,"coordinates":null,"place":null,"contributors":null,"retweeted_status":{"created_at":"Thu Sep 10 20:15:45 +0000 2015","id":642068968375758848,"id_str":"642068968375758848","text":"200 Fl\u00fcchtlinge werden erwartet: Helfer arbeiten im Akkord http:\/\/t.co\/q9xnsENQnj","source":"\u003ca href=\"http:\/\/www.newsfactory.de\" rel=\"nofollow\"\u003eredFACT\u003c\/a\u003e","truncated":false,"in_reply_to_status_id":null,"in_reply_to_status_id_str":null,"in_reply_to_user_id":null,"in_reply_to_user_id_str":null,"in_reply_to_screen_name":null,"user":{"id":22027855,"id_str":"22027855","name":"Rhein-Lahn-Zeitung","screen_name":"RZBadEms","location":"Bad Ems (Rhein-Lahn-Kreis)","url":"http:\/\/rhein-zeitung.de\/","description":"Einblicke und Ausblicke: Die RZ-Lokalredaktion Bad Ems verr\u00e4t, was sie so bewegt. Und was sich zwischen Limburg und Koblenz so tut.","protected":false,"verified":false,"followers_count":2103,"friends_count":786,"listed_count":74,"favourites_count":598,"statuses_count":12868,"created_at":"Thu Feb 26 16:27:17 +0000 2009","utc_offset":7200,"time_zone":"Berlin","geo_enabled":true,"lang":"de","contributors_enabled":false,"is_translator":false,"profile_background_color":"E8E8E8","profile_background_image_url":"http:\/\/pbs.twimg.com\/profile_background_images\/48241493\/Hintergrund_RZ_Rneu.jpg","profile_background_image_url_https":"https:\/\/pbs.twimg.com\/profile_background_images\/48241493\/Hintergrund_RZ_Rneu.jpg","profile_background_tile":false,"profile_link_color":"B10600","profile_sidebar_border_color":"FFFFFF","profile_sidebar_fill_color":"FFFFFF","profile_text_color":"000000","profile_use_background_image":false,"profile_image_url":"http:\/\/pbs.twimg.com\/profile_images\/593019038906785792\/oOZmFRww_normal.jpg","profile_image_url_https":"https:\/\/pbs.twimg.com\/profile_images\/593019038906785792\/oOZmFRww_normal.jpg","profile_banner_url":"https:\/\/pbs.twimg.com\/profile_banners\/22027855\/1352704202","default_profile":false,"default_profile_image":false,"following":null,"follow_request_sent":null,"notifications":null},"geo":null,"coordinates":null,"place":null,"contributors":null,"retweet_count":2,"favorite_count":0,"entities":{"hashtags":[],"trends":[],"urls":[{"url":"http:\/\/t.co\/q9xnsENQnj","expanded_url":"http:\/\/www.rhein-zeitung.de\/link.php?arid=1367195","display_url":"rhein-zeitung.de\/link.php?arid=\u2026","indices":[59,81]}],"user_mentions":[],"symbols":[]},"favorited":false,"retweeted":false,"possibly_sensitive":false,"filter_level":"low","lang":"de"},"retweet_count":0,"favorite_count":0,"entities":{"hashtags":[],"trends":[],"urls":[{"url":"http:\/\/t.co\/q9xnsENQnj","expanded_url":"http:\/\/www.rhein-zeitung.de\/link.php?arid=1367195","display_url":"rhein-zeitung.de\/link.php?arid=\u2026","indices":[73,95]}],"user_mentions":[{"screen_name":"RZBadEms","name":"Rhein-Lahn-Zeitung","id":22027855,"id_str":"22027855","indices":[3,12]}],"symbols":[]},"favorited":false,"retweeted":false,"possibly_sensitive":false,"filter_level":"low","lang":"de","timestamp_ms":"1441916653032"}
