{"created_at":"Thu Sep 10 20:22:22 +0000 2015","id":642070631677337601,"id_str":"642070631677337601","text":"RT @RonKonschak: Hilfsorganisation f\u00fcr #Zeltstadt #Spandau: https:\/\/t.co\/yvNigJBUUm #trainofhope @TrainofHope_B #refugeeswelcome","source":"\u003ca href=\"http:\/\/twitter.com\" rel=\"nofollow\"\u003eTwitter Web Client\u003c\/a\u003e","truncated":false,"in_reply_to_status_id":null,"in_reply_to_status_id_str":null,"in_reply_to_user_id":null,"in_reply_to_user_id_str":null,"in_reply_to_screen_name":null,"user":{"id":14615214,"id_str":"14615214","name":"Die_Primel","screen_name":"Die_Primel","location":"Hamburg","url":null,"description":"Multipliziere Netzpolitik & ziviles Engagement f\u00fcr Fl\u00fcchtlinge & Umwelt, UX Enthusiast, #Piraten #Hamburg","protected":false,"verified":false,"followers_count":1467,"friends_count":1999,"listed_count":151,"favourites_count":96587,"statuses_count":27517,"created_at":"Thu May 01 15:13:03 +0000 2008","utc_offset":7200,"time_zone":"Bern","geo_enabled":false,"lang":"de","contributors_enabled":false,"is_translator":false,"profile_background_color":"131516","profile_background_image_url":"http:\/\/pbs.twimg.com\/profile_background_images\/443689598590275584\/xgcKQQ2Y.png","profile_background_image_url_https":"https:\/\/pbs.twimg.com\/profile_background_images\/443689598590275584\/xgcKQQ2Y.png","profile_background_tile":true,"profile_link_color":"FF7902","profile_sidebar_border_color":"FFFFFF","profile_sidebar_fill_color":"78C0A8","profile_text_color":"5E412F","profile_use_background_image":true,"profile_image_url":"http:\/\/pbs.twimg.com\/profile_images\/567365044917137408\/57e5M0m2_normal.jpeg","profile_image_url_https":"https:\/\/pbs.twimg.com\/profile_images\/567365044917137408\/57e5M0m2_normal.jpeg","profile_banner_url":"https:\/\/pbs.twimg.com\/profile_banners\/14615214\/1392277644","default_profile":false,"default_profile_image":false,"following":null,"follow_request_sent":null,"notifications":null},"geo":null,"coordinates":null,"place":null,"contributors":null,"retweeted_status":{"created_at":"Thu Sep 10 18:39:47 +0000 2015","id":642044817099390976,"id_str":"642044817099390976","text":"Hilfsorganisation f\u00fcr #Zeltstadt #Spandau: https:\/\/t.co\/yvNigJBUUm #trainofhope @TrainofHope_B #refugeeswelcome","source":"\u003ca href=\"http:\/\/twitter.com\" rel=\"nofollow\"\u003eTwitter Web Client\u003c\/a\u003e","truncated":false,"in_reply_to_status_id":null,"in_reply_to_status_id_str":null,"in_reply_to_user_id":null,"in_reply_to_user_id_str":null,"in_reply_to_screen_name":null,"user":{"id":2987334483,"id_str":"2987334483","name":"Ronald Konschak","screen_name":"RonKonschak","location":"","url":"http:\/\/ronald-konschak.homepage.t-online.de\/","description":null,"protected":false,"verified":false,"followers_count":19,"friends_count":18,"listed_count":2,"favourites_count":120,"statuses_count":409,"created_at":"Tue Jan 20 14:41:19 +0000 2015","utc_offset":null,"time_zone":null,"geo_enabled":false,"lang":"de","contributors_enabled":false,"is_translator":false,"profile_background_color":"C0DEED","profile_background_image_url":"http:\/\/pbs.twimg.com\/profile_background_images\/558591969710993408\/bGWVT1wJ.jpeg","profile_background_image_url_https":"https:\/\/pbs.twimg.com\/profile_background_images\/558591969710993408\/bGWVT1wJ.jpeg","profile_background_tile":false,"profile_link_color":"0084B4","profile_sidebar_border_color":"C0DEED","profile_sidebar_fill_color":"DDEEF6","profile_text_color":"333333","profile_use_background_image":true,"profile_image_url":"http:\/\/pbs.twimg.com\/profile_images\/557571105695604738\/lk2XpF03_normal.png","profile_image_url_https":"https:\/\/pbs.twimg.com\/profile_images\/557571105695604738\/lk2XpF03_normal.png","profile_banner_url":"https:\/\/pbs.twimg.com\/profile_banners\/2987334483\/1422013768","default_profile":false,"default_profile_image":false,"following":null,"follow_request_sent":null,"notifications":null},"geo":null,"coordinates":null,"place":null,"contributors":null,"retweet_count":2,"favorite_count":1,"entities":{"hashtags":[{"text":"Zeltstadt","indices":[22,32]},{"text":"Spandau","indices":[33,41]},{"text":"trainofhope","indices":[67,79]},{"text":"refugeeswelcome","indices":[95,111]}],"trends":[],"urls":[{"url":"https:\/\/t.co\/yvNigJBUUm","expanded_url":"https:\/\/www.wilhelmstadt-hilft.org","display_url":"wilhelmstadt-hilft.org","indices":[43,66]}],"user_mentions":[{"screen_name":"TrainofHope_B","name":"Train of Hope Berlin","id":3532837343,"id_str":"3532837343","indices":[80,94]}],"symbols":[]},"favorited":false,"retweeted":false,"possibly_sensitive":false,"filter_level":"low","lang":"de"},"retweet_count":0,"favorite_count":0,"entities":{"hashtags":[{"text":"Zeltstadt","indices":[39,49]},{"text":"Spandau","indices":[50,58]},{"text":"trainofhope","indices":[84,96]},{"text":"refugeeswelcome","indices":[112,128]}],"trends":[],"urls":[{"url":"https:\/\/t.co\/yvNigJBUUm","expanded_url":"https:\/\/www.wilhelmstadt-hilft.org","display_url":"wilhelmstadt-hilft.org","indices":[60,83]}],"user_mentions":[{"screen_name":"RonKonschak","name":"Ronald Konschak","id":2987334483,"id_str":"2987334483","indices":[3,15]},{"screen_name":"TrainofHope_B","name":"Train of Hope Berlin","id":3532837343,"id_str":"3532837343","indices":[97,111]}],"symbols":[]},"favorited":false,"retweeted":false,"possibly_sensitive":false,"filter_level":"low","lang":"de","timestamp_ms":"1441916542344"}
