{"created_at":"Thu Sep 10 20:21:04 +0000 2015","id":642070305234665473,"id_str":"642070305234665473","text":"RT @ZDFheute: Reportage aus Fl\u00fcchtlingslager im Nordirak - \"Hunderttausende wollen nur noch weg\" #Fl\u00fcchtlinge http:\/\/t.co\/3xxVXsSH9a","source":"\u003ca href=\"http:\/\/twitter.com\/download\/iphone\" rel=\"nofollow\"\u003eTwitter for iPhone\u003c\/a\u003e","truncated":false,"in_reply_to_status_id":null,"in_reply_to_status_id_str":null,"in_reply_to_user_id":null,"in_reply_to_user_id_str":null,"in_reply_to_screen_name":null,"user":{"id":320159727,"id_str":"320159727","name":"Carolin Fromm","screen_name":"Viajerina","location":"Germany Italia Latinoam\u00e9rica","url":null,"description":"Reporter - multimedia - private - RT\u2260endorsement - work for @NDRReporter @NDR @DasErste","protected":false,"verified":false,"followers_count":209,"friends_count":360,"listed_count":15,"favourites_count":62,"statuses_count":1330,"created_at":"Sun Jun 19 12:17:07 +0000 2011","utc_offset":7200,"time_zone":"Berlin","geo_enabled":true,"lang":"en","contributors_enabled":false,"is_translator":false,"profile_background_color":"ACDED6","profile_background_image_url":"http:\/\/abs.twimg.com\/images\/themes\/theme18\/bg.gif","profile_background_image_url_https":"https:\/\/abs.twimg.com\/images\/themes\/theme18\/bg.gif","profile_background_tile":false,"profile_link_color":"80AACF","profile_sidebar_border_color":"EEEEEE","profile_sidebar_fill_color":"F6F6F6","profile_text_color":"333333","profile_use_background_image":true,"profile_image_url":"http:\/\/pbs.twimg.com\/profile_images\/414657294203232256\/XR4jSlei_normal.jpeg","profile_image_url_https":"https:\/\/pbs.twimg.com\/profile_images\/414657294203232256\/XR4jSlei_normal.jpeg","profile_banner_url":"https:\/\/pbs.twimg.com\/profile_banners\/320159727\/1437933808","default_profile":false,"default_profile_image":false,"following":null,"follow_request_sent":null,"notifications":null},"geo":null,"coordinates":null,"place":null,"contributors":null,"retweeted_status":{"created_at":"Thu Sep 10 17:08:42 +0000 2015","id":642021895865528320,"id_str":"642021895865528320","text":"Reportage aus Fl\u00fcchtlingslager im Nordirak - \"Hunderttausende wollen nur noch weg\" #Fl\u00fcchtlinge http:\/\/t.co\/3xxVXsSH9a","source":"\u003ca href=\"https:\/\/about.twitter.com\/products\/tweetdeck\" rel=\"nofollow\"\u003eTweetDeck\u003c\/a\u003e","truncated":false,"in_reply_to_status_id":null,"in_reply_to_status_id_str":null,"in_reply_to_user_id":null,"in_reply_to_user_id_str":null,"in_reply_to_screen_name":null,"user":{"id":1101354170,"id_str":"1101354170","name":"ZDF heute","screen_name":"ZDFheute","location":"Mainz","url":"http:\/\/www.heute.de","description":"Hier twittert die Redaktion von heute.de Nachrichten, Videos und Hintergr\u00fcnde aus Politik, Wirtschaft und Kultur | Impressum http:\/\/ly.zdf.de\/\/V3Gu","protected":false,"verified":true,"followers_count":99808,"friends_count":190,"listed_count":1222,"favourites_count":1201,"statuses_count":23460,"created_at":"Fri Jan 18 16:08:31 +0000 2013","utc_offset":7200,"time_zone":"Amsterdam","geo_enabled":true,"lang":"de","contributors_enabled":false,"is_translator":false,"profile_background_color":"C0DEED","profile_background_image_url":"http:\/\/pbs.twimg.com\/profile_background_images\/767940414\/5f20047b35344011a6dd55accbfa0834.png","profile_background_image_url_https":"https:\/\/pbs.twimg.com\/profile_background_images\/767940414\/5f20047b35344011a6dd55accbfa0834.png","profile_background_tile":false,"profile_link_color":"0084B4","profile_sidebar_border_color":"FFFFFF","profile_sidebar_fill_color":"DDEEF6","profile_text_color":"333333","profile_use_background_image":false,"profile_image_url":"http:\/\/pbs.twimg.com\/profile_images\/465803701647446016\/jAlkirAe_normal.jpeg","profile_image_url_https":"https:\/\/pbs.twimg.com\/profile_images\/465803701647446016\/jAlkirAe_normal.jpeg","profile_banner_url":"https:\/\/pbs.twimg.com\/profile_banners\/1101354170\/1399891223","default_profile":false,"default_profile_image":false,"following":null,"follow_request_sent":null,"notifications":null},"geo":null,"coordinates":null,"place":null,"contributors":null,"retweet_count":12,"favorite_count":8,"entities":{"hashtags":[{"text":"Fl\u00fcchtlinge","indices":[83,95]}],"trends":[],"urls":[{"url":"http:\/\/t.co\/3xxVXsSH9a","expanded_url":"http:\/\/ly.zdf.de\/0e8b\/","display_url":"ly.zdf.de\/0e8b\/","indices":[96,118]}],"user_mentions":[],"symbols":[]},"favorited":false,"retweeted":false,"possibly_sensitive":false,"filter_level":"low","lang":"de"},"retweet_count":0,"favorite_count":0,"entities":{"hashtags":[{"text":"Fl\u00fcchtlinge","indices":[97,109]}],"trends":[],"urls":[{"url":"http:\/\/t.co\/3xxVXsSH9a","expanded_url":"http:\/\/ly.zdf.de\/0e8b\/","display_url":"ly.zdf.de\/0e8b\/","indices":[110,132]}],"user_mentions":[{"screen_name":"ZDFheute","name":"ZDF heute","id":1101354170,"id_str":"1101354170","indices":[3,12]}],"symbols":[]},"favorited":false,"retweeted":false,"possibly_sensitive":false,"filter_level":"low","lang":"de","timestamp_ms":"1441916464514"}
