{"created_at":"Thu Sep 10 20:26:47 +0000 2015","id":642071742119301120,"id_str":"642071742119301120","text":"Wenn Fl\u00fcchtlinge bessergestellt werden als ALG2 Empf\u00e4nger, muss man sich nicht wundern, dass Hass ensteht.\n#DeutschlandHilft","source":"\u003ca href=\"http:\/\/twitter.com\" rel=\"nofollow\"\u003eTwitter Web Client\u003c\/a\u003e","truncated":false,"in_reply_to_status_id":null,"in_reply_to_status_id_str":null,"in_reply_to_user_id":null,"in_reply_to_user_id_str":null,"in_reply_to_screen_name":null,"user":{"id":227889765,"id_str":"227889765","name":"Torsten Schrammen","screen_name":"tschrammen","location":"","url":"http:\/\/www.schrammen.net","description":"With IT since 1983, German, Atheist  Pirate Party Germany since 2006","protected":false,"verified":false,"followers_count":281,"friends_count":396,"listed_count":22,"favourites_count":962,"statuses_count":13019,"created_at":"Sat Dec 18 03:21:51 +0000 2010","utc_offset":7200,"time_zone":"Berlin","geo_enabled":false,"lang":"de","contributors_enabled":false,"is_translator":false,"profile_background_color":"131516","profile_background_image_url":"http:\/\/pbs.twimg.com\/profile_background_images\/182789336\/banner_left_side.jpg","profile_background_image_url_https":"https:\/\/pbs.twimg.com\/profile_background_images\/182789336\/banner_left_side.jpg","profile_background_tile":false,"profile_link_color":"090A0A","profile_sidebar_border_color":"EEEEEE","profile_sidebar_fill_color":"EFEFEF","profile_text_color":"333333","profile_use_background_image":true,"profile_image_url":"http:\/\/pbs.twimg.com\/profile_images\/1193129272\/135x180-images-stories-photo.bw_normal.jpg","profile_image_url_https":"https:\/\/pbs.twimg.com\/profile_images\/1193129272\/135x180-images-stories-photo.bw_normal.jpg","profile_banner_url":"https:\/\/pbs.twimg.com\/profile_banners\/227889765\/1398209175","default_profile":false,"default_profile_image":false,"following":null,"follow_request_sent":null,"notifications":null},"geo":null,"coordinates":null,"place":null,"contributors":null,"retweet_count":0,"favorite_count":0,"entities":{"hashtags":[{"text":"DeutschlandHilft","indices":[107,124]}],"trends":[],"urls":[],"user_mentions":[],"symbols":[]},"favorited":false,"retweeted":false,"possibly_sensitive":false,"filter_level":"low","lang":"de","timestamp_ms":"1441916807094"}
