{"created_at":"Thu Sep 10 20:27:24 +0000 2015","id":642071897891581952,"id_str":"642071897891581952","text":"Fl\u00fcchtlingskrise: Osteuropa macht es Juncker schwer \u00ab http:\/\/t.co\/pnVISzHFV5 http:\/\/t.co\/4VFsIVvmYu via @DiePressecom","source":"\u003ca href=\"http:\/\/mobile.twitter.com\" rel=\"nofollow\"\u003eMobile Web\u003c\/a\u003e","truncated":false,"in_reply_to_status_id":null,"in_reply_to_status_id_str":null,"in_reply_to_user_id":null,"in_reply_to_user_id_str":null,"in_reply_to_screen_name":null,"user":{"id":24842995,"id_str":"24842995","name":"Nino Brodin","screen_name":"Orgetorix","location":"London, England","url":"http:\/\/www.facebook.com\/Catuvolcus","description":"International Relations, Geoeconomics, Geopolitics, WGS: Geography & Geodecy, Econometrics, History of Public Broadcasting.","protected":false,"verified":false,"followers_count":1849,"friends_count":1853,"listed_count":122,"favourites_count":24324,"statuses_count":259877,"created_at":"Tue Mar 17 05:03:31 +0000 2009","utc_offset":7200,"time_zone":"Copenhagen","geo_enabled":true,"lang":"en","contributors_enabled":false,"is_translator":false,"profile_background_color":"C0DEED","profile_background_image_url":"http:\/\/abs.twimg.com\/images\/themes\/theme1\/bg.png","profile_background_image_url_https":"https:\/\/abs.twimg.com\/images\/themes\/theme1\/bg.png","profile_background_tile":false,"profile_link_color":"0084B4","profile_sidebar_border_color":"C0DEED","profile_sidebar_fill_color":"DDEEF6","profile_text_color":"333333","profile_use_background_image":true,"profile_image_url":"http:\/\/pbs.twimg.com\/profile_images\/3082717867\/20845cf67d93f95a09bf879b63c61c74_normal.jpeg","profile_image_url_https":"https:\/\/pbs.twimg.com\/profile_images\/3082717867\/20845cf67d93f95a09bf879b63c61c74_normal.jpeg","profile_banner_url":"https:\/\/pbs.twimg.com\/profile_banners\/24842995\/1357957652","default_profile":true,"default_profile_image":false,"following":null,"follow_request_sent":null,"notifications":null},"geo":null,"coordinates":null,"place":null,"contributors":null,"retweet_count":0,"favorite_count":0,"entities":{"hashtags":[],"trends":[],"urls":[{"url":"http:\/\/t.co\/pnVISzHFV5","expanded_url":"http:\/\/DiePresse.com","display_url":"DiePresse.com","indices":[54,76]},{"url":"http:\/\/t.co\/4VFsIVvmYu","expanded_url":"http:\/\/diepresse.com\/home\/politik\/eu\/4818614\/Fluchtlingskrise_Osteuropa-macht-es-Juncker-schwer","display_url":"diepresse.com\/home\/politik\/e\u2026","indices":[77,99]}],"user_mentions":[{"screen_name":"DiePressecom","name":"DiePresse.com","id":23053482,"id_str":"23053482","indices":[104,117]}],"symbols":[]},"favorited":false,"retweeted":false,"possibly_sensitive":false,"filter_level":"low","lang":"de","timestamp_ms":"1441916844233"}
