{"created_at":"Sat Sep 12 00:00:22 +0000 2015","id":642487879978065920,"id_str":"642487879978065920","text":"@LucianSalavator welche Politik ich kann dir nicht folgen","source":"\u003ca href=\"http:\/\/twitter.com\/download\/android\" rel=\"nofollow\"\u003eTwitter for Android\u003c\/a\u003e","truncated":false,"in_reply_to_status_id":642487635156541441,"in_reply_to_status_id_str":"642487635156541441","in_reply_to_user_id":3372210106,"in_reply_to_user_id_str":"3372210106","in_reply_to_screen_name":"LucianSalavator","user":{"id":2409451955,"id_str":"2409451955","name":"9\/11 #RU #BBB","screen_name":"chrisbrownbln","location":"","url":null,"description":"Werde von 1 sexistischen Couchpenner bedr\u00e4ngt","protected":false,"verified":false,"followers_count":596,"friends_count":349,"listed_count":1,"favourites_count":9757,"statuses_count":7823,"created_at":"Fri Mar 14 06:38:36 +0000 2014","utc_offset":7200,"time_zone":"Belgrade","geo_enabled":false,"lang":"de","contributors_enabled":false,"is_translator":false,"profile_background_color":"000000","profile_background_image_url":"http:\/\/abs.twimg.com\/images\/themes\/theme1\/bg.png","profile_background_image_url_https":"https:\/\/abs.twimg.com\/images\/themes\/theme1\/bg.png","profile_background_tile":false,"profile_link_color":"ABB8C2","profile_sidebar_border_color":"000000","profile_sidebar_fill_color":"000000","profile_text_color":"000000","profile_use_background_image":false,"profile_image_url":"http:\/\/pbs.twimg.com\/profile_images\/641947460638769152\/co4I906j_normal.jpg","profile_image_url_https":"https:\/\/pbs.twimg.com\/profile_images\/641947460638769152\/co4I906j_normal.jpg","profile_banner_url":"https:\/\/pbs.twimg.com\/profile_banners\/2409451955\/1441978662","default_profile":false,"default_profile_image":false,"following":null,"follow_request_sent":null,"notifications":null},"geo":null,"coordinates":null,"place":null,"contributors":null,"retweet_count":0,"favorite_count":0,"entities":{"hashtags":[],"trends":[],"urls":[],"user_mentions":[{"screen_name":"LucianSalavator","name":"Django Invictus","id":3372210106,"id_str":"3372210106","indices":[0,16]}],"symbols":[]},"favorited":false,"retweeted":false,"possibly_sensitive":false,"filter_level":"low","lang":"de","timestamp_ms":"1442016022091"}
