{"created_at":"Sat Sep 12 00:01:32 +0000 2015","id":642488174544031744,"id_str":"642488174544031744","text":"RT @evelyn_nopfs: @hapatamast \nWie kommen die #Regierung und die #Gutmenschen eigentlich drauf d sie \u00fcber das Eigentum anderer verf\u00fcgen k\u00f6n\u2026","source":"\u003ca href=\"http:\/\/twitter.com\" rel=\"nofollow\"\u003eTwitter Web Client\u003c\/a\u003e","truncated":false,"in_reply_to_status_id":null,"in_reply_to_status_id_str":null,"in_reply_to_user_id":null,"in_reply_to_user_id_str":null,"in_reply_to_screen_name":null,"user":{"id":221732311,"id_str":"221732311","name":"D.HaneW","screen_name":"hapatamast","location":"","url":"https:\/\/waffenbesitz.wordpress.com\/2015\/05\/28\/waffen-legalisierung-fur-deutsche-mundige-unbescholten","description":"Alles was ein Mensch \u00fcber einen anderen aussagt, sagt m\u00f6glichenfalls genau so viel \u00fcber den Redner aus  wer erz\u00e4hlet, spricht \u00fcber sich.","protected":false,"verified":false,"followers_count":1323,"friends_count":1363,"listed_count":15,"favourites_count":84106,"statuses_count":8276,"created_at":"Wed Dec 01 13:18:48 +0000 2010","utc_offset":7200,"time_zone":"Ljubljana","geo_enabled":false,"lang":"de","contributors_enabled":false,"is_translator":false,"profile_background_color":"022330","profile_background_image_url":"http:\/\/abs.twimg.com\/images\/themes\/theme15\/bg.png","profile_background_image_url_https":"https:\/\/abs.twimg.com\/images\/themes\/theme15\/bg.png","profile_background_tile":false,"profile_link_color":"0084B4","profile_sidebar_border_color":"A8C7F7","profile_sidebar_fill_color":"C0DFEC","profile_text_color":"333333","profile_use_background_image":true,"profile_image_url":"http:\/\/pbs.twimg.com\/profile_images\/605533992599883778\/78XOhvWg_normal.jpg","profile_image_url_https":"https:\/\/pbs.twimg.com\/profile_images\/605533992599883778\/78XOhvWg_normal.jpg","profile_banner_url":"https:\/\/pbs.twimg.com\/profile_banners\/221732311\/1433205895","default_profile":false,"default_profile_image":false,"following":null,"follow_request_sent":null,"notifications":null},"geo":null,"coordinates":null,"place":null,"contributors":null,"retweeted_status":{"created_at":"Fri Sep 11 22:17:45 +0000 2015","id":642462055849676800,"id_str":"642462055849676800","text":"@hapatamast \nWie kommen die #Regierung und die #Gutmenschen eigentlich drauf d sie \u00fcber das Eigentum anderer verf\u00fcgen k\u00f6nnten? #Rechtsstaat","source":"\u003ca href=\"http:\/\/twitter.com\/download\/android\" rel=\"nofollow\"\u003eTwitter for Android\u003c\/a\u003e","truncated":false,"in_reply_to_status_id":642460678008115200,"in_reply_to_status_id_str":"642460678008115200","in_reply_to_user_id":221732311,"in_reply_to_user_id_str":"221732311","in_reply_to_screen_name":"hapatamast","user":{"id":985187502,"id_str":"985187502","name":"Evelyn Einfach","screen_name":"evelyn_nopfs","location":"Memento mori","url":null,"description":"Besehe die Menschheit als geh\u00f6rtest du nicht dazu und du kommst aus'm Lachen nicht raus! Tweets k\u00f6nnen Spuren v Provokation enthalten!","protected":false,"verified":false,"followers_count":561,"friends_count":452,"listed_count":32,"favourites_count":9154,"statuses_count":16766,"created_at":"Sun Dec 02 19:03:27 +0000 2012","utc_offset":null,"time_zone":null,"geo_enabled":false,"lang":"de","contributors_enabled":false,"is_translator":false,"profile_background_color":"C0DEED","profile_background_image_url":"http:\/\/abs.twimg.com\/images\/themes\/theme1\/bg.png","profile_background_image_url_https":"https:\/\/abs.twimg.com\/images\/themes\/theme1\/bg.png","profile_background_tile":false,"profile_link_color":"0084B4","profile_sidebar_border_color":"C0DEED","profile_sidebar_fill_color":"DDEEF6","profile_text_color":"333333","profile_use_background_image":true,"profile_image_url":"http:\/\/pbs.twimg.com\/profile_images\/378800000524102581\/6b79181ddf493c5916d492dea208f8c9_normal.jpeg","profile_image_url_https":"https:\/\/pbs.twimg.com\/profile_images\/378800000524102581\/6b79181ddf493c5916d492dea208f8c9_normal.jpeg","default_profile":true,"default_profile_image":false,"following":null,"follow_request_sent":null,"notifications":null},"geo":null,"coordinates":null,"place":null,"contributors":null,"retweet_count":1,"favorite_count":1,"entities":{"hashtags":[{"text":"Regierung","indices":[28,38]},{"text":"Gutmenschen","indices":[47,59]},{"text":"Rechtsstaat","indices":[127,139]}],"trends":[],"urls":[],"user_mentions":[{"screen_name":"hapatamast","name":"D.HaneW","id":221732311,"id_str":"221732311","indices":[0,11]}],"symbols":[]},"favorited":false,"retweeted":false,"possibly_sensitive":false,"filter_level":"low","lang":"de"},"retweet_count":0,"favorite_count":0,"entities":{"hashtags":[{"text":"Regierung","indices":[46,56]},{"text":"Gutmenschen","indices":[65,77]},{"text":"Rechtsstaat","indices":[139,140]}],"trends":[],"urls":[],"user_mentions":[{"screen_name":"evelyn_nopfs","name":"Evelyn Einfach","id":985187502,"id_str":"985187502","indices":[3,16]},{"screen_name":"hapatamast","name":"D.HaneW","id":221732311,"id_str":"221732311","indices":[18,29]}],"symbols":[]},"favorited":false,"retweeted":false,"possibly_sensitive":false,"filter_level":"low","lang":"de","timestamp_ms":"1442016092321"}
