{"created_at":"Thu Sep 10 20:20:37 +0000 2015","id":642070192433049600,"id_str":"642070192433049600","text":"Wenn Twitter pl\u00f6tzlich aus #frauentausch #Fl\u00fcchtlinge macht \ud83d\ude10","source":"\u003ca href=\"http:\/\/twitter.com\/download\/iphone\" rel=\"nofollow\"\u003eTwitter for iPhone\u003c\/a\u003e","truncated":false,"in_reply_to_status_id":null,"in_reply_to_status_id_str":null,"in_reply_to_user_id":null,"in_reply_to_user_id_str":null,"in_reply_to_screen_name":null,"user":{"id":29520005,"id_str":"29520005","name":"\u2800\u2800\u2800\u2800Gin Gardashian \u2693","screen_name":"ginat0nic","location":"Stuttgart \u05d2\u05f3\u05d9\u05e0\u05d4","url":"http:\/\/sneakerandlipstick.blogspot.de","description":"\u2716 0711 \u2716 23\u2640\u2716 bekannt durch funk \u2716 #VfB sneakerliebhaberin \u2715 if I was a kardashian, I wouldn't need a bio right here.","protected":false,"verified":false,"followers_count":1650,"friends_count":273,"listed_count":36,"favourites_count":56314,"statuses_count":32901,"created_at":"Tue Apr 07 19:22:44 +0000 2009","utc_offset":7200,"time_zone":"Berlin","geo_enabled":true,"lang":"en","contributors_enabled":false,"is_translator":false,"profile_background_color":"DBE9ED","profile_background_image_url":"http:\/\/pbs.twimg.com\/profile_background_images\/566642704994426880\/oSwWja5r.png","profile_background_image_url_https":"https:\/\/pbs.twimg.com\/profile_background_images\/566642704994426880\/oSwWja5r.png","profile_background_tile":false,"profile_link_color":"CC3366","profile_sidebar_border_color":"FFFFFF","profile_sidebar_fill_color":"E6F6F9","profile_text_color":"333333","profile_use_background_image":true,"profile_image_url":"http:\/\/pbs.twimg.com\/profile_images\/638099642660585472\/jvm_8yqb_normal.jpg","profile_image_url_https":"https:\/\/pbs.twimg.com\/profile_images\/638099642660585472\/jvm_8yqb_normal.jpg","profile_banner_url":"https:\/\/pbs.twimg.com\/profile_banners\/29520005\/1441446450","default_profile":false,"default_profile_image":false,"following":null,"follow_request_sent":null,"notifications":null},"geo":null,"coordinates":null,"place":null,"contributors":null,"retweet_count":0,"favorite_count":0,"entities":{"hashtags":[{"text":"frauentausch","indices":[27,40]},{"text":"Fl\u00fcchtlinge","indices":[41,53]}],"trends":[],"urls":[],"user_mentions":[],"symbols":[]},"favorited":false,"retweeted":false,"possibly_sensitive":false,"filter_level":"low","lang":"de","timestamp_ms":"1441916437620"}
