{"created_at":"Thu Sep 10 20:27:37 +0000 2015","id":642071953294102530,"id_str":"642071953294102530","text":"RT @tazgezwitscher: Die #USA wollen 5.000 zus\u00e4tzliche #Fl\u00fcchtlinge aus Syrien aufnehmen. Ob es mehr werden, entscheidet der US-Kongress. ht\u2026","source":"\u003ca href=\"https:\/\/mobile.twitter.com\" rel=\"nofollow\"\u003eMobile Web (M2)\u003c\/a\u003e","truncated":false,"in_reply_to_status_id":null,"in_reply_to_status_id_str":null,"in_reply_to_user_id":null,"in_reply_to_user_id_str":null,"in_reply_to_screen_name":null,"user":{"id":267876773,"id_str":"267876773","name":"Gernot Renno","screen_name":"erno1rn","location":"Diskurs in D\u00fcsseldorf oder unterwegs ","url":null,"description":"Draussen- und Drinnen-Politik, Nachrichtliche-Breitseiten, Wahl-Watcher, 62er-Strg+Alt+GrPiratBasisMitglied GorangeR, Freibeuter\/Neuland","protected":false,"verified":false,"followers_count":466,"friends_count":1458,"listed_count":118,"favourites_count":4650,"statuses_count":55003,"created_at":"Thu Mar 17 18:25:28 +0000 2011","utc_offset":7200,"time_zone":"Berlin","geo_enabled":false,"lang":"de","contributors_enabled":false,"is_translator":false,"profile_background_color":"131516","profile_background_image_url":"http:\/\/abs.twimg.com\/images\/themes\/theme14\/bg.gif","profile_background_image_url_https":"https:\/\/abs.twimg.com\/images\/themes\/theme14\/bg.gif","profile_background_tile":true,"profile_link_color":"C23C32","profile_sidebar_border_color":"FFFFFF","profile_sidebar_fill_color":"DDEEF6","profile_text_color":"333333","profile_use_background_image":true,"profile_image_url":"http:\/\/pbs.twimg.com\/profile_images\/378800000488881942\/dbe57d27b90b2119dd9c0200a4c7b4d6_normal.jpeg","profile_image_url_https":"https:\/\/pbs.twimg.com\/profile_images\/378800000488881942\/dbe57d27b90b2119dd9c0200a4c7b4d6_normal.jpeg","profile_banner_url":"https:\/\/pbs.twimg.com\/profile_banners\/267876773\/1359216413","default_profile":false,"default_profile_image":false,"following":null,"follow_request_sent":null,"notifications":null},"geo":null,"coordinates":null,"place":null,"contributors":null,"retweeted_status":{"created_at":"Thu Sep 10 15:38:46 +0000 2015","id":641999261056540672,"id_str":"641999261056540672","text":"Die #USA wollen 5.000 zus\u00e4tzliche #Fl\u00fcchtlinge aus Syrien aufnehmen. Ob es mehr werden, entscheidet der US-Kongress. http:\/\/t.co\/Agl5As7kxG","source":"\u003ca href=\"http:\/\/twitter.com\" rel=\"nofollow\"\u003eTwitter Web Client\u003c\/a\u003e","truncated":false,"in_reply_to_status_id":null,"in_reply_to_status_id_str":null,"in_reply_to_user_id":null,"in_reply_to_user_id_str":null,"in_reply_to_screen_name":null,"user":{"id":15243812,"id_str":"15243812","name":"taz","screen_name":"tazgezwitscher","location":"Berlin, Rudi-Dutschke-Stra\u00dfe","url":"http:\/\/www.taz.de\/","description":"tazgezwitscher ist das Twitterangebot der taz.die tageszeitung, erm\u00f6glicht von \u00fcber 15.000 GenossInnen.  Alle Schlagzeilen von taz.de unter @taz_news","protected":false,"verified":true,"followers_count":314511,"friends_count":970,"listed_count":4343,"favourites_count":1863,"statuses_count":40340,"created_at":"Thu Jun 26 13:22:35 +0000 2008","utc_offset":7200,"time_zone":"Berlin","geo_enabled":true,"lang":"de","contributors_enabled":false,"is_translator":false,"profile_background_color":"FFFFFF","profile_background_image_url":"http:\/\/pbs.twimg.com\/profile_background_images\/454632725157134336\/nfWHtSd7.png","profile_background_image_url_https":"https:\/\/pbs.twimg.com\/profile_background_images\/454632725157134336\/nfWHtSd7.png","profile_background_tile":false,"profile_link_color":"A80A1A","profile_sidebar_border_color":"000000","profile_sidebar_fill_color":"FFFFFF","profile_text_color":"000000","profile_use_background_image":false,"profile_image_url":"http:\/\/pbs.twimg.com\/profile_images\/454280998159532032\/Pq43tr1F_normal.png","profile_image_url_https":"https:\/\/pbs.twimg.com\/profile_images\/454280998159532032\/Pq43tr1F_normal.png","profile_banner_url":"https:\/\/pbs.twimg.com\/profile_banners\/15243812\/1397228657","default_profile":false,"default_profile_image":false,"following":null,"follow_request_sent":null,"notifications":null},"geo":null,"coordinates":null,"place":{"id":"3078869807f9dd36","url":"https:\/\/api.twitter.com\/1.1\/geo\/id\/3078869807f9dd36.json","place_type":"city","name":"Berlin","full_name":"Berlin, Deutschland","country_code":"DE","country":"Deutschland","bounding_box":{"type":"Polygon","coordinates":[[[13.088304,52.338079],[13.088304,52.675323],[13.760909,52.675323],[13.760909,52.338079]]]},"attributes":{}},"contributors":null,"retweet_count":11,"favorite_count":10,"entities":{"hashtags":[{"text":"USA","indices":[4,8]},{"text":"Fl\u00fcchtlinge","indices":[34,46]}],"trends":[],"urls":[{"url":"http:\/\/t.co\/Agl5As7kxG","expanded_url":"http:\/\/www.taz.de\/Wende-in-Obamas-Politik\/!5229059\/","display_url":"taz.de\/Wende-in-Obama\u2026","indices":[117,139]}],"user_mentions":[],"symbols":[]},"favorited":false,"retweeted":false,"possibly_sensitive":false,"filter_level":"low","lang":"de"},"retweet_count":0,"favorite_count":0,"entities":{"hashtags":[{"text":"USA","indices":[24,28]},{"text":"Fl\u00fcchtlinge","indices":[54,66]}],"trends":[],"urls":[{"url":"http:\/\/t.co\/Agl5As7kxG","expanded_url":"http:\/\/www.taz.de\/Wende-in-Obamas-Politik\/!5229059\/","display_url":"taz.de\/Wende-in-Obama\u2026","indices":[139,140]}],"user_mentions":[{"screen_name":"tazgezwitscher","name":"taz","id":15243812,"id_str":"15243812","indices":[3,18]}],"symbols":[]},"favorited":false,"retweeted":false,"possibly_sensitive":true,"filter_level":"low","lang":"de","timestamp_ms":"1441916857442"}
